state	county	corn_a	corn_y	wheat_a	wheat_y	oats_a	oats_y	rice_a	rice_y	cotton_a	cotton_y	scane_a	scane_y
0	0	1000000	1000000	1000000	1000000	1000000	1000000	1000000	1000000	1000000	1000000	1000000	1000000
1	10	1021	42338	45	971	98	2120	0	0	0	0	0	0
1	30	4319	220493	24	701	36	1509	0	0	0	0	0	0
1	50	1171	67081	6	130	782	25184	0	0	0	0	0	0
1	70	798	39181	13	272	54	1317	0	0	0	0	0	0
1	90	1198	55465	48	853	65	1408	0	0	0	0	0	0
1	110	1290	60759	6	91	125	3293	0	0	0	0	0	0
1	130	980	40984	6	50	62	1638	0	0	0	0	0	0
1	150	1099	50127	27	507	81	1888	0	0	0	0	0	0
1	0	11876	576428	175	3575	1303	38357	0	0	0	0	0	0
		0	0	0	0	0	0	0	0	0	0	0	0
													
2	10	95	3519	4	175	554	19471	0	0	0	0	0	0
2	30	0	0	1474	33069	81164	3146698	0	0	0	0	0	0
2	50	64	2697	2	40	517	15863	0	0	0	0	0	0
2	70	90	3814	30	540	444	14775	0	0	0	0	0	0
2	90	0	0	2	80	265	9297	0	0	0	0	0	0
2	110	371	12675	33	1043	2335	72160	0	0	0	0	0	0
2	130	11	352	0	0	235	7352	0	0	0	0	0	0
2	150	20	765	4	130	231	7235	0	0	0	0	0	0
2	170	140	5902	0	0	622	20800	0	0	0	0	0	0
2	190	36	1563	131	3758	7839	281117	0	0	0	0	0	0
2	210	22	862	4	162	2475	93297	0	0	0	0	0	0
2	230	45	1800	0	0	339	12684	0	0	0	0	0	0
2	250	390	18933	5	100	4535	151938	0	0	0	0	0	0
2	270	17	524	9	233	1585	58779	0	0	0	0	0	0
2	290	0	0	6	129	837	27288	0	0	0	0	0	0
2	310	273	9987	1	15	144	4020	0	0	0	0	0	0
2	0	1574	63393	1705	39474	104121	3942774	0	0	0	0	0	0
		0	0	0	0	0	0	0	0	0	0	0	0
													
3	10	78	2754	0	0	0	0	0	0	0	0	0	0
3	30	493	21817	54	985	958	29066	0	0	0	0	0	0
3	50	459	20250	23	461	48	2015	0	0	0	0	0	0
3	70	22	897	0	0	0	0	0	0	0	0	0	0
3	90	248	9906	8	141	22	495	0	0	0	0	0	0
3	110	2112	89039	5	100	25	825	0	0	0	0	0	0
3	130	984	40946	30	852	40	925	0	0	0	0	0	0
3	150	2567	119472	3	75	23	430	0	0	0	0	0	0
3	170	243	10621	4	87	19	555	0	0	0	0	0	0
3	190	0	0	0	0	0	0	0	0	0	0	0	0
3	210	62	2914	0	0	28	1016	0	0	0	0	0	0
3	230	179	7138	24	329	22	825	0	0	0	0	0	0
3	250	0	0	0	0	0	0	0	0	0	0	0	0
3	270	603	23633	21	595	156	3552	0	0	0	0	0	0
3	0	8050	349387	172	3625	1341	39704	0	0	0	0	0	0
		0	0	0	0	0	0	0	0	0	0	0	0
													
4	10	84	3870	0	0	113	4318	0	0	0	0	0	0
4	30	96	4885	0	0	30	971	0	0	0	0	0	0
4	50	421	22565	1	25	101	3497	0	0	0	0	0	0
4	70	15	525	3	44	1380	57321	0	0	0	0	0	0
4	90	299	16247	6	102	995	41753	0	0	0	0	0	0
4	110	192	9126	0	0	52	1457	0	0	0	0	0	0
4	130	363	17147	4	135	166	5415	0	0	0	0	0	0
4	150	333	14830	0	0	50	1075	0	0	0	0	0	0
4	170	134	6089	0	0	49	1865	0	0	0	0	0	0
4	190	281	16693	4	70	210	8411	0	0	0	0	0	0
4	0	2218	111977	18	376	3146	126083	0	0	0	0	0	0
		0	0	0	0	0	0	0	0	0	0	0	0
													
5	10	71	2370	0	0	15	370	0	0	0	0	0	0
5	30	145	4897	0	0	2	20	0	0	0	0	0	0
5	50	711	28871	11	446	201	7291	0	0	0	0	0	0
5	70	111	4768	5	50	5	125	0	0	0	0	0	0
5	90	814	35557	0	0	79	2770	0	0	0	0	0	0
5	0	1852	76463	16	496	302	10576	0	0	0	0	0	0
		0	0	0	0	0	0	0	0	0	0	0	0
													
6	10	426	16614	197	2809	7906	161298	0	0	0	0	0	0
6	30	753	33979	29	418	1385	42812	0	0	0	0	0	0
6	50	52	1849	42	1247	1637	65895	0	0	0	0	0	0
6	70	432	21107	118	3030	2787	85103	0	0	0	0	0	0
6	90	4	167	0	0	632	25952	0	0	0	0	0	0
6	110	228	8058	94	1903	6275	199410	0	0	0	0	0	0
6	130	194	7448	84	1188	1685	41527	0	0	0	0	0	0
6	150	62	2898	0	0	606	21249	0	0	0	0	0	0
6	170	514	26805	24	1003	1550	61926	0	0	0	0	0	0
6	190	19	825	17	458	4190	149151	0	0	0	0	0	0
6	210	856	41531	15	341	2006	60612	0	0	0	0	0	0
6	230	280	12430	22	577	1167	47123	0	0	0	0	0	0
6	250	777	36182	5	79	259	9348	0	0	0	0	0	0
6	270	1001	49277	11	195	1038	39254	0	0	0	0	0	0
6	0	5598	259170	658	13248	33123	1010660	0	0	0	0	0	0
		0	0	0	0	0	0	0	0	0	0	0	0
													
11	10	38471	835613	46462	821913	294	6575	0	0	0	0	0	0
11	30	22192	642335	36579	775719	1405	42183	0	0	0	0	0	0
11	50	68620	1988617	22694	377529	163	4189	0	0	0	0	0	0
11	0	129283	3466565	105735	1975161	1862	52947	0	0	0	0	0	0
		0	0	0	0	0	0	0	0	0	0	0	0
													
98	0	77	2595	0	0	0	0	0	0	0	0	0	0
		77	2595	0	0	0	0	0	0	0	0	0	0
													
12	10												
12	30	1512	52532	0	0	0	0	0	0	0	0	0	0
12	50	88	3908	27	385	29	800	0	0	0	0	0	0
12	70	18312	651719	3926	88128	290	6444	0	0	0	0	0	0
12	90	2668	98618	205	5952	34	721	0	0	0	0	0	0
12	110	1495	44134	0	0	18	512	0	0	0	0	0	0
12	130	10423	372845	2919	75123	136	4179	0	0	0	0	0	0
12	150	36	1355	4	120	7	200	0	0	0	0	0	0
12	170	9202	322909	461	10139	4	100	0	0	0	0	0	0
12	190	0	0	0	0	0	0	0	0	0	0	0	0
12	210	18110	661542	13615	241787	11395	288463	0	0	0	0	0	0
12	230	8628	271817	4246	97310	1892	46412	0	0	0	0	0	0
12	250	5704	212547	2082	47395	319	7435	0	0	0	0	0	0
12	270	13851	559247	3058	77753	83	1907	0	0	0	0	0	0
12	290	2335	100370	1016	19980	1891	49625	0	0	0	0	0	0
12	310	1845	79155	74	1516	0	0	0	0	0	0	0	0
12	330	34	1175	4	80	4	120	0	0	0	0	0	0
12	350	16908	702118	7745	192039	353	9635	0	0	0	0	0	0
12	370	7290	205994	6250	116745	3944	95788	0	0	0	0	0	0
12	390	2708	128719	886	16229	3403	94279	0	0	0	0	0	0
12	410	170	6977	72	1665	6	100	0	0	0	0	0	0
12	0	9297	501245	6989	108591	8385	208889	0	0	0	0	0	0
		130616	4978926	53579	1100937	32193	815609	0	0	0	0	0	0
		0	0	0	0	0	0	0	0	0	0	0	0
13	10												
13	30	1122	28852	819	13299	5545	101062	0	0	0	0	0	0
13	50	250	8875	958	16081	16174	343889	0	0	0	0	0	0
13	70	0	0	0	0	0	0	0	0	0	0	0	0
13	90	398	16029	235	4531	7300	183255	0	0	0	0	0	0
13	110	244	7631	300	4537	15207	352074	0	0	0	0	0	0
13	130	7366	350486	14430	257246	14468	326255	0	0	0	0	0	0
13	150	1113	36675	964	14446	16888	360165	0	0	0	0	0	0
13	170	662	29136	1668	31331	6390	146405	0	0	0	0	0	0
13	190	466	22260	178	3928	7576	224502	0	0	0	0	0	0
13	210	586	21033	336	6120	11792	319633	0	0	0	0	0	0
13	230	4332	109038	447	7647	7196	139348	0	0	0	0	0	0
13	250	271	12381	132	3267	4912	147049	0	0	0	0	0	0
13	270	87	3740	35	619	4243	123982	0	0	0	0	0	0
13	290	4177	158503	867	15684	7049	193577	0	0	0	0	0	0
13	310	2605	76514	10638	132874	26998	446225	0	0	0	0	0	0
13	330	412	14714	60	1253	3285	73490	0	0	0	0	0	0
13	350	327	10051	74	1600	11181	353702	0	0	0	0	0	0
13	370	453	15140	30	412	3875	101818	0	0	0	0	0	0
13	390	1834	79170	21966	341088	10867	253271	0	0	0	0	0	0
13	410	1241	38479	449	7813	2340	53274	0	0	0	0	0	0
13	430	11	545	0	0	36	865	0	0	0	0	0	0
13	450	331	15255	153	3613	6282	172170	0	0	0	0	0	0
13	470	700	28788	745	10549	41204	886788	0	0	0	0	0	0
13	490	0	0	0	0	0	0	0	0	0	0	0	0
13	510	146	5156	147	2834	12577	379851	0	0	0	0	0	0
13	530	1633	62667	19336	311290	15288	323118	0	0	0	0	0	0
13	550	1137	52478	1364	28249	6988	182221	0	0	0	0	0	0
13	570	5465	224807	29744	488989	19431	408287	0	0	0	0	0	0
13	590	1167	42980	723	11159	10778	239230	0	0	0	0	0	0
13	610	246	7612	34	675	0	0	0	0	0	0	0	0
13	630	0	0	0	0	0	0	0	0	0	0	0	0
13	650	4140	137518	22237	267306	18518	469818	0	0	0	0	0	0
13	670	1394	65028	965	18782	10180	264221	0	0	0	0	0	0
13	690	5413	244556	7923	153292	12184	274961	0	0	0	0	0	0
13	710	5899	235359	22604	405721	14517	324503	0	0	0	0	0	0
13	730	2684	112966	742	13481	1053	29954	0	0	0	0	0	0
13	750	2722	103785	17777	247112	10431	246056	0	0	0	0	0	0
13	770	2393	95718	660	11089	8659	181607	0	0	0	0	0	0
13	790	1020	49098	166	3545	10651	306293	0	0	0	0	0	0
13	810	226	9802	26	703	139	6290	0	0	0	0	0	0
13	830	41	915	0	0	0	0	0	0	0	0	0	0
13	850	3827	99406	121	1977	7875	182059	0	0	0	0	0	0
13	870	11	210	0	0	0	0	0	0	0	0	0	0
13	890	173	8060	6	160	25	1017	0	0	0	0	0	0
13	910	498	14374	294	5867	31655	761357	0	0	0	0	0	0
13	930	3324	112070	206	3060	8108	195379	0	0	0	0	0	0
13	950	390	11195	166	2487	3101	63910	0	0	0	0	0	0
13	970	603	19501	789	15715	6685	154095	0	0	0	0	0	0
13	990	686	27046	2832	44492	4612	92281	0	0	0	0	0	0
13	1010	3831	154439	11569	176687	8495	200428	0	0	0	0	0	0
13	1030	1129	37719	4371	72832	33762	613434	0	0	0	0	0	0
13	1050	4053	185069	483	11220	230	6803	0	0	0	0	0	0
13	1070	559	27028	53	577	1880	55972	0	0	0	0	0	0
13	1090	844	38440	1413	28816	10372	257590	0	0	0	0	0	0
13	1110	1412	58702	3686	61766	6766	156822	0	0	0	0	0	0
13	1130	3858	152480	1421	25077	2048	51537	0	0	0	0	0	0
13	1150	365	14958	3	69	509	11922	0	0	0	0	0	0
13	1170	7391	304510	247	4471	14131	356779	0	0	0	0	0	0
13	1190	9427	356398	13921	216209	16564	300001	0	0	0	0	0	0
13	1210	207	8995	36	876	123	2910	0	0	0	0	0	0
13	1230	452	16721	7559	131954	13660	259058	0	0	0	0	0	0
13	0	2940	102759	9766	171171	5659	112721	0	0	0	0	0	0
		110694	4283820	238874	3817648	558462	12775284	0	0	0	0	0	0
		0	0	0	0	0	0	0	0	0	0	0	0
14	10												
14	30	33225	1015298	38419	596320	11165	266353	0	0	0	0	0	0
14	50	7583	259986	5659	93350	10525	297860	0	0	0	0	0	0
14	70	13132	440591	8805	117252	15781	400947	0	0	0	0	0	0
14	90	5579	186054	5950	94689	8508	229943	0	0	0	0	0	0
14	110	19951	570830	19456	263214	18317	484587	0	0	0	0	0	0
14	130	48408	1800334	55626	968484	34144	912840	0	0	0	0	0	0
14	150	9771	285889	9116	139515	9792	277218	0	0	0	0	0	0
14	170	2393	76995	4243	83568	23956	439914	0	0	0	0	0	0
14	190	28760	1132089	24431	508868	14649	386486	0	0	0	0	0	0
14	210	13785	489387	11749	184596	20324	581649	0	0	0	0	0	0
14	230	4654	160885	2840	51902	12723	387457	0	0	0	0	0	0
14	250	126	4883	10	172	213	5749	0	0	0	0	0	0
14	270	2657	74350	2829	51337	3593	104325	0	0	0	0	0	0
14	290	21825	747262	22421	327568	21601	600106	0	0	0	0	0	0
14	310	36403	1673051	34811	870147	16489	531360	0	0	0	0	0	0
14	330	10012	386319	10325	158939	18349	506410	0	0	0	0	0	0
14	350	6956	254942	3631	57795	12728	342152	0	0	0	0	0	0
14	370	6338	196168	7025	113087	6632	182516	0	0	0	0	0	0
14	390	18631	668811	19868	376080	18371	491741	0	0	0	0	0	0
14	410	8508	256056	5478	86898	28026	676079	0	0	0	0	0	0
14	430	36863	1122794	44537	686953	19833	442203	0	0	0	0	0	0
14	450	25160	1114251	23974	410085	19072	471824	0	0	0	0	0	0
14	470	3338	147298	1837	46027	947	32511	0	0	0	0	0	0
14	490	411	11960	236	3958	3534	98821	0	0	0	0	0	0
14	510	5755	177222	3172	58949	22377	548827	0	0	0	0	0	0
14	530	12714	440048	6373	112342	11661	358937	0	0	0	0	0	0
14	550	514	17487	474	7268	1486	37200	0	0	0	0	0	0
14	570	45220	1365894	71315	1043433	7877	200911	0	0	0	0	0	0
14	590	10993	277459	13363	144384	3900	80030	0	0	0	0	0	0
14	610	14469	499633	2645	35670	7568	183311	0	0	0	0	0	0
14	630	16317	452783	15566	190153	12085	292080	0	0	0	0	0	0
14	650	16380	569669	9638	134807	20772	560618	0	0	0	0	0	0
14	670	7701	274547	4250	60530	16328	426802	0	0	0	0	0	0
14	690	13121	399445	14672	190323	11955	314054	0	0	0	0	0	0
14	710	232	7950	41	804	3438	93517	0	0	0	0	0	0
14	730	80527	4009118	99785	2320985	14192	403846	0	0	0	0	0	0
14	750	7798	311117	7802	118898	11200	246439	0	0	0	0	0	0
14	770	23723	1035881	28590	523513	14592	387778	0	0	0	0	0	0
14	790	17480	607238	25542	464416	10133	271853	0	0	0	0	0	0
14	810	5884	229817	5269	97707	7476	193938	0	0	0	0	0	0
14	830	20070	687278	18740	340296	21849	648223	0	0	0	0	0	0
14	850	54	1348	101	1964	3420	86342	0	0	0	0	0	0
14	870	11941	339498	8639	122556	21138	455939	0	0	0	0	0	0
14	890	11753	477195	13741	189840	10362	284554	0	0	0	0	0	0
14	910	5117	167475	3216	50977	5293	150254	0	0	0	0	0	0
14	930	19909	820316	17643	359113	8853	247587	0	0	0	0	0	0
14	950	7975	291546	9049	166738	7896	194893	0	0	0	0	0	0
14	970	19797	857404	23161	407186	14890	429479	0	0	0	0	0	0
14	990	20695	820741	24087	406536	20157	503669	0	0	0	0	0	0
14	1010	18109	522899	20014	274494	16092	394502	0	0	0	0	0	0
14	1030	1077	45330	641	15947	151	4620	0	0	0	0	0	0
14	1050	359	11914	125	1877	655	19443	0	0	0	0	0	0
14	1070	205	5079	59	1134	9007	202538	0	0	0	0	0	0
14	1090	13658	457602	14965	275398	13833	386578	0	0	0	0	0	0
14	1110	15433	591243	18018	244081	14252	336797	0	0	0	0	0	0
14	1130	9850	381233	8712	168673	33529	1145374	0	0	0	0	0	0
14	1150	917	27423	348	5301	3523	89371	0	0	0	0	0	0
14	1170	683	22916	188	4035	9591	244956	0	0	0	0	0	0
14	1190	626	20513	752	13005	21752	404648	0	0	0	0	0	0
14	1210	11581	427696	16978	306885	11114	324171	0	0	0	0	0	0
14	1230	3544	109530	2214	31370	8253	200450	0	0	0	0	0	0
14	1250	564	18210	683	11989	7394	182719	0	0	0	0	0	0
14	1270	18070	694609	8387	128617	19574	562831	0	0	0	0	0	0
14	1290	352	12448	56	912	3817	113066	0	0	0	0	0	0
14	1310	22988	929799	17342	261667	25215	717649	0	0	0	0	0	0
14	1330	1033	37500	416	8296	4574	101848	0	0	0	0	0	0
14	0	70417	2763484	87052	1816980	24208	737501	0	0	0	0	0	0
		950074	35294020	987100	17410853	866704	22921194	0	0	0	0	0	0
		0	0	0	0	0	0	0	0	0	0	0	0
21	10												
21	30	75341	2322440	42000	557345	43029	1330869	0	0	0	0	0	0
21	50	17596	423928	1828	23076	183	2645	0	0	919	587	0	0
21	70	32996	782386	16325	146297	8007	120692	0	0	0	0	0	0
21	90	24810	842399	2051	31809	23645	624750	0	0	0	0	0	0
21	110	26675	918025	7970	109687	10643	339907	0	0	0	0	0	0
21	130	173288	7457755	18870	366716	90058	3616189	0	0	0	0	0	0
21	150	17293	547012	6366	71090	877	19583	0	0	0	0	0	0
21	170	52473	2153944	1573	35626	35595	1449520	0	0	0	0	0	0
21	190	48565	1914231	37434	598741	13912	484203	0	0	0	0	0	0
21	210	270720	11073873	32186	651205	151943	5392443	0	0	0	0	0	0
21	230	131792	4385878	50945	790740	37698	1116763	0	0	0	0	0	0
21	250	34775	841599	9361	110823	7394	127974	0	0	0	0	0	0
21	270	37712	747575	2289	16162	8209	108915	0	0	0	0	0	0
21	290	37035	833419	51363	477687	24278	436296	0	0	0	0	0	0
21	310	92994	3044591	25034	445059	34792	1079638	0	0	0	0	0	0
21	330	25391	802552	6090	120294	36111	1351049	0	0	0	0	0	0
21	350	33601	886769	10977	129815	5884	114784	0	0	0	0	0	0
21	370	27138	572168	3625	39210	8250	134658	0	0	0	0	0	0
21	390	114921	4723823	6850	134050	68150	2604599	0	0	0	0	0	0
21	410	94211	3690307	14374	283528	51046	1909187	0	0	0	0	0	0
21	430	97930	3767865	22792	429358	49938	1659936	0	0	0	0	0	0
21	450	17448	602288	4451	93196	22203	795559	0	0	0	0	0	0
21	470	116838	4345079	30783	616986	68957	2223973	0	0	0	0	0	0
21	490	23600	694372	9359	111914	7363	145527	0	0	0	0	0	0
21	510	35979	632500	11793	122380	16008	165367	0	0	0	0	0	0
21	530	58468	1279929	12795	119884	15674	200422	0	0	0	0	0	0
21	550	126230	4790707	3289	72136	92086	3033984	0	0	0	0	0	0
21	570	28693	568636	3935	38779	4860	82703	0	0	0	0	0	0
21	590	106737	4156883	51412	792641	39595	1460641	0	0	0	0	0	0
21	610	42040	1209675	14370	194623	5173	100157	0	0	0	0	0	0
21	630	70547	2718356	35148	454799	9284	287890	0	0	0	0	0	0
21	650	98156	3390097	8568	146867	63719	2035584	0	0	0	0	0	0
21	670	35578	668874	5546	50803	6977	95575	0	0	0	0	0	0
21	690	101458	3671416	26255	285398	51597	1800476	0	0	0	0	0	0
21	710	13090	340691	95	1200	3	56	0	0	0	0	0	0
21	730	62049	2307776	7287	88638	20995	700313	0	0	0	0	0	0
21	750	162739	6583036	12485	252522	80779	2929284	0	0	0	0	0	0
21	770	261128	9325502	10913	212592	206691	6630561	0	0	0	0	0	0
21	790	35843	928322	20682	197526	7120	126291	0	0	0	0	0	0
21	810	37613	678035	3721	30994	9313	109830	0	0	0	0	0	0
21	830	34041	559740	4825	40780	8023	109515	0	0	0	0	0	0
21	850	36884	1293845	21936	265392	5856	140329	0	0	0	0	0	0
21	870	37077	1332242	926	17250	29899	1043435	0	0	0	0	0	0
21	890	21480	460864	51	708	163	2660	0	0	0	0	0	0
21	910	50146	1937634	7596	147460	39160	1393842	0	0	0	0	0	0
21	930	126180	4278154	16662	317875	96703	3035982	0	0	0	0	0	0
21	950	66293	2486072	5655	110388	46030	1584451	0	0	0	0	0	0
21	970	122792	4760482	14247	241554	55895	2035023	0	0	0	0	0	0
21	990	9933	363604	3937	79644	19246	733414	0	0	0	0	0	0
21	1010	259462	10256271	22089	394100	163225	5956316	0	0	0	0	0	0
21	1030	32255	846200	19996	198739	5943	101111	0	0	0	0	0	0
21	1050	138075	5243467	10009	200757	92669	3165865	0	0	0	0	0	0
21	1070	280339	10959684	18910	358294	208424	7314371	0	0	0	0	0	0
21	1090	125688	5143427	65659	1306020	55397	2092428	0	0	0	0	0	0
21	1110	99411	4187229	27214	401441	40400	1657463	0	0	0	0	0	0
21	1130	37906	1336519	4906	87889	41715	1249012	0	0	0	0	0	0
21	1150	306024	12005650	28578	590962	169162	6383312	0	0	0	0	0	0
21	1170	135312	5296311	37794	773784	50733	1761552	0	0	0	0	0	0
21	1190	83805	2313218	48086	469901	13845	324891	0	0	0	0	0	0
21	1210	55575	1411624	82983	761700	14996	251436	0	0	0	0	0	0
21	1230	35009	600864	4399	42104	6952	83558	0	0	0	0	0	0
21	1250	77122	3035595	7368	113995	50606	1734056	0	0	0	0	0	0
21	1270	83921	2722807	69422	965368	21050	628673	0	0	0	0	0	0
21	1290	18446	456250	2791	33248	2525	44708	0	0	0	0	0	0
21	1310	50510	2076155	40514	641347	17814	688563	0	0	0	0	0	0
21	1330	97442	3766449	5525	96642	31813	1069626	0	0	0	0	0	0
21	1350	20892	691325	50550	546483	6239	130869	0	0	0	0	0	0
21	1370	73751	1763890	36774	323853	17038	305210	0	0	0	0	0	0
21	1390	87783	3493465	55298	1003434	23717	880362	0	0	0	0	0	0
21	1410	78182	2549024	15473	295109	27175	877374	0	0	0	0	0	0
21	1430	108387	4018375	3787	73932	94790	2988441	0	0	0	0	0	0
21	1450	86214	3052066	18265	273174	44044	1577492	0	0	0	0	0	0
21	1470	21322	346427	19556	153471	11432	175159	0	0	0	0	0	0
21	1490	108260	4557232	24969	513542	50525	1825776	0	0	0	0	0	0
21	1510	80801	2632758	42783	477388	19816	526775	0	0	0	0	0	0
21	1530	20857	455804	601	6021	1941	34110	0	0	0	0	0	0
21	1550	18213	377317	2805	34247	1570	26486	0	0	694	239	0	0
21	1570	28114	1176600	7196	130666	11257	455187	0	0	0	0	0	0
21	1590	31269	902825	57476	523275	6700	120064	0	0	0	0	0	0
21	1610	29460	619475	3627	31592	8667	114370	0	0	0	0	0	0
21	1630	56053	2069132	3845	78227	21752	704815	0	0	0	0	0	0
21	1650	49974	1664450	87079	761223	20586	453711	0	0	0	0	0	0
21	1670	37984	998558	10343	123611	6130	129126	0	0	0	0	0	0
21	1690	159826	6308367	73924	1381457	57334	2125816	0	0	0	0	0	0
21	1710	39526	1351840	30737	390580	14130	457790	0	0	0	0	0	0
21	1730	38963	1438518	25687	341991	3939	107892	0	0	0	0	0	0
21	1750	110287	3097215	13680	184825	39516	1007003	0	0	0	0	0	0
21	1770	62624	2505666	1790	28711	31660	1152013	0	0	0	0	0	0
21	1790	57979	2143270	1982	41395	54347	1885659	0	0	0	0	0	0
21	1810	116399	4503692	58810	982337	53303	1982739	0	0	0	0	0	0
21	1830	19724	480345	7114	95303	746	13165	0	0	0	0	0	0
21	1850	186844	6598859	33625	689454	119797	3907402	0	0	0	0	0	0
21	1870	28079	977198	17104	232391	7625	161494	0	0	0	0	0	0
21	1890	113654	4752480	6517	108120	46405	1855658	0	0	0	0	0	0
21	1910	29650	617184	75267	651597	10633	182701	0	0	0	0	0	0
21	1930	52848	1022743	3072	32387	5764	86179	0	0	0	0	0	0
21	1950	63154	1887377	30559	351149	9911	192647	0	0	0	0	0	0
21	1970	122144	5087812	22096	515479	64668	2534792	0	0	0	0	0	0
21	1990	125702	4105687	21737	430481	112222	3751497	0	0	0	0	0	0
21	2010	30548	660696	2355	27016	1515	25234	0	0	0	0	0	0
21	2030	44344	1513354	2943	42972	44502	1080828	0	0	0	0	0	0
21	0	111640	4674271	8705	164518	78538	2887519	0	0	0	0	0	0
		7774070	275850367	2093399	30150949	3856217	128257740	0	0	1613	826	0	0
		0	0	0	0	0	0	0	0	0	0	0	0
22	10												
22	30	39368	1138228	13198	230206	29636	835520	0	0	0	0	0	0
22	50	63771	2106573	23299	432388	52373	1734139	0	0	0	0	0	0
22	70	45853	1449990	37516	486548	5503	98519	0	0	0	0	0	0
22	90	95043	3317139	8605	180888	79012	2664062	0	0	0	0	0	0
22	110	17929	411959	3089	56395	12961	312341	0	0	0	0	0	0
22	130	60726	1664502	11340	252726	37742	1020177	0	0	0	0	0	0
22	150	5539	126700	322	2897	284	4439	0	0	0	0	0	0
22	170	54575	1878936	21291	475538	28019	941377	0	0	0	0	0	0
22	190	54936	2006943	19907	388394	30174	1025021	0	0	0	0	0	0
22	210	18636	407486	11183	158699	2659	45180	0	0	0	0	0	0
22	230	25138	586226	14751	120154	5048	63401	0	0	0	0	0	0
22	250	60268	1928938	33232	783333	32969	1049214	0	0	0	0	0	0
22	270	15399	337087	3085	29228	1995	30718	0	0	0	0	0	0
22	290	49393	1628876	20918	221992	8767	160948	0	0	0	0	0	0
22	310	15593	370824	7989	101343	3072	50348	0	0	0	0	0	0
22	330	39880	1414791	34589	536423	4613	100001	0	0	0	0	0	0
22	350	27528	886184	18761	359369	21403	712803	0	0	0	0	0	0
22	370	52544	1692807	10116	200570	28631	879484	0	0	0	0	0	0
22	390	28060	844018	26904	254820	10352	193418	0	0	0	0	0	0
22	410	34205	1026095	25076	476979	21673	684832	0	0	0	0	0	0
22	430	28962	1141905	19301	350135	2255	57710	0	0	0	0	0	0
22	450	5035	121249	3073	46405	1047	25212	0	0	0	0	0	0
22	470	51801	1702474	21522	418034	30573	857807	0	0	0	0	0	0
22	490	33236	1103714	23406	345814	2038	42267	0	0	0	0	0	0
22	510	47778	1559976	7868	141147	22423	695042	0	0	0	0	0	0
22	530	57377	1805986	35464	429954	4382	85148	0	0	0	0	0	0
22	550	48909	1587116	12467	261703	31895	979736	0	0	0	0	0	0
22	570	36486	1068509	13814	123435	8590	163192	0	0	0	0	0	0
22	590	59470	1791700	19261	441486	30917	876386	0	0	0	0	0	0
22	610	49909	1448185	14156	279514	21771	585494	0	0	0	0	0	0
22	630	21726	507421	14805	181345	4996	100356	0	0	0	0	0	0
22	650	53227	1533167	12649	231689	21485	431376	0	0	0	0	0	0
22	670	60584	2028616	16766	314242	25455	694027	0	0	0	0	0	0
22	690	45512	1645578	13849	318814	22463	765472	0	0	0	0	0	0
22	710	40466	1138082	13554	267454	35060	952429	0	0	0	0	0	0
22	730	33728	862642	22224	274173	4249	65653	0	0	0	0	0	0
22	750	76752	2442126	14742	266619	55609	1598907	0	0	0	0	0	0
22	770	41566	980797	8040	140142	30819	765253	0	0	0	0	0	0
22	790	15164	358722	8595	100722	1248	22828	0	0	0	0	0	0
22	810	17093	419136	7175	87100	1468	24178	0	0	0	0	0	0
22	830	45518	1659185	31399	596679	5940	139983	0	0	0	0	0	0
22	850	69515	2282143	51798	607285	10489	206576	0	0	0	0	0	0
22	870	55168	2027031	19970	373174	28224	937399	0	0	0	0	0	0
22	890	30166	969330	23648	378276	17246	475461	0	0	0	0	0	0
22	910	38685	1167842	11687	212347	32305	1015850	0	0	0	0	0	0
22	930	53858	1593486	32416	452093	32570	994389	0	0	0	0	0	0
22	950	24301	687177	4732	62933	4662	88001	0	0	0	0	0	0
22	970	66608	2352404	18303	420327	36092	1192297	0	0	0	0	0	0
22	990	31471	932567	12400	253395	12406	301130	0	0	0	0	0	0
22	1010	39489	1330064	16496	310602	17780	532004	0	0	0	0	0	0
22	1030	15663	473496	3935	38777	2168	36088	0	0	0	0	0	0
22	1050	43597	1529890	21484	416471	22681	723268	0	0	0	0	0	0
22	1070	14687	371499	2285	26689	3690	74505	0	0	0	0	0	0
22	1090	73517	2410345	27268	569467	41738	1156970	0	0	0	0	0	0
22	1110	37715	1171033	16578	236664	6359	124020	0	0	0	0	0	0
22	1130	64111	2219900	7842	181045	52648	1672903	0	0	0	0	0	0
22	1150	34058	1203979	20834	391554	25851	729396	0	0	0	0	0	0
22	1170	5130	157879	2045	25922	398	5672	0	0	0	0	0	0
22	1190	20403	523796	6581	78261	5529	104992	0	0	0	0	0	0
22	1210	17457	416009	4615	41703	3455	47539	0	0	0	0	0	0
22	1230	36998	1153745	13398	227528	15365	329534	0	0	0	0	0	0
22	1250	19652	430002	8061	73071	3369	59175	0	0	0	0	0	0
22	1270	27912	806006	8693	99727	1605	28557	0	0	0	0	0	0
22	1290	32343	985055	15782	264441	29081	917401	0	0	0	0	0	0
22	1310	47559	1544410	39767	495782	5845	116955	0	0	0	0	0	0
22	1330	48918	1383663	13418	239342	30369	830296	0	0	0	0	0	0
22	1350	43893	1263842	12408	191209	13594	256801	0	0	0	0	0	0
22	1370	63785	1904208	14332	282727	39708	1159863	0	0	0	0	0	0
22	1390	28753	615863	18676	225527	4148	64178	0	0	0	0	0	0
22	1410	75283	3059245	47770	836533	7118	195188	0	0	0	0	0	0
22	1430	27078	818400	20857	366354	15106	492981	0	0	0	0	0	0
22	1450	8084	138529	2906	34252	886	11965	0	0	0	0	0	0
22	1470	67134	2124082	43078	628234	10216	223200	0	0	0	0	0	0
22	1490	37125	1106272	23872	211392	6309	120781	0	0	0	0	0	0
22	1510	21832	558752	6646	101043	10909	290108	0	0	0	0	0	0
22	1530	17399	608251	10293	185989	13151	416604	0	0	0	0	0	0
22	1550	44138	1269823	18990	211257	6334	132658	0	0	0	0	0	0
22	1570	10916	274158	3088	40692	954	15752	0	0	0	0	0	0
22	1590	79871	2534096	30801	620475	45161	1315083	0	0	0	0	0	0
22	1610	42440	1462733	15522	353992	18881	640351	0	0	0	0	0	0
22	1630	24212	1063585	19566	376014	1464	42600	0	0	0	0	0	0
22	1650	23043	762588	18357	248772	1715	35404	0	0	0	0	0	0
22	1670	28863	899672	9251	165570	15623	419124	0	0	0	0	0	0
22	1690	30387	663626	15085	178282	7527	136978	0	0	0	0	0	0
22	1710	44801	1487584	18359	373943	30059	791026	0	0	0	0	0	0
22	1730	61459	2026102	12211	253190	45813	1484911	0	0	0	0	0	0
22	1750	29115	754601	15155	182067	3619	69693	0	0	0	0	0	0
22	1770	30486	686645	11325	132240	8793	176487	0	0	0	0	0	0
22	1790	52476	1763472	27346	500566	13878	332186	0	0	0	0	0	0
22	1810	43568	1125968	9524	173394	31233	853190	0	0	0	0	0	0
22	1830	82606	2341522	13883	282579	60015	1770594	0	0	0	0	0	0
22	0	33535	1304362	10393	191719	25447	782905	0	0	0	0	0	0
		3675946	114871320	1533031	25190384	1661155	47465387	0	0	0	0	0	0
		0	0	0	0	0	0	0	0	0	0	0	0
23	10												
23	30	70	2010	607	9793	3388	76201	0	0	0	0	0	0
23	50	0	0	54	938	1513	51817	0	0	0	0	0	0
23	70	18894	391458	29805	484574	28287	753038	0	0	0	0	0	0
23	90	112	3359	2094	29970	6410	174453	0	0	0	0	0	0
23	110	2385	71182	424	4927	4955	136287	0	0	0	0	0	0
23	130	1878	55727	961	13642	8751	186876	0	0	0	0	0	0
23	150	4	115	58	787	1803	64681	0	0	0	0	0	0
23	170	13081	348406	23902	430504	18039	487532	0	0	0	0	0	0
23	190	10207	271137	8907	154382	22223	662252	0	0	0	0	0	0
23	210	1530	33849	264	3272	1566	35579	0	0	0	0	0	0
23	230	21312	496605	18006	273336	14378	393721	0	0	0	0	0	0
23	250	24571	636929	20688	287600	25243	590066	0	0	0	0	0	0
23	270	15488	405870	30446	412012	28451	791998	0	0	0	0	0	0
23	290	24729	499414	21573	301431	16568	405964	0	0	0	0	0	0
23	310	1562	58127	367	6441	3150	100682	0	0	0	0	0	0
23	330	585	17039	352	5660	3532	86407	0	0	0	0	0	0
23	350	0	0	843	13447	8189	245711	0	0	0	0	0	0
23	370	1121	33463	1060	15355	5287	125471	0	0	0	0	0	0
23	390	10211	282344	37241	730472	23863	719111	0	0	0	0	0	0
23	410	19	597	1	22	299	7026	0	0	0	0	0	0
23	430	26	641	148	2405	6945	201317	0	0	0	0	0	0
23	450	11	155	64	1303	1589	51734	0	0	0	0	0	0
23	470	11065	378717	37009	760587	23640	676825	0	0	0	0	0	0
23	490	1123	33821	415	5569	3613	117944	0	0	0	0	0	0
23	510	8244	247490	20206	366456	24383	723842	0	0	0	0	0	0
23	530	1176	31803	616	7836	6843	142103	0	0	0	0	0	0
23	550	0	0	70	1190	625	22322	0	0	0	0	0	0
23	570	4169	90633	1054	15091	7181	189082	0	0	0	0	0	0
23	590	15627	454743	14705	271190	29247	888380	0	0	0	0	0	0
23	610	25540	699310	18449	321371	28745	865603	0	0	0	0	0	0
23	630	5	39	415	8331	6315	212406	0	0	0	0	0	0
23	650	5852	206233	29521	503934	42879	1099793	0	0	0	0	0	0
23	670	7938	271756	19421	412656	22158	660951	0	0	0	0	0	0
23	690	7836	202252	33370	618628	22310	625123	0	0	0	0	0	0
23	710	372	11360	332	4810	3494	75511	0	0	0	0	0	0
23	730	0	0	53	985	1963	54999	0	0	0	0	0	0
23	750	7090	214191	9454	168527	25217	710327	0	0	0	0	0	0
23	770	14582	346012	16870	264163	24374	644241	0	0	0	0	0	0
23	790	15306	284453	23766	348720	19139	569151	0	0	0	0	0	0
23	810	1705	43198	352	4186	2417	48012	0	0	0	0	0	0
23	830	12072	306332	22808	401609	28300	769876	0	0	0	0	0	0
23	850	2	50	37	531	125	3872	0	0	0	0	0	0
23	870	1259	25105	337	4761	2289	49523	0	0	0	0	0	0
23	890	5408	154021	14158	248852	30509	838570	0	0	0	0	0	0
23	910	3448	100417	2018	28401	6810	191414	0	0	0	0	0	0
23	930	36258	1143500	27135	537549	48623	1802646	0	0	0	0	0	0
23	950	8204	210769	13319	250538	20601	620665	0	0	0	0	0	0
23	970	4	150	63	1121	957	28136	0	0	0	0	0	0
23	990	1	60	247	4359	2166	60548	0	0	0	0	0	0
23	1010	8291	248050	15653	281617	23299	730750	0	0	0	0	0	0
23	1030	4054	82148	1031	12425	3880	91512	0	0	0	0	0	0
23	1050	2	45	49	714	1721	48168	0	0	0	0	0	0
23	1070	3009	64231	3237	57942	8219	200813	0	0	0	0	0	0
23	1090	6287	126722	1190	16307	14772	302612	0	0	0	0	0	0
23	1110	115	3642	293	5219	9287	291456	0	0	0	0	0	0
23	1130	4241	126026	1965	37771	10410	290309	0	0	0	0	0	0
23	1150	1380	31348	1522	24717	8674	191580	0	0	0	0	0	0
23	1170	35546	1463029	25998	503059	34208	1237187	0	0	0	0	0	0
23	1190	11867	328236	11281	187872	29969	730290	0	0	0	0	0	0
23	1210	126	3975	485	7528	2098	54752	0	0	0	0	0	0
23	1230	2544	68407	3146	57307	7699	189925	0	0	0	0	0	0
23	1250	6347	152117	3777	69132	12720	294912	0	0	0	0	0	0
23	1270	5179	145598	5479	107624	19459	602250	0	0	0	0	0	0
23	1290	5742	129607	2611	44883	7981	171575	0	0	0	0	0	0
23	1310	699	18165	1184	16757	5759	134355	0	0	0	0	0	0
23	1330	7	132	338	5987	3059	106170	0	0	0	0	0	0
23	1350	2663	63721	1197	20609	12321	274646	0	0	0	0	0	0
23	1370	56	1065	155	1944	918	15770	0	0	0	0	0	0
23	1390	245	7808	279	4113	3279	82606	0	0	0	0	0	0
23	1410	9921	216789	22857	407831	24973	705619	0	0	0	0	0	0
23	1430	96	2525	1968	31139	7259	191663	0	0	0	0	0	0
23	1450	110	3550	95	2159	437	9067	0	0	0	0	0	0
23	1470	22516	713754	22299	388735	37246	1126123	0	0	0	0	0	0
23	1490	3379	103488	18465	282650	35337	891435	0	0	0	0	0	0
23	1510	29970	506085	21942	277356	15765	326880	0	0	0	0	0	0
23	1530	1538	45202	24835	397056	56350	1294272	0	0	0	0	0	0
23	1550	1	40	47	564	1221	40845	0	0	0	0	0	0
23	1570	8420	226238	28455	496637	26906	758527	0	0	0	0	0	0
23	1590	12867	371395	23681	478351	36035	1216166	0	0	0	0	0	0
23	1610	18295	358830	12084	175046	14492	340767	0	0	0	0	0	0
23	1630	18946	680547	22629	460732	33105	1112992	0	0	0	0	0	0
23	1650	7903	214122	5224	96316	11499	331424	0	0	0	0	0	0
23	0	2940	63738	629	8813	4530	96129	0	0	0	0	0	0
		577384	15635217	790145	13711136	1194239	33523336	0	0	0	0	0	0
		0	0	0	0	0	0	0	0	0	0	0	0
24	10												
24	30	32817	924517	10747	120614	1828	23054	0	0	0	0	0	0
24	50	43419	1539934	14899	299589	27974	761469	0	0	0	0	0	0
24	70	21211	636455	24639	459503	17778	516373	0	0	0	0	0	0
24	90	7466	235017	3491	53263	19425	404899	0	0	0	0	0	0
24	110	13222	459064	2820	37918	1776	34277	0	0	0	0	0	0
24	130	50096	1631426	21727	452607	31860	825630	0	0	0	0	0	0
24	150	15191	542549	3900	70913	9324	247062	0	0	0	0	0	0
24	170	45417	1022831	7284	74029	2511	25546	0	0	0	0	0	0
24	190	48991	1686589	35992	598783	7480	171756	0	0	0	0	0	0
24	210	10126	391931	9381	172909	11100	312763	0	0	0	0	0	0
24	230	51352	2145165	19832	441087	25864	771200	0	0	0	0	0	0
24	250	45333	1728265	24482	551300	19554	525590	0	0	0	0	0	0
24	270	31876	664169	4116	45831	2337	25423	0	0	0	0	0	0
24	290	55939	1878102	26394	484360	13213	270455	0	0	0	0	0	0
24	310	13834	499657	15297	297030	17166	482947	0	0	0	0	0	0
24	330	22238	841204	17652	305641	8182	183111	0	0	0	0	0	0
24	350	31605	1090941	28332	569991	22885	681889	0	0	0	0	0	0
24	370	1787	46095	1147	21688	2874	81103	0	0	0	0	0	0
24	390	89001	2600714	33097	739018	47230	1338490	0	0	0	0	0	0
24	410	38229	1310456	19584	310146	33216	1029472	0	0	0	0	0	0
24	430	39436	1334179	16240	321288	12593	284165	0	0	0	0	0	0
24	450	15552	645701	15974	370272	11703	431200	0	0	0	0	0	0
24	470	53471	2255921	42279	745088	5658	138152	0	0	0	0	0	0
24	490	66085	2526956	20906	388586	26740	630673	0	0	0	0	0	0
24	510	50275	1951067	29354	586264	13763	351276	0	0	0	0	0	0
24	530	40197	1554779	24554	494176	32452	1253743	0	0	0	0	0	0
24	550	18152	526886	4031	45810	1245	24121	0	0	0	0	0	0
24	570	5297	204113	2245	42807	11954	362070	0	0	0	0	0	0
24	590	49134	1976288	25698	589296	18742	514116	0	0	0	0	0	0
24	610	13907	436269	4765	65293	5337	106290	0	0	0	0	0	0
24	630	13295	451215	6878	126869	1301	28474	0	0	0	0	0	0
24	650	57393	1919226	36833	726882	37340	1093898	0	0	0	0	0	0
24	670	47560	1572753	13944	268526	31621	840692	0	0	0	0	0	0
24	690	7809	291617	4226	76220	6652	185222	0	0	0	0	0	0
24	710	62887	2406419	27349	488122	52560	1918389	0	0	0	0	0	0
24	730	60383	1855633	27393	364181	10044	165119	0	0	0	0	0	0
24	750	12118	375221	5459	69236	1691	27631	0	0	0	0	0	0
24	770	21906	800051	25049	530961	16447	443294	0	0	0	0	0	0
24	790	28868	824925	29406	622152	22776	664653	0	0	0	0	0	0
24	810	13624	421551	3240	37110	2287	45213	0	0	0	0	0	0
24	830	6473	225127	4164	75668	6950	200469	0	0	0	0	0	0
24	850	32820	1312238	27994	534214	9711	244049	0	0	0	0	0	0
24	870	2324	75062	1254	27475	3119	94821	0	0	0	0	0	0
24	890	13301	350378	574	7247	261	4999	0	0	0	0	0	0
24	910	44287	1644876	24529	435625	12773	306576	0	0	0	0	0	0
24	930	44103	1490626	9570	204182	27392	607780	0	0	0	0	0	0
24	950	11713	392966	16077	320543	17038	466399	0	0	0	0	0	0
24	970	19580	831628	12387	280070	13449	523164	0	0	0	0	0	0
24	990	70481	2649988	21430	464715	37098	883861	0	0	0	0	0	0
24	1010	5579	181712	8898	146779	9326	200511	0	0	0	0	0	0
24	1030	36768	1184242	18150	406560	24962	739486	0	0	0	0	0	0
24	1050	17037	558333	17898	357429	17597	475007	0	0	0	0	0	0
24	1070	13800	493272	4930	63556	1946	40592	0	0	0	0	0	0
24	1090	53322	1520886	23018	445963	44457	1352985	0	0	0	0	0	0
24	1110	56831	2128261	29589	710852	30257	926548	0	0	0	0	0	0
24	1130	13599	483378	3741	52867	5710	138069	0	0	0	0	0	0
24	1150	47707	1460066	27174	653787	15777	471248	0	0	0	0	0	0
24	1170	12269	512867	4223	60875	2206	43176	0	0	0	0	0	0
24	1190	27216	832642	15267	273094	11481	254192	0	0	0	0	0	0
24	1210	22796	852855	12460	190395	4525	91705	0	0	0	0	0	0
24	1230	13115	503688	3546	43709	2357	50406	0	0	0	0	0	0
24	1250	19996	704629	13511	249920	17834	677385	0	0	0	0	0	0
24	1270	60646	1780482	9357	124578	56225	1534159	0	0	0	0	0	0
24	1290	17534	624670	12602	203926	2556	53779	0	0	0	0	0	0
24	1310	79054	3456817	57244	1010335	11598	268478	0	0	0	0	0	0
24	1330	26969	1001341	5016	61207	2860	45894	0	0	0	0	0	0
24	1350	9126	319938	10435	181224	17326	456430	0	0	0	0	0	0
24	1370	61007	2175971	38037	814903	15977	475638	0	0	0	0	0	0
24	1390	62550	2202879	29277	561842	38907	1274082	0	0	0	0	0	0
24	1410	28445	930904	28468	548626	22368	664502	0	0	0	0	0	0
24	1430	62966	2740017	40622	619134	4873	95665	0	0	0	0	0	0
24	1450	42531	1669947	32981	724729	30897	1170066	0	0	0	0	0	0
24	1470	23395	850322	4282	59793	2144	44625	0	0	0	0	0	0
24	1490	51661	1995772	47933	1062500	29132	950942	0	0	0	0	0	0
24	1510	47236	1399482	17073	357013	39050	911164	0	0	0	0	0	0
24	1530	23412	905154	27229	580465	25224	780933	0	0	0	0	0	0
24	1550	7066	285121	7992	167016	9586	273779	0	0	0	0	0	0
24	1570	6135	245916	4832	75166	11552	261466	0	0	0	0	0	0
24	1590	15901	560468	17721	365615	14718	373657	0	0	0	0	0	0
24	1610	44388	1540627	10717	230197	23410	566581	0	0	0	0	0	0
24	1630	62280	2303638	6620	121665	58199	2051221	0	0	0	0	0	0
24	1650	8703	255057	1492	15639	1088	19140	0	0	0	0	0	0
24	1670	40276	1194794	19270	367628	8626	164743	0	0	0	0	0	0
24	1690	17196	640585	6958	102958	3715	82869	0	0	0	0	0	0
24	1710	35617	1316535	49306	1074229	27507	812288	0	0	0	0	0	0
24	1730	30835	1016138	21477	396778	29867	1072066	0	0	0	0	0	0
24	1750	82348	2987808	35935	753104	73204	2677942	0	0	0	0	0	0
24	0	32531	1181240	29844	638425	19256	634153	0	0	0	0	0	0
		2911424	102177194	1563740	30289579	1542574	44730590	0	0	0	0	0	0
		0	0	0	0	0	0	0	0	0	0	0	0
25	10												
25	30	12767	306730	173	2263	8709	172635	0	0	0	0	0	0
25	50	15	322	225	3565	4852	163182	0	0	0	0	0	0
25	70	2030	61505	397	8779	44103	1664439	0	0	0	0	0	0
25	90	63	1634	887	16099	5787	212112	0	0	0	0	0	0
25	110	1009	36704	1573	28355	41125	1310555	0	0	0	0	0	0
25	130	16835	634504	2137	35890	44898	1443974	0	0	0	0	0	0
25	150	3252	86839	1195	18256	8947	251742	0	0	0	0	0	0
25	170	1308	52065	3094	72655	24135	941102	0	0	0	0	0	0
25	190	7165	219382	437	7247	49635	1518890	0	0	0	0	0	0
25	210	1407	46003	198	3652	38983	1287880	0	0	0	0	0	0
25	230	27708	980465	2307	38366	49571	1239280	0	0	0	0	0	0
25	250	18580	632851	1163	20267	19238	549037	0	0	0	0	0	0
25	270	52801	1865561	2411	44776	85580	2353038	0	0	0	0	0	0
25	290	19075	775887	3724	81455	82890	3218244	0	0	0	0	0	0
25	310	87	2502	3744	64944	21624	714109	0	0	0	0	0	0
25	330	44	888	549	10344	4920	178528	0	0	0	0	0	0
25	350	19815	667114	2693	46628	62980	2023747	0	0	0	0	0	0
25	370	8080	243500	1690	30440	41661	1200600	0	0	0	0	0	0
25	390	3	65	48	716	1436	44303	0	0	0	0	0	0
25	410	10489	521425	2220	45833	61663	2115887	0	0	0	0	0	0
25	430	6	155	45	704	2356	77021	0	0	0	0	0	0
25	450	65736	2407465	971	16329	60265	1935338	0	0	0	0	0	0
25	470	27247	919319	524	13138	40479	1396209	0	0	0	0	0	0
25	490	13951	636719	1268	23651	24687	734224	0	0	0	0	0	0
25	510	20587	745805	761	12054	31359	945021	0	0	0	0	0	0
25	530	3	40	77	1354	1104	38865	0	0	0	0	0	0
25	550	11427	371602	2194	42880	27925	784080	0	0	0	0	0	0
25	570	18086	890922	2689	65058	43628	1590263	0	0	0	0	0	0
25	590	10018	290700	428	8513	25375	612300	0	0	0	0	0	0
25	610	3430	139735	2617	57394	17261	590736	0	0	0	0	0	0
25	630	36	737	3020	47728	28876	886573	0	0	0	0	0	0
25	650	13270	518133	964	18859	22108	740779	0	0	0	0	0	0
25	670	37268	1273743	357	6972	40461	1338665	0	0	0	0	0	0
25	690	106	3211	109	1746	10731	393045	0	0	0	0	0	0
25	710	21	735	74	1357	10451	316044	0	0	0	0	0	0
25	730	349	12075	2707	60008	48629	1706672	0	0	0	0	0	0
25	750	1084	41706	1774	30398	64088	1980622	0	0	0	0	0	0
25	770	1394	40318	859	13888	16152	486448	0	0	0	0	0	0
25	790	15308	466008	484	6306	9108	193969	0	0	0	0	0	0
25	810	1316	40156	647	12387	9688	330612	0	0	0	0	0	0
25	830	10546	333295	933	15540	45044	1282805	0	0	0	0	0	0
25	850	3625	135605	1013	17770	25196	733465	0	0	0	0	0	0
25	870	25	891	60	1064	4912	164664	0	0	0	0	0	0
25	890	8707	394887	1072	21704	45769	1421402	0	0	0	0	0	0
25	910	2027	90544	1294	26679	21686	804157	0	0	0	0	0	0
25	930	7785	245122	1088	21563	15445	522093	0	0	0	0	0	0
25	950	15742	610287	1930	37529	33852	1198937	0	0	0	0	0	0
25	970	4758	159178	1443	28165	39269	1424540	0	0	0	0	0	0
25	990	7169	226008	571	8587	37996	1001831	0	0	0	0	0	0
25	1010	22	610	49	839	4463	146246	0	0	0	0	0	0
25	1030	7009	299060	1537	34623	20177	726024	0	0	0	0	0	0
25	1050	16485	610646	647	12219	19414	607579	0	0	0	0	0	0
25	1070	40958	1318051	2807	51233	46269	1155933	0	0	0	0	0	0
25	1090	437	13166	142	2204	8620	309222	0	0	0	0	0	0
25	1110	3809	127116	1826	30586	60915	2022404	0	0	0	0	0	0
25	1130	31840	1180035	2709	56878	51897	1656780	0	0	0	0	0	0
25	1150	113	3475	48	852	3400	109228	0	0	0	0	0	0
25	1170	9151	385418	1980	41864	39656	1221250	0	0	0	0	0	0
25	1190	2509	102528	2465	54406	46272	1849471	0	0	0	0	0	0
25	1210	42	1523	47	809	9685	304297	0	0	0	0	0	0
25	1230	15417	524679	5299	100143	52582	1549836	0	0	0	0	0	0
25	1250	15341	617095	1404	29313	36369	1069809	0	0	0	0	0	0
25	1270	6	160	72	1640	1245	39918	0	0	0	0	0	0
25	1290	19193	830987	1718	36883	33680	1002567	0	0	0	0	0	0
25	1310	1792	42503	196	2890	6641	201172	0	0	0	0	0	0
25	1330	5786	255240	3370	78908	40191	1597315	0	0	0	0	0	0
25	1350	7311	325985	1820	38800	39576	1480984	0	0	0	0	0	0
25	1370	8108	387010	750	15677	40556	1236961	0	0	0	0	0	0
25	1390	16060	462847	460	7189	22366	520155	0	0	0	0	0	0
25	1410	8551	341785	1996	34302	32080	977865	0	0	0	0	0	0
25	0	2568	58298	207	3591	22043	674985	0	0	0	0	0	0
		716068	26019264	94387	1835704	2144734	68694665	0	0	0	0	0	0
		0	0	0	0	0	0	0	0	0	0	0	0
31	10												
31	30	98050	3424899	4092	75946	48998	1318031	0	0	0	0	0	0
31	50	65069	2247469	3336	57753	29591	700998	0	0	0	0	0	0
31	70	38657	1609236	1310	23040	32323	1121307	0	0	0	0	0	0
31	90	44725	1185626	2396	31330	21362	466119	0	0	0	0	0	0
31	110	91883	3825658	580	12360	50333	1527442	0	0	0	0	0	0
31	130	130652	5693747	987	21354	90861	3363148	0	0	0	0	0	0
31	150	86109	3499930	740	17798	62041	2086066	0	0	0	0	0	0
31	170	132019	5508503	951	21205	86113	3475615	0	0	0	0	0	0
31	190	53161	2170876	258	4835	54506	1677157	0	0	0	0	0	0
31	210	72812	2549783	362	6732	61793	1702405	0	0	0	0	0	0
31	230	132168	6008397	215	5492	97476	4287689	0	0	0	0	0	0
31	250	91895	3385032	322	7142	76826	2348977	0	0	0	0	0	0
31	270	145112	6257288	333	6919	117406	5154106	0	0	0	0	0	0
31	290	126769	5309470	1815	43275	74830	2619080	0	0	0	0	0	0
31	310	112142	4504024	10152	190818	51519	1473759	0	0	0	0	0	0
31	330	97399	4277389	2424	57404	49943	2008733	0	0	0	0	0	0
31	350	85159	3108955	391	8206	71400	2401375	0	0	0	0	0	0
31	370	122449	5128750	146	2711	73727	3089397	0	0	0	0	0	0
31	390	48214	1554039	458	9535	60373	1627464	0	0	0	0	0	0
31	410	57418	1875727	3163	44930	26425	601985	0	0	0	0	0	0
31	430	119450	4839499	161	2875	91614	3752164	0	0	0	0	0	0
31	450	63174	2780345	1024	18412	60154	2214210	0	0	0	0	0	0
31	470	111834	4744921	3182	69073	55989	2087526	0	0	0	0	0	0
31	490	143933	6277658	5938	123708	79550	2523292	0	0	0	0	0	0
31	510	130108	5548710	12030	261010	66982	2549011	0	0	0	0	0	0
31	530	44373	1315528	2380	32081	21752	505709	0	0	0	0	0	0
31	550	61638	1786435	6193	75603	28167	624180	0	0	0	0	0	0
31	570	73871	2921090	517	10649	59987	1987302	0	0	0	0	0	0
31	590	60902	2418977	8751	122594	25155	862139	0	0	0	0	0	0
31	610	73793	2764667	247	4106	53957	2108408	0	0	0	0	0	0
31	630	60830	2512450	735	13285	50272	1751861	0	0	0	0	0	0
31	650	80416	3070861	154	2855	60893	2428149	0	0	0	0	0	0
31	670	71894	2766179	570	9970	76889	2357827	0	0	0	0	0	0
31	690	71417	2620517	286	5410	68225	2246666	0	0	0	0	0	0
31	710	104501	4178064	349	6570	82993	3153679	0	0	0	0	0	0
31	730	136639	5342594	11992	196204	13460	328685	0	0	0	0	0	0
31	750	143296	5857017	424	9264	89526	3669336	0	0	0	0	0	0
31	770	96858	4119102	266	6775	76294	2742668	0	0	0	0	0	0
31	790	112453	4191684	2480	51676	56944	1775899	0	0	0	0	0	0
31	810	129815	6008260	597	12211	103478	4373146	0	0	0	0	0	0
31	830	102124	3922879	255	5342	92108	3454279	0	0	0	0	0	0
31	850	112906	4853529	179	2783	82345	3060411	0	0	0	0	0	0
31	870	184774	8597337	23400	494436	47088	1522770	0	0	0	0	0	0
31	890	64657	2645402	4743	85402	28650	980766	0	0	0	0	0	0
31	910	27139	828089	341	7482	53176	1602845	0	0	0	0	0	0
31	930	97251	4267735	489	10058	75568	3232818	0	0	0	0	0	0
31	950	98739	4232952	209	5357	54016	2154777	0	0	0	0	0	0
31	970	92547	3975835	3100	63000	44915	1592037	0	0	0	0	0	0
31	990	59696	2551278	1165	19258	35026	1191395	0	0	0	0	0	0
31	1010	133424	5544068	6855	147107	70330	2542558	0	0	0	0	0	0
31	1030	56512	1930643	3424	55673	28881	790832	0	0	0	0	0	0
31	1050	100215	4408579	2718	62059	49462	1755435	0	0	0	0	0	0
31	1070	69632	2989672	581	12461	42634	1681131	0	0	0	0	0	0
31	1090	97382	3834681	3496	68546	45211	1403316	0	0	0	0	0	0
31	1110	196487	7382812	401	6996	175818	6932860	0	0	0	0	0	0
31	1130	45154	1420369	9742	110377	19203	563640	0	0	0	0	0	0
31	1150	99699	3887906	908	23963	67002	2358703	0	0	0	0	0	0
31	1170	62410	2315693	13307	224279	23768	714163	0	0	0	0	0	0
31	1190	47133	1566154	1965	29025	24605	616805	0	0	0	0	0	0
31	1210	131115	5008186	86	1635	101515	4109739	0	0	0	0	0	0
31	1230	81223	2785978	14474	288464	31934	941471	0	0	0	0	0	0
31	1250	98263	4063005	6381	136868	45733	1586540	0	0	0	0	0	0
31	1270	83783	3174139	7966	147662	35584	1084185	0	0	0	0	0	0
31	1290	109115	4740291	1333	30144	64931	2401414	0	0	0	0	0	0
31	1310	118255	5290377	11496	224925	20252	614133	0	0	0	0	0	0
31	1330	37628	1400053	449	8298	59896	2226441	0	0	0	0	0	0
31	1350	156446	6665843	40319	861493	38978	1232416	0	0	0	0	0	0
31	1370	41686	1302083	3737	55764	19071	453343	0	0	0	0	0	0
31	1390	93346	3888974	16476	310281	26784	770397	0	0	0	0	0	0
31	1410	68100	2603159	7722	152640	27144	917331	0	0	0	0	0	0
31	1430	122281	5036912	127	2420	87319	3636704	0	0	0	0	0	0
31	1450	82789	3267236	166	4451	70584	2911102	0	0	0	0	0	0
31	1470	102165	3681753	19223	331219	24865	619859	0	0	0	0	0	0
31	1490	117116	4289141	434	8073	98785	3758235	0	0	0	0	0	0
31	1510	189460	7306766	5194	89202	99984	3679881	0	0	0	0	0	0
31	1530	143489	6118162	671	15279	113235	4792139	0	0	0	0	0	0
31	1550	112428	4613968	17655	415171	50179	1897898	0	0	0	0	0	0
31	1570	243954	11530866	12870	262430	75313	2507038	0	0	0	0	0	0
31	1590	104285	4316923	763	14781	57708	2099956	0	0	0	0	0	0
31	1610	73311	1993364	4031	47313	34070	616310	0	0	0	0	0	0
31	1630	128437	5411558	359	8516	73573	3013807	0	0	0	0	0	0
31	1650	70182	3208094	11638	263529	35323	1474251	0	0	0	0	0	0
31	1670	139109	6661223	1695	37064	71393	2290355	0	0	0	0	0	0
31	1690	167523	6477028	1154	23433	118740	4234785	0	0	0	0	0	0
31	1710	144252	6227817	1121	28854	88003	3552021	0	0	0	0	0	0
31	1730	122478	5311141	1416	30348	73380	2526346	0	0	0	0	0	0
31	1750	86039	2306225	7169	91740	26796	459994	0	0	0	0	0	0
31	1770	54717	1719376	2268	34896	27075	624963	0	0	0	0	0	0
31	1790	40024	1139120	4549	69201	19363	469003	0	0	0	0	0	0
31	1810	50743	1723876	10026	179003	20782	549955	0	0	0	0	0	0
31	1830	83519	3190060	18891	353127	31773	917881	0	0	0	0	0	0
31	1850	92424	3924053	1759	36633	42878	1458540	0	0	0	0	0	0
31	1870	66338	1830032	2312	25898	35238	740365	0	0	0	0	0	0
31	1890	160054	6901131	736	18344	132031	5453322	0	0	0	0	0	0
31	1910	64130	2569221	262	4794	55491	2221432	0	0	0	0	0	0
31	1930	59500	2375846	1394	22093	67031	2181480	0	0	0	0	0	0
31	1950	198493	7596479	12313	225345	64280	1967959	0	0	0	0	0	0
31	1970	47768	1719384	280	5337	52746	1805276	0	0	0	0	0	0
31	0	126686	5286602	289	6898	96433	4027573	0	0	0	0	0	0
		9683592	389000414	421189	7990286	5836126	208070091	0	0	0	0	0	0
		0	0	0	0	0	0	0	0	0	0	0	0
32	10												
32	30	56487	1022022	13601	138051	13475	247499	0	0	0	0	0	0
32	50	55529	1078156	11563	112359	12695	226299	0	0	0	0	0	0
32	70	48221	830381	44257	452029	11991	220303	0	0	0	0	0	0
32	90	28168	521276	160917	1753716	1915	48293	0	0	0	0	0	0
32	110	27828	562193	329187	4026570	5423	130763	0	0	0	0	0	0
32	130	59682	1146221	7219	64047	12652	218575	0	0	0	0	0	0
32	150	106446	2537579	61071	732051	28215	572556	0	0	0	0	0	0
32	170	83246	2095017	51211	397791	45059	906725	0	0	0	0	0	0
32	190	25103	696098	7632	101144	2508	56200	0	0	0	0	0	0
32	210	20131	293693	5292	45782	4494	63684	0	0	15	1	0	0
32	230	31618	299547	71796	674163	13042	141600	0	0	0	0	0	0
32	250	122189	2555868	101339	1420421	7159	167346	0	0	0	0	0	0
32	270	6331	104091	153160	2362893	870	23200	0	0	0	0	0	0
32	290	79601	1484433	104780	1227443	19894	397355	0	0	0	0	0	0
32	310	90483	1778699	130834	1562460	15964	347652	0	0	0	0	0	0
32	330	70934	1419907	18098	172240	15391	292058	0	0	0	0	0	0
32	350	10850	178637	139480	2047255	486	16382	0	0	0	0	0	0
32	370	68508	1214939	66269	507366	24297	416107	0	0	0	0	0	0
32	390	55704	860434	48730	476578	24908	393172	0	0	0	0	0	0
32	410	95193	1596992	151887	1858386	1352	35693	0	0	0	0	0	0
32	430	75885	1922918	178589	2356693	25240	555372	0	0	0	0	0	0
32	450	67170	2204429	25496	274720	10090	203630	0	0	0	0	0	0
32	470	44316	891303	29319	272578	8708	178841	0	0	0	0	0	0
32	490	21958	351842	205071	2781028	991	25579	0	0	0	0	0	0
32	510	22071	323818	5693	60503	7647	116537	0	0	0	0	0	0
32	530	18694	371289	241439	3406605	1897	41736	0	0	0	0	0	0
32	550	25142	551355	146886	1391005	4673	108836	0	0	0	0	0	0
32	570	30758	507049	150254	2093440	1648	31177	0	0	0	0	0	0
32	590	15991	251502	382432	6900285	3542	94408	0	0	0	0	0	0
32	610	59613	1128785	14855	136728	12553	243359	0	0	0	0	0	0
32	630	30088	729665	22757	359816	4350	99272	0	0	0	0	0	0
32	650	14018	86107	152862	1735391	1430	24723	0	0	0	0	0	0
32	670	96652	1525722	140722	1579939	1130	17843	0	0	0	0	0	0
32	690	35898	721603	160919	2592929	157	2750	0	0	0	0	0	0
32	710	37684	523521	262552	4596307	843	22148	0	0	0	0	0	0
32	730	16170	196525	39527	404831	303	4694	0	0	0	0	0	0
32	750	57864	1291731	5232	56580	8674	173600	0	0	0	0	0	0
32	770	9867	140272	16931	203828	30	400	0	0	0	0	0	0
32	790	29881	527375	211573	1435271	13315	386539	0	0	0	0	0	0
32	810	33898	831308	141290	1263135	26053	650681	0	0	0	0	0	0
32	830	9588	162833	192877	3335830	293	8900	0	0	0	0	0	0
32	850	8001	90040	203009	2828925	5249	138123	0	0	0	0	0	0
32	870	104613	1358486	25908	273679	17226	299273	0	0	0	0	0	0
32	890	67704	1350757	32122	343615	15259	289639	0	0	0	0	0	0
32	910	196255	2534214	64013	811800	20860	585319	0	0	0	0	0	0
32	930	51909	1040789	31750	235522	11622	245602	0	0	0	0	0	0
32	950	14949	245113	35136	475719	391	9010	0	0	0	0	0	0
32	970	32641	580434	227965	2110996	6363	141413	0	0	0	0	0	0
32	990	32974	488545	188219	2399208	1163	33350	0	0	0	0	0	0
32	1010	45553	614936	58096	548529	29217	346217	0	0	0	0	0	0
32	1030	3619	27408	152516	2005277	927	15645	0	0	0	0	0	0
32	1050	42333	747261	35802	304669	9335	177852	0	0	0	0	0	0
32	1070	29172	612925	133321	1658895	4408	111635	0	0	0	0	0	0
32	1090	66226	1152628	11948	104906	9442	161968	0	0	0	0	0	0
32	1110	29243	244351	51710	452304	306	5495	0	0	0	0	0	0
32	1130	68494	1366088	15046	129692	10194	197474	0	0	0	0	0	0
32	1150	39052	833356	258221	2522981	21110	514887	0	0	0	0	0	0
32	1170	67838	1517699	158082	1644971	47645	1016678	0	0	0	0	0	0
32	1190	170243	2556899	69982	888601	34016	644330	0	0	0	0	0	0
32	1210	5878	78347	256171	4718653	792	28833	0	0	0	0	0	0
32	1230	63629	1192212	23369	193933	14953	299992	0	0	0	0	0	0
32	1250	53860	948932	187240	2189672	6089	180166	0	0	0	0	0	0
32	1270	38684	554487	33056	322053	19260	301236	0	0	2433	454	0	0
32	1290	69725	1545874	22221	276792	12145	224756	0	0	0	0	0	0
32	1310	17959	299854	71852	879794	10	235	0	0	0	0	0	0
32	1330	146151	2544767	22986	304989	26670	537832	0	0	0	0	0	0
32	1350	43175	682397	34562	299614	17922	275516	0	0	0	0	0	0
32	1370	11684	149680	259664	3493636	4846	105994	0	0	0	0	0	0
32	1390	154690	3629694	93941	1173496	1190	31964	0	0	0	0	0	0
32	1410	89815	1665892	10881	102911	10380	187279	0	0	0	0	0	0
32	1430	51531	850955	164849	2164439	5016	132957	0	0	0	0	0	0
32	1450	38257	920732	138987	1692702	5836	132315	0	0	0	0	0	0
32	1470	16037	263392	306029	4271029	3075	90473	0	0	0	0	0	0
32	1490	173608	3048500	66782	937401	7107	182060	0	0	0	0	0	0
32	1510	88989	1687326	21934	288912	13746	273696	0	0	0	0	0	0
32	1530	28002	489236	257911	2963312	1344	34025	0	0	0	0	0	0
32	1550	73342	1249367	202708	2515534	2929	80029	0	0	0	0	0	0
32	1570	63411	1303153	387561	4044290	10270	294158	0	0	0	0	0	0
32	1590	162849	2003286	49856	668803	31232	897024	0	0	0	0	0	0
32	1610	33548	631738	199282	1423138	4253	96200	0	0	0	0	0	0
32	1630	60866	1194097	25744	361064	12220	243769	0	0	0	0	0	0
32	1650	85301	1814902	170998	2284186	3408	81070	0	0	0	0	0	0
32	1670	7635	151135	256505	3430488	4349	110449	0	0	0	0	0	0
32	1690	23480	450696	204522	2830892	3178	82563	0	0	0	0	0	0
32	1710	33454	790124	174177	2130700	4599	119258	0	0	0	0	0	0
32	1730	14875	133256	62286	561535	1047	12342	0	0	0	0	0	0
32	1750	71013	1719103	248177	2092293	43179	1013430	0	0	0	0	0	0
32	1770	21556	279150	150888	2904789	111	1385	0	0	0	0	0	0
32	1790	69486	1518818	21049	223715	7246	158436	0	0	0	0	0	0
32	1810	44568	369171	206088	2237707	1442	24858	0	0	0	0	0	0
32	1830	95173	1578536	103484	1032804	2170	43349	0	0	0	0	0	0
32	1850	197420	2620659	76879	1121214	7190	220681	0	0	0	0	0	0
32	1870	44505	890684	261730	3026255	1021	30029	0	0	0	0	0	0
32	1890	11567	108334	75294	1055885	21	300	0	0	0	0	0	0
32	1910	16129	233504	124398	2072409	151	1850	0	0	0	0	0	0
32	1930	66389	1088917	311559	1952963	41560	773562	0	0	0	0	0	0
32	1950	48277	575056	266376	2783528	2050	50254	0	0	0	0	0	0
32	1970	18169	216374	203317	2508230	2313	35865	0	0	0	0	0	0
32	1990	57028	1149834	18054	226787	7611	172825	0	0	0	0	0	0
32	2010	37091	365540	14116	130903	360	4690	0	0	0	0	0	0
32	2030	139905	2146312	67476	842201	37849	822847	0	0	0	0	0	0
32	2050	21112	208746	35359	337162	301	4650	0	0	0	0	0	0
32	2070	36646	522724	18857	161752	10834	156866	0	0	0	0	0	0
32	2090	28360	436242	8838	96566	6838	106540	0	0	0	0	0	0
32	0	7828	174712	4563	40988	884	21560	0	0	0	0	0	0
		5648934	101355511	12081021	148482595	1041087	21526565	0	0	2448	455	0	0
		0	0	0	0	0	0			0	0		
33	10												
33	30	539	15893	271	4619	6361	200735	0	0	0	0	0	0
33	50	9438	233179	1309	18063	11859	326724	0	0	0	0	0	0
33	70	1042	21967	12014	134870	43033	897624	0	0	0	0	0	0
33	90	478	15172	449	5844	7909	200656	0	0	0	0	0	0
33	110	4883	99081	3215	35675	25299	703311	0	0	0	0	0	0
33	130	41107	1050206	39505	460457	39744	1179934	0	0	0	0	0	0
33	150	93715	4100515	33036	701714	50907	2213139	0	0	0	0	0	0
33	170	69615	2757196	25405	417752	50504	2070448	0	0	0	0	0	0
33	190	23	495	210	3166	6517	220470	0	0	0	0	0	0
33	210	25308	1271954	13138	330943	21670	1266378	0	0	0	0	0	0
33	230	1002	19367	646	5973	11013	205165	0	0	0	0	0	0
33	250	78733	2606847	30261	501718	74107	2784514	0	0	0	0	0	0
33	270	4707	132108	2396	37790	16415	565318	0	0	0	0	0	0
33	290	773	12498	50750	588546	76505	1388429	0	0	0	0	0	0
33	310	50	1221	2549	39277	11232	308875	0	0	0	0	0	0
33	330	0	0	2	32	66	1635	0	0	0	0	0	0
33	350	95591	3470572	5814	86024	74650	2780946	0	0	0	0	0	0
33	370	1877	33945	557	6303	10268	230926	0	0	0	0	0	0
33	390	27020	940922	13058	245188	29121	966078	0	0	0	0	0	0
33	410	14982	500734	1443	23918	29123	981646	0	0	0	0	0	0
33	430	6150	142669	20388	246412	33134	913890	0	0	0	0	0	0
33	450	99915	4172640	8692	160387	81803	3550457	0	0	0	0	0	0
33	470	39955	1615582	3925	79968	62808	2169176	0	0	0	0	0	0
33	490	59404	2454733	2900	55166	39967	1545723	0	0	0	0	0	0
33	510	29089	1254613	17840	357252	46711	1868284	0	0	0	0	0	0
33	530	19034	421644	16023	178746	53969	1480625	0	0	0	0	0	0
33	550	18087	682909	5802	142018	11031	507721	0	0	0	0	0	0
33	570	26160	1171725	1996	42013	24059	774110	0	0	0	0	0	0
33	590	415	7050	1451	9140	14604	189691	0	0	0	0	0	0
33	610	5421	121821	2955	41218	23058	723961	0	0	0	0	0	0
33	630	35	733	212	2967	4540	138155	0	0	0	0	0	0
33	650	114834	4575519	861	13921	91257	3660200	0	0	0	0	0	0
33	670	275	5440	320	4070	13210	369607	0	0	0	0	0	0
33	690	53316	1700975	15826	218620	66632	2321798	0	0	0	0	0	0
33	710	32	965	50436	708445	40140	938707	0	0	0	0	0	0
33	730	9	233	255	3867	4259	144846	0	0	0	0	0	0
33	750	98546	3172994	49165	753923	66984	2474568	0	0	0	0	0	0
33	770	0	0	58	1092	290	7708	0	0	0	0	0	0
33	790	7	172	162	3053	2423	63959	0	0	0	0	0	0
33	810	41906	2077726	37304	850935	14294	669991	0	0	0	0	0	0
33	830	56568	1789455	5837	91498	50361	2050966	0	0	0	0	0	0
33	850	112339	3698110	15717	254690	80231	3347825	0	0	0	0	0	0
33	870	39600	1759026	16308	334120	45104	2408436	0	0	0	0	0	0
33	890	72	1601	5707	60494	15498	268669	0	0	0	0	0	0
33	910	82	2410	71242	857744	64417	1329361	0	0	0	0	0	0
33	930	124167	5291961	1812	40425	106460	4984294	0	0	0	0	0	0
33	950	31820	1006971	15833	304930	43705	1719041	0	0	0	0	0	0
33	970	1853	40676	423	4518	15308	501637	0	0	0	0	0	0
33	990	11224	202827	12249	146278	44063	1075282	0	0	0	0	0	0
33	1010	28343	904736	1005	16407	70303	2039301	0	0	0	0	0	0
33	1030	103848	3448155	951	14515	83851	3129419	0	0	0	0	0	0
33	1050	43236	1918205	21362	420923	27454	1260549	0	0	0	0	0	0
33	1070	127069	4796764	841	16222	106675	4236244	0	0	0	0	0	0
33	1090	411	7796	30447	335167	78152	1424917	0	0	0	0	0	0
33	1110	21004	785497	3250	65776	45755	1644658	0	0	0	0	0	0
33	1130	17088	365397	49943	553216	125947	3331119	0	0	0	0	0	0
33	1150	41	537	6039	70547	22481	475677	0	0	0	0	0	0
33	1170	1374	35171	919	13821	21079	655878	0	0	0	0	0	0
33	1190	68212	2193047	896	23647	58970	2251908	0	0	0	0	0	0
33	1210	452	12089	123218	1504902	108877	2359497	0	0	0	0	0	0
33	1230	14771	368329	18005	223233	49262	1294869	0	0	0	0	0	0
33	1250	1404	43404	406	8388	3179	103421	0	0	0	0	0	0
33	1270	109	2775	10883	134919	31361	628487	0	0	0	0	0	0
33	1290	129737	5039446	31274	503617	98064	4259851	0	0	0	0	0	0
33	1310	109908	3993983	45460	736549	91450	3753705	0	0	0	0	0	0
33	1330	29697	1249405	19634	419800	19135	829722	0	0	0	0	0	0
33	1350	93668	3625403	194	3215	71150	3027523	0	0	0	0	0	0
33	1370	32	774	4669	61046	24460	553007	0	0	0	0	0	0
33	1390	2	77	562	8810	8510	249112	0	0	0	0	0	0
33	1410	23376	1172940	20962	468584	14569	683132	0	0	0	0	0	0
33	1430	11363	151147	3074	36774	19108	397080	0	0	0	0	0	0
33	1450	53531	2500475	25918	502026	48916	2231949	0	0	0	0	0	0
33	1470	35451	858564	25972	398540	90888	2922887	0	0	0	0	0	0
33	1490	33154	1426203	5566	121840	21180	950073	0	0	0	0	0	0
33	1510	40983	1052791	19651	231139	62468	1915426	0	0	0	0	0	0
33	1530	61148	1858991	25540	334677	92888	2947152	0	0	0	0	0	0
33	1550	11271	230308	7187	88687	46056	1279649	0	0	0	0	0	0
33	1570	37924	928935	48464	509365	53057	1436927	0	0	0	0	0	0
33	1590	19625	804405	6964	134053	32636	1193332	0	0	0	0	0	0
33	1610	2708	55302	1476	12774	17435	284255	0	0	0	0	0	0
33	1630	40710	1706143	15492	311163	23730	963251	0	0	0	0	0	0
33	1650	8877	302750	3715	68333	21598	679509	0	0	0	0	0	0
33	1670	63097	2523119	3926	74007	51320	2215950	0	0	0	0	0	0
33	1690	8179	159053	49961	538526	64535	1518460	0	0	0	0	0	0
33	1710	20145	745285	7862	160578	35222	1277063	0	0	0	0	0	0
33	1730	35890	1246904	14161	325425	26425	1144348	0	0	0	0	0	0
33	0	103609	3247691	41181	693099	73499	2980117	0	0	0	0	0	0
		2862645	104419048	1314757	19760092	3698268	126221063	0	0	0	0	0	0
		0	0	0	0	0	0	0	0	0	0	0	0
34	10												
34	30	43990	1195272	2083	24761	15073	291837	0	0	0	0	0	0
34	50	62054	1685038	9772	116298	11398	202251	0	0	0	0	0	0
34	70	128620	4112813	6519	89455	10995	190346	0	0	0	0	0	0
34	90	72132	1221879	5406	48872	39549	801003	0	0	0	0	0	0
34	110	28261	477449	14009	141676	8434	148467	0	0	0	0	0	0
34	130	54316	840911	39085	426890	15371	242465	0	0	0	0	0	0
34	150	97550	1498712	31567	271320	23384	414985	0	0	0	0	0	0
34	170	34811	506465	7392	57274	7777	147617	0	0	0	0	0	0
34	190	27962	639912	5397	39127	2952	38148	0	0	65	37	0	0
34	210	43597	762662	11463	93089	3864	64658	0	0	0	0	0	0
34	230	43997	1303302	30074	342776	9437	180758	0	0	0	0	0	0
34	250	30979	662225	1747	14604	245	3697	161	7316	11139	6347	0	0
34	270	53628	1140147	7624	63342	17790	316263	0	0	0	0	0	0
34	290	35400	586106	13788	116272	8971	162179	0	0	0	0	0	0
34	310	22875	489901	556	6283	452	7362	0	0	0	0	0	0
34	330	40389	1094330	13190	116532	7931	138768	0	0	30	19	0	0
34	350	79248	2176276	42760	433274	16009	304045	0	0	0	0	0	0
34	370	6403	147703	190	1649	79	1178	0	0	1	1	0	0
34	390	66558	1132077	26637	268348	9551	185756	0	0	0	0	0	0
34	410	42672	860598	10550	92839	8687	138097	0	0	0	0	0	0
34	430	65332	1624907	31428	286201	13201	237280	0	0	0	0	0	0
34	450	23735	524097	7736	74049	5032	111397	0	0	0	0	0	0
34	470	40923	1130110	5504	61472	18166	481080	0	0	0	0	0	0
34	490	39670	831861	8224	94981	4801	98278	0	0	0	0	0	0
34	510	54887	1405657	6897	72631	14437	304424	0	0	0	0	0	0
34	530	20763	552119	13505	86477	3385	63057	0	0	0	0	0	0
34	550	49754	1110415	33143	240528	13384	265513	0	0	0	0	0	0
34	570	16158	354642	3519	34385	2042	34157	0	0	0	0	0	0
34	590	37801	697982	24198	261661	11780	173403	0	0	0	0	0	0
34	610	22571	436054	4794	43106	5090	83535	0	0	0	0	0	0
34	630	60269	1264122	14588	131353	18746	354863	0	0	0	0	0	0
34	650	56594	1159850	9395	81903	14917	244129	0	0	0	0	0	0
34	670	15495	328436	1723	17974	1686	29271	0	0	0	0	0	0
34	690	23058	382788	1049	8426	1850	31483	0	0	0	0	0	0
34	710	59515	1663240	3094	29301	500	8507	0	0	89241	64529	0	0
34	730	42554	1167726	36081	347262	4356	73475	0	0	0	0	0	0
34	750	19157	511386	17011	132284	3473	59498	0	0	0	0	0	0
34	770	64615	1511399	6970	66623	12506	193452	0	0	0	0	0	0
34	790	47819	1099368	16022	170375	14237	319575	0	0	0	0	0	0
34	810	45316	1022190	6004	56951	11555	190289	0	0	0	0	0	0
34	830	83390	2186873	10051	111211	23124	408310	0	0	0	0	0	0
34	850	87429	1249103	14173	109345	22491	372793	0	0	0	0	0	0
34	870	24471	449613	8296	61950	5684	80890	0	0	0	0	0	0
34	890	67132	2173593	7942	99255	7862	133343	0	0	0	0	0	0
34	910	35037	946272	14662	152597	3543	60436	0	0	0	0	0	0
34	930	25287	436299	1171	11665	879	14748	0	0	1160	525	0	0
34	950	7354	147574	1007	11327	639	11936	0	0	0	0	0	0
34	970	53434	1290349	19547	222142	5282	118025	0	0	0	0	0	0
34	990	36376	540576	68829	656230	14826	221256	0	0	0	0	0	0
34	1010	20612	677165	10128	98723	3143	63747	0	0	0	0	0	0
34	1030	71544	1218028	21547	183272	13833	241522	0	0	0	0	0	0
34	1050	52171	1308609	3148	36514	18954	401622	0	0	0	0	0	0
34	1070	34786	803023	5432	53063	4264	81283	0	0	0	0	0	0
34	1090	78953	2392477	60596	607466	13286	306908	0	0	0	0	0	0
34	1110	29250	514776	36793	352829	13315	222840	0	0	0	0	0	0
34	1130	37741	914786	15222	155353	16366	393822	0	0	0	0	0	0
34	1150	48532	1248578	24768	220960	10657	226058	0	0	0	0	0	0
34	1170	57465	1618305	4679	51493	12420	267654	0	0	0	0	0	0
34	1190	45276	1121810	11413	97955	13672	248660	0	0	0	0	0	0
34	1210	15482	204342	3881	33561	2890	46846	0	0	0	0	0	0
34	1230	65724	1733550	8606	93279	20820	426914	0	0	0	0	0	0
34	1250	9885	223152	1366	16147	775	14300	0	0	0	0	0	0
34	1270	22348	459689	7257	59842	3652	55575	0	0	0	0	0	0
34	1290	31771	859672	24651	313388	11895	327265	0	0	0	0	0	0
34	1310	43120	1029655	3856	41060	10787	180908	0	0	0	0	0	0
34	1330	24495	595015	10290	75703	3039	53068	0	0	0	0	0	0
34	1350	62562	1515405	22671	228586	865	15397	0	0	25239	13065	0	0
34	1370	28737	593804	16917	109399	8750	152192	0	0	0	0	0	0
34	1390	61847	1218417	6110	63815	17976	356740	0	0	0	0	0	0
34	1410	36633	682744	11690	100069	16382	320982	0	0	0	0	0	0
34	1430	24868	407328	12641	95023	6649	112183	0	0	0	0	0	0
34	1450	80012	2310354	18087	222952	1091	20332	0	0	54240	37142	0	0
34	1470	31921	404495	26890	246154	12602	188153	0	0	0	0	0	0
34	1490	145897	3459286	18564	215174	27765	407624	0	0	0	0	0	0
34	1510	18195	355666	801	6789	594	10035	0	0	2279	990	0	0
34	1530	21436	656747	19006	112752	3129	50981	0	0	0	0	0	0
34	1550	19616	259551	682	5184	1212	16375	0	0	1619	655	0	0
34	1570	34276	970116	166	1320	32	1250	0	0	125637	81024	0	0
34	1590	27706	857468	12635	126511	5445	93744	0	0	0	0	0	0
34	1610	80960	1348223	20290	185498	16431	311860	0	0	0	0	0	0
34	1630	18464	413712	4513	48404	2583	50452	0	0	0	0	0	0
34	1650	49954	1299303	21611	211782	13604	285581	0	0	0	0	0	0
34	1670	38059	913409	43148	451287	9901	207991	0	0	0	0	0	0
34	1690	43439	917060	13698	141312	11042	198225	0	0	0	0	0	0
34	1710	22300	585252	1192	13563	824	15634	0	0	0	0	0	0
34	1730	42569	1257143	1538	22271	15430	339493	0	0	0	0	0	0
34	1750	43353	1033150	11531	118027	14512	326582	0	0	0	0	0	0
34	1770	35832	814104	4546	51101	4022	67379	0	0	0	0	0	0
34	1790	71508	1633375	19770	216814	10856	206709	0	0	0	0	0	0
34	1810	16367	348595	124	978	539	8449	0	0	0	0	0	0
34	1830	17035	402649	857	6648	134	1535	108	4000	5976	2558	0	0
34	1850	34912	1068011	56048	720282	3693	75601	0	0	0	0	0	0
34	1870	57195	973144	11438	96842	11124	153967	0	0	0	0	0	0
34	1890	12034	328201	4612	60227	2983	63613	0	0	0	0	0	0
34	5100	15925	482897	27424	332503	1576	36835	0	0	0	0	0	0
34	1930	33	820	0	0	0	0	0	0	0	0	0	0
34	1950	15781	454657	7268	91744	4923	99202	0	0	0	0	0	0
34	1970	99194	3003133	51771	518783	8049	166466	0	0	0	0	0	0
34	1990	18859	516696	1768	22066	8408	184009	0	0	0	0	0	0
34	2010	37768	908497	1540	18477	18700	395596	0	0	0	0	0	0
34	2030	56769	1443721	35513	339014	3367	56015	0	0	16182	8242	0	0
34	2050	16113	336367	243	1949	220	3082	0	0	0	0	0	0
34	2070	50825	1105205	8987	92452	22171	513178	0	0	0	0	0	0
34	2090	80360	2062991	19922	181741	3856	64790	0	0	19490	10035	0	0
34	2110	17530	323155	1192	11809	2437	52805	0	0	0	0	0	0
34	2130	57421	1596276	2001	24989	15010	296835	0	0	0	0	0	0
34	2150	7164	126829	38	250	119	1932	0	0	597	180	0	0
34	2170	35294	676253	4942	48801	5309	91797	0	0	0	0	0	0
34	2190	83237	1281411	23454	221790	16393	234173	0	0	0	0	0	0
34	2210	17104	470512	22313	200184	5587	109737	0	0	0	0	0	0
34	2230	14551	339193	4639	52598	3049	60752	0	0	0	0	0	0
34	2250	23805	593736	1132	9942	363	6066	0	0	4	2	0	0
34	2270	21002	476347	3144	31227	4675	99736	0	0	0	0	0	0
34	2290	36904	999775	3436	39746	9326	165289	0	0	0	0	0	0
34	0	23993	467877	1023	8726	1895	36141	0	0	0	0	0	0
		4837812	112348071	1533531	15116509	1006794	19050770	269	11316	352899	225351	0	0
		0	0	0	0	0	0	0	0	0	0	0	0
35	10												
35	30	99059	2075719	97951	1160859	26285	705990	0	0	0	0	0	0
35	50	175334	4606792	4733	73633	52439	1573017	0	0	0	0	0	0
35	70	9696	133512	1518	16652	1008	18067	0	0	0	0	0	0
35	90	10966	175089	69926	1029058	7804	164998	0	0	0	0	0	0
35	110	12466	154094	358	3290	1332	23709	0	0	0	0	0	0
35	130	161009	4735516	5906	107719	60231	2137116	0	0	0	0	0	0
35	150	27723	450873	124203	1669166	20780	474786	0	0	0	0	0	0
35	170	78902	1906170	5063	106490	32089	1222740	0	0	0	0	0	0
35	190	44981	704791	2009	26959	15191	381309	0	0	0	0	0	0
35	210	171067	1986821	41533	497546	25287	589778	0	0	0	0	0	0
35	230	119421	5252536	8871	192948	44788	1600196	0	0	0	0	0	0
35	250	124681	4103126	72229	1251171	49938	1535015	0	0	0	0	0	0
35	270	141375	5408188	36009	632737	31267	696994	0	0	0	0	0	0
35	290	167681	6081733	2011	44900	86931	3059368	0	0	0	0	0	0
35	310	93159	1847429	76170	931929	3666	78362	0	0	0	0	0	0
35	330	64922	1043533	4100	51430	18366	366459	0	0	0	0	0	0
35	350	45633	826043	192824	2600182	16176	381314	0	0	0	0	0	0
35	370	109491	2742985	112205	1965222	26897	951956	0	0	0	0	0	0
35	390	82718	3220977	20172	358141	41753	1338763	0	0	0	0	0	0
35	410	134911	5969212	1191	23436	71296	2773242	0	0	0	0	0	0
35	430	314288	6232905	30332	416457	73407	2307476	0	0	0	0	0	0
35	450	58772	2352694	2530	41633	16588	547196	0	0	0	0	0	0
35	470	24070	420839	49773	686705	13741	323229	0	0	0	0	0	0
35	490	180124	3533529	29540	409574	17292	516800	0	0	0	0	0	0
35	510	26456	434402	79900	1061906	5065	106151	0	0	0	0	0	0
35	530	117250	4486865	631	9168	48950	1509948	0	0	0	0	0	0
35	550	121900	5032921	32885	656568	45260	1634323	0	0	0	0	0	0
35	570	77062	3193121	6566	137452	17923	574644	0	0	0	0	0	0
35	590	119311	2925548	23406	371861	1290	34862	0	0	0	0	0	0
35	610	106878	3038061	104786	1572941	33658	1025037	0	0	0	0	0	0
35	630	104562	1294303	40709	429480	12362	334805	0	0	0	0	0	0
35	650	155362	1728823	24609	271159	6723	173121	0	0	0	0	0	0
35	670	151107	3339230	60479	785775	2603	129623	0	0	0	0	0	0
35	690	166305	3348448	106049	1675854	48464	1197773	0	0	0	0	0	0
35	710	42514	938242	41699	622321	8712	160651	0	0	0	0	0	0
35	730	23459	382288	511	5670	6780	157570	0	0	0	0	0	0
35	750	101682	1583331	16593	219048	4430	147172	0	0	0	0	0	0
35	770	750	12684	113	817	590	9023	0	0	0	0	0	0
35	790	86566	1873547	3948	61165	30340	958160	0	0	0	0	0	0
35	810	88796	1478946	48030	690632	20596	591677	0	0	0	0	0	0
35	830	113777	2567579	75440	1105977	30885	1120157	0	0	0	0	0	0
35	850	118639	2316380	54812	634927	6095	204272	0	0	0	0	0	0
35	870	97808	2051269	46325	614375	3142	66027	0	0	0	0	0	0
35	890	97898	1946917	72243	1040550	2457	61941	0	0	0	0	0	0
35	910	133029	1995789	2096	31196	45396	1139110	0	0	0	0	0	0
35	930	6426	77072	0	0	414	5567	0	0	0	0	0	0
35	950	80581	1403840	23958	318607	24244	767550	0	0	0	0	0	0
35	970	90946	1696001	71807	966409	24374	502139	0	0	0	0	0	0
35	990	68286	1460267	32835	484010	19215	381887	0	0	0	0	0	0
35	1010	70968	808053	91394	969557	13026	316165	0	0	0	0	0	0
35	1030	63499	1200864	74315	1041646	6841	143887	0	0	0	0	0	0
35	1050	37308	525659	1215	15663	11187	303273	0	0	0	0	0	0
35	1070	3635	59851	133246	1698455	5944	104942	0	0	0	0	0	0
35	1090	190731	5652020	2972	54540	93668	3156854	0	0	0	0	0	0
35	1110	167455	5118943	82548	1706871	42873	1252658	0	0	0	0	0	0
35	1130	170259	2589895	74307	856673	15434	398807	0	0	0	0	0	0
35	1150	25343	381636	2039	24160	7245	228345	0	0	0	0	0	0
35	1170	18432	339903	433	5878	4246	86203	0	0	0	0	0	0
35	1190	17490	157681	55	394	336	6163	0	0	0	0	0	0
35	1210	134629	4508290	3551	64112	60906	2066412	0	0	0	0	0	0
35	1230	81834	1561085	30707	454268	18747	593728	0	0	0	0	0	0
35	1250	45205	744470	36354	375551	8523	216952	0	0	0	0	0	0
35	1270	87703	1888520	19956	325602	25127	812878	0	0	0	0	0	0
35	1290	78655	2220008	33274	434280	16601	287589	0	0	0	0	0	0
35	1310	115929	2069428	50575	886602	25886	839601	0	0	0	0	0	0
35	1330	132179	4385805	50700	812329	37705	853750	0	0	0	0	0	0
35	1350	75094	1386521	20327	273570	17499	353799	0	0	0	0	0	0
35	1370	91459	1668520	216136	2813228	9356	191910	0	0	0	0	0	0
35	1390	94543	1071421	77653	778928	6130	145820	0	0	0	0	0	0
35	1410	125960	3898145	1589	23458	56711	1822876	0	0	0	0	0	0
35	1430	154926	4520989	20221	352174	56740	1961422	0	0	0	0	0	0
35	1450	96419	2731684	50575	890355	29099	1067043	0	0	0	0	0	0
35	1470	140687	2138288	54385	671524	1995	54523	0	0	0	0	0	0
35	1490	102382	3102464	27408	389209	21212	409694	0	0	0	0	0	0
35	1510	20516	267071	413	2684	6605	111860	0	0	0	0	0	0
35	1530	92507	2449668	105692	2022856	32941	950078	0	0	0	0	0	0
35	1550	61647	2510678	7225	134144	16002	425890	0	0	0	0	0	0
35	1570	181200	6196937	55973	1021616	53631	1334892	0	0	0	0	0	0
35	1590	17660	434315	20243	391607	12102	534239	0	0	0	0	0	0
35	1610	111345	3320721	89453	1641615	37488	1111014	0	0	0	0	0	0
35	1630	57466	1132893	65340	1022150	29785	914098	0	0	0	0	0	0
35	1650	88775	1581677	16547	190606	25021	765038	0	0	0	0	0	0
35	1670	9221	146405	14637	181219	8926	204163	0	0	0	0	0	0
35	1690	93689	3679390	1794	34310	47695	1667512	0	0	0	0	0	0
35	1710	89446	1046367	76296	1243204	30168	809317	0	0	0	0	0	0
35	1730	7817	101060	10	56	822	9901	0	0	0	0	0	0
35	1750	103431	4280973	1198	19513	37487	1317994	0	0	0	0	0	0
35	1770	94894	1983226	3469	51346	24944	814669	0	0	0	0	0	0
35	1790	89872	4091284	14779	316808	36865	1316751	0	0	0	0	0	0
35	1810	118036	5016977	605	11810	59150	2186844	0	0	0	0	0	0
35	1830	131777	2301483	35844	463299	16698	487691	0	0	0	0	0	0
35	1850	19008	266245	242	3034	8823	176227	0	0	0	0	0	0
35	0	129135	3911781	72685	1131246	34556	1158538	0	0	0	0	0	0
		8589965	216020274	3699967	53867855	2317266	70733080	0	0	0	0	0	0
		0	0	0	0	0	0	0	0	0	0	0	0
36	10												
36	30	3003	40150	123290	1235847	12787	223690	0	0	0	0	0	0
36	50	1068	17190	232162	1916376	64148	980428	0	0	0	0	0	0
36	70	123	2014	308956	3085429	47970	824404	0	0	0	0	0	0
36	90	216	4549	61434	425972	6412	73331	0	0	0	0	0	0
36	110	506	10915	392363	4176134	45256	905402	0	0	0	0	0	0
36	130	1154	14689	92807	841631	11475	191276	0	0	0	0	0	0
36	150	50	946	152419	1976907	20835	418489	0	0	0	0	0	0
36	170	6520	75118	174622	1181675	17288	209779	0	0	0	0	0	0
36	190	4461	75546	209002	2294660	101446	1983273	0	0	0	0	0	0
36	210	0	0	238387	2790638	78670	1444853	0	0	0	0	0	0
36	230	16955	327461	98661	878553	37303	832662	0	0	0	0	0	0
36	250	10	165	197789	1921647	15160	231672	0	0	0	0	0	0
36	270	1535	18577	207582	1647468	17860	215495	0	0	0	0	0	0
36	290	95	3230	95310	783836	23724	342020	0	0	0	0	0	0
36	310	3933	36012	234872	1648017	13621	164415	0	0	0	0	0	0
36	330	82	952	96323	749355	22357	288527	0	0	0	0	0	0
36	350	507	9736	114308	1223181	9586	168710	0	0	0	0	0	0
36	370	93	1717	182569	2145966	73837	1488950	0	0	0	0	0	0
36	390	9329	112658	193262	1345193	16561	181703	0	0	0	0	0	0
36	410	152	1910	97903	864222	29073	440364	0	0	0	0	0	0
36	430	3270	43834	212005	1884627	14443	234093	0	0	0	0	0	0
36	450	851	14262	134636	1004162	18261	255938	0	0	0	0	0	0
36	470	3663	60771	155813	1326833	37691	731654	0	0	0	0	0	0
36	490	1234	17942	162138	1175488	6433	102180	0	0	0	0	0	0
36	510	743	11067	310899	3102438	56595	963663	0	0	0	0	0	0
36	530	2079	29648	185700	1115586	7947	112318	0	0	0	0	0	0
36	550	518	7582	216317	2255546	12677	210298	0	0	0	0	0	0
36	570	2006	33488	419532	3954867	34957	589790	0	0	0	0	0	0
36	590	5497	74932	147555	1562591	11395	189604	0	0	0	0	0	0
36	610	7422	82222	238593	1821438	22544	279519	0	0	0	0	0	0
36	630	169	2965	263934	2351473	23895	305269	0	0	0	0	0	0
36	650	1	12	144831	1700241	43122	857699	0	0	0	0	0	0
36	670	3116	42556	81605	716430	10813	167166	0	0	0	0	0	0
36	690	94	1980	133096	1708983	52953	1025587	0	0	0	0	0	0
36	710	417	4730	232437	2269234	42255	822480	0	0	0	0	0	0
36	730	10	200	255437	3321094	37578	869634	0	0	0	0	0	0
36	750	3957	57028	84406	708111	43779	741846	0	0	0	0	0	0
36	770	14	210	203491	2279771	22301	448554	0	0	0	0	0	0
36	790	32055	604293	143605	1520286	103997	2426097	0	0	0	0	0	0
36	810	12	225	132897	1310475	25836	474237	0	0	0	0	0	0
36	830	13186	228861	102577	1077337	36321	774883	0	0	0	0	0	0
36	850	411	5023	178356	1432856	16858	227591	0	0	0	0	0	0
36	870	2331	22894	62376	422685	5301	64786	0	0	0	0	0	0
36	890	668	9866	98834	816180	9020	150591	0	0	0	0	0	0
36	910	2304	30286	226303	2185826	19512	299337	0	0	0	0	0	0
36	930	26	372	109048	922037	34426	480815	0	0	0	0	0	0
36	950	971	13620	322651	2533247	58500	932274	0	0	0	0	0	0
36	970	15	300	222995	2084527	39607	598061	0	0	0	0	0	0
36	990	322	6696	102590	1286201	47121	1018518	0	0	0	0	0	0
36	1010	110	2795	204018	2472185	69772	1449150	0	0	0	0	0	0
36	1030	306	4293	381106	4388685	45108	871699	0	0	0	0	0	0
36	1050	64	1360	304448	2574103	36471	540137	0	0	0	0	0	0
36	0	162	2795	291120	3156158	22603	350025	0	0	0	0	0	0
		137796	2172643	9969370	95574408	1735461	31174936	0	0	0	0	0	0
		0	0	0	0	0	0	0	0	0	0	0	0
37	10												
37	30	13	220	0	0	0	0	0	0	0	0	0	0
37	50	80503	1534928	41973	474124	30863	642817	0	0	0	0	0	0
37	70	126662	2293334	111094	1152787	75954	1465760	0	0	0	0	0	0
37	90	22599	310966	45456	556268	11433	260094	0	0	0	0	0	0
37	110	105643	2938569	17747	312514	58376	1936143	0	0	0	0	0	0
37	130	98893	3099780	2697	42717	97997	3362079	0	0	0	0	0	0
37	150	61009	1192180	266562	2328419	67256	1399388	0	0	0	0	0	0
37	170	84050	977233	37972	406100	26446	457289	0	0	0	0	0	0
37	190	8377	65388	5097	40493	2856	40175	0	0	0	0	0	0
37	210	3889	76056	6448	113687	8834	300219	0	0	0	0	0	0
37	230	5739	48998	125926	860791	8479	102949	0	0	0	0	0	0
37	250	177425	4123592	68943	1267643	46517	1685311	0	0	0	0	0	0
37	270	40109	676149	61748	468915	54846	945414	0	0	0	0	0	0
37	290	97366	3810273	7507	131848	43961	1571340	0	0	0	0	0	0
37	310	14403	327470	46454	405641	53881	1080398	0	0	0	0	0	0
37	330	10114	93587	165122	1145198	19711	211338	0	0	0	0	0	0
37	350	5874	92966	9908	137099	6137	143457	0	0	0	0	0	0
37	370	69119	1736831	17188	196603	37673	896333	0	0	0	0	0	0
37	390	29400	559502	128279	1234549	43411	949464	0	0	0	0	0	0
37	410	28420	774706	8477	103766	63401	1950416	0	0	0	0	0	0
37	430	10307	97705	64563	430108	11743	123258	0	0	0	0	0	0
37	450	67539	1596630	30246	450185	28188	843190	0	0	0	0	0	0
37	470	9797	113069	164827	1074800	19109	232669	0	0	0	0	0	0
37	490	18405	230704	28772	272870	6860	111364	0	0	0	0	0	0
37	510	23333	260800	113181	905919	24344	345846	0	0	0	0	0	0
37	530	44954	1189737	58053	536167	43952	1077339	0	0	0	0	0	0
37	550	118856	2316124	22880	446697	55115	2199039	0	0	0	0	0	0
37	570	18801	205859	24655	316709	6421	107787	0	0	0	0	0	0
37	590	39434	1037392	18982	227357	54856	1451681	0	0	0	0	0	0
37	610	52034	455637	119065	1086873	45268	672773	0	0	0	0	0	0
37	630	70466	1872718	28511	352963	34269	1064050	0	0	0	0	0	0
37	650	2165	30514	25976	251797	9870	168374	0	0	0	0	0	0
37	670	13165	84603	34469	240281	4478	55212	0	0	0	0	0	0
37	690	131264	3310198	49158	622081	75802	2231251	0	0	0	0	0	0
37	710	6319	42033	36100	248880	11305	153261	0	0	0	0	0	0
37	730	13510	141443	16087	188280	2559	45177	0	0	0	0	0	0
37	750	49807	880605	37212	441823	24549	490266	0	0	0	0	0	0
37	770	21725	196347	23316	301147	5125	112277	0	0	0	0	0	0
37	790	96885	2516804	21423	242365	84289	2311457	0	0	0	0	0	0
37	810	85131	2668110	3156	56977	58089	2114799	0	0	0	0	0	0
37	830	1773	45850	5106	104337	2990	100671	0	0	0	0	0	0
37	850	132110	4791147	337	5802	84558	2977686	0	0	0	0	0	0
37	870	55928	542651	48947	543755	8392	148377	0	0	0	0	0	0
37	890	105065	3299236	17213	261358	68966	2714971	0	0	0	0	0	0
37	910	7338	104933	156022	944737	18058	274432	0	0	0	0	0	0
37	930	16768	379925	93916	1056411	28585	658151	0	0	0	0	0	0
37	950	35088	517878	60990	735651	20557	441095	0	0	0	0	0	0
37	970	34609	361282	26940	350486	7217	168545	0	0	0	0	0	0
37	990	75806	1697837	15815	229415	48721	1388852	0	0	0	0	0	0
37	1010	152628	5724626	1678	32551	108575	4199377	0	0	0	0	0	0
37	1030	96229	3319244	887	13127	68451	2575112	0	0	0	0	0	0
37	1050	26995	450572	49830	703184	11647	291099	0	0	0	0	0	0
37	1070	10529	130285	92573	870664	19618	332272	0	0	0	0	0	0
37	1090	22249	255967	58711	544262	17707	297233	0	0	0	0	0	0
37	1110	50542	1179309	105552	1196436	62377	1551230	0	0	0	0	0	0
37	1130	75061	1775656	28792	365939	36451	839668	0	0	0	0	0	0
37	1150	6502	94373	18799	249336	4378	90887	0	0	0	0	0	0
37	1170	41738	473007	322933	2306512	44809	591791	0	0	0	0	0	0
37	1190	6062	50712	6187	64277	2282	35976	0	0	0	0	0	0
37	1210	18686	136892	68216	523639	10820	129912	0	0	0	0	0	0
37	1230	43556	552494	18737	239444	15788	424385	0	0	0	0	0	0
37	1250	152365	2257921	51714	834614	31086	926552	0	0	0	0	0	0
37	1270	127069	4734876	2942	38770	77911	2750573	0	0	0	0	0	0
37	1290	108448	4166236	16402	270474	36998	1249911	0	0	0	0	0	0
37	1310	7473	73436	110416	865811	11184	176829	0	0	0	0	0	0
37	1330	13098	182328	13764	187090	3399	70556	0	0	0	0	0	0
37	1350	3397	36147	5014	68966	1116	19666	0	0	0	0	0	0
37	1370	97891	3224471	7497	130675	48152	1676483	0	0	0	0	0	0
37	0	4772	30761	38160	233811	6883	66785	0	0	0	0	0	0
		3493279	84569812	3539320	34044975	2271899	62480531	0	0	0	0	0	0
		0	0	0	0	0	0	0	0	0	0	0	0
40	10												
40	30	31218	1079377	237	3591	14	352	0	0	0	0	0	0
40	50	20376	478334	7773	88010	1396	23751	0	0	0	0	0	0
40	70	2778	80506	1315	17301	430	8244	0	0	0	0	0	0
40	90	12637	249457	6327	89048	387	9436	0	0	5	3	0	0
40	110	13110	311359	5431	62117	163	2778	0	0	0	0	0	0
40	130	9531	191379	5419	66836	106	1512	0	0	5	2	0	0
40	150	52	1980	39	985	0	0	0	0	0	0	0	0
40	170	27426	897009	50899	741432	2815	69696	0	0	0	0	0	0
40	190	4724	170164	2386	32356	1455	46283	0	0	0	0	0	0
40	210	23427	534198	16443	160085	874	15550	0	0	0	0	0	0
40	230	4758	153530	2674	32305	930	23812	0	0	0	0	0	0
40	250	9484	257818	8421	96316	737	12593	0	0	0	0	0	0
40	270	19359	321638	2589	39193	138	2583	0	0	12040	6412	0	0
40	290	11906	215676	100	870	55	449	0	0	0	0	0	0
40	310	15519	316872	7358	90158	301	5159	0	0	0	0	0	0
40	330	18121	389921	9610	108617	322	4403	0	0	0	0	0	0
40	350	23059	402575	11302	165618	257	5180	0	0	0	0	0	0
40	360	18878	412047	3724	36923	790	12935	0	0	0	0	0	0
40	370	7424	159429	1726	23489	146	3190	0	0	0	0	0	0
40	410	16913	342656	7562	93648	99	1387	0	0	333	179	0	0
40	430	9065	177290	1403	20469	222	4369	0	0	33	24	0	0
40	450	10148	432612	13526	193403	370	8181	0	0	0	0	0	0
40	470	2707	87564	1848	22227	434	9455	0	0	0	0	0	0
40	490	19791	539248	12028	154356	1105	24004	0	0	0	0	0	0
40	510	8712	156648	4201	50451	134	2104	0	0	0	0	0	0
40	530	6603	132408	7	50	29	215	0	0	0	0	0	0
40	550	15229	300284	2577	39685	113	2657	0	0	1750	1008	0	0
40	570	1374	29676	141	2115	58	1379	0	0	0	0	0	0
40	590	14168	271558	6038	84747	113	2435	0	0	0	0	0	0
40	610	8153	267670	5564	96731	707	16800	0	0	0	0	0	0
40	630	24711	657085	18335	256300	823	15361	0	0	0	0	0	0
40	650	11097	266389	5112	49457	2952	56820	0	0	0	0	0	0
40	670	8633	191365	3860	40697	208	2851	0	0	0	0	0	0
40	690	23219	450917	17450	167232	732	8543	0	0	0	0	0	0
40	710	13590	337834	13173	159175	2285	46617	0	0	0	0	0	0
40	730	7677	237917	3118	32513	915	16227	0	0	0	0	0	0
40	750	11235	248243	2582	31304	246	6200	0	0	0	0	0	0
40	770	10798	238463	4383	56467	413	8918	0	0	0	0	0	0
40	790	13842	420210	5175	50834	2527	45950	0	0	0	0	0	0
40	810	6954	162755	4026	36743	452	4561	0	0	0	0	0	0
40	830	9635	152299	133	1590	16	236	0	0	12982	7712	0	0
40	850	36359	724000	13138	122371	427	6274	0	0	464	261	0	0
40	870	19801	422718	7210	102171	642	14632	0	0	0	0	0	0
40	890	6433	176637	2528	39413	420	15771	0	0	0	0	0	0
40	910	15010	295850	5676	52414	78	1049	0	0	0	0	0	0
40	930	2007	62189	1126	16112	553	14265	0	0	0	0	0	0
40	950	16584	415825	0	0	2	13	0	0	3693	2203	0	0
40	970	3903	112446	307	6575	196	4580	0	0	0	0	0	0
40	990	13715	248683	3597	49302	89	2251	0	0	1	1	0	0
40	1010	9664	184642	3952	62428	146	3062	0	0	0	0	0	0
40	1030	11489	187252	3453	42168	64	1041	0	0	4	4	0	0
40	1050	5456	98511	1664	28553	122	3236	0	0	0	0	0	0
40	1070	21560	526132	2351	22288	428	5359	0	0	0	0	0	0
40	1090	28198	999982	30709	471118	1086	23385	0	0	0	0	0	0
40	1110	14912	301691	7494	85989	276	4171	0	0	0	0	0	0
40	1130	15249	295031	3754	46473	161	1957	0	0	1501	889	0	0
40	1150	14782	391029	9704	110945	804	13358	0	0	0	0	0	0
40	1170	7024	211085	223	2953	16	461	0	0	0	0	0	0
40	1190	34296	646387	6020	68749	350	6560	0	0	13648	8439	0	0
40	1210	7414	172497	2000	25335	139	3995	0	0	74	52	0	0
40	1230	10082	280361	7481	93959	964	21021	0	0	0	0	0	0
40	1250	17690	493295	100	1560	2	80	0	0	11802	7116	0	0
40	1270	12371	276984	4116	48797	303	3959	0	0	0	0	0	0
40	1290	5625	116490	345	4835	79	1295	0	0	6	1	0	0
40	1310	16956	339471	32	546	26	750	0	0	2321	1376	0	0
40	1330	16064	551550	28	465	44	1960	0	0	53	44	0	0
40	1350	10590	284020	5347	95112	91	2449	0	0	0	0	0	0
40	1370	9171	165183	3070	42428	132	2929	0	0	420	253	0	0
40	1390	14248	390575	9324	124054	834	14972	0	0	0	0	0	0
40	1410	9747	256716	13364	202983	381	8569	0	0	0	0	0	0
40	1430	18938	338391	4581	42636	128	2447	0	0	0	0	0	0
40	1450	45746	869153	26609	240676	359	5132	0	0	61	32	0	0
40	1470	7374	184029	3073	44515	178	2379	0	0	0	0	0	0
40	1490	12136	229586	5286	72896	113	1728	0	0	4	3	0	0
40	1530	8371	144608	1449	20200	486	9355	0	0	275	150	0	0
40	1510	10038	220683	8840	114277	713	12616	0	0	0	0	0	0
40	1550	20283	359464	181	2412	232	6380	0	0	2188	1465	0	0
40	1570	9907	313401	8891	118580	1295	31665	0	0	0	0	0	0
40	1590	8694	232686	3054	34244	362	5678	0	0	0	0	0	0
40	1610	8713	207460	6441	111256	70	1919	0	0	0	0	0	0
40	1630	5645	146761	3954	69473	618	11948	0	0	0	0	0	0
40	1650	15914	479896	19330	176816	1666	27183	0	0	0	0	0	0
40	1670	25467	814421	46717	789555	1127	28311	0	0	0	0	0	0
40	1690	17568	542359	5494	72823	513	9810	0	0	0	0	0	0
40	1710	25041	596235	3722	35431	523	8432	0	0	0	0	0	0
40	1730	16879	486478	23158	330957	920	19926	0	0	0	0	0	0
40	1750	11810	407547	7443	92703	2170	47930	0	0	0	0	0	0
40	1770	25555	576008	0	0	125	2485	0	0	19237	11692	0	0
40	1790	11668	214774	6303	81496	666	14094	0	0	0	0	0	0
40	1810	8685	151415	2757	37595	724	13120	0	0	0	0	0	0
40	1830	10501	271283	36	361	1	10	0	0	255	220	0	0
40	1850	13204	285288	59	604	19	380	0	0	5264	2881	0	0
40	1870	10007	319429	3264	47686	1043	27465	0	0	0	0	0	0
40	1875	6894	166388	8047	101880	405	6805	0	0	0	0	0	0
40	1910	1189	23435	231	4796	111	3809	0	0	0	0	0	0
40	1930	24296	746741	13429	153996	1551	29875	0	0	0	0	0	0
40	1950	9924	245884	8004	146283	214	4754	0	0	0	0	0	0
40	1970	7273	152662	43	387	99	1138	0	0	0	0	0	0
40	1990	15146	563668	11936	158055	2713	72209	0	0	0	0	0	0
40	5100	4743	102564	217	3436	47	1609	0	0	0	0	0	0
40	5300	20	450	0	0	0	0	0	0	0	0	0	0
40	5400	112	2858	39	244	0	0	0	0	0	0	0	0
40	5600	0	0	0	0	0	0	0	0	0	0	0	0
40	6600	0	0	0	0	0	0	0	0	0	0	0	0
40	6700	25	405	62	1022	0	0	0	0	0	0	0	0
40	6800	3	100	0	0	0	0	0	0	0	0	0	0
40	7000	58	1160	22	320	0	0	0	0	0	0	0	0
40	7100	0	0	0	0	0	0	0	0	0	0	0	0
40	7300	390	13549	15	200	0	0	0	0	0	0	0	0
40	7400	40	980	0	0	0	0	0	0	0	0	0	0
40	7500	3	120	0	0	0	0	0	0	17	16	0	0
40	7600	29	1005	46	599	8	262	0	0	0	0	0	0
40	7700	85	1499	0	0	0	0	0	0	0	0	0	0
40	7850	0	0	0	0	0	0	0	0	0	0	0	0
40	7900	13	400	0	0	0	0	0	0	0	0	0	0
40	8000	44	1740	25	486	0	0	0	0	0	0	0	0
40	8300	10	400	0	0	0	0	0	0	10	4	0	0
40	8400	51	1730	6	79	0	0	0	0	0	0	0	0
40	9999	57	2085	76	946	15	390	0	0	0	0	0	0
40	0	2	40	0	0	0	0	0	0	0	0	0	0
		1352992	32772810	656968	8575461	54338	1127824	0	0	88446	52442	0	0
		0	0	0	0	0	0	0	0	0	0	0	0
41	10												
41	30	33156	399114	0	0	380	7103	0	0	48016	15304	0	0
41	50	20897	380554	2	40	10	200	133	1676	8013	2739	0	0
41	70	54922	521400	0	0	80	1859	0	0	73519	16316	0	0
41	90	18020	263488	0	0	13	123	0	0	18193	6981	0	0
41	110	39942	564913	4	20	21	369	0	0	49569	24577	0	0
41	130	39337	307293	0	0	339	6785	0	0	48597	8888	0	0
41	150	46164	588405	0	0	102	2920	0	0	52501	16339	0	0
41	170	30290	399700	65	687	117	1470	0	0	44481	20400	0	0
41	190	42176	460767	59	514	284	5973	0	0	73347	21944	0	0
41	210	30331	455318	7	69	90	1774	0	0	62140	28549	0	0
41	230	35591	544888	26	92	101	1567	0	0	44177	19368	0	0
41	250	26061	345570	0	0	115	3340	0	0	26965	8174	0	0
41	270	29258	350700	0	0	26	525	0	0	24560	8690	0	0
41	290	28270	396399	39	300	273	5601	1	18	29189	11775	0	0
41	310	18401	298683	38	289	198	3192	0	0	20382	10218	0	0
41	330	60747	702226	0	0	4	45	0	0	72869	19198	0	0
41	350	32052	593262	0	0	63	630	0	0	54690	25945	0	0
41	370	49014	581164	0	0	28	514	0	0	42765	12901	0	0
41	390	17655	232925	2	12	30	612	0	0	18294	5078	0	0
41	410	69831	810664	0	0	14	200	3	43	72359	23421	0	0
41	430	55469	693316	0	0	9	220	0	0	59411	17288	0	0
41	450	59908	907284	3	30	108	1518	0	0	82733	46568	0	0
41	470	40251	528451	0	0	0	0	0	0	41029	11935	0	0
41	490	44811	732023	1	18	198	3985	0	0	107150	29938	0	0
41	510	65205	976809	57	409	18	237	0	0	79137	43508	0	0
41	530	38415	594941	0	0	444	12732	0	0	68930	24793	0	0
41	550	27273	360619	0	0	70	1680	2	27	31260	10916	0	0
41	570	33398	422990	0	0	42	607	0	0	49893	22139	0	0
41	590	27997	388356	3	25	14	341	0	0	32012	12540	0	0
41	610	37704	676950	1	8	19	324	0	0	39634	19873	0	0
41	630	60786	674499	0	0	11	44	6	70	68782	21160	0	0
41	650	24444	327968	0	0	438	7905	0	0	48075	14043	0	0
41	670	26536	411516	104	1850	1479	26599	0	0	65768	20923	0	0
41	690	41198	485151	0	0	399	8699	0	0	56371	16651	0	0
41	710	67219	838338	0	0	100	1600	0	0	87387	31956	0	0
41	730	64334	1027193	131	1171	60	1019	0	0	56426	26619	0	0
41	750	21517	392966	20	100	47	845	0	0	9044	3896	0	0
41	770	26456	428008	0	0	36	670	0	0	43152	18832	0	0
41	790	54879	1039107	339	3757	86	1728	0	0	79241	37296	0	0
41	810	50790	794171	0	0	0	0	0	0	81377	35530	0	0
41	830	34575	358385	14	133	183	3572	0	0	56796	15246	0	0
41	850	56287	994027	133	770	68	1313	0	0	106844	46683	0	0
41	870	36646	576889	0	0	626	12181	0	0	53234	14894	0	0
41	890	41483	361127	10	70	698	13300	0	0	69883	18598	0	0
41	910	59456	883297	177	2343	178	3628	0	0	129790	55555	0	0
41	930	35940	560654	5	40	524	14035	0	0	82235	25187	0	0
41	950	39544	592602	8	110	38	941	0	0	37571	17074	0	0
41	970	54743	895392	0	0	18	265	0	0	82120	50044	0	0
41	990	11221	207524	0	0	10	188	0	0	6355	2813	0	0
41	1010	37982	560682	0	0	14	261	1	15	58935	22273	0	0
41	1030	38372	448601	5	50	1098	21310	0	0	55519	12986	0	0
41	1050	43417	658147	38	305	26	620	0	0	75011	37693	0	0
41	1070	32238	438369	45	446	485	9437	0	0	64810	19431	0	0
41	1090	38375	529327	0	0	123	1651	1	8	56727	18028	0	0
41	1110	58074	592904	0	0	119	2835	0	0	73836	16424	0	0
41	1130	39529	552875	86	659	311	5850	0	0	51407	21526	0	0
41	1150	36916	317795	0	0	244	4710	0	0	52676	13249	0	0
41	1170	24571	351864	8	25	103	1868	0	0	24048	10256	0	0
41	1190	24723	303259	26	205	224	4009	0	0	21945	9002	0	0
41	1210	34167	512818	0	0	155	3900	0	0	59092	17077	0	0
41	1230	42603	528043	36	244	786	15966	0	0	70749	23106	0	0
41	1250	35032	445226	28	259	269	5500	0	0	47705	14818	0	0
41	1270	40787	646076	0	0	24	764	0	0	57004	20315	0	0
41	1290	33045	466081	0	0	52	782	0	0	23364	10809	0	0
41	1310	16859	223438	0	0	10	235	0	0	9224	2945	0	0
41	1330	32022	483108	0	0	29	530	0	0	44952	12254	0	0
41	0	22010	297275	4	20	18	410	0	0	23228	11468	0	0
		2591322	35683874	1524	15070	12299	245616	147	1857	3566498	1312963	0	0
		0	0	0	0	0	0	0	0	0	0	0	0
42	10												
42	30	22525	291808	33	282	5346	175992	82009	3895456	24261	7988	0	0
42	50	20728	317332	0	0	41	891	0	0	62196	31647	0	0
42	70	11809	195611	51	336	163	2748	0	0	6900	2033	0	0
42	90	28170	376510	3100	33091	3830	65365	0	0	0	0	0	0
42	110	14262	224614	598	4157	2429	37165	0	0	1521	526	0	0
42	130	13715	169095	0	0	41	470	0	0	32793	12265	0	0
42	150	14764	126356	0	0	36	301	0	0	25630	7858	0	0
42	170	18041	270069	382	3952	1609	27320	0	0	0	0	0	0
42	190	16712	337093	0	0	220	7550	0	0	66659	34354	0	0
42	210	27931	408224	149	945	30	504	0	0	41041	14909	0	0
42	230	44970	900216	1499	14895	191	3272	867	49810	47845	27997	0	0
42	250	17442	237996	1	15	60	661	0	0	25411	8649	0	0
42	270	13214	147921	0	0	0	0	0	0	41406	13049	0	0
42	290	37475	486604	0	0	85	3493	0	0	91602	32526	0	0
42	310	27140	293650	7	46	4	82	2	75	64690	18612	0	0
42	330	51403	1257014	594	6184	140	2187	3346	155075	80992	52476	0	0
42	350	21434	294784	5	25	32	294	0	0	11769	4161	0	0
42	370	23440	490237	0	0	170	4200	0	0	166495	79605	0	0
42	390	20072	316930	68	685	49	1077	3581	188104	71087	27030	0	0
42	410	15726	150747	0	0	3	50	0	0	19349	6288	0	0
42	430	15018	312973	0	0	421	13605	0	0	49214	28139	0	0
42	450	21231	319640	16	130	40	880	0	0	48464	19437	0	0
42	470	32845	360609	3	42	70	1813	0	0	80271	25266	0	0
42	490	25685	258583	86	541	1375	20405	0	0	16222	4116	0	0
42	510	15088	245519	58	542	276	4868	0	0	12719	5217	0	0
42	530	11820	146307	30	162	63	1565	0	0	6162	1865	0	0
42	550	12779	158229	0	0	0	0	0	0	16887	5457	0	0
42	570	38476	846426	1264	10675	297	4304	0	0	39055	22933	0	0
42	590	38642	477019	0	0	118	2819	0	0	77590	22719	0	0
42	610	17815	229597	3	19	25	360	1	10	17759	6319	0	0
42	630	20698	291208	0	0	10	155	0	0	37239	10041	0	0
42	650	33952	709072	464	3641	324	3930	0	0	42225	14220	0	0
42	670	23628	270674	4	20	62	715	0	0	25637	9885	0	0
42	690	26570	462153	0	0	0	0	165	8200	93969	42480	0	0
42	710	25942	509116	0	0	170	5370	0	0	143353	61376	0	0
42	730	24357	260097	3	45	40	625	0	0	21095	5129	0	0
42	750	17112	276299	0	0	23	560	0	0	57049	19087	0	0
42	770	34708	723256	47	325	22	300	0	0	50264	22631	0	0
42	790	34410	605339	14	95	247	4350	1927	70800	84687	29490	0	0
42	810	22803	400817	0	0	6	115	0	0	75661	31998	0	0
42	830	15504	199652	0	0	0	0	0	0	46236	15392	0	0
42	850	35019	384697	177	1108	382	4681	13	430	40874	10748	0	0
42	870	25862	502875	8	86	487	14896	12250	449201	117325	46426	0	0
42	890	18800	242467	271	2698	1696	29375	0	0	0	0	0	0
42	910	14439	246112	70	988	542	11024	0	0	6686	2345	0	0
42	930	18089	294748	28	168	1	20	0	0	63767	22601	0	0
42	950	58183	1657564	0	0	100	1490	0	0	218701	140862	0	0
42	970	13514	198989	8	60	60	1700	2000	69824	68188	23340	0	0
42	990	16775	209994	39	222	64	825	0	0	13003	3244	0	0
42	1010	29413	353666	34	450	57	670	0	0	56418	18813	0	0
42	1030	14271	181196	91	595	342	4673	0	0	1928	655	0	0
42	1050	22080	193641	0	0	0	0	0	0	31755	9726	0	0
42	1070	9944	115840	0	0	0	0	0	0	18939	5044	0	0
42	1090	27870	473756	0	0	50	461	0	0	104706	36704	0	0
42	1110	16347	225943	0	0	12	100	0	0	20561	5835	0	0
42	1130	22763	490730	38	455	102	2475	10462	574096	61965	43223	0	0
42	1150	17035	200582	25	188	21	160	0	0	9921	2556	0	0
42	1170	29234	398554	4	40	8	65	0	0	59498	19234	0	0
42	1190	16720	250667	80	940	1524	39372	25032	1279164	28827	9529	0	0
42	1210	16675	289380	339	3509	196	3874	0	0	68798	22950	0	0
42	1230	33264	694210	135	1045	111	1307	0	0	33140	16035	0	0
42	1250	30335	538483	120	800	96	3320	3373	154220	111141	43171	0	0
42	1270	14740	197882	56	587	68	845	0	0	8857	3112	0	0
42	1290	22007	256893	7	60	41	410	0	0	17184	4155	0	0
42	1310	16433	202812	126	1005	1227	14918	0	0	4327	1432	0	0
42	1330	27026	329320	19	139	473	8960	0	0	22453	5460	0	0
42	1350	17107	247612	0	0	8	55	0	0	21392	5912	0	0
42	1370	17308	295756	14	125	42	560	0	0	21382	8531	0	0
42	1390	11175	152392	132	987	288	4196	0	0	7139	2058	0	0
42	1410	25746	260864	0	0	11	205	0	0	43636	16961	0	0
42	1430	24111	272482	0	0	150	1290	0	0	24801	6861	0	0
42	1450	33400	487448	6208	56016	5865	96530	0	0	43	20	0	0
42	1470	33809	426900	0	0	40	672	0	0	88758	27511	0	0
42	1490	24138	371949	0	0	177	3315	1560	63640	70337	30215	0	0
42	0	33280	386305	27	160	85	1082	0	0	56630	18036	0	0
		1756968	27388105	16535	153281	32394	653887	146588	6958105	3446485	1398475	0	0
		0	0	0	0	0	0	0	0	0	0	0	0
43	10												
43	30	41737	385766	0	0	83	1680	1	14	3189	924	0	0
43	50	7827	63814	0	0	0	0	0	0	625	224	0	0
43	70	1118	10457	0	0	0	0	6	128	63	35	0	0
43	90	10517	123409	0	0	9	103	0	3	79	24	0	0
43	110	7	156	0	0	0	0	0	0	0	0	0	0
43	130	1	30	0	0	0	0	0	0	0	0	0	0
43	150	11833	130991	0	0	12	180	14	253	1003	315	0	0
43	170	54	1265	0	0	0	0	0	0	0	0	0	0
43	190	2453	22730	0	0	0	0	0	0	13	4	0	0
43	210	2796	44674	0	0	0	0	1	21	12	8	0	0
43	230	0	0	0	0	0	0	0	0	0	0	0	0
43	250	24934	254508	0	0	45	470	3	17	5297	1693	0	0
43	270	45	1040	0	0	0	0	0	0	0	0	0	0
43	290	971	15689	0	0	0	0	0	0	0	0	0	0
43	310	1799	17289	0	0	0	0	0	0	0	0	0	0
43	330	1383	25281	0	0	0	0	0	0	0	0	0	0
43	350	10188	139764	0	0	6	140	0	0	6704	1758	0	0
43	370	1837	33968	0	0	0	0	0	0	5	3	0	0
43	390	9	120	0	0	4	120	0	0	0	0	0	0
43	410	29044	453439	0	0	63	1227	0	0	305	129	0	0
43	430	16507	136619	0	0	68	910	0	0	93	26	0	0
43	450	720	19080	0	0	0	0	2	40	0	0	0	0
43	470	450	5062	0	0	0	0	0	0	17	5	0	0
43	490	17485	171770	0	0	9	50	1	21	5998	1963	0	0
43	510	3025	50044	0	0	0	0	3	63	0	0	0	0
43	530	49	1385	0	0	0	0	3	60	0	0	0	0
43	550	2835	52052	0	0	0	0	1	13	0	0	0	0
43	570	127	1604	0	0	0	0	1	38	0	0	0	0
43	590	4776	76805	0	0	0	0	22	205	0	0	0	0
43	610	26927	255883	0	0	24	445	8	111	14794	3865	0	0
43	630	93	1830	0	0	0	0	0	0	0	0	0	0
43	650	77895	800932	0	0	99	1265	6	140	23930	7516	0	0
43	670	30845	307942	0	0	303	4100	0	0	4848	969	0	0
43	690	10686	80718	0	0	2	28	4	80	939	282	0	0
43	710	1532	17289	0	0	0	0	0	0	91	37	0	0
43	730	79	1130	0	0	0	0	0	0	0	0	0	0
43	750	27380	262747	0	0	90	1551	0	0	8658	1739	0	0
43	770	18137	184908	0	0	0	0	0	0	203	48	0	0
43	790	3700	42074	0	0	0	0	1	25	6	3	0	0
43	810	29634	274713	0	0	140	1105	0	0	7842	1953	0	0
43	830	733	12001	0	0	0	0	33	691	0	0	0	0
43	850	25722	307400	0	0	25	300	4	77	195	82	0	0
43	870	67	430	0	0	0	0	0	0	0	0	0	0
43	890	0	0	0	0	0	0	0	0	0	0	0	0
43	910	2386	47038	0	0	0	0	1	30	0	0	0	0
43	930	13297	140809	0	0	30	657	5	68	7910	1826	0	0
43	950	859	18445	0	0	0	0	0	0	0	0	0	0
43	970	640	9550	0	0	0	0	1	50	18	11	0	0
43	990	337	5974	0	0	0	0	1	26	0	0	0	0
43	1010	248	5520	0	0	0	0	0	0	0	0	0	0
43	1030	2043	26277	0	0	0	0	0	0	3	1	0	0
43	1050	47	869	0	0	0	0	6	108	0	0	0	0
43	1070	6722	112234	0	0	10	70	3	48	0	0	0	0
43	1090	4882	75077	0	0	0	0	16	273	27	6	0	0
43	1110	6397	104570	0	0	0	0	4	75	0	0	0	0
43	1130	30	300	0	0	0	0	0	0	0	0	0	0
43	1150	15592	184800	0	0	7	103	2	90	13585	4481	0	0
43	1170	19	340	0	0	0	0	10	130	0	0	0	0
43	1190	1293	38124	0	0	0	0	0	0	0	0	0	0
43	1210	9699	107118	0	0	0	0	0	0	128	79	0	0
43	1230	39422	331126	0	0	4	50	11	177	6425	1530	0	0
43	1250	7423	57874	0	0	26	165	2	58	381	113	0	0
43	1270	11167	122076	0	0	45	550	123	1397	346	129	0	0
43	1290	974	15218	0	0	0	0	0	0	0	0	0	0
43	1310	5784	49538	0	0	0	0	0	0	62	15	0	0
43	1330	17984	181354	0	0	14	220	3	68	6079	1364	0	0
43	0	18006	194685	0	0	4	45	19	280	3588	1266	0	0
		613208	6617724	0	0	1122	15534	321	4878	123461	34426	0	0
		0	0	0	0	0	0	0	0	0	0	0	0
44	10												
44	30	22127	277488	0	0	125	2975	4	52	12146	5619	0	0
44	50	11308	137656	0	0	149	2620	0	0	4152	1765	0	0
44	70	12909	150110	0	0	5	40	0	0	6626	2824	0	0
44	90	22075	239576	0	0	0	0	0	0	14735	5416	0	0
44	110	15945	188241	139	1307	192	4539	0	0	10515	4470	0	0
44	130	14559	190416	430	3543	685	12734	0	0	21685	8432	0	0
44	150	13406	168554	535	4589	284	5077	0	0	26978	16415	0	0
44	170	19687	238541	533	3942	172	4700	0	0	50670	20592	0	0
44	190	16221	218341	7	59	304	7310	2	47	16640	5202	0	0
44	210	29122	406227	0	0	78	1470	10	155	11311	4006	0	0
44	230	11274	151253	394	3494	531	13817	0	0	5808	2039	0	0
44	250	25516	260295	110	878	252	5174	0	0	22877	4863	0	0
44	270	8637	98470	0	0	11	95	7	74	224	112	0	0
44	290	44048	521870	0	0	1412	24199	6	122	22604	8921	0	0
44	310	8157	88941	0	0	20	115	18	379	2048	807	0	0
44	330	57872	714081	138	1175	288	5212	4	68	59271	21076	0	0
44	350	50610	661566	105	719	1053	29679	0	0	74484	30050	0	0
44	370	13291	145646	786	8575	473	10736	0	0	17563	5916	0	0
44	390	20068	283111	0	0	63	880	0	0	23849	11752	0	0
44	410	2189	35988	0	0	12	90	139	4288	58	29	0	0
44	430	13264	163831	33	288	201	3634	0	0	10656	4689	0	0
44	450	19565	214583	14	142	83	965	3	25	19454	7364	0	0
44	470	45049	640634	320	2660	266	4431	0	0	77848	43042	0	0
44	490	7871	115359	7	29	17	330	0	0	6599	2111	0	0
44	510	3745	41458	0	0	10	275	11	141	113	52	0	0
44	530	2402	51980	0	0	3	31	31	1010	144	50	0	0
44	550	5253	34149	0	0	0	0	0	0	4778	1447	0	0
44	570	14558	183396	13	109	46	1172	0	0	21149	11253	0	0
44	590	20606	269209	499	3803	216	3756	0	0	23801	12226	0	0
44	610	6633	125571	307	2752	335	10209	0	0	14475	7102	0	0
44	630	14400	160343	0	0	31	830	0	0	16251	5696	0	0
44	650	9071	122961	237	1813	330	14704	0	0	11311	4038	0	0
44	670	4706	55173	0	0	34	350	3	60	505	235	0	0
44	690	23112	316983	289	2617	217	4166	0	0	34970	18464	0	0
44	710	41516	507493	0	0	240	4440	8	121	22389	7979	0	0
44	730	47664	671796	8	73	427	8550	4	64	43650	19191	0	0
44	750	13801	150786	212	1794	313	5377	0	0	14974	5044	0	0
44	770	20460	298236	0	0	126	1605	2	28	8292	3525	0	0
44	790	29242	379841	554	4442	944	20860	0	0	33058	12943	0	0
44	810	13907	138960	538	5088	234	3185	0	0	11068	2209	0	0
44	830	26013	321769	170	1101	621	11742	0	0	33021	11614	0	0
44	850	5456	93502	218	1662	18	169	0	0	1637	829	0	0
44	870	8004	94709	368	2661	37	355	0	0	3973	1543	0	0
44	890	38583	419561	0	0	289	3196	2	20	11986	3713	0	0
44	910	16317	180774	298	2606	171	4910	0	0	14232	5270	0	0
44	930	50311	487482	3	20	65	875	0	0	59579	19329	0	0
44	950	39891	474428	764	7681	959	21355	0	0	57755	19470	0	0
44	970	10592	132942	5	60	140	1200	0	0	7201	2658	0	0
44	990	12084	156481	21	221	7	140	0	0	15386	7553	0	0
44	1010	40267	425979	0	0	26	890	3	45	43720	15765	0	0
44	1030	3758	40008	0	0	0	0	3	37	534	170	0	0
44	1050	15740	215312	0	0	47	637	71	1133	5432	1652	0	0
44	1070	18662	209920	1082	6988	1472	26881	0	0	37567	13096	0	0
44	1090	57041	563209	0	0	92	1660	5	62	64608	23186	0	0
44	1110	13248	174826	0	0	49	1325	5	41	9508	3718	0	0
44	1130	10582	164854	120	574	2	10	0	0	0	0	0	0
44	1150	15864	223124	248	2242	231	5751	0	0	21380	8389	0	0
44	1170	20296	282296	60	436	297	10132	0	0	43197	21033	0	0
44	1190	16928	196009	598	3692	231	3396	0	0	24960	13678	0	0
44	1210	16963	235878	1637	9922	3150	56174	0	0	39209	16087	0	0
44	1230	4085	62771	25	304	55	1924	0	0	2231	917	0	0
44	1250	11886	176948	17	143	2	20	0	0	737	284	0	0
44	1270	12365	128791	171	1319	289	6603	0	0	12762	4954	0	0
44	1290	831	15280	0	0	13	210	8	175	24	10	0	0
44	1310	16067	232030	241	2124	72	973	0	0	30252	16802	0	0
44	1330	39446	544439	0	0	201	4215	0	0	10053	3324	0	0
44	1350	16378	158870	484	3683	417	6092	0	0	17392	7485	0	0
44	1370	36071	408649	708	5447	219	2420	0	0	50089	25984	0	0
44	1390	11573	170098	283	2184	39	478	0	0	5548	1908	0	0
44	1410	23270	276585	1229	8772	344	5096	0	0	32390	14170	0	0
44	1430	26772	269402	212	1432	420	3542	0	0	18698	7381	0	0
44	1450	15526	192379	62	682	22	297	0	0	19791	10002	0	0
44	1470	18595	192035	6	60	82	1031	0	0	16233	4562	0	0
44	1490	11894	112862	1154	8315	2252	41998	0	0	43056	15907	0	0
44	1510	18649	218479	60	435	114	1547	0	0	24119	10006	0	0
44	1530	25273	310450	1223	11929	634	14360	0	0	42351	16330	0	0
44	1550	24849	285646	1750	13633	719	13989	0	0	25333	6887	0	0
44	1570	31647	401729	13	130	378	10324	0	0	26808	9441	0	0
44	1590	21384	277123	692	5418	803	18628	0	0	50145	25410	0	0
44	1610	14243	163531	831	9267	335	12190	0	0	13404	4035	0	0
44	1630	13727	182368	4	9	29	373	18	158	6281	2143	0	0
44	1650	47789	456303	1565	16681	391	6982	0	0	50675	20483	0	0
44	1670	24186	290000	0	0	134	3900	2	29	34287	14068	0	0
44	1690	31453	325271	0	0	52	1275	0	0	33677	12471	0	0
44	1710	14731	160055	93	621	36	762	0	0	5558	1585	0	0
44	1730	13129	156739	1265	12444	902	21005	0	0	13625	4162	0	0
44	1750	8519	105698	0	0	21	385	1	8	1838	797	0	0
44	1770	79608	817384	64	817	810	14436	0	0	83891	25473	0	0
44	1790	20356	222221	7	57	542	9075	0	0	12618	3932	0	0
44	1810	10109	133795	0	0	72	1065	480	9122	1501	546	0	0
44	1830	12661	150533	780	7234	756	12554	0	0	14300	5904	0	0
44	1850	6633	80379	0	0	27	410	3	45	1699	646	0	0
44	1870	27940	355308	0	0	103	1965	3	48	11518	5625	0	0
44	1890	9422	110554	39	386	10	126	0	0	2329	672	0	0
44	1910	14832	152302	102	865	124	3263	0	0	18443	6987	0	0
44	1930	1355	18870	0	0	2	30	8	187	4	2	0	0
44	1950	36209	367676	1083	9843	1470	30891	0	0	48048	14233	0	0
44	1970	20221	217040	1834	12411	1744	32554	0	0	38652	18781	0	0
44	1990	20543	169653	0	0	7	245	0	0	16831	4410	0	0
44	2010	37277	426831	248	1984	441	9258	0	0	37543	12424	0	0
44	2030	23253	247119	0	0	82	1626	0	0	17829	6494	0	0
44	2050	8658	111575	426	4343	111	3188	0	0	15779	10025	0	0
44	2070	50630	611220	0	0	133	2915	0	0	38938	16228	0	0
44	2090	15962	154211	1044	12596	587	10908	0	0	13061	3659	0	0
44	2110	22017	294381	12	114	129	1527	0	0	22960	8164	0	0
44	2130	16748	179140	438	4042	632	13828	0	0	30887	13256	0	0
44	2150	14001	219994	327	2156	35	786	0	0	14315	6548	0	0
44	2170	6994	70591	11	76	139	3442	0	0	5913	1224	0	0
44	2190	16122	185338	669	5752	328	6396	0	0	24942	9334	0	0
44	2210	13422	154026	1192	10284	788	16544	0	0	23535	11047	0	0
44	2230	21443	199179	1896	15970	2291	42845	0	0	31141	12078	0	0
44	2250	17804	240243	124	1137	30	529	0	0	23844	12698	0	0
44	2270	12837	223163	1793	19229	890	21472	0	0	13244	4365	0	0
44	2290	9091	117335	58	257	3	62	0	0	6703	2658	0	0
44	2310	18711	278427	0	0	12	290	0	0	8171	3639	0	0
44	2330	19359	259508	626	6665	849	19799	0	0	26734	9409	0	0
44	2350	14902	177898	160	1095	136	3147	0	0	30291	15218	0	0
44	2370	20503	212776	40	700	507	7330	0	0	22900	5964	0	0
44	2390	11672	122726	239	2346	275	6829	0	0	7788	3132	0	0
44	2410	6842	70103	0	0	120	2440	0	0	8045	2199	0	0
44	2430	6983	135106	76	672	1	25	0	0	0	0	0	0
44	2450	29957	368735	30	478	354	8466	0	0	39721	16203	0	0
44	2470	13037	163197	284	3669	455	9396	0	0	10658	4012	0	0
44	2490	9893	99051	240	1963	45	679	0	0	12530	5159	0	0
44	2510	15252	154160	121	1084	146	3622	0	0	15554	5122	0	0
44	2530	45328	542519	10	400	374	6485	0	0	49718	16513	0	0
44	2550	18249	240079	0	0	633	8337	0	0	11268	3812	0	0
44	2570	12425	164614	1394	15261	1210	30082	0	0	18219	6768	0	0
44	2590	8804	113789	475	3684	626	9650	0	0	13403	5449	0	0
44	2610	18992	247925	19	130	409	10139	0	0	17731	5274	0	0
44	2630	39710	518766	1073	8214	1583	35023	0	0	48916	18837	0	0
44	2650	15223	149959	33	350	379	8857	0	0	11748	2746	0	0
44	2670	8778	93013	133	1076	162	3465	0	0	14353	4673	0	0
44	2690	35368	437312	20	240	127	2265	9	257	15233	4890	0	0
44	2710	23706	240471	280	3610	229	5027	0	0	25578	8684	0	0
44	2730	33790	343052	0	0	241	4191	7	112	26763	9522	0	0
44	2750	31335	421926	60	499	441	8622	0	0	44664	20712	0	0
44	2770	45964	635541	0	0	537	9723	0	0	19079	9393	0	0
44	2790	22722	306361	4	50	981	26510	2	40	19701	9294	0	0
44	2810	30796	378979	5	32	87	1517	1	19	28965	10272	0	0
44	2830	7786	115842	980	6436	7	65	0	0	0	0	0	0
44	2850	17059	186244	0	0	13	90	0	0	21496	6671	0	0
44	2870	23392	275110	50	506	247	4313	0	0	26013	7098	0	0
44	2890	23526	280782	120	1334	506	12528	0	0	20764	8740	0	0
44	2910	19653	140953	110	606	52	385	0	0	13300	1943	0	0
44	2930	13487	181298	688	3806	10	51	0	0	39	20	0	0
44	2950	18015	182296	201	1867	322	5996	0	0	11724	2539	0	0
44	2970	19031	287122	332	2784	78	1347	0	0	15575	7280	0	0
44	2990	26194	308084	1320	10021	1143	23264	0	0	52558	28376	0	0
44	3010	12538	172166	0	0	64	973	2	20	2655	1341	0	0
44	3030	19612	199228	92	694	197	1061	0	0	29781	12526	0	0
44	3050	54137	554441	569	6426	2152	34420	0	0	42683	18028	0	0
44	3070	17843	233065	9	80	67	890	0	0	9409	3566	0	0
44	3090	13083	129423	51	557	0	0	0	0	8934	2144	0	0
44	3110	22002	207096	0	0	189	2245	0	0	21656	7120	0	0
44	3130	9551	108059	261	1490	146	1537	0	0	4549	1330	0	0
44	3150	15128	228310	190	979	31	362	0	0	14258	7106	0	0
44	3170	28381	288248	116	995	272	5231	2	100	42315	14897	0	0
44	3190	24557	245580	1563	10235	1844	35161	0	0	28655	11180	0	0
44	3210	24691	248149	7	59	20	238	0	0	10362	3173	0	0
44	0	48197	628640	4	37	425	9969	0	0	49547	15874	0	0
		3309096	39492897	48020	409472	58051	1165731	887	18292	3406443	1344488	0	0
		0	0	0	0	0	0	0	0	0	0	0	0
45	10												
45	30	19966	247547	0	0	0	0	110303	4295879	46851	15625	13	206
45	50	6956	139054	0	0	0	0	11361	511236	6641	2143	2	8
45	70	15412	260754	0	0	0	0	3282	79354	1871	386	3983	71146
45	90	15868	286705	0	0	0	0	337	9460	185	101	19567	340820
45	110	43772	719948	0	0	36	565	828	39111	56057	22109	2203	39976
45	130	7415	120933	0	0	40	960	0	0	7251	2423	2	38
45	150	28646	344294	0	0	21	278	0	0	73526	27738	0	0
45	170	17949	261156	0	0	10	120	0	0	79102	30945	0	0
45	190	25581	450526	0	0	12	120	0	0	135616	61438	1	10
45	210	9588	148090	0	0	0	0	39957	1534788	10047	4726	0	0
45	230	7621	123304	0	0	14	157	0	0	13014	7115	4	35
45	250	4430	88462	0	0	0	0	5580	168290	9071	2572	0	0
45	270	10557	200904	0	0	75	1500	0	0	21609	11346	2	48
45	290	38885	370279	0	0	17	275	0	0	100806	36834	0	0
45	310	5537	92536	0	0	510	12600	0	0	16948	9569	0	0
45	330	28677	282100	0	0	5	65	0	0	79964	23252	5	18
45	350	17708	347550	0	0	20	395	0	0	12071	3365	506	7988
45	370	10178	232522	0	0	143	3757	0	0	44596	30639	0	0
45	390	25345	395605	0	0	290	1590	0	0	22758	5633	0	0
45	410	48511	713089	0	0	0	0	12650	390767	51534	19507	5	100
45	430	30464	663489	0	0	605	25967	0	0	92085	47623	0	0
45	450	10951	156891	0	0	13	147	0	0	14813	6170	2	30
45	470	32240	577974	0	0	10	200	3321	121076	4922	1221	24727	308255
45	490	16073	282161	0	0	0	0	1225	78000	1078	233	17990	266155
45	510	12530	139249	1	10	28	488	0	0	24585	10133	1	20
45	530	559	9560	0	0	0	0	0	0	23	11	0	0
45	550	11250	182439	0	0	32	410	94877	4717628	12071	4185	0	0
45	570	38212	504445	0	0	1	15	4021	135524	52745	18394	12041	146246
45	590	28543	641812	0	0	0	0	863	18049	3858	1900	15297	277654
45	610	3773	54039	0	0	6	105	0	0	2278	1120	0	0
45	630	25142	322597	0	0	26	450	0	0	64890	26419	1	10
45	650	7956	160533	0	0	0	0	2	100	1286	329	0	0
45	670	11629	258678	0	0	1271	28480	0	0	33482	20480	0	0
45	690	27097	403796	0	0	62	565	0	0	61786	29739	0	0
45	710	28194	377878	0	0	116	4610	1	15	77884	33213	9	78
45	730	14	230	0	0	0	0	0	0	12	10	0	0
45	750	16314	229842	0	0	347	7717	0	0	38036	19107	3	30
45	770	487	12048	0	0	0	0	40	1819	0	0	0	0
45	790	29331	527811	0	0	23	755	0	0	22667	8174	7573	112768
45	810	29945	588423	11	89	556	13321	0	0	42166	20641	1362	24492
45	830	14128	182494	0	0	3	20	0	0	52371	19898	1	19
45	850	21009	365181	3	45	570	20817	0	0	75136	40675	0	0
45	870	16904	183546	0	0	15	298	0	0	38762	11172	1	10
45	890	109	2707	0	0	0	0	0	0	6	3	0	0
45	910	4334	94175	0	0	0	0	0	0	0	0	324	6114
45	930	13047	180600	0	0	13	300	0	0	8213	1533	0	0
45	950	8258	155279	0	0	25	500	3936	175448	8	3	8613	152521
45	970	6325	183535	0	0	0	0	1500	38000	27	11	7898	146118
45	990	76770	1049786	0	0	3	22	10753	408779	93342	31120	1495	24793
45	1010	25906	398792	0	0	5	14	1346	46700	13489	3559	12743	164445
45	1030	12851	244808	0	0	0	0	3773	133151	3227	800	20634	310595
45	1050	6472	123205	0	0	0	0	264	10358	1823	409	1	9
45	1070	15554	278081	0	0	60	1385	17	696	6981	2574	3	29
45	1090	10570	188941	0	0	1882	50465	0	0	44534	22407	0	0
45	1110	13435	244250	0	0	0	0	0	0	274	102	16764	294918
45	1130	27471	286968	0	0	18	125	0	0	56492	22073	0	0
45	1150	32604	479937	0	0	0	0	91922	3390120	41045	11222	10622	122036
45	1170	12353	178903	0	0	3	20	0	0	12592	3975	0	0
45	1190	29537	419712	0	0	37	455	2	45	27983	8493	0	0
45	1210	25861	318226	0	0	222	4275	0	0	60418	21082	18	184
45	1230	8674	162766	0	0	24	600	260	13060	643	199	10805	174186
45	1250	11334	219248	0	0	357	12212	0	0	37292	21142	2	19
45	1270	16031	280215	0	0	186	4060	1	10	11182	2698	0	0
45	0	10855	139094	0	0	4	135	0	0	19329	7110	0	0
		1169698	18279702	15	144	7716	201315	402422	16317463	1945354	798828	195223	2992127
		0	0	0	0	0	0	0	0	0	0	0	0
46	10												
46	30	9369	191205	1	10	115	1200	0	0	14734	5221	0	0
46	50	26830	558173	0	0	4	65	0	0	36124	16296	0	0
46	70	35517	563216	0	0	53	912	4	98	40417	12178	0	0
46	90	33294	588429	0	0	37	825	0	0	37167	17156	0	0
46	110	19764	339606	0	0	0	0	0	0	20406	8861	0	0
46	130	29219	685117	40	700	188	6500	0	0	287011	161650	0	0
46	150	36171	683697	0	0	90	2242	0	0	26938	10814	0	0
46	170	33990	585949	1	10	0	0	0	0	38962	16376	0	0
46	190	29565	562404	0	0	3	70	0	0	42560	16360	0	0
46	210	19588	355068	3	30	218	3150	0	0	16856	6671	0	0
46	230	16135	250566	0	0	529	13050	0	0	20840	7551	0	0
46	250	18974	292561	0	0	74	1279	0	0	20992	6656	0	0
46	270	23454	423101	0	0	3	50	0	0	36414	11836	0	0
46	290	18746	354872	65	1075	260	7400	0	0	177954	101640	0	0
46	310	30619	523424	0	0	91	1895	0	0	28101	9451	0	0
46	330	20486	292237	0	0	16	238	0	0	35496	14623	0	0
46	350	28692	504279	0	0	43	1640	0	0	78709	32289	0	0
46	370	8461	140584	0	0	150	2760	0	0	7298	2361	0	0
46	390	14572	233379	0	0	0	0	0	0	14422	4238	0	0
46	410	8947	159352	0	0	5	40	0	0	7592	2940	0	0
46	430	9548	143072	0	0	6	124	0	0	5133	1531	0	0
46	450	22392	365754	0	0	0	0	0	0	28874	13359	0	0
46	470	2928	71242	0	0	0	0	12	232	349	128	0	0
46	490	2687	58246	0	0	7	210	19	485	230	92	0	0
46	510	46756	721445	0	0	604	19642	0	0	76386	27861	0	0
46	530	41498	648509	0	0	80	3600	0	0	88124	49761	0	0
46	550	12017	267113	0	0	24	1000	0	0	92707	51140	0	0
46	570	4641	77835	0	0	1200	35010	0	0	12453	6707	0	0
46	590	29967	589867	0	0	3	30	0	0	31548	12134	0	0
46	610	2885	55058	0	0	0	0	0	0	586	196	0	0
46	630	26167	412372	0	0	41	860	0	0	31863	13385	0	0
46	650	20494	314149	0	0	48	735	0	0	21596	9189	0	0
46	670	25026	385929	0	0	69	1490	0	0	42370	14934	0	0
46	690	25611	439215	0	0	93	1514	0	0	36107	15059	0	0
46	710	34464	491085	0	0	9	95	0	0	41116	13561	0	0
46	730	37018	653595	0	0	0	0	0	0	34658	14070	0	0
46	750	12249	199284	0	0	55	1985	1	12	11760	3927	0	0
46	770	24935	378622	0	0	9	170	0	0	33287	14409	0	0
46	790	19190	261036	0	0	57	875	0	0	28239	10667	0	0
46	810	26571	457921	0	0	16	294	0	0	43187	21085	0	0
46	830	40349	915541	0	0	1	12	0	0	72214	36505	0	0
46	850	36797	838194	0	0	20	600	0	0	172006	109848	0	0
46	870	27062	402253	0	0	72	2133	0	0	38865	12580	0	0
46	890	27050	428649	0	0	721	16133	0	0	46475	17200	0	0
46	910	49612	785866	5	100	2278	54242	0	0	90638	37888	0	0
46	930	22490	365555	0	0	79	3080	0	0	35127	12797	0	0
46	950	36350	526916	0	0	0	0	0	0	63475	25398	0	0
46	970	47263	900200	0	0	196	4702	0	0	78621	27232	0	0
46	990	21689	392389	0	0	0	0	0	0	25107	11104	0	0
46	1010	30430	564877	0	0	88	1851	0	0	57277	25860	0	0
46	1030	28684	551880	0	0	205	4760	0	0	41766	20874	0	0
46	1050	33176	500539	0	0	374	4839	0	0	58258	20568	0	0
46	1070	24102	402516	0	0	4	85	0	0	24475	7907	0	0
46	1090	40058	696910	0	0	0	0	0	0	80426	33167	0	0
46	1110	10734	184082	0	0	23	640	1	23	3134	982	0	0
46	1130	8926	137683	0	0	0	0	1	20	7746	1843	0	0
46	1150	24208	398631	0	0	41	915	0	0	35667	11703	0	0
46	1170	37766	792082	0	0	3	40	0	0	46689	20157	0	0
46	1190	30042	656225	0	0	0	0	0	0	40674	16333	0	0
46	1210	10777	201897	0	0	0	0	0	0	100042	48915	0	0
46	1230	22648	356978	0	0	391	12755	1	12	28118	10504	0	0
46	1250	21446	361444	0	0	41	1049	0	0	30341	14100	0	0
46	1270	7279	162119	0	0	250	11700	0	0	41181	28045	0	0
46	1290	22129	374067	2	10	57	1315	0	0	35273	17134	0	0
46	1310	21971	436176	0	0	20	435	0	0	34976	14420	0	0
46	1330	5289	74900	0	0	65	2000	3	42	1426	357	0	0
46	1350	31876	671401	240	4100	261	11690	0	0	285674	160791	0	0
46	1370	33424	681541	0	0	0	0	0	0	117540	60804	0	0
46	1390	23634	349301	0	0	0	0	0	0	49420	20048	0	0
46	1410	32166	613563	0	0	4	96	0	0	43347	19943	0	0
46	1430	20808	367593	0	0	0	0	0	0	24644	10041	0	0
46	1450	9022	160331	0	0	0	0	0	0	100818	40468	0	0
46	1470	34457	725774	0	0	0	0	0	0	41004	17586	0	0
46	1490	24344	410614	0	0	0	0	0	0	39557	13260	0	0
46	1510	10534	196479	0	0	0	0	0	0	12709	5761	0	0
46	1530	20682	432878	25	400	331	13310	0	0	147003	103651	0	0
46	1550	19238	292012	0	0	7	105	0	0	18535	5864	0	0
46	1570	21388	367174	0	0	29	475	0	0	21067	8476	0	0
46	1590	19687	282570	0	0	0	0	0	0	16102	3766	0	0
46	1610	29352	468437	0	0	198	5022	0	0	36230	13867	0	0
46	1630	27054	471858	0	0	0	0	0	0	24704	10339	0	0
46	0	43454	756994	0	0	5	100	0	0	91617	38659	0	0
		1978884	34935657	382	6435	9964	265034	42	924	4009534	1875108	0	0
		0	0	0	0	0	0	0	0	0	0	0	0
47	10												
47	30	21882	407859	11313	118059	995	17908	0	0	3010	1630	0	0
47	50	12579	216005	8072	78576	488	6794	0	0	5042	2455	0	0
47	70	6513	173184	714	6303	807	13981	0	0	0	0	0	0
47	90	21824	331592	3867	29614	2133	42335	0	0	52781	17752	0	0
47	110	17228	412664	2541	23606	1596	26497	0	0	0	0	0	0
47	130	4701	118655	183	2755	141	2859	0	0	0	0	0	0
47	150	30770	659258	0	0	82	1607	0	0	11807	3262	0	0
47	170	20721	418922	0	0	13	325	0	0	16572	6958	0	0
47	190	22474	335905	12	130	58	1150	0	0	13179	4531	0	0
47	210	9240	173346	0	0	4	80	3	53	710	384	0	0
47	230	17447	402971	2871	30632	617	7926	0	0	0	0	0	0
47	250	16477	328818	7698	72156	255	4600	0	0	1835	954	0	0
47	270	18826	301344	8637	77676	2445	46992	0	0	27933	14484	0	0
47	290	14101	276540	5300	51998	327	5413	0	0	471	259	0	0
47	310	12558	214574	10	120	0	0	0	0	4997	2070	0	0
47	330	4299	72084	1	15	0	0	0	0	969	415	0	0
47	350	15363	277190	6011	63103	55	695	0	0	177	98	0	0
47	370	19067	362459	14078	171480	1521	29386	0	0	23355	15034	0	0
47	390	23121	335378	12641	99871	1521	24809	0	0	12996	4460	0	0
47	410	16879	283428	40	371	34	436	0	0	0	0	0	0
47	430	8916	203355	0	0	0	0	0	0	8570	2556	0	0
47	450	8120	123494	1462	8400	21	126	0	0	0	0	0	0
47	470	32278	651147	5604	63145	991	20250	0	0	86254	64473	0	0
47	490	33692	634269	11	220	102	2995	0	0	5691	2502	0	0
47	510	17515	336327	0	0	12	120	0	0	4762	1402	0	0
47	530	26613	478174	199	2358	54	1030	0	0	36884	16467	0	0
47	550	12726	173149	8	150	3	40	0	0	3189	1350	0	0
47	570	154	3893	0	0	2	40	0	0	6	2	0	0
47	590	20128	407027	19240	224200	1743	32457	0	0	4954	2644	0	0
47	610	12855	245523	8642	95366	1163	23519	0	0	8507	4643	0	0
47	630	37131	695426	7	75	7	75	0	0	16388	7188	0	0
47	650	8076	163492	1813	17836	130	2370	0	0	2030	660	0	0
47	670	27738	554916	24	415	20	321	0	0	48852	20724	0	0
47	690	18726	462421	11945	167369	2641	59103	0	0	902	485	0	0
47	710	21953	370088	351	3728	39	810	0	0	33877	12554	0	0
47	730	18391	345093	4701	50246	803	15817	0	0	26405	15630	0	0
47	750	11748	250129	0	0	6	77	0	0	8942	3954	0	0
47	770	4088	60430	0	0	0	0	0	0	0	0	0	0
47	790	20789	500959	3199	31569	101	1691	0	0	4422	1788	0	0
47	810	21825	375586	0	0	3	60	0	0	16185	3956	0	0
47	830	26087	498497	13078	164131	1447	25117	0	0	1439	768	0	0
47	850	30389	489604	1122	13201	20	355	0	0	67072	33426	0	0
47	870	25433	561940	969	9989	74	1435	0	0	49109	26920	0	0
47	890	10526	266540	1724	19412	517	8416	0	0	0	0	0	0
47	910	13227	277391	638	7385	64	1065	0	0	0	0	0	0
47	930	10810	196901	7	140	2	10	0	0	12464	5404	0	0
47	950	14829	261755	567	7233	338	9700	0	0	34733	12327	0	0
47	970	15492	309111	0	0	965	28605	0	0	5190	2234	0	0
47	990	28341	469129	19014	197339	1956	34541	0	0	37645	20469	0	0
47	1010	9801	187404	968	7529	22	343	0	0	0	0	0	0
47	1030	51491	1156990	222	3162	73	1561	0	0	79380	39292	0	0
47	1050	16027	265124	0	0	0	0	0	0	5493	1451	0	0
47	1070	9541	167046	1977	18706	332	4930	0	0	12214	4863	0	0
47	1090	30395	576382	4	70	33	1080	0	0	18542	5016	0	0
47	1110	15626	282984	8297	102779	877	17705	0	0	28520	20971	0	0
47	1130	10925	231790	2490	24360	12	216	0	0	10	6	0	0
47	1150	12208	226673	1964	14322	146	2205	0	0	0	0	0	0
47	1170	15872	340025	2839	22351	765	8570	0	0	0	0	0	0
47	1190	16664	387383	1	25	0	0	0	0	9334	3380	0	0
47	1210	27933	399678	2831	30204	1002	18230	0	0	49762	24219	0	0
47	1230	7637	166653	622	5945	242	3484	0	0			0	0
47	1250	10677	168781	5059	42057	1029	18916	0	0	11660	4435	0	0
47	1270	14760	244461	6013	44607	442	7304	0	0	8892	3186	0	0
47	1290	28680	559486	88	1378	68	1795	0	0	45135	19232	0	0
47	1310	1523	42697	0	0	17	520	0	0	55	33	0	0
47	1330	19760	360660	47	468	48	528	0	0	45757	28966	0	0
47	1350	16352	287210	1	8	13	290	0	0	5397	1875	0	0
47	1370	14460	227795	7750	70669	210	3500	0	0	3206	1349	0	0
47	1390	11990	250100	0	0	0	0	0	0	4983	1657	0	0
47	1410	17264	316587	0	0	10	100	0	0	6815	1602	0	0
47	1430	13564	295234	0	0	97	2885	0	0	3720	1719	0	0
47	1450	13814	224081	2	24	0	0	0	0	11619	3187	0	0
47	1470	19150	339447	4875	45819	145	1325	0	0	30	11	0	0
47	1490	41695	736244	29	420	85	1982	0	0	23288	6605	0	0
47	1510	6893	113361	704	5938	142	2019	0	0	8568	5298	0	0
47	1530	27512	549578	21316	235303	1362	26134	0	0	3004	1411	0	0
47	1550	15194	216595	813	6438	290	5404	0	0	31039	10639	0	0
47	1570	63403	1125450	136	1760	664	17750	0	0	97730	41059	0	0
47	1590	22520	411861	8707	89691	270	3209	0	0	0	0	0	0
47	1610	22080	387415	20562	248842	3936	74893	0	0	29570	17355	0	0
47	1630	26007	452281	4869	43189	308	5183	0	0	36884	24301	0	0
47	1650	44172	893460	41	536	42	877	0	0	61060	29109	0	0
47	1670	16023	268375	178	2963	670	24135	0	0	45522	15048	0	0
47	1690	17454	311723	18162	150100	2669	53698	0	0	16852	9327	0	0
47	1710	18706	364882	9864	95024	214	3731	0	0	0	0	0	0
47	1730	28247	520705	8281	77861	293	5631	0	0	0	0	0	0
47	1750	7467	138569	156	1296	8	94	0	0	0	0	0	0
47	1770	6505	167483	79	1003	36	290	0	0	0	0	0	0
47	1790	7113	84061	0	0	11	151	0	0	1046	230	0	0
47	1810	33748	600172	5973	47104	3333	67280	0	0	70291	31367	0	0
47	1830	11193	201902	361	4656	15	134	0	0	8389	4431	0	0
47	1850	36294	669865	1664	17695	299	5534	0	0	48000	18146	0	0
47	1870	17401	256831	894	10941	82	1597	0	0	29008	16207	0	0
47	1890	10137	148226	0	0	54	1285	0	0	3220	891	0	0
47	1910	8895	207604	469	4844	567	9591	0	0	0	0	0	0
47	1930	42533	852103	238	3526	285	9423	0	0	42687	14243	0	0
47	1950	36865	657860	11214	91800	305	3925	0	0	269	132	0	0
47	1970	25547	520657	98	743	34	880	0	0	32549	12524	0	0
47	1990	19065	372730	12236	126407	919	13920	0	0	592	283	0	0
47	0	8967	206227	1226	10068	1039	10907	0	0	0	0	0	0
		1892416	35608833	352634	3623003	49831	949082	3	53	1640398	764328	0	0
		0	0	0	0	0	0	0	0	0	0	0	0
48	10												
48	30	17522	218205	1231	10405	3020	64455	0	0	45877	17747	0	0
48	50	48622	564955	2156	20214	1000	23886	0	0	49568	20370	0	0
48	70	22296	238592	84	2330	760	14670	7	82	19222	5813	0	0
48	90	36555	485604	2454	24427	7021	181275	0	0	138784	64880	0	0
48	110	26482	311391	17	280	731	14044	50	816	32615	12781	0	0
48	130	41038	393623	104	1232	278	5735	0	0	46023	16804	0	0
48	150	12791	246631	0	0	123	2770	159	1882	2764	1099	0	0
48	170	23551	367197	5	24	582	12347	146	2651	7891	2944	0	0
48	190	25247	376041	485	6813	5145	135060	2	19	35805	17976	0	0
48	210	15496	343201	0	0	8	240	91	1124	3961	1506	0	0
48	230	21312	334959	1782	16190	887	23265	0	0	51434	28440	0	0
48	250	23637	289784	1525	14822	2266	54728	0	0	42916	17649	0	0
48	270	36403	482557	855	8002	446	11370	0	0	71883	20486	0	0
48	290	41682	605186	48	543	1331	33791	23	217	36957	14893	0	0
48	310	37032	549776	0	0	224	5565	241	3683	25669	8453	0	0
48	330	34997	561965	2152	28068	3991	97206	3	30	52493	13378	0	0
48	350	22955	414404	154	2254	1128	30013	0	0	40075	21027	0	0
48	370	20545	283451	0	0	209	5730	117	1624	14376	5183	0	0
48	390	22658	313679	1204	12850	1865	50106	0	0	28263	14552	0	0
48	410	20219	238138	1119	9841	1467	33269	0	0	27210	8448	0	0
48	430	49932	869224	410	5048	2405	55621	0	0	31253	11259	0	0
48	450	9728	157232	0	0	34	329	108	2543	1670	816	0	0
48	470	39931	586735	2097	21582	1334	31107	0	0	87989	49669	0	0
48	490	20505	230750	1655	13036	3480	61204	0	0	40740	15725	0	0
48	510	25538	347249	0	0	1675	36667	396	6982	11629	4786	0	0
48	530	40869	768550	16	309	352	6523	17	180	8966	3889	0	0
48	550	11652	182781	0	0	176	4711	355	5737	4673	1732	0	0
48	570	31894	306746	102	1575	1533	39940	0	0	56338	14842	0	0
48	590	21206	308055	1304	10859	1916	48860	0	0	35770	12199	0	0
48	610	26853	439339	1898	18750	4184	104618	0	0	76464	33615	0	0
48	630	23891	278000	483	7035	2475	62377	0	0	61370	17556	0	0
48	650	33134	426090	5692	47870	2698	59229	0	0	28985	12763	0	0
48	670	11428	378839	224	1501	1222	28226	0	0	82001	33399	0	0
48	690	19532	134510	34	494	776	20423	0	0	19717	7924	0	0
48	710	22608	379247	499	7062	2255	61690	0	0	18880	9190	0	0
48	730	27136	359484	4235	43150	6166	134303	0	0	37224	18618	0	0
48	750	25829	372430	786	5512	2157	47062	0	0	50161	21135	0	0
48	770	74935	1176583	1074	14848	8334	213711	116	1449	118740	51777	0	0
48	790	25314	397111	770	6899	1170	24689	0	0	39066	22310	0	0
48	810	26639	354855	1154	10124	2169	48575	0	0	24522	8032	0	0
48	830	23555	354620	4935	43360	6277	147555	0	0	25279	12756	0	0
48	850	55840	949822	5455	51508	2007	41421	0	0	135456	78962	0	0
48	870	38573	517041	571	7632	3223	71867	3	27	61452	19461	0	0
48	890	20462	267831	433	3687	367	7519	0	0	36536	16797	0	0
48	910	44496	645772	8	100	153	2979	15	157	34455	13270	0	0
48	0	36820	517590	2919	24970	3117	69183	0	0	70106	29052	0	0
		1339340	19325825	52129	505206	94137	2229914	1849	29203	1973228	835963	0	0
		0	0	0	0	0	0	0	0	0	0	0	0
49	10												
49	30	40192	367304	0	0	13	261	0	0	79735	19268	0	0
49	50	803	6934	0	0	0	0	0	0	1889	340	0	0
49	70	14955	137931	0	0	1	15	0	0	30553	8533	0	0
49	90	89	1370	0	0	0	0	0	0	7151	1482	0	0
49	110	834	7377	11724	77624	6000	65037	0	0	19884	2334	0	0
49	130	1828	23117	86356	1391089	6573	182298	0	0	3398	1047	0	0
49	150	27837	469547	0	0	0	0	0	0	60601	11670	0	0
49	170	32351	547553	0	0	0	0	0	0	52793	9676	0	0
49	190	10101	125659	8188	125689	403	10605	0	0	24188	10228	0	0
49	210	7867	128160	328	2517	10875	142464	0	0	174	24	0	0
49	230	28569	457437	0	0	50	1670	0	0	90637	12342	0	0
49	250	1171	9731	14108	50776	1297	11871	0	0	62853	6873	0	0
49	270	16855	276903	0	0	12	280	0	0	66934	15744	0	0
49	290	66836	1492221	4416	53750	36356	890471	0	0	228871	57574	0	0
49	310	68926	1639340	3136	48071	16955	391514	0	0	61108	7893	0	0
49	330	11579	206605	534	5300	4619	84545	0	0	8695	510	0	0
49	350	9	110	0	0	0	0	0	0	19570	1650	0	0
49	370	25064	493917	15306	183102	45494	1288051	0	0	68759	12362	0	0
49	390	40915	529635	0	0	46	1240	0	0	116446	30520	0	0
49	410	19457	309831	0	0	0	0	2520	128895	29598	5444	0	0
49	430	19273	238603	0	0	45	1200	0	0	64207	12743	0	0
49	450	119	1797	0	0	0	0	0	0	503	206	0	0
49	470	458	3629	37894	471108	491	12840	0	0	32184	7982	0	0
49	490	1247	13800	0	0	0	0	0	0	21701	7661	0	0
49	510	13884	184203	21351	243010	30236	561853	0	0	49725	8012	0	0
49	530	25846	442192	10	150	0	0	0	0	91021	18605	0	0
49	550	23102	482830	1217	12645	12647	272897	0	0	46819	9542	0	0
49	570	28017	595153	0	0	200	1200	0	0	124802	11878	0	0
49	590	3055	49812	0	0	0	0	0	0	35752	5974	0	0
49	610	5236	49624	2950	28342	4040	61536	0	0	50320	6481	0	0
49	630	7620	278129	0	0	0	0	0	0	67068	32807	0	0
49	650	13603	148397	0	0	0	0	0	0	28629	5919	0	0
49	670	777	10020	182747	3238541	5497	178224	0	0	494	166	0	0
49	690	41449	463881	0	0	47	612	0	0	123753	37508	0	0
49	710	6437	113730	132665	2235194	1857	44585	0	0	1552	713	0	0
49	730	5085	76359	0	0	0	0	5787	301782	4719	1338	0	0
49	750	43338	448829	0	0	4	100	0	0	113698	27577	0	0
49	770	359	3786	5648	33485	52	1840	0	0	134845	26040	0	0
49	790	17192	290478	15574	140665	30618	416474	0	0	80451	18883	0	0
49	810	3814	39551	0	0	0	0	0	0	5321	1778	0	0
49	830	1196	13721	187	2599	1008	10094	0	0	44922	6333	0	0
49	850	6839	87340	7058	73588	34429	726381	0	0	138604	25318	0	0
49	870	76727	1620105	31270	406383	31115	815690	0	0	218519	70464	0	0
49	890	11748	131607	1727	29891	157	5195	0	0	162095	44158	0	0
49	910	22570	379641	0	0	0	0	8264	519809	43551	7036	0	0
49	930	20588	391546	1197	15550	6753	150686	0	0	9714	562	0	0
49	950	30373	347722	7111	81864	21612	471310	0	0	54742	8477	0	0
49	970	1541	26405	7828	106792	6747	153006	0	0	72381	17088	0	0
49	990	29458	474354	42458	504490	32332	798683	0	0	64070	13436	0	0
49	1010	40299	916766	11534	139970	56189	1503150	0	0	109846	24369	0	0
49	1030	1040	9946	676	4066	0	0	0	0	133467	24941	0	0
49	1050	0	0	0	0	0	0	0	0	0	0	0	0
49	1070	0	0	0	0	0	0	0	0	0	0	0	0
49	1090	3667	54312	33722	221853	60	650	0	0	134078	24954	0	0
49	1110	0	0	0	0	0	0	0	0	0	0	0	0
49	1130	23190	506491	24105	392559	55	600	0	0	0	0	0	0
49	1150	46615	900579	15697	194392	29398	743241	0	0	141545	38909	0	0
49	1170	9166	85302	0	0	0	0	0	0	182527	33978	0	0
49	1190	3492	61084	106037	1913086	2753	66044	0	0	237	83	0	0
49	1210	15443	205311	73	1145	1799	34113	0	0	83460	27980	0	0
49	1230	40259	761481	49983	685534	47645	1229217	3	100	115078	27870	0	0
49	1250	52193	1136017	90	1100	0	0	0	0	103280	10761	0	0
49	1270	2124	19514	2748	19186	0	0	0	0	95525	13724	0	0
49	1290	1234	22880	0	0	0	0	0	0	988	271	0	0
49	1310	10740	129062	11242	207691	535	16450	0	0	77594	21965	0	0
49	1330	5541	58852	0	0	0	0	0	0	55943	11214	0	0
49	1350	15880	147169	1795	21648	2960	43215	0	0	23647	3131	0	0
49	1370	171	1645	0	0	0	0	0	0	1326	257	0	0
49	1390	283	4190	0	0	0	0	0	0	0	0	0	0
49	1410	50322	1157013	5787	64453	25923	686491	0	0	324778	97182	0	0
49	1430	237	3751	4	35	29	1208	0	0	46329	35458	0	0
49	1450	37703	484250	2155	24286	18101	386346	0	0	77079	10444	0	0
49	1470	49245	1110376	300	6559	4270	111036	0	0	241098	61989	0	0
49	1490	76051	1499384	3694	45151	13740	324083	0	0	195349	61564	0	0
49	1510	56292	1050501	0	0	9	170	0	0	118256	18053	0	0
49	1530	870	7694	50	500	50	550	0	0	165108	17937	0	0
49	1550	406	4133	200902	2024507	1900	34846	0	0	71180	15997	0	0
49	1570	590	5776	12176	39219	290	2782	0	0	58415	13882	0	0
49	1590	32645	568330	0	0	0	0	12426	630700	124107	12030	0	0
49	1610	14624	143817	8	42	197	3736	0	0	37969	7533	0	0
49	1630	33963	358862	0	0	85	1317	0	0	93471	17924	0	0
49	1650	17262	242787	0	0	0	0	0	0	52018	3533	0	0
49	1670	12865	104500	0	0	0	0	0	0	20566	4681	0	0
49	1690	1327	24309	0	0	0	0	0	0	1189	222	0	0
49	1710	1645	13333	8	96	0	0	0	0	51141	5641	0	0
49	1730	18610	339343	4768	58960	19367	373156	0	0	17571	1366	0	0
49	1750	47	695	0	0	0	0	0	0	7337	1637	0	0
49	1770	23932	461394	5	50	0	0	0	0	52787	7463	0	0
49	1790	48290	890603	0	0	4	80	0	0	109794	10388	0	0
49	1810	7151	67932	112823	2201440	3582	124043	0	0	14532	4686	0	0
49	1830	60072	1259208	23306	234964	55335	1340491	0	0	142970	40287	0	0
49	1850	11544	114942	0	0	9	120	0	0	45288	10808	0	0
49	1870	24294	282661	0	0	0	0	0	0	81937	13152	0	0
49	1890	66375	1423711	59	625	812	16870	0	0	118301	8266	0	0
49	1910	2081	25407	214706	2761671	450	10951	0	0	64882	16741	0	0
49	1930	1662	15635	2074	18655	0	0	0	0	158021	46108	0	0
49	1950	22831	471957	7726	109121	50110	1350334	0	0	63009	13230	0	0
49	1970	363	7055	152697	2625574	3803	82032	0	0	0	0	0	0
49	1990	929	10182	24072	122204	165	1575	0	0	114994	26573	0	0
49	2010	3880	72267	0	0	0	0	0	0	1164	327	0	0
49	2030	22274	355799	0	0	0	0	3840	189594	30518	5900	0	0
49	2050	35252	416271	0	0	5	40	0	0	133321	33755	0	0
49	2070	7900	137429	26789	383659	105	1550	0	0	0	0	0	0
49	2090	2010	15814	839	2226	197	2156	0	0	200331	26127	0	0
49	2110	18479	354617	15	102	775	12247	0	0	41508	2326	0	0
49	2130	5782	99408	27558	453996	493	16688	0	0	17149	5151	0	0
49	2150	43833	524108	0	0	222	5568	0	0	102882	21959	0	0
49	2170	14658	426324	0	0	0	0	0	0	131884	50817	0	0
49	2190	62282	1424480	1755	22953	21645	614996	0	0	273314	80701	0	0
49	2210	7331	103522	3950	43855	0	0	0	0	95145	28687	0	0
49	2230	13456	158861	1267	13114	5049	108462	0	0	21492	3233	0	0
49	2250	42302	502682	133	2651	9914	203517	0	0	137966	25766	0	0
49	2270	32078	279952	0	0	114	2150	0	0	143131	27960	0	0
49	2290	390	3496	0	0	0	0	0	0	103341	17793	0	0
49	2310	5	125	0	0	0	0	0	0	15397	9510	0	0
49	2330	51837	747245	533	7676	16689	381702	0	0	232880	62388	0	0
49	2350	536	6310	37123	616140	1107	26300	0	0	278	60	0	0
49	2370	174	2569	79	805	357	10243	0	0	1975	306	0	0
49	2390	10774	116195	5685	61642	8985	144931	0	0	15660	2294	0	0
49	2410	12824	143531	0	0	0	0	2763	165844	34829	2964	0	0
49	2430	9437	92910	0	0	3	30	0	0	9203	2143	0	0
49	2450	81	1790	0	0	0	0	0	0	22	20	0	0
49	2470	4011	72565	0	0	0	0	30083	1275507	5166	1050	0	0
49	2490	1689	20432	0	0	0	0	0	0	14835	5527	0	0
49	2510	6897	115622	20	400	0	0	0	0	76872	17866	0	0
49	2530	33012	607178	2426	33213	27062	770244	0	0	126207	26935	0	0
49	2550	1307	12508	812	4907	420	3490	0	0	245298	24281	0	0
49	2570	35806	755032	5	150	0	0	0	0	151231	25654	0	0
49	2590	40251	648229	603	9598	10854	243375	0	0	227161	57698	0	0
49	2610	7530	143476	3498	48351	18150	433821	0	0	835	54	0	0
49	2630	0	0	0	0	0	0	0	0	250	40	0	0
49	2650	1836	11663	0	0	0	0	0	0	48908	5257	0	0
49	2670	5098	80963	2774	33547	13980	315504	0	0	1450	296	0	0
49	2690	1835	28492	6	75	37	512	0	0	4513	552	0	0
49	2710	119	1212	0	0	100	2000	0	0	20625	2282	0	0
49	2730	30	155	0	0	0	0	0	0	41	13	0	0
49	2750	1481	29105	0	0	0	0	0	0	27198	9887	0	0
49	2770	1323	13454	1382	7212	35	440	0	0	130247	21093	0	0
49	2790	69832	1151850	227	3020	4688	102993	0	0	192266	51872	0	0
49	2810	23451	449912	37903	583846	70	2200	0	0	100727	50495	0	0
49	2830	15308	343531	2613	31050	24119	683258	0	0	26081	5258	0	0
49	2850	4297	55961	0	0	6	35	0	0	36859	5060	0	0
49	2870	47109	956535	0	0	2	23	0	0	97022	12315	0	0
49	2890	24326	361839	0	0	0	0	0	0	57446	7829	0	0
49	2910	36631	309384	0	0	0	0	0	0	82570	15372	0	0
49	2930	12349	140894	200	1700	5	75	10448	534070	14904	3809	0	0
49	2950	52949	1048139	42	500	3609	120266	0	0	257932	64956	0	0
49	2970	1903	20660	127339	1807354	425	7592	0	0	275	104	0	0
49	2990	9431	189436	0	0	0	0	0	0	55999	12252	0	0
49	3010	9352	128495	0	0	6	100	0	0	10764	1233	0	0
49	3030	0	0	0	0	0	0	0	0	0	0	0	0
49	3050	3629	44933	13749	133320	11	170	0	0	205276	44691	0	0
49	3070	3354	32712	300	1740	0	0	0	0	204005	27179	0	0
49	3090	6337	108187	2565	34265	11432	289471	0	0	89295	19872	0	0
49	3110	60082	1413945	8506	120707	46962	1266678	0	0	272896	78014	0	0
49	3130	1580	24937	0	0	0	0	0	0	8003	1207	0	0
49	3150	23122	189364	0	0	7	105	0	0	57677	8951	0	0
49	3170	10135	102432	0	0	0	0	0	0	30651	7566	0	0
49	3190	888	7709	0	0	0	0	0	0	80180	13841	0	0
49	3210	8299	114301	19	120	199	2709	0	0	16759	1986	0	0
49	3230	13703	241771	0	0	0	0	7452	308503	23912	3443	0	0
49	3250	243	4349	0	0	0	0	0	0	115	81	0	0
49	3270	58035	781103	1548	13075	8374	109559	0	0	13394	1243	0	0
49	3290	1794	27646	245	2275	123	3695	0	0	7687	933	0	0
49	3310	82	1075	0	0	0	0	0	0	31283	6388	0	0
49	3330	50209	1000950	6	150	184	5086	0	0	213257	43037	0	0
49	3350	13522	251077	3140	35022	22553	500362	0	0	31993	5410	0	0
49	3370	690	4953	0	0	20	100	0	0	132193	24560	0	0
49	3390	27447	298231	1113	10654	8687	146906	0	0	39058	7343	0	0
49	3410	10551	100182	0	0	0	0	0	0	21345	3602	0	0
49	3430	690	11450	24608	404723	865	18930	0	0	95	22	0	0
49	3450	12568	144135	0	0	0	0	0	0	36686	9073	0	0
49	3470	2116	18937	240	3450	0	0	0	0	77506	18222	0	0
49	3490	36850	378978	0	0	12	210	0	0	86992	23755	0	0
49	3510	65640	1326350	198	6056	6781	203358	0	0	317174	88017	0	0
49	3530	7596	73625	0	0	15	450	0	0	5911	1440	0	0
49	3550	1142	14423	452	2635	30	267	0	0	80232	10068	0	0
49	3570	7448	151918	0	0	322	7500	0	0	254044	124413	0	0
49	3590	1003	16434	209762	3568769	2531	66270	0	0	653	131	0	0
49	3610	115	885	56850	946960	1153	32826	0	0	0	0	0	0
49	3630	1996	35083	0	0	0	0	140	6400	1819	737	0	0
49	3650	12448	128591	4525	45902	7897	154592	0	0	18201	2482	0	0
49	3670	25546	304098	0	0	7	105	0	0	98197	24235	0	0
49	3690	27816	362383	7391	78793	10123	216021	1	30	26526	4736	0	0
49	3710	10480	96348	80486	1367581	844	20465	0	0	4472	2069	0	0
49	3730	61	1475	35	367	205	6760	0	0	7164	2212	0	0
49	3750	11209	103150	0	0	0	0	0	0	28272	7927	0	0
49	3770	39	895	24429	472296	3555	91905	0	0	0	0	0	0
49	3790	414	4491	38	615	0	0	0	0	6587	3812	0	0
49	3810	14023	154597	0	0	1828	51422	0	0	40835	7564	0	0
49	3830	2351	39895	153397	2907834	8150	230679	0	0	271	107	0	0
49	3850	0	0	0	0	0	0	0	0	0	0	0	0
49	3870	911	13304	0	0	25	375	0	0	0	0	0	0
49	3890	50125	717816	0	0	13	290	0	0	133404	34633	0	0
49	3910	32	320	458	6375	114	2990	0	0	7126	3200	0	0
49	3930	4908	102437	0	0	0	0	0	0	25247	6972	0	0
49	3950	1264	22735	34102	700914	562	23825	0	0	600	137	0	0
49	3970	26919	288064	0	0	67	440	0	0	133430	25253	0	0
49	3990	9031	187998	207	2360	3168	81980	0	0	54979	18987	0	0
49	4010	1731	23454	3010	30828	9147	144006	0	0	206705	39043	0	0
49	4030	40632	456027	0	0	25	285	0	0	163142	40626	0	0
49	4050	9258	80432	0	0	0	0	0	0	20540	4848	0	0
49	4070	13247	108510	0	0	5	40	0	0	33529	8212	0	0
49	4090	10290	88592	0	0	0	0	0	0	21540	4488	0	0
49	4110	2537	41264	250	1800	0	0	0	0	155082	78399	0	0
49	4130	12793	258737	2588	27211	12510	334542	0	0	50946	9994	0	0
49	4150	172	3040	70	675	45	636	0	0	14728	3329	0	0
49	4170	422	3765	695	6780	120	1400	0	0	129404	18325	0	0
49	4190	403	3327	706	3812	1012	9833	0	0	19700	1671	0	0
49	4210	25657	272137	0	0	18	195	0	0	90871	22040	0	0
49	4230	817	10850	98977	1418174	1136	17718	0	0	0	0	0	0
49	4250	51303	563034	0	0	11	282	0	0	146481	37040	0	0
49	4270	4717	61110	489	5081	1283	29555	0	0	8444	1332	0	0
49	4290	2396	32068	0	0	0	0	0	0	32212	8964	0	0
49	4310	2451	17719	6325	63456	3752	44316	0	0	10068	998	0	0
49	4330	85	755	0	0	0	0	0	0	1540	264	0	0
49	4350	2627	23404	70	1050	0	0	0	0	67317	7730	0	0
49	4370	10	200	0	0	0	0	0	0	73	13	0	0
49	4390	849	12066	193839	2921827	3824	89086	0	0	3966	1077	0	0
49	4410	27717	484166	12039	176035	43929	1339966	0	0	48267	12751	0	0
49	4430	1329	15619	1277	7973	2328	16561	0	0	150196	17983	0	0
49	4450	12	150	0	0	0	0	0	0	0	0	0	0
49	4470	34676	158805	75	800	0	0	0	0	101487	21586	0	0
49	4490	987	8261	5306	36812	3447	43741	0	0	31803	3592	0	0
49	4510	23846	302035	0	5	13	290	0	0	57463	14937	0	0
49	4530	646	12721	2770	33731	6856	142361	0	0	62399	11692	0	0
49	4550	39256	865334	187	3057	4470	97320	0	0	143376	19037	0	0
49	4570	11135	99443	0	0	0	0	0	0	25974	6982	0	0
49	4590	7134	67174	0	0	0	0	0	0	7484	2429	0	0
49	4610	32297	339263	0	0	0	0	0	0	83173	19382	0	0
49	4630	0	0	0	0	0	0	0	0	0	0	0	0
49	4650	7858	80038	318	1216	1126	10389	0	0	11449	1052	0	0
49	4670	61	1461	0	0	245	3675	0	0	0	0	0	0
49	4690	52714	641159	37	497	7360	159296	0	0	162695	32592	0	0
49	4710	25630	420756	0	0	0	0	0	0	56464	5579	0	0
49	4730	11504	135633	0	0	3	60	0	0	43933	8735	0	0
49	4750	15278	202027	2	20	4	40	485	32762	24292	3586	0	0
49	4770	0	0	0	0	0	0	0	0	8971	3161	0	0
49	4790	36278	621437	0	0	25	900	0	0	87226	13378	0	0
49	4810	1825	33420	0	0	0	0	0	0	13047	2310	0	0
49	4830	32057	543074	0	0	0	0	21384	1063948	100996	15051	0	0
49	4850	26550	310274	7936	151773	128	3335	0	0	93186	30301	0	0
49	4870	4588	82665	19018	121136	5425	84089	0	0	60953	18595	0	0
49	4890	7088	102194	1356	6397	900	9254	0	0	165508	53777	0	0
49	4910	1721	28931	0	0	2	40	0	0	48427	15136	0	0
49	4930	60915	1720711	1126	14702	11280	258458	0	0	268328	68266	0	0
49	4950	44641	950194	0	0	225	2716	0	0	64620	10067	0	0
49	4970	0	0	0	0	0	0	0	0	0	0	0	0
49	4990	31612	460928	12243	154646	12844	292790	20	600	23421	6019	0	0
49	5010	35003	335220	0	0	13	110	0	0	69501	16359	0	0
49	5030	11832	124475	0	0	0	0	0	0	10198	2417	0	0
49	5050	8093	77185	16847	145013	10346	126342	0	0	66848	8355	0	0
49	5070	849	12130	0	0	0	0	0	0	11300	1031	0	0
49	0	742	12485	0	0	0	0	0	0	3805	702	0	0
		4076206	66251026	2969511	44077764	1148110	27260261	105616	5158544	16813568	3793392	0	0
		0	0	0	0	0	0	0	0	0	0	0	0
51	10												
51	30	36803	794938	2895	22127	562	6658	0	0	0	0	0	0
51	50	35052	835218	2009	17366	336	5461	0	0	0	0	0	0
51	70	8744	192121	1227	11819	73	940	0	0	0	0	0	0
51	90	20964	441925	1792	20555	52	1010	0	0	50	20	0	0
51	110	43767	1123474	2564	20755	482	7144	0	0	0	0	0	0
51	130	18647	646866	810	10655	29	373	0	0	0	0	0	0
51	150	6548	115132	0	0	9	90	0	0	0	0	0	0
51	170	12520	356431	289	4279	558	7713	0	0	0	0	0	0
51	190	16935	640824	3971	58786	231	4528	0	0	0	0	0	0
51	210	5860	131218	89	1633	41	805	0	0	0	0	0	0
51	230	11077	286049	3317	51074	272	4138	0	0	0	0	0	0
51	250	8988	224834	993	13192	109	2028	0	0	0	0	0	0
51	270	25761	528902	0	0	58	757	0	0	0	0	0	0
51	290	36011	579731	2075	23747	689	8996	0	0	0	0	0	0
51	310	16153	354598	1194	12919	202	2884	0	0	0	0	0	0
51	330	36790	638195	695	4955	280	3618	0	0	0	0	0	0
51	350	22528	458108	787	9530	31	415	0	0	0	0	0	0
51	370	34986	784860	1498	16346	37	788	0	0	782	340	0	0
51	390	4886	99846	501	7614	1124	19634	0	0	0	0	0	0
51	410	20302	512658	839	7850	22	355	0	0	242	140	0	0
51	430	6020	157688	541	7444	88	1267	0	0	0	0	0	0
51	450	22022	448070	100	851	495	4814	0	0	0	0	0	0
51	470	34357	860437	896	8286	717	9594	0	0	0	0	0	0
51	490	54659	1288244	7403	71892	896	17618	0	0	22	11	0	0
51	510	13269	517386	2437	37241	77	1415	0	0	0	0	0	0
51	530	26330	451600	5	50	45	935	0	0	0	0	0	0
51	550	19936	386949	1177	8241	88	878	0	0	40	12	0	0
51	570	29426	618803	214	2964	58	635	0	0	0	0	0	0
51	590	24778	602460	112	713	36	476	0	0	0	0	0	0
51	610	51180	1337719	6286	110513	1524	27094	0	0	0	0	0	0
51	630	25906	472688	214	1471	53	767	0	0	0	0	0	0
51	650	13975	246801	10	72	45	660	0	0	0	0	0	0
51	670	16477	415030	0	0	0	0	0	0	0	0	0	0
51	690	11577	368071	5056	80969	484	6317	0	0	0	0	0	0
51	710	22171	544999	1215	15580	219	4332	0	0	0	0	0	0
51	730	20991	473825	0	0	18	240	0	0	0	0	0	0
51	750	9643	216473	947	12132	165	2670	0	0	0	0	0	0
51	770	21717	700673	3295	50090	291	5474	0	0	12658	7192	0	0
51	790	4923	106919	48	920	28	538	0	0	0	0	0	0
51	810	20430	596007	1663	19504	16	370	0	0	0	0	0	0
51	830	9633	221780	424	6064	264	4901	0	0	0	0	0	0
51	850	55696	1447625	1113	12514	155	2646	0	0	125	70	0	0
51	870	41569	591759	1214	8711	753	8955	0	0	0	0	0	0
51	890	31245	791117	1041	11705	421	6231	0	0	0	0	0	0
51	910	17446	348134	73	725	57	655	0	0	0	0	0	0
51	930	15202	325720	1062	13895	347	5038	0	0	0	0	0	0
51	950	48273	792429	1943	17804	2129	29191	0	0	0	0	0	0
51	970	3929	82668	0	0	22	435	0	0	0	0	0	0
51	990	14194	392844	2426	30519	59	891	0	0	0	0	0	0
51	1010	30543	581740	530	5050	16	211	0	0	0	0	0	0
51	1030	72124	2082016	4114	62128	589	10709	0	0	0	0	0	0
51	1050	16536	513672	1292	16203	472	6611	0	0	0	0	0	0
51	1070	27404	746914	2194	25700	153	2961	0	0	1798	1093	0	0
51	1090	36037	669724	2425	32370	349	6033	0	0	0	0	0	0
51	1110	14678	232882	40	380	103	1250	0	0	0	0	0	0
51	1130	18338	498770	5452	90741	1172	22368	0	0	0	0	0	0
51	1150	10399	259811	5497	66556	216	4079	0	0	0	0	0	0
51	1170	16476	308410	5	35	121	1401	0	0	0	0	0	0
51	1190	5358	131051	128	1808	301	4642	0	0	0	0	0	0
51	1210	13781	302277	0	0	13	165	0	0	0	0	0	0
51	1230	20645	359868	0	0	8	140	0	0	0	0	0	0
51	1250	24549	560836	2487	21936	907	13065	0	0	0	0	0	0
51	1270	19896	346368	339	2714	583	6167	0	0	0	0	0	0
51	1290	21569	366172	27	211	122	2265	0	0	0	0	0	0
51	1310	10096	189030	11	64	94	1047	0	0	0	0	0	0
51	1330	14168	240835	0	0	6	110	0	0	0	0	0	0
51	1350	10169	210226	0	0	6	50	0	0	0	0	0	0
51	1370	18533	428618	255	2949	117	2074	0	0	0	0	0	0
51	1390	29638	670081	4240	43211	1659	25354	0	0	0	0	0	0
51	1410	27684	603500	173	2412	436	6751	0	0	4	1	0	0
51	1430	44558	1061637	8376	95679	820	15803	0	0	0	0	0	0
51	1450	16325	393188	341	4442	33	604	0	0	0	0	0	0
51	1470	18327	413414	241	2732	153	2339	0	0	10	3	0	0
51	1490	5717	80741	0	0	22	320	0	0	0	0	0	0
51	1510	27659	621357	3270	45944	961	13584	0	0	0	0	0	0
51	1530	38045	1167188	724	8117	193	2295	0	0	0	0	0	0
51	1550	19888	395963	0	0	138	1653	0	0	0	0	0	0
51	1570	24810	688247	1529	14909	452	7684	0	0	0	0	0	0
51	1590	27112	526342	1422	14829	269	4725	0	0	162	70	0	0
51	1610	5025	99585	0	0	2	50	0	0	0	0	0	0
51	1630	15458	471213	3694	47906	87	2160	0	0	0	0	0	0
51	1650	16312	293126	2590	27187	1129	17362	0	0	0	0	0	0
51	1670	7432	125050	23	84	3	65	0	0	0	0	0	0
51	1690	15319	396786	10514	134956	175	2618	0	0	0	0	0	0
51	1710	16392	389177	785	7127	209	3555	0	0	0	0	0	0
51	1730	30457	603894	1181	8054	401	4551	0	0	0	0	0	0
51	1750	9869	324800	728	9373	174	2205	0	0	0	0	0	0
51	1770	25460	491187	51	278	230	3315	0	0	0	0	0	0
51	1790	28721	511015	1487	16233	314	4444	0	0	0	0	0	0
51	1810	33503	890694	4640	48929	2990	50488	0	0	0	0	0	0
51	1830	10007	281748	455	5315	84	1690	0	0	0	0	0	0
51	1850	44838	886218	1459	14430	288	4718	0	0	0	0	0	0
51	1870	10646	285849	2490	40114	1812	34496	0	0	0	0	0	0
51	1890	10275	245669	362	5328	272	4779	0	0	0	0	0	0
51	1910	11068	218365	0	0	102	1020	0	0	0	0	0	0
51	1930	12859	285655	887	11425	291	4045	0	0	0	0	0	0
51	1950	16955	323096	0	0	27	227	0	0	0	0	0	0
51	1970	27367	637746	0	0	211	1768	0	0	0	0	0	0
51	1990	8545	206539	1	10	0	0	0	0	0	0	0	0
51	2010	51095	1106294	3901	32640	1408	18340	0	0	0	0	0	0
51	2030	3944	89050	531	5946	13	200	0	0	0	0	0	0
51	2050	20307	407516	695	7309	292	4469	0	0	0	0	0	0
51	2070	11076	246777	27	250	122	1248	0	0	0	0	0	0
51	2090	25384	570336	2043	14865	609	7246	0	0	0	0	0	0
51	2110	12831	357297	3945	58515	256	5589	0	0	0	0	0	0
51	2130	25861	719902	7591	78415	798	13840	0	0	0	0	0	0
51	2150	24178	602380	5594	51646	311	5008	0	0	0	0	0	0
51	2170	13721	336189	1279	14115	204	3178	0	0	0	0	0	0
51	2190	18377	477902	2583	26113	906	12813	0	0	0	0	0	0
51	2210	32085	699735	2273	30914	236	4775	0	0	5	3	0	0
51	2230	30120	702811	1513	15594	15	190	0	0	0	0	0	0
51	2250	8434	205664	1838	23241	634	10886	0	0	0	0	0	0
51	2270	46429	1509090	8564	131678	2576	57205	0	0	0	0	0	0
51	2290	50289	1314912	3056	37651	1189	16923	0	0	0	0	0	0
51	2310	19540	494431	3498	32944	991	14816	0	0	0	0	0	0
51	2330	28638	556646	1730	14403	332	4296	0	0	0	0	0	0
51	2350	35372	750230	2512	30936	813	12775	0	0	0	0	0	0
51	2370	18471	279056	0	0	80	474	0	0	0	0	0	0
51	2390	12786	191995	0	0	54	884	0	0	0	0	0	0
51	0	7839	221038	6039	92327	95	3000	0	0	0	0	0	0
		2644643	61008387	204131	2483443	45966	731543	0	0	15898	8955	0	0
		0	0	0	0	0	0	0	0	0	0	0	0
52	10												
52	30	4253	106486	2068	28565	2350	55607	0	0	0	0	0	0
52	50	11893	279357	2429	29941	156	4082	0	0	0	0	0	0
52	5100	21266	945908	20368	408283	4481	126621	0	0	0	0	0	0
52	70	166	5642	53	1130	8	230	0	0	0	0	0	0
52	90	9462	182307	1089	15023	3	96	0	0	0	0	0	0
52	110	21562	516261	24548	424843	47	1100	0	0	0	0	0	0
52	130	33036	1394785	49354	901827	5792	164879	0	0	0	0	0	0
52	150	17336	604572	25731	561811	3297	87050	0	0	0	0	0	0
52	170	16366	307223	7887	109260	98	1776	0	0	0	0	0	0
52	190	19447	622758	24925	455148	85	1498	0	0	0	0	0	0
52	210	47126	1664864	72396	1199869	3649	84274	0	0	0	0	0	0
52	230	5049	181152	2236	39005	10983	336574	0	0	0	0	0	0
52	250	17700	821990	13414	317179	5077	165992	0	0	0	0	0	0
52	270	12497	518066	18841	366657	808	19604	0	0	0	0	0	0
52	290	18743	396154	38109	722793	819	17562	0	0	0	0	0	0
52	310	24859	1169276	35722	670937	545	11296	0	0	0	0	0	0
52	330	16678	411796	6311	100851	137	2566	0	0	0	0	0	0
52	370	28813	580003	48647	833955	340	6519	0	0	0	0	0	0
52	350	15369	369395	11184	167407	159	3726	0	0	0	0	0	0
52	390	14635	397871	5182	102925	302	8133	0	0	0	0	0	0
52	410	15469	440379	36484	673031	421	6867	0	0	0	0	0	0
52	430	31894	987959	49543	795222	1935	52527	0	0	0	0	0	0
52	450	26473	776017	2432	41157	172	4571	0	0	0	0	0	0
52	0	33201	862997	7546	128350	70	1433	0	0	0	0	0	0
		463293	14543218	506499	9095169	41734	1164583	0	0	0	0	0	0
		0	0	0	0	0	0	0	0	#REF!	0	0	0
53	10												
53	30	29477	525618	1724	22520	2232	34058	0	0	1595	396	0	0
53	50	24280	413694	275073	3030079	9056	319105	0	0	836	247	0	0
53	70	37770	447566	57	631	4954	99574	0	0	13518	2014	0	0
53	90	11344	144146	328803	4532545	2645	57025	0	0	95	31	0	0
53	110	17467	244479	9041	129212	1897	54742	0	0	177591	71903	0	0
53	130	43888	715638	151932	1733343	10785	275659	0	0	49540	15071	0	0
53	150	72694	1229962	271	2672	32456	639996	0	0	65773	13289	0	0
53	170	68205	1196256	59860	704097	10115	301568	0	0	226784	71707	0	0
53	190	52737	1044702	133814	1403128	30540	848588	0	0	47034	15380	0	0
53	210	37040	589167	1007	11829	6876	142728	0	0	23240	4200	0	0
53	230	41730	547053	2640	23834	5164	75799	0	0	7426	1388	0	0
53	250	48957	661121	40	280	1888	35668	0	0	53466	11989	0	0
53	270	23594	403294	175903	2248494	375	3717	0	0	0	0	0	0
53	290	32898	596170	9149	86039	11131	281385	0	0	32039	9684	0	0
53	310	27741	342614	183	1452	6657	96479	0	0	15023	2724	0	0
53	330	15951	333280	50255	432886	22656	492431	0	0	96196	25623	0	0
53	350	8258	167884	67286	539708	27688	470986	0	0	93119	22197	0	0
53	370	78769	827980	7200	59570	31372	388414	0	0	710	280	0	0
53	390	48063	726064	177	2718	2911	63329	0	0	64366	15893	0	0
53	410	38576	800528	126934	1484876	10444	248718	0	0	88066	24632	0	0
53	430	47735	518904	11801	113929	10337	136208	0	0	232	60	0	0
53	450	27960	376979	113069	1214646	3392	69647	0	0	31117	10015	0	0
53	470	18309	192133	177292	2133552	2874	63720	0	0	4450	1158	0	0
53	490	19954	295789	341262	3196474	32711	846031	0	0	1478	411	0	0
53	510	54104	1033827	1387	23420	10079	243180	0	0	87547	22544	0	0
53	530	87028	1862851	33084	338042	15033	425530	0	0	159651	47457	0	0
53	550	35626	585436	333378	2820435	19692	542139	0	0	282	100	0	0
53	570	4486	59725	11132	167236	3313	124927	0	0	155401	48665	0	0
53	590	1526	18922	12751	147729	169	3354	0	0	135271	28306	0	0
53	610	12912	155764	178967	2166091	1162	26147	0	0	147	44	0	0
53	630	49459	697107	45	680	3154	57339	0	0	39599	7761	0	0
53	650	64420	915653	75	810	6360	131742	0	0	44844	10694	0	0
53	670	3832	58196	23858	250517	6015	128095	0	0	244598	63402	0	0
53	690	22063	327004	1600	11330	12156	183841	0	0	89489	22552	0	0
53	710	38992	644083	818	8970	4545	84681	0	0	20461	4181	0	0
53	730	75147	1200554	161681	1513773	28025	579972	0	0	461	160	0	0
53	750	30214	429987	214450	2389169	18071	485162	0	0	18551	4935	0	0
53	770	4741	97088	91296	1264220	16287	545991	0	0	228783	63073	0	0
53	790	20535	317531	3	15	879	13065	0	0	8286	1590	0	0
53	810	58093	777331	6	51	202	2580	0	0	68967	14777	0	0
53	830	38289	565977	1783	22868	16527	320069	0	0	88105	19313	0	0
53	850	29534	458342	42110	455749	20642	481363	0	0	54641	13613	0	0
53	870	28824	413084	1188	11141	4497	82484	0	0	30564	5975	0	0
53	890	48814	244486	2028	19785	8596	218012	0	0	103463	23330	0	0
53	910	47251	478145	1	5	15	275	0	0	77943	19987	0	0
53	930	70750	798439	173	1454	6217	107745	0	0	80236	17479	0	0
53	950	19593	1017741	155033	1631523	6345	175039	0	0	5773	1170	0	0
53	970	27919	667310	1086	12365	11424	281848	0	0	21886	4943	0	0
53	990	58440	1030125	13030	138348	17283	263074	0	0	9663	2407	0	0
53	1010	17761	291977	458	7249	3528	66022	0	0	15056	3422	0	0
53	1030	81006	1355482	1746	21591	13787	203201	0	0	96557	22435	0	0
53	1050	21197	309399	102098	809023	31026	565900	0	0	6946	1545	0	0
53	1070	40462	522820	8040	71481	10503	155405	0	0	930	236	0	0
53	1090	58442	939610	171	1985	5575	124349	0	0	80687	18474	0	0
53	1110	28979	600861	24668	283116	16807	436757	0	0	34964	10574	0	0
53	1130	49130	697172	1411	12847	7808	151857	0	0	58094	14687	0	0
53	1150	73649	1046525	6108	48201	4657	80624	0	0	13123	3355	0	0
53	1170	47299	598285	14862	148606	11798	152399	0	0	14	5	0	0
53	1190	36083	544026	5824	50210	8318	147158	0	0	12483	3405	0	0
53	1210	31743	540250	6043	70238	14814	294755	0	0	40147	10442	0	0
53	1230	62037	903557	28	298	10894	208829	0	0	45290	9876	0	0
53	1250	50138	794283	287	4407	6855	128071	0	0	34358	6763	0	0
53	1270	46252	719260	236	2589	6795	135556	0	0	54897	12910	0	0
53	1290	30388	413392	0	0	89	1085	0	0	13532	2867	0	0
53	1310	31526	351898	30305	392060	2014	44351	0	0	82016	23489	0	0
53	1330	47762	574986	9876	89692	17157	263181	0	0	9737	2121	0	0
53	1350	47518	644099	53	472	5200	96602	0	0	38538	7741	0	0
53	1370	44096	596997	22	280	86	720	0	0	30626	6671	0	0
53	1390	42526	773297	2562	28231	10708	218674	0	0	78559	19201	0	0
53	1410	9259	147131	476678	6812782	1985	35247	0	0	0	0	0	0
53	1430	8045	144719	78418	637556	7331	129974	0	0	229906	77265	0	0
53	1450	49040	866671	2772	32641	9775	195541	0	0	14552	4839	0	0
53	1470	56537	797526	3792	33742	14099	226769	0	0	66331	12860	0	0
53	1490	19184	252377	2409	19856	3870	58293	0	0	220	77	0	0
53	1510	29814	652515	91966	1210180	12701	344956	0	0	219605	85717	0	0
53	1530	21116	262027	224286	2313090	3662	106582	0	0	53	20	0	0
53	0	26159	293568	154703	1577465	3137	70793	0	0	2701	668	0	0
		2913137	44830439	4575558	51184128	762823	16196880	0	0	4148228	1130415	0	0
		0	0	0	0	0	0	0	0	0	0	0	0
54	10												
54	30	11354	246728	574	4833	61	1077	0	0	0	0	0	0
54	50	46682	990959	6306	52245	938	13397	0	0	4478	1767	0	0
54	70	25910	548444	19	160	16	390	0	0	7586	3138	0	0
54	90	14070	327584	398	3344	10	150	0	0	0	0	0	0
54	110	23628	522163	7437	67934	806	12081	0	0	6	2	0	0
54	130	16872	295822	2392	19132	152	2009	0	0	5842	2272	0	0
54	150	14025	289104	405	3641	128	1259	0	0	0	0	0	0
54	170	24256	566980	1246	8753	108	1740	0	0	15	11	0	0
54	190	43551	924354	0	0	0	0	0	0	33894	17850	0	0
54	210	10593	277736	3372	41159	521	8442	0	0	0	0	0	0
54	230	14150	420329	1584	21285	24	450	0	0	0	0	0	0
54	250	19051	353361	7	95	3	30	0	0	23497	11800	0	0
54	270	23123	480718	2590	21062	219	3446	0	0	0	0	0	0
54	290	24647	564309	263	1325	84	963	0	0	0	0	0	0
54	310	24590	576370	5870	50703	447	5665	0	0	0	0	0	0
54	330	31603	536833	4127	35025	110	1856	0	0	1260	582	0	0
54	350	26373	697039	359	3613	322	6064	0	0	41122	22830	0	0
54	370	7272	156167	59	534	26	319	0	0	0	0	0	0
54	390	29173	721280	2587	24898	427	10118	0	0	17	6	0	0
54	410	23179	515739	0	0	0	0	0	0	12409	5006	0	0
54	430	37545	937646	1988	11923	61	937	0	0	68	24	0	0
54	450	25246	629194	806	7486	534	7148	0	0	53	24	0	0
54	470	47377	1356356	1991	26210	753	14785	0	0	49964	29769	0	0
54	490	47000	697707	69	915	166	2325	0	0	87307	34957	0	0
54	510	10535	169729	107	696	17	140	0	0	0	0	0	0
54	530	36694	611833	8263	71083	606	12074	0	0	9102	3286	0	0
54	550	60548	1646175	317	2971	272	3576	0	0	66640	35333	0	0
54	570	70347	1647002	2629	19241	447	6702	0	0	25138	10614	0	0
54	590	18936	381636	4878	37218	284	3354	0	0	0	0	0	0
54	610	41458	951306	21742	185667	959	11972	0	0	0	0	0	0
54	630	5422	90445	729	7187	40	502	0	0	168	80	0	0
54	650	15841	419358	5195	53267	431	6630	0	0	0	0	0	0
54	670	23254	446300	1477	12726	149	2729	0	0	2074	867	0	0
54	690	13554	300886	1601	12784	145	1271	0	0	0	0	0	0
54	710	34445	466788	0	0	0	0	0	0	39322	18780	0	0
54	730	33451	721380	8	88	5	150	0	0	25268	10271	0	0
54	750	28869	776168	5923	55274	582	7645	0	0	0	0	0	0
54	770	40161	745381	60	505	152	3130	0	0	72467	30468	0	0
54	790	34964	702481	0	0	0	0	0	0	35412	17999	0	0
54	810	40047	877898	777	8695	60	820	0	0	9477	4429	0	0
54	830	29270	787582	1604	8053	414	5691	0	0	203	90	0	0
54	850	8813	241683	43	275	7	105	0	0	0	0	0	0
54	870	25059	772826	303	1728	33	598	0	0	94	47	0	0
54	890	37954	873125	462	2282	205	2256	0	0	10	2	0	0
54	910	29730	718425	10061	85294	747	8315	0	0	0	0	0	0
54	930	7920	252692	2371	25683	1241	27629	0	0	0	0	0	0
54	950	26330	582828	3627	35120	445	7238	0	0	13	6	0	0
54	970	9164	258643	0	0	0	0	0	0	39225	24320	0	0
54	990	36402	866668	283	3436	110	1760	0	0	50986	25450	0	0
54	1010	46687	918533	2477	22216	322	6087	0	0	32573	16462	0	0
54	1030	6142	155418	118	788	29	398	0	0	256	124	0	0
54	1050	62096	1292346	8405	69160	568	7069	0	0	23192	8947	0	0
54	1070	17637	372382	5074	41165	240	3704	0	0	12	4	0	0
54	1090	28312	496021	6337	51571	376	5080	0	0	2983	1118	0	0
54	1110	32813	603739	0	0	2	20	0	0	35826	17830	0	0
54	1130	30457	657119	1211	8712	461	5291	0	0	0	0	0	0
54	1150	40150	851270	33	351	99	2377	0	0	60647	30189	0	0
54	1170	12863	240459	161	1534	19	210	0	0	1416	562	0	0
54	1190	36018	796740	6764	52650	964	11847	0	0	806	347	0	0
54	1210	63339	1629125	17807	127574	2217	37129	0	0	1204	463	0	0
54	1230	15219	319691	2192	17209	91	1067	0	0	1377	556	0	0
54	1250	29418	579946	5805	54400	298	4200	0	0	1002	436	0	0
54	1270	39823	1125680	3554	36887	335	6566	0	0	0	0	0	0
54	1290	10774	202898	1405	13159	80	1167	0	0	105	39	0	0
54	1310	4834	91329	50	303	24	341	0	0	0	0	0	0
54	1330	64229	1918634	5497	66312	1022	21837	0	0	21980	12282	0	0
54	1350	33692	549912	1391	10270	170	2276	0	0	0	0	0	0
54	1370	16916	470468	0	0	0	0	0	0	648	277	0	0
54	1390	11979	220418	733	5037	45	445	0	0	0	0	0	0
54	1410	8892	171848	808	7791	19	290	0	0	6118	2844	0	0
54	1430	37899	733995	676	5530	383	4415	0	0	0	0	0	0
54	1450	17347	347266	1439	11705	180	3167	0	0	50	19	0	0
54	1470	17328	397647	1753	12523	103	1007	0	0	1	1	0	0
54	1490	35496	938572	14381	179373	746	14513	0	0	0	0	0	0
54	1510	66414	1286184	5075	40346	532	7843	0	0	17334	7771	0	0
54	1530	6738	120511	0	0	21	240	0	0	0	0	0	0
54	1550	5290	100408	211	1538	13	270	0	0	2	2	0	0
54	1570	28805	575138	7329	55223	536	5715	0	0	0	0	0	0
54	1590	45448	959077	26	320	23	580	0	0	102212	45049	0	0
54	1610	37511	1144370	2253	11239	627	6448	0	0	0	0	0	0
54	1630	25925	663641	787	7943	44	799	0	0	33	33	0	0
54	1650	24681	698607	12895	147411	1025	18996	0	0	0	0	0	0
54	1670	55062	1563375	7411	56135	1620	24389	0	0	2	1	0	0
54	1690	34066	788628	17	290	81	1650	0	0	71919	36890	0	0
54	1710	15851	408909	832	4174	271	4107	0	0	1	1	0	0
54	1730	3011	61417	501	6622	145	1824	0	0	0	0	0	0
54	1750	14179	239607	1257	9540	191	1788	0	0	0	0	0	0
54	1770	5892	94402	53	567	22	744	0	0	59	15	0	0
54	1790	41013	681883	2888	23528	86	1368	0	0	493	188	0	0
54	1810	20614	576206	14042	159664	530	8910	0	0	0	0	0	0
54	1830	23090	479046	111	725	22	215	0	0	5626	2611	0	0
54	1850	56211	1476094	312	3573	144	2470	0	0	13445	6192	0	0
54	1870	30524	582639	789	7010	36	583	0	0	56	19	0	0
54	1890	48079	1186272	14666	91238	1421	21425	0	0	180	90	0	0
54	0	53939	1335956	3450	21992	1210	18425	0	0	376	374	0	0
		2693141	61045986	279885	2480846	30660	478230	0	0	1045051	503816	0	0
		0	0	0	0	0	0	0	0	0	0	0	0
56	10												
56	30	7051	301341	1080	14760	2405	53376	0	0	0	0	0	0
56	50	13223	229355	15336	184932	910	19932	0	0	0	0	0	0
56	70	3997	89520	0	0	12	188	0	0	0	0	0	0
56	90	13124	402893	749	7433	887	13049	0	0	0	0	0	0
56	110	1029	42876	164	2874	830	26877	0	0	0	0	0	0
56	130	11859	266226	263	3263	181	2622	0	0	0	0	0	0
56	150	8709	267060	99	754	330	5403	0	0	0	0	0	0
56	170	6488	231966	176	1533	35	518	0	0	0	0	0	0
56	190	4151	130369	43	388	86	1285	0	0	0	0	0	0
56	210	4338	118464	304	3292	1008	21787	0	0	0	0	0	0
56	230	7802	234261	148	1090	275	4130	0	0	0	0	0	0
56	250	3843	56641	3523	43762	1413	29315	0	0	0	0	0	0
56	270	12307	434435	6102	89857	3841	99246	0	0	0	0	0	0
56	290	7338	139465	4667	54529	2679	55126	0	0	0	0	0	0
56	310	891	26969	590	9194	904	24426	0	0	0	0	0	0
56	330	6065	162974	5140	68356	1889	40829	0	0	0	0	0	0
56	350	6353	258331	188	3408	304	7925	0	0	0	0	0	0
56	370	15199	475237	1427	16312	858	14545	0	0	0	0	0	0
56	390	16848	556362	25258	339914	474	10948	0	0	0	0	0	0
56	410	12195	296200	36	312	281	4773	0	0	0	0	0	0
56	430	5808	205925	217	3466	439	9422	0	0	0	0	0	0
56	450	15334	327403	77	738	383	4964	0	0	0	0	0	0
56	470	4757	106505	4	40	31	475	0	0	0	0	0	0
56	490	4452	86736	0	0	57	1005	0	0	0	0	0	0
56	510	4910	194057	186	2820	727	18533	0	0	0	0	0	0
56	530	9501	310901	1428	19898	4089	101273	0	0	0	0	0	0
56	550	16226	486577	4051	54806	1096	16387	0	0	0	0	0	0
56	570	8667	215848	2768	33163	1000	20686	0	0	0	0	0	0
56	590	2831	45536	1587	19350	1211	23020	0	0	0	0	0	0
56	610	3064	64656	0	0	4	55	0	0	0	0	0	0
56	630	5573	227340	192	2954	1465	37451	0	0	0	0	0	0
56	650	11719	391882	7352	98355	1881	43484	0	0	0	0	0	0
56	670	4137	67843	3036	28346	1031	19349	0	0	0	0	0	0
56	690	6855	202598	741	9792	1724	42425	0	0	0	0	0	0
56	710	1710	59052	536	8529	1569	44291	0	0	0	0	0	0
56	730	6024	126527	5143	71742	1297	31408	0	0	0	0	0	0
56	750	2874	89083	102	1151	316	5797	0	0	0	0	0	0
56	770	4242	166485	1313	21296	2662	86650	0	0	0	0	0	0
56	790	8620	333441	2537	42644	9529	285370	0	0	0	0	0	0
56	810	11385	274370	998	9558	617	9121	0	0	0	0	0	0
56	830	5697	135391	161	1583	366	7900	0	0	0	0	0	0
56	850	5270	206761	1014	15830	2299	66396	0	0	0	0	0	0
56	870	6249	184431	161	2133	338	6421	0	0	0	0	0	0
56	890	11900	330656	297	2898	210	3413	0	0	0	0	0	0
56	910	9465	244163	2555	28670	1267	26706	0	0	0	0	0	0
56	930	2616	89370	88	1276	661	15940	0	0	0	0	0	0
56	950	2211	73663	137	1875	1578	41726	0	0	0	0	0	0
56	970	5507	168018	241	3340	676	12790	0	0	0	0	0	0
56	990	5840	210829	435	6841	1394	31442	0	0	0	0	0	0
56	1010	19958	412508	120	1316	64	903	0	0	0	0	0	0
56	1030	3575	95210	18	138	164	3808	0	0	0	0	0	0
56	1050	8958	244729	557	6306	2055	39518	0	0	0	0	0	0
56	1070	4987	130302	177	1640	337	5616	0	0	0	0	0	0
56	1090	9348	296078	760	11828	669	13254	0	0	0	0	0	0
56	0	6904	130381	0	0	49	851	0	0	0	0	0	0
		409984	11656200	104282	1360285	62857	1514150	0	0	0	0	0	0
		0	0	0	0	0	0	0	0	0	0	0	0
61	10												
61	30	4189	44178	578	10430	1772	44857	0	0	0	0	0	0
61	50	590	11112	223	3754	0	0	0	0	0	0	0	0
61	70	2221	21762	506	7976	387	6865	0	0	0	0	0	0
61	90	1420	27437	35	490	0	0	0	0	0	0	0	0
61	110	268	6829	692	13773	0	0	0	0	14465	12726	0	0
61	130	814	24948	268	5221	13	300	0	0	1685	1073	0	0
61	150	502	9511	10266	259378	483	11204	0	0	136195	88544	0	0
61	170	58	1110	25	380	0	0	0	0	55	46	0	0
61	190	4797	53196	148	3401	432	11560	0	0	0	0	0	0
61	210	243	3841	120	1225	0	0	0	0	7954	4773	0	0
61	230	450	7277	2163	35575	0	0	0	0	17718	11751	0	0
61	250	822	12276	0	0	0	0	0	0	185	90	0	0
61	270	1066	17780	191	2257	125	3169	0	0	0	0	0	0
61	0	66	1747	233	4885	55	1800	0	0	32921	30485	0	0
		17506	243004	15448	348745	3267	79755	0	0	211178	149488	0	0
		0	0	0	0	0	0	0	0	0	0	0	0
62	10												
62	30	22217	282561	98418	1110325	2340	62268	0	0	0	0	0	0
62	50	0	0	2329	49995	3958	99731	0	0	0	0	0	0
62	70	14706	179686	71787	708342	1210	30602	0	0	0	0	0	0
62	90	389	11945	1254	25228	1308	39753	0	0	0	0	0	0
62	110	65848	1041751	87551	1042192	155	3029	0	0	0	0	0	0
62	130	22878	546882	5036	149189	599	26620	0	0	0	0	0	0
62	150	3200	86357	22394	505447	3337	116535	0	0	0	0	0	0
62	170	0	0	1198	26706	1470	52385	0	0	0	0	0	0
62	190	66582	740505	12247	72609	578	4778	0	0	0	0	0	0
62	210	0	0	0	0	0	0	0	0	0	0	0	0
62	230	6	212	7057	147057	4669	128703	0	0	0	0	0	0
62	250	19	190	2330	39661	848	22681	0	0	0	0	0	0
62	270	8641	181905	232	5191	621	19977	0	0	0	0	0	0
62	290	148	3325	1045	11317	1340	31986	0	0	0	0	0	0
62	310	2997	129403	4094	117911	2641	104399	0	0	0	0	0	0
62	330	254	3969	209	3166	49	1300	0	0	0	0	0	0
62	350	663	9958	2985	31122	383	9806	0	0	0	0	0	0
62	370	2324	41303	8968	105669	3709	68060	0	0	0	0	0	0
62	390	12	390	1912	43843	2327	138826	0	0	0	0	0	0
62	410	25146	272475	49814	360927	5426	94481	0	0	0	0	0	0
62	430	38824	398884	6331	46244	7434	115774	0	0	0	0	0	0
62	450	2295	80349	563	12536	640	17715	0	0	0	0	0	0
62	470	380	11500	6511	174202	2501	111277	0	0	0	0	0	0
62	490	0	0	0	0	2	30	0	0	0	0	0	0
62	510	0	0	40	441	485	9771	0	0	0	0	0	0
62	530	0	0	132	2170	288	9014	0	0	0	0	0	0
62	550	0	0	0	0	0	0	0	0	0	0	0	0
62	570	2864	39574	2819	26359	1095	29722	0	0	0	0	0	0
62	590	0	0	0	0	30	950	0	0	0	0	0	0
62	610	1220	27239	13211	276689	2682	96059	0	0	0	0	0	0
62	630	49868	682518	5780	69607	114	1425	0	0	0	0	0	0
62	650	120036	1172286	99716	700721	3923	38600	0	0	0	0	0	0
62	670	0	0	0	0	0	0	0	0	0	0	0	0
62	690	1192	21273	11793	230652	4503	149529	0	0	0	0	0	0
62	710	2796	52596	30974	679387	5175	219625	0	0	0	0	0	0
62	730	19426	286972	5739	50567	2362	54725	0	0	0	0	0	0
62	750	67266	731857	87928	522963	774	5915	0	0	0	0	0	0
62	770	80421	1275934	124964	1242149	6584	197647	0	0	0	0	0	0
62	790	7282	269319	6069	149194	2976	110769	0	0	0	0	0	0
62	810	0	0	0	0	0	0	0	0	0	0	0	0
62	830	536	6895	12100	173020	3690	103627	0	0	0	0	0	0
62	850	3459	68022	8447	138646	3873	124480	0	0	0	0	0	0
62	870	3253	113608	8511	276215	4327	167102	0	0	0	0	0	0
62	890	67119	903206	48071	452232	3310	130044	0	0	0	0	0	0
62	910	8731	291892	2267	55695	2426	98605	0	0	0	0	0	0
62	930	2	25	1137	24482	711	25930	0	0	0	0	0	0
62	950	0	0	10	100	103	1788	0	0	0	0	0	0
62	970	68931	1223002	124505	1198169	6985	125431	0	0	0	0	0	0
62	990	6	185	342	12882	1599	87451	0	0	0	0	0	0
62	1010	35900	714172	23279	316252	1245	54859	0	0	0	0	0	0
62	1030	16684	308307	8550	106773	1063	32052	0	0	0	0	0	0
62	1050	0	0	3358	52505	2332	95843	0	0	0	0	0	0
62	1070	0	0	4425	95878	6430	219048	0	0	0	0	0	0
62	1090	1	10	7127	133204	8851	296518	0	0	0	0	0	0
62	1110	0	0	1871	33019	3380	95209	0	0	0	0	0	0
62	1130												
62	1150	92	2160	627	16408	449	16212	0	0	0	0	0	0
62	1170	27447	457681	68717	844497	4725	125123	0	0	0	0	0	0
62	1190	0	0	21	631	139	2401	0	0	0	0	0	0
62	1210	10	200	0	0	404	5250	0	0	0	0	0	0
62	1230	116226	1383916	109939	652141	3676	35265	0	0	0	0	0	0
62	1250	61653	811492	202996	2663437	17288	528905	0	0	0	0	0	0
62	0	222176	3726319	119184	1346196	6676	109228	0	0	0	0	0	0
		1262126	18594210	1538914	17332160	162218	4704838	0	0	0	0	0	0
		0	0	0	0	0	0	0	0	0	0	0	0
63	10												
63	30	876	30613	20104	681054	3074	128425	0	0	0	0	0	0
63	50	61	1865	3046	48936	1148	43667	0	0	0	0	0	0
63	70	13	490	86870	1445629	4370	167206	0	0	0	0	0	0
63	90	0	0	23609	324691	3767	134346	0	0	0	0	0	0
63	110	24	369	22549	561729	2431	88391	0	0	0	0	0	0
63	130	262	6380	24168	788052	3606	150559	0	0	0	0	0	0
63	150	0	0	4798	79558	1401	39045	0	0	0	0	0	0
63	170	19	799	1519	27033	684	28898	0	0	0	0	0	0
63	190	26	267	1372	22949	1884	74211	0	0	0	0	0	0
63	210	4	120	61934	1267821	5835	213823	0	0	0	0	0	0
63	230	7	90	13166	482429	1866	110638	0	0	0	0	0	0
63	250	0	0	3554	75725	737	26217	0	0	0	0	0	0
63	270	4	100	48126	501387	538	5202	0	0	0	0	0	0
63	290	5904	237334	34677	1338109	4051	176748	0	0	0	0	0	0
63	310	0	0	10370	167266	1320	39362	0	0	0	0	0	0
63	330	110	2653	33326	758679	1747	64256	0	0	0	0	0	0
63	350	2	25	703	8481	609	17766	0	0	0	0	0	0
63	370	400	8350	7873	163543	2122	65309	0	0	0	0	0	0
63	390	0	0	1375	30746	983	31108	0	0	0	0	0	0
63	410	205	6117	5918	101545	334	12116	0	0	0	0	0	0
63	430	7	155	31411	595263	1158	42626	0	0	0	0	0	0
63	450	0	0	62900	1197478	9516	252617	0	0	0	0	0	0
63	470	1101	38667	4962	131045	1549	63248	0	0	0	0	0	0
63	490	1691	70641	9283	264619	1127	43454	0	0	0	0	0	0
63	510	377	7382	93351	2267708	5278	151537	0	0	0	0	0	0
63	530	6	130	15181	438996	3195	90193	0	0	0	0	0	0
63	550	733	30113	20908	818697	1301	60430	0	0	0	0	0	0
63	570	174	3708	24837	480988	6113	151861	0	0	0	0	0	0
63	590	238	4546	98490	2459587	16647	588719	0	0	0	0	0	0
63	610	4	142	3217	100402	2088	80973	0	0	0	0	0	0
63	630	61	750	73446	1808967	2978	90498	0	0	0	0	0	0
63	650	30	400	6546	139838	700	20913	0	0	0	0	0	0
63	670	0	0	69941	1246523	2851	110644	0	0	0	0	0	0
63	690	369	12543	6205	222524	1217	56101	0	0	0	0	0	0
63	710	1935	36451	88175	2302352	3506	122545	0	0	0	0	0	0
63	730	1	20	73272	1187408	993	35621	0	0	0	0	0	0
63	750	940	32259	7085	263848	1610	77063	0	0	0	0	0	0
63	770	781	30860	4473	137108	751	30297	0	0	0	0	0	0
63	790	5	210	99757	1253510	490	18682	0	0	0	0	0	0
63	810	0	0	3	40	11	450	0	0	0	0	0	0
63	830	0	0	26305	370265	8882	230686	0	0	0	0	0	0
63	850	2604	110581	42915	1623859	2107	110056	0	0	0	0	0	0
63	870	0	0	4177	51746	7020	174851	0	0	0	0	0	0
63	875	737	25057	18678	353224	641	23343	0	0	0	0	0	0
63	0												
		19711	700187	1294575	28591357	124236	4244701	0	0	0	0	0	0
		0	0	0	0	0	0	0	0	0	0	0	0
64	10												
64	30	0	0	2310	53698	4910	189668	0	0	0	0	0	0
64	50	552	7011	69574	688255	5883	131278	0	0	0	0	0	0
64	70	178	2737	89360	1027443	6315	124588	0	0	0	0	0	0
64	90	0	0	12835	171725	5554	186298	0	0	0	0	0	0
64	110	748	7351	40818	615277	7080	221749	0	0	0	0	0	0
64	130	2292	28798	18856	185053	6226	111214	0	0	0	0	0	0
64	150	95	1399	133663	1920075	5926	102339	0	0	0	0	0	0
64	170	758	10087	341412	4125073	4398	69592	0	0	0	0	0	0
64	190	1246	17000	32601	288872	5426	88284	0	0	0	0	0	0
64	210	17	135	180422	761760	1646	7392	0	0	0	0	0	0
64	230	693	8993	162893	1224511	8341	92611	0	0	0	0	0	0
64	250	0	0	533	11840	769	24048	0	0	0	0	0	0
64	270	1430	17769	94556	871841	5459	74731	0	0	0	0	0	0
64	290	337	3491	260956	2758456	10940	162970	0	0	0	0	0	0
64	310	28	625	27649	378585	5873	120617	0	0	0	0	0	0
64	330	1	30	78311	1345327	13040	519088	0	0	0	0	0	0
64	350	433	3497	44686	253283	2061	16632	0	0	0	0	0	0
64	370	0	0	24764	302802	3142	66147	0	0	0	0	0	0
64	390	130	730	31985	158267	2038	21013	0	0	0	0	0	0
64	410	0	0	3031	30358	1196	47302	0	0	0	0	0	0
64	430	198	2725	309108	2267117	5218	56192	0	0	0	0	0	0
64	450	0	0	6512	67300	692	13811	0	0	0	0	0	0
64	470	0	0	138935	984667	2065	23638	0	0	0	0	0	0
64	490	25	630	32107	429194	4490	115404	0	0	0	0	0	0
64	510	0	0	14694	168532	2997	78370	0	0	0	0	0	0
64	530	31	310	82739	787746	781	10072	0	0	0	0	0	0
64	550	0	0	1590	17681	869	18998	0	0	0	0	0	0
64	570	290	2429	127640	733805	2603	18991	0	0	0	0	0	0
64	590	0	0	12503	194553	4657	167770	0	0	0	0	0	0
64	610	0	0	3614	24248	1866	33978	0	0	0	0	0	0
64	630	0	0	747	12159	146	3797	0	0	0	0	0	0
64	650	9	312	9760	121201	2801	90093	0	0	0	0	0	0
64	670	164	1145	38820	234505	1620	12928	0	0	0	0	0	0
64	690	0	0	25554	341115	4241	124326	0	0	0	0	0	0
64	710	879	6162	24887	129428	1974	16259	0	0	0	0	0	0
64	730	818	6434	103844	865955	5003	73693	0	0	0	0	0	0
64	750	1	5	127800	1731393	4778	97975	0	0	0	0	0	0
64	770	2994	38436	13508	154574	6948	136247	0	0	0	0	0	0
64	790	0	0	3989	50666	3585	76416	0	0	0	0	0	0
64	810	1293	13211	90049	634581	4021	41536	0	0	0	0	0	0
64	830	14	457	7834	147050	4157	162793	0	0	0	0	0	0
64	850	1695	22465	170289	1488553	8929	143836	0	0	0	0	0	0
64	870	440	4169	271178	1978954	4002	45824	0	0	0	0	0	0
64	890	2495	26471	51033	376357	6972	99291	0	0	0	0	0	0
64	910	63	1020	6000	88167	1373	33289	0	0	0	0	0	0
64	930	77	668	276935	2088983	6155	57698	0	0	0	0	0	0
64	950	0	0	45	1235	153	2045	0	0	0	0	0	0
64	970	141	2300	103895	908846	4334	85182	0	0	0	0	0	0
64	990	0	0	16362	116959	3779	96005	0	0	0	0	0	0
64	1010	0	0	154060	1984834	5455	96294	0	0	0	0	0	0
64	1030	7	80	78407	943956	2447	48505	0	0	0	0	0	0
64	1050	169	2420	18047	145682	949	25223	0	0	0	0	0	0
64	1070	51	429	250927	1317962	1990	15470	0	0	0	0	0	0
64	1090	0	0	20793	113230	1921	33681	0	0	0	0	0	0
64	1110	387	5506	67770	652268	5592	87004	0	0	0	0	0	0
64	1130	880	11230	105398	1082092	6672	188823	0	0	0	0	0	0
64	0												
		22059	258667	4418588	40558049	232458	4809018	0	0	0	0	0	0
		0	0	0	0	0	0	0	0	0	0	0	0
65	10												
65	30	95	3354	5098	144912	52	1343	0	0	0	0	0	0
65	50	136	3114	988	21128	15	300	0	0	0	0	0	0
65	70	1	10	1248	41347	541	24097	0	0	0	0	0	0
65	90	0	0	959	18282	1337	41663	0	0	0	0	0	0
65	110	151	4530	2	80	0	0	0	0	0	0	0	0
65	130	0	0	118	4260	15	500	0	0	0	0	0	0
65	150	1	20	380	6835	185	2480	0	0	0	0	0	0
65	170	0	0	44	490	0	0	0	0	0	0	0	0
65	190	641	20756	76	2053	26	735	0	0	0	0	0	0
65	210	17	555	1637	38252	73	2815	0	0	0	0	0	0
65	230	14	328	362	2705	2	48	0	0	0	0	0	0
65	250	71	1790	125	2767	114	3759	0	0	0	0	0	0
65	270	0	0	59	1442	10	450	0	0	0	0	0	0
65	290	0	0	61	1206	0	0	0	0	0	0	0	0
65	310	0	0	34	1155	0	0	0	0	0	0	0	0
65	330	9	246	2032	60411	237	8235	0	0	0	0	0	0
65	0	4	95	306	8565	380	15599	0	0	0	0	0	0
		1140	34798	13529	355890	2987	102024	0	0	0	0	0	0
		0	0	0	0	0	0	0	0	0	0	0	0
66	10												
66	30	2026	34745	1206	30384	26	976	0	0	0	0	0	0
66	50	1829	36541	63	700	228	5041	0	0	0	0	0	0
66	70	3785	104820	29	1027	573	28062	0	0	24927	16250	0	0
66	90	9152	169831	8745	115297	5342	113997	0	0	0	0	0	0
66	110	29336	431889	149868	1966449	1443	36965	0	0	177	50	0	0
66	130	1798	48959	0	0	0	0	0	0	0	0	0	0
66	150	2671	94465	198	4834	58	3860	0	0	60527	42881	0	0
66	170	1554	46380	43	845	422	19500	0	0	35641	26349	0	0
66	190	3841	93860	373	9413	121	3045	0	0	20	6	0	0
66	210	3524	51386	34	345	0	0	0	0	0	0	0	0
66	230	12449	225712	33222	469943	362	7890	0	0	159	46	0	0
66	250	579	18410	108	2550	8	300	0	0	643	426	0	0
66	270	3393	39136	0	0	0	0	0	0	719	183	0	0
66	290	1556	35507	19	435	61	1600	0	0	0	0	0	0
66	310	161	4586	0	0	32	950	0	0	1784	484	0	0
66	330	1195	19403	927	7984	1852	33120	0	0	0	0	0	0
66	350	6808	139599	5651	85611	2599	48831	0	0	0	0	0	0
66	370	1409	41503	137	1649	1455	23086	0	0	768	443	0	0
66	390	13890	197583	83134	1201880	46	950	0	0	1694	393	0	0
66	410	2943	47632	3059	46836	1419	24756	0	0	0	0	0	0
66	430	31900	441187	5539	61326	35	1050	0	0	8870	2904	0	0
66	450	3749	99225	2571	56900	650	13499	0	0	0	0	0	0
66	470	7174	193808	1568	39266	375	14167	0	0	0	0	0	0
66	490	8065	112091	2877	39708	1523	26144	0	0	0	0	0	0
66	510	1495	19730	447	5686	51	560	0	0	0	0	0	0
66	530	1109	34867	359	10382	28	2455	0	0	767	387	0	0
66	550	1596	27492	825	17819	0	0	0	0	1	2	0	0
66	570	1309	16754	4300	85513	858	17270	0	0	0	0	0	0
66	590	6776	106987	137	1953	38	535	0	0	0	0	0	0
66	610	45239	830018	10138	91201	1018	19656	0	0	3	1	0	0
66	0	4190	58439	4231	75812	205	5097	0	0	0	0	0	0
		216501	3822545	319808	4431748	20828	453362	0	0	136700	90805	0	0
		0	0	0	0	0	0	0	0	0	0	0	0
67	10												
67	30	111	4286	799	17888	596	17997	0	0	0	0	0	0
67	50	112	4900	86144	1540943	2126	97567	0	0	0	0	0	0
67	70	20	655	44725	923951	2791	123530	0	0	0	0	0	0
67	90	57	1492	838	21528	828	27751	0	0	0	0	0	0
67	110	0	0	189	5942	596	26813	0	0	0	0	0	0
67	130	63	1780	4137	98400	410	17923	0	0	0	0	0	0
67	150	382	12414	4500	109682	3171	87455	0	0	0	0	0	0
67	170	390	14608	5224	121412	4136	136561	0	0	0	0	0	0
67	190	231	5145	592	13172	1677	54087	0	0	0	0	0	0
67	210	1036	49157	0	0	55	1580	0	0	0	0	0	0
67	230	732	15112	1032	25827	687	24303	0	0	0	0	0	0
67	250	26	753	21267	276390	615	19817	0	0	0	0	0	0
67	270	416	7564	87	1861	155	4906	0	0	0	0	0	0
67	290	362	16917	9396	133577	761	31170	0	0	0	0	0	0
67	310	0	0	1516	39845	599	27369	0	0	0	0	0	0
67	330	44	583	917	23916	625	24587	0	0	0	0	0	0
67	350	0	0	2082	35820	890	40580	0	0	0	0	0	0
67	370	201	7253	18311	398637	1689	73289	0	0	0	0	0	0
67	390	1174	23974	3480	48829	1350	37550	0	0	0	0	0	0
67	410	52	1810	12492	288249	5751	231479	0	0	0	0	0	0
67	430	33	915	5394	174658	2245	93882	0	0	0	0	0	0
67	450	1	50	1310	31104	1452	62565	0	0	0	0	0	0
67	470	47	1078	7428	80421	578	21937	0	0	0	0	0	0
67	490	499	13571	4069	107520	2679	88996	0	0	0	0	0	0
67	510	673	27493	19575	549611	4438	183261	0	0	0	0	0	0
67	530	0	0	1301	44685	924	39815	0	0	0	0	0	0
67	550	436	11973	1832	30749	145	4835	0	0	0	0	0	0
67	570	56	2275	983	22935	924	30762	0	0	0	0	0	0
67	0	140	6365	6079	142401	2587	109535	0	0	0	0	0	0
		7294	232123	265699	5309953	45480	1741902	0	0	0	0	0	0
		0	0	0	0	0	0	0	0	0	0	0	0
68	10												
68	30	0	0	630	11528	1975	55263	0	0	0	0	0	0
68	50	81	2160	3266	73918	6912	234555	0	0	0	0	0	0
68	70	9369	127461	41752	482027	13765	241202	0	0	0	0	0	0
68	90	24	240	1109	14276	2255	78388	0	0	0	0	0	0
68	110	3795	40696	14665	148993	8505	171493	0	0	0	0	0	0
68	130	2563	38507	18382	299761	7100	158483	0	0	0	0	0	0
68	150	61	1466	3440	69338	5660	189758	0	0	0	0	0	0
68	170	24879	347439	72374	958901	14655	350060	0	0	0	0	0	0
68	190	8	145	1073	20838	1476	42605	0	0	0	0	0	0
68	210	1460	13190	6481	92037	5787	166367	0	0	0	0	0	0
68	230	16240	241790	59898	558237	13726	215700	0	0	0	0	0	0
68	250	0	0	2456	34599	3572	100015	0	0	0	0	0	0
68	270	155	2225	416	4566	1719	48126	0	0	0	0	0	0
68	290	3111	35955	16605	169681	9847	177588	0	0	0	0	0	0
68	310	5	235	3688	88669	4490	166862	0	0	0	0	0	0
68	330	10186	153646	47923	503470	8358	164499	0	0	0	0	0	0
68	350	905	10176	26967	434485	6911	206152	0	0	0	0	0	0
68	370	0	0	67	527	257	5375	0	0	0	0	0	0
68	390	2	40	385	6875	2633	85474	0	0	0	0	0	0
68	410	0	0	149	1911	1825	54020	0	0	0	0	0	0
68	430	0	0	775	16687	1715	48186	0	0	0	0	0	0
68	450	86	2955	612	17816	2714	110496	0	0	0	0	0	0
68	455	3067	43880	17210	288945	5269	126485	0	0	0	0	0	0
68	0												
		75997	1062206	340323	4298085	131126	3197152	0	0	0	0	0	0
		0	0	0	0	0	0	0	0	0	0	0	0
71	10												
71	30	377	17094	2697	97190	1660	56492	0	0	0	0	0	0
71	50	0	0	59	2360	45	1800	0	0	0	0	0	0
71	70	85	2426	768	17294	236	7738	0	0	0	0	0	0
71	90	85	2447	31811	760794	1325	50803	24569	1668587	477	85	0	0
71	110	44	539	274	3551	190	4000	0	0	0	0	0	0
71	130	268	6533	11457	210830	351	7890	9387	446803	0	0	0	0
71	150	4677	130865	5322	145850	671	16903	340	24500	0	0	0	0
71	170	0	0	0	0	36	500	0	0	0	0	0	0
71	190	9	295	40	321	30	508	0	0	0	0	0	0
71	210	375	7557	25132	445958	1238	24114	1980	141219	51457	43735	0	0
71	230	624	16923	18341	351997	1209	18980	11989	589726	1430	1018	0	0
71	250	352	9061	255	5051	367	10689	0	0	0	0	0	0
71	270	243	9170	6982	182101	147	2565	50	2965	22165	11601	0	0
71	290	1118	32001	738	17375	203	6342	0	0	0	0	0	0
71	310	875	24724	14455	291330	54	1170	584	27705	65930	60297	0	0
71	330	915	31009	43392	1197432	46	1610	0	0	25781	22830	0	0
71	350	339	9308	1963	38241	225	4515	0	0	0	0	0	0
71	370	0	0	6240	101523	140	2221	0	0	0	0	0	0
71	390	297	9463	7084	62025	220	7195	0	0	0	0	0	0
71	410	105	2823	32517	277997	711	14800	0	0	23448	20831	0	0
71	430	80	1950	694	19060	1800	87046	0	0	0	0	0	0
71	450	14	170	27	460	180	2800	0	0	0	0	0	0
71	470	458	13042	3817	78734	1736	58460	0	0	0	0	0	0
71	490	674	25859	5196	89417	3528	72329	7038	389054	17701	16262	0	0
71	510	7	75	8114	113964	766	31356	0	0	0	0	0	0
71	530	0	0	57	2491	10	330	0	0	0	0	0	0
71	550	368	8850	22625	365875	1889	56403	0	0	0	0	0	0
71	570	543	15451	3001	79840	1423	33279	0	0	0	0	0	0
71	590	30	1705	16	115	0	0	0	0	0	0	0	0
71	610	203	6191	1558	24697	3	75	0	0	0	0	0	0
71	630	5	100	7819	119874	4296	40586	0	0	0	0	0	0
71	650	0	0	1044	21060	871	28239	0	0	0	0	0	0
71	670	241	4920	13378	151988	2049	62594	0	0	20486	13452	0	0
71	690	3006	110315	34521	493450	10297	187027	677	48000	0	0	0	0
71	710	181	4743	3662	42653	385	9330	0	0	0	0	0	0
71	730	137	3007	501	8925	38	1330	0	0	0	0	0	0
71	750	1120	19198	2087	27977	1408	25987	0	0	0	0	0	0
71	770	0	0	0	0	0	0	0	0	0	0	0	0
71	790	16343	667086	34625	611001	12164	251867	0	0	1246	520	0	0
71	810	424	6069	60120	661406	2051	55303	0	0	0	0	0	0
71	830	30	600	51	1212	5793	134686	0	0	0	0	0	0
71	850	194	2590	2148	47327	2515	66399	0	0	0	0	0	0
71	870	110	2501	794	24844	36	1322	0	0	0	0	0	0
71	890	456	11102	52	1527	883	25743	0	0	0	0	0	0
71	910	143	3841	7308	120265	506	10606	0	0	0	0	0	0
71	930	0	0	93	1256	0	0	0	0	0	0	0	0
71	950	122	3086	22308	384454	1303	51210	0	0	0	0	0	0
71	970	211	12183	18183	401392	3022	84515	0	0	0	0	0	0
71	990	834	25914	2326	59664	5014	177507	0	0	0	0	0	0
71	1010	261	6894	20845	310912	7365	191099	3309	143216	2630	1693	0	0
71	1030	591	7817	44462	1083393	2084	48969	11259	818212	1270	188	0	0
71	1050	318	8375	5895	107351	1614	32479	125	8500	180	18	0	0
71	1070	76	1576	619	8813	87	2110	0	0	0	0	0	0
71	1090	1020	31792	68583	691566	156	3718	0	0	64403	61260	0	0
71	1110	15	463	438	6041	198	3164	0	0	0	0	0	0
71	1130	193	3231	314	5930	100	2600	0	0	0	0	0	0
71	1150	26	260	16471	447969	120	2871	9337	578172	1451	88	0	0
71	0	31	736	9500	131844	3869	78483	1800	81689	3	3	0	0
		39253	1323930	632779	10957967	88663	2162657	82444	4968348	300058	253881	0	0
		0	0	0	0	0	0	0	0	0	0	0	0
72	10												
72	30	185	6804	17445	447316	6558	256270	0	0	0	0	0	0
72	50	452	13509	8810	186188	10196	299264	0	0	0	0	0	0
72	70	2311	72738	16239	462034	20964	770285	0	0	0	0	0	0
72	90	0	0	82	2878	415	19110	0	0	0	0	0	0
72	110	52	1372	2576	76017	1806	98656	0	0	0	0	0	0
72	130	130	4893	35	1176	128	7514	0	0	0	0	0	0
72	150	0	0	3623	90327	1048	43657	0	0	0	0	0	0
72	170	54	996	2	28	3	186	0	0	0	0	0	0
72	190	1	20	1576	43359	1007	40694	0	0	0	0	0	0
72	210	3443	113572	6433	131139	6219	170671	0	0	0	0	0	0
72	230	14	220	123427	1462427	50	1000	0	0	0	0	0	0
72	250	5	134	1398	26670	1098	47284	0	0	0	0	0	0
72	270	0	0	2160	37172	2816	99165	0	0	0	0	0	0
72	290	81	3475	196	4700	136	8032	0	0	0	0	0	0
72	310	2547	56887	8434	202150	997	30998	0	0	0	0	0	0
72	330	0	0	45542	450401	62	2655	0	0	0	0	0	0
72	350	578	15167	1840	31982	569	17857	0	0	0	0	0	0
72	370	0	0	10351	231569	2122	80409	0	0	0	0	0	0
72	390	2	75	3270	58621	242	6073	0	0	0	0	0	0
72	410	1862	59977	14446	288034	15514	440218	0	0	0	0	0	0
72	430	0	0	33	695	234	7498	0	0	0	0	0	0
72	450	2168	71817	21873	482908	34555	1211003	0	0	0	0	0	0
72	470	2122	90263	10665	311880	1796	79332	0	0	0	0	0	0
72	490	5257	166961	26525	730425	35406	1257521	0	0	0	0	0	0
72	510	189	3663	131356	1694023	119	2140	0	0	0	0	0	0
72	530	129	4800	1089	32253	2239	105111	0	0	0	0	0	0
72	550	740	23490	17037	409431	17454	545255	0	0	0	0	0	0
72	570	0	0	130485	1838317	316	5172	0	0	0	0	0	0
72	590	0	0	0	0	0	0	0	0	0	0	0	0
72	610	283	8227	252397	7021716	578	21205	0	0	0	0	0	0
72	630	80	1487	58750	1415534	6869	256794	0	0	0	0	0	0
72	650	67	1300	35629	683305	3452	115993	0	0	0	0	0	0
72	670	43	738	68028	1187304	583	15535	0	0	0	0	0	0
72	690	334	10187	25177	767636	21226	953052	0	0	0	0	0	0
72	710	2	20	3390	51062	103	2485	0	0	0	0	0	0
72	0	1729	55658	24922	665990	16536	595251	0	0	0	0	0	0
		24860	788450	1075241	21526667	213416	7613345	0	0	0	0	0	0
		0	0	0	0	0	0	0	0	0	0	0	0
73	10												
73	30	35	470	315132	4002669	120	2024	0	0	0	0	0	0
73	50	16	372	37580	779047	52	1848	0	0	0	0	0	0
73	70	1091	40753	28758	329573	118	5510	0	0	0	0	0	0
73	90	219	3810	1121	9989	79	1951	0	0	0	0	0	0
73	110	0	0	383	15830	497	19297	0	0	0	0	0	0
73	130	365	10258	2718	74498	7302	293983	0	0	0	0	0	0
73	150	69	1428	87882	2379449	423	18090	0	0	0	0	0	0
73	170	12	329	409	13368	1085	53047	0	0	0	0	0	0
73	190	32	615	143530	1184575	1210	16912	0	0	0	0	0	0
73	210	180	3247	1926	22908	416	7234	0	0	0	0	0	0
73	230	28	1090	93933	1304070	10	530	0	0	0	0	0	0
73	250	0	0	78446	2199334	127	3320	0	0	0	0	0	0
73	270	14	700	122192	1036352	214	11707	0	0	0	0	0	0
73	290	0	0	584	17242	2009	117826	0	0	0	0	0	0
73	310	1	30	2951	129375	872	39530	0	0	0	0	0	0
73	330	0	0	151	2868	170	7282	0	0	0	0	0	0
73	350	31	1010	153	4711	984	64242	0	0	0	0	0	0
73	370	8	220	106	3182	71	2793	0	0	0	0	0	0
73	390	23	367	13764	450809	6837	380168	0	0	0	0	0	0
73	410	29	861	63590	889129	1196	55069	0	0	0	0	0	0
73	430	20	439	5270	160026	12055	544092	0	0	0	0	0	0
73	450	131	1350	369097	4818995	2952	79352	0	0	0	0	0	0
73	470	4	191	64	1937	302	15179	0	0	0	0	0	0
73	490	296	5640	17997	198037	1677	31439	0	0	0	0	0	0
73	510	2	80	78	1463	253	12272	0	0	0	0	0	0
73	530	0	0	1588	21372	1231	28794	0	0	0	0	0	0
73	550	2	47	303	8022	950	38160	0	0	0	0	0	0
73	570	0	0	1068	35931	726	27532	0	0	0	0	0	0
73	590	12	380	1622	73631	17746	1517309	0	0	0	0	0	0
73	610	70	2463	10	195	332	13298	0	0	0	0	0	0
73	630	33	876	175	6873	4160	312790	0	0	0	0	0	0
73	650	338	5879	149260	2801519	14690	380274	0	0	0	0	0	0
73	670	830	12170	15907	264114	6382	219890	0	0	0	0	0	0
73	690	54	1735	1045	24896	2916	99235	0	0	0	0	0	0
73	710	0	0	3	40	5	500	0	0	0	0	0	0
73	730	275	11195	211151	5829267	523	26105	0	0	0	0	0	0
73	750	23	651	1724	45566	10158	574288	0	0	0	0	0	0
73	770	65	962	476002	11992444	16578	574480	0	0	0	0	0	0
73	0	5613	239482	47369	1455456	3539	179280	0	0	0	0	0	0
		9921	349100	2295042	42588762	120967	5776632	0	0	0	0	0	0
		0	0	0	0	0	0	0	0	0	0	0	0
81	3000												
81	3100			1	35	2	100						
81	3200			0	0	0	0						
81	3300			29	549	109	4893						
81	0			24	470	42	1920						
				54	1054	153	6913						
		0	0	0	0	0	0	0	0	0	0	0	0
82	10												
82	30	760	15286					18	1018	145	261	56634	2814814
82	70	30	820					565	35598	20	35	35208	1860336
82	90	4	84					1462	98778	0	0	29985	1351037
82	0	738	19684					0	0	7	7	24236	1445265
		1532	35874					2045	135394	172	303	146063	7471452
		0	0	0	0	0	0	0	0	0	0	0	0
100	0												
		83161523	2130751782	61999908	800648955	33466025	992746912	740588	33468983	43227488	14574405	195223	2992127
		0	0	0	0	0	0	0	0	0	0	0	0
101	0												
