state	county	corn_a	corn_y	oats_a	oats_y	wheat_a	wheat_y	rice_a	rice_y	cotton_a	cotton_y	scane_a	scane_y
0	0	100000000	100000000	100000000	100000000	100000000	100000000	100000000	100000000	100000000	100000000	100000000	100000000
1	10	715	29322	131	2558	22	532	0	0	0	0	0	0
1	30	3564	166164	80	2209	25	730	0	0	0	0	0	0
1	50	869	44706	1109	41531	9	102	0	0	0	0	0	0
1	70	397	15105	9	207	12	356	0	0	0	0	0	0
1	90	978	38762	109	3200	46	689	0	0	0	0	0	0
1	110	759	27766	17	540	4	100	0	0	0	0	0	0
1	130	540	21612	94	2505	13	230	0	0	0	0	0	0
1	150	528	19875	53	1512	15	309	0	0	0	0	0	0
1	0	8350	363312	1602	54262	146	3048	0	0	0	0	0	0
		0	0	0	0	0	0	0	0	0	0	0	0
													
2	10	266	10963	656	21030	5	30	0	0	0	0	0	0
2	30	1	20	70836	2532471	1413	26303	0	0	0	0	0	0
2	50	410	17787	563	20697	8	134	0	0	0	0	0	0
2	70	284	11934	555	21044	3	68	0	0	0	0	0	0
2	90	41	1336	241	7797	0	0	0	0	0	0	0	0
2	110	1051	45140	2565	94326	27	618	0	0	0	0	0	0
2	130	144	5438	274	8818	2	25	0	0	0	0	0	0
2	150	57	2156	141	5122	0	0	0	0	0	0	0	0
2	170	434	19049	429	15300	1	11	0	0	0	0	0	0
2	190	611	22510	8237	294447	34	629	0	0	0	0	0	0
2	210	67	2671	1540	55815	20	353	0	0	0	0	0	0
2	230	46	1618	498	20594	2	30	0	0	0	0	0	0
2	250	1051	45467	4491	161870	11	208	0	0	0	0	0	0
2	270	232	9750	1818	72455	2	25	0	0	0	0	0	0
2	290	7	270	651	22945	1	25	0	0	0	0	0	0
2	310	298	10777	106	3481	15	297	0	0	0	0	0	0
2	0	5000	206886	93601	3358212	1544	28756	0	0	0	0	0	0
		0	0	0	0	0	0	0	0	0	0	0	0
													
3	10	29	553	1	30	0	0	0	0	0	0	0	0
3	30	906	38920	1458	48986	28	685	0	0	0	0	0	0
3	50	377	10610	131	3114	153	2538	0	0	0	0	0	0
3	70	15	310	0	0	0	0	0	0	0	0	0	0
3	90	339	14062	37	677	0	0	0	0	0	0	0	0
3	110	1566	64475	41	960	0	0	0	0	0	0	0	0
3	130	937	38721	78	3865	11	370	0	0	0	0	0	0
3	150	2174	98929	119	4527	0	0	0	0	0	0	0	0
3	170	453	16846	35	935	20	400	0	0	0	0	0	0
3	190	3	47	0	0	0	0	0	0	0	0	0	0
3	210	120	2293	8	247	0	0	0	0	0	0	0	0
3	230	154	5469	19	806	58	1468	0	0	0	0	0	0
3	250	0	0	0	0	0	0	0	0	0	0	0	0
3	270	537	19994	98	2777	3	42	0	0	0	0	0	0
3	0	7610	311229	2025	66924	273	5503	0	0	0	0	0	0
		0	0	0	0	0	0	0	0	0	0	0	0
													
4	10	156	7400	135	4729	1	15	0	0	0	0	0	0
4	30	150	5985	29	1110	1	3	0	0	0	0	0	0
4	50	418	20474	128	5903	18	387	0	0	0	0	0	0
4	70	36	1399	988	38367	2	25	0	0	0	0	0	0
4	90	633	30682	602	24641	0	0	0	0	0	0	0	0
4	110	290	12756	60	1660	5	45	0	0	0	0	0	0
4	130	511	22399	221	8180	0	0	0	0	0	0	0	0
4	150	480	18276	18	750	1	20	0	0	0	0	0	0
4	170	144	6479	29	1080	18	284	0	0	0	0	0	0
4	190	324	17792	126	4070	0	0	0	0	0	0	0	0
4	0	3142	143642	2336	90490	46	779	0	0	0	0	0	0
		0	0	0	0	0	0	0	0	0	0	0	0
													
5	10	47	1760	31	650	32	668	0	0	0	0	0	0
5	30	103	2262	15	163	1	20	0	0	0	0	0	0
5	50	481	16382	112	3572	5	150	0	0	0	0	0	0
5	70	117	3661	15	449	11	213	0	0	0	0	0	0
5	90	649	22619	25	1055	0	0	0	0	0	0	0	0
5	0	1397	46684	198	5889	49	1051	0	0	0	0	0	0
		0	0	0	0	0	0	0	0	0	0	0	0
													
6	10	573	19556	5251	164596	103	2176					0	0
6	30	765	30205	1058	40260	12	250	0	0	0	0	0	0
6	50	124	4436	1342	56738	2	25	0	0	0	0	0	0
6	70	903	33976	3662	111966	22	304	0	0	0	0	0	0
6	90	10	405	469	19530	13	185	0	0	0	0	0	0
6	110	356	12944	6142	216813	13	241	0	0	0	0	0	0
6	130	198	6972	1414	44201	33	485	0	0	0	0	0	0
6	150	197	6650	340	10213	2	40	0	0	0	0	0	0
6	170	846	33599	1139	48901	0	0	0	0	0	0	0	0
6	190	96	2367	3769	151150	5	117	0	0	0	0	0	0
6	210	1242	48169	2146	72843	3	53	0	0	0	0	0	0
6	230	408	16135	829	32252	11	176	0	0	0	0	0	0
6	250	480	18026	146	4419	0	0	0	0	0	0	0	0
6	270	1149	44090	621	24072	11	230	0	0	0	0	0	0
6	0	7347	277530	28328	997954	230	4282	0	0	0	0	0	0
		0	0	0	0	0	0	0	0	0	0	0	0
													
11	10	41554	1145578	383	8663	30139	494344	0	0	0	0	0	0
11	30	21937	630723	959	26538	24464	495026	0	0	0	0	0	0
11	50	71359	1821282	115	2287	9155	141806	0	0	0	0	0	0
11	0	134850	3597583	1457	37488	63758	1131176	0	0	0	0	0	0
		0	0	0	0	0	0	0	0	0	0	0	0
													
98	10	37	1762	0	0	0	0	0	0	0	0	0	0
98	0	37	1762	0	0	0	0	0	0	0	0	0	0
													
													
12	10	1480	54459	5	300	10	190	0	0	0	0	0	0
12	30	161	5327	8	238	6	180	0	0	0	0	0	0
12	50	18159	660392	307	6570	4319	87178	0	0	0	0	0	0
12	70	2488	82482	27	675	191	3995	0	0	0	0	0	0
12	90	1687	68564	0	0	9	140	0	0	0	0	0	0
12	110	8902	330468	73	2036	1489	34251	0	0	0	0	0	0
12	130	161	6554	0	0	34	575	0	0	0	0	0	0
12	150	8567	264326	63	1127	436	7201	0	0	0	0	0	0
12	170	0	0	0	0	0	0	0	0	0	0	0	0
12	190	19488	716522	12674	333131	13089	288372	0	0	0	0	0	0
12	210	6488	219809	1924	53088	5845	138457	0	0	0	0	0	0
12	230	3518	131720	413	9797	2692	62629	0	0	0	0	0	0
12	250	9490	299729	174	3695	3846	80300	0	0	0	0	0	0
12	270	2564	109094	2031	53824	816	17861	0	0	0	0	0	0
12	290	1736	57241	21	630	291	4782	0	0	0	0	0	0
12	310	119	5064	4	109	27	890	0	0	0	0	0	0
12	330	17692	635239	207	4222	5154	124939	0	0	0	0	0	0
12	350	7958	284753	4334	107076	6194	123020	0	0	0	0	0	0
12	370	1788	72547	2381	68408	490	10343	0	0	0	0	0	0
12	390	148	6425	5	140	65	885	0	0	0	0	0	0
12	410	11043	464977	9577	269138	5518	117159	0	0	0	0	0	0
12	0	123637	4475692	34228	914204	50521	1103347	0	0	0	0	0	0
		0	0	0	0	0	0	0	0	0	0	0	0
													
13	10	1867	50094	6104	135141	766	14301	0	0	0	0	0	0
13	30	845	30356	20790	645958	1757	31980	0	0	0	0	0	0
13	50	0	0	0	0	0	0	0	0	0	0	0	0
13	70	731	23520	7118	146790	286	6221	0	0	0	0	0	0
13	90	1948	65430	20915	714330	879	18853	0	0	0	0	0	0
13	110	12103	472792	15108	535353	17532	459935	0	0	0	0	0	0
13	130	6751	233185	21611	744981	1192	25036	0	0	0	0	0	0
13	150	2237	78253	7954	187383	3179	67637	0	0	0	0	0	0
13	170	1532	61708	7833	251334	368	7921	0	0	0	0	0	0
13	190	730	26423	12110	393815	92	1998	0	0	0	0	0	0
13	210	5198	162657	7217	180127	423	7752	0	0	0	0	0	0
13	230	678	28560	6001	223196	257	8821	0	0	0	0	0	0
13	250	570	20503	3825	124522	26	661	0	0	0	0	0	0
13	270	4044	141444	7568	220211	699	15756	0	0	0	0	0	0
13	290	6864	242261	30931	1055309	13841	292817	0	0	0	0	0	0
13	310	777	23960	3253	94741	139	2114	0	0	0	0	0	0
13	330	807	25042	13048	506836	7	102	0	0	0	0	0	0
13	350	933	32130	3903	107989	33	803	0	0	0	0	0	0
13	370	4554	183251	14371	556594	22856	547192	0	0	0	0	0	0
13	390	1754	67829	1794	51093	709	15174	0	0	0	0	0	0
13	410	31	1061	25	821	0	0	0	0	0	0	0	0
13	430	1329	55849	8986	282280	167	2398	0	0	0	0	0	0
13	450	1825	64917	43217	1097389	270	3440	0	0	0	0	0	0
13	470	0	0	0	0	0	0	0	0	0	0	0	0
13	490	320	11130	12845	422757	49	1026	0	0	0	0	0	0
13	510	3344	130972	15197	546148	20324	469179	0	0	0	0	0	0
13	530	3449	130376	8752	290647	2715	71038	0	0	0	0	0	0
13	550	8388	348613	18985	769887	28593	739580	0	0	0	0	0	0
13	570	2017	70765	11837	299018	684	14102	0	0	0	0	0	0
13	590	151	4760	10	300	15	300	0	0	0	0	0	0
13	610	0	0	0	0	0	0	0	0	0	0	0	0
13	630	10692	402795	20015	560148	24102	564876	0	0	0	0	0	0
13	650	3396	128592	13423	512974	1654	43015	0	0	0	0	0	0
13	670	9177	333002	14611	508171	10413	293239	0	0	0	0	0	0
13	690	9129	363853	17184	692240	24934	648218	0	0	0	0	0	0
13	710	2493	89556	582	14881	430	8463	0	0	0	0	0	0
13	730	6752	252057	10148	380876	16801	442468	0	0	0	0	0	0
13	750	5261	195157	12827	416055	1110	27402	0	0	0	0	0	0
13	770	2588	99707	13150	426152	286	5686	0	0	0	0	0	0
13	790	206	7494	67	2073	58	1400	0	0	0	0	0	0
13	810	0	0	0	0	0	0	0	0	0	0	0	0
13	830	5315	181914	7185	213350	368	6267	0	0	0	0	0	0
13	850	23	470	0	0	0	0	0	0	0	0	0	0
13	870	81	3348	5	125	2	20	0	0	0	0	0	0
13	890	1441	47002	38611	1132687	63	954	0	0	0	0	0	0
13	910	3918	138478	7753	213274	152	2219	0	0	0	0	0	0
13	930	629	18088	3340	72249	264	3575	0	0	0	0	0	0
13	950	1171	39780	10511	283595	837	21114	0	0	0	0	0	0
13	970	2180	75034	5458	111915	4244	86909	0	0	0	0	0	0
13	990	5307	188010	10251	301904	13555	322516	0	0	0	0	0	0
13	1010	2914	95935	36523	798606	6914	138714	0	0	0	0	0	0
13	1030	1275	37480	358	9399	847	20277	0	0	0	0	0	0
13	1050	956	40516	1790	55627	38	723	0	0	0	0	0	0
13	1070	1564	51435	10665	193127	2061	42713	0	0	0	0	0	0
13	1090	3235	114126	7184	201274	6114	144454	0	0	0	0	0	0
13	1110	3565	124714	1598	37448	1034	20941	0	0	0	0	0	0
13	1130	409	12788	390	11800	0	0	0	0	0	0	0	0
13	1150	8032	296593	11640	321218	155	3000	0	0	0	0	0	0
13	1170	13129	485810	17048	638826	15600	386367	0	0	0	0	0	0
13	1190	330	14068	61	2262	89	2293	0	0	0	0	0	0
13	1210	1403	58574	15768	616881	8520	199757	0	0	0	0	0	0
13	1230	5265	175578	6780	176741	11892	280189	0	0	0	0	0	0
13	0	187613	6859795	626234	19490828	270395	6543906	0	0	0	0	0	0
		0	0	0	0	0	0	0	0	0	0	0	0
													
14	10	35790	1402786	9115	235660	32890	612129	0	0	0	0	0	0
14	30	9052	351373	8097	262861	6069	126700	0	0	0	0	0	0
14	50	15998	692820	16124	489662	12629	231105	0	0	0	0	0	0
14	70	7857	289077	6952	229651	5960	126464	0	0	0	0	0	0
14	90	21683	877780	16016	454166	18282	328020	0	0	0	0	0	0
14	110	52227	1961333	31897	708768	44209	900405	0	0	0	0	0	0
14	130	11751	475595	9797	313854	9884	202279	0	0	0	0	0	0
14	150	5955	222541	26993	572475	5600	113476	0	0	0	0	0	0
14	170	32405	1296660	14518	405294	21334	495529	0	0	0	0	0	0
14	190	19724	837389	21563	755954	14304	298944	0	0	0	0	0	0
14	210	6807	231381	12119	432446	5195	109755	0	0	0	0	0	0
14	230	142	5647	144	4116	3	57	0	0	0	0	0	0
14	250	2819	84854	3098	75872	2605	48165	0	0	0	0	0	0
14	270	22193	902664	20785	632086	20818	373188	0	0	0	0	0	0
14	290	39104	1758890	12031	402908	22603	565336	0	0	0	0	0	0
14	310	12661	511645	18434	592007	11611	230966	0	0	0	0	0	0
14	330	8131	279213	12110	365402	4989	98975	0	0	0	0	0	0
14	350	6760	269907	5451	141913	5654	109438	0	0	0	0	0	0
14	370	18938	721401	15928	349359	18072	358842	0	0	0	0	0	0
14	390	20138	835604	30266	1146652	6493	137169	0	0	0	0	0	0
14	410	36781	1105754	13792	273494	35872	732075	0	0	0	0	0	0
14	430	22117	808038	15091	275227	18368	354428	0	0	0	0	0	0
14	450	3667	131504	776	24291	1528	39360	0	0	0	0	0	0
14	470	812	29207	2716	88423	257	5836	0	0	0	0	0	0
14	490	14173	571668	21814	809734	3637	81825	0	0	0	0	0	0
14	510	15345	568673	11258	363196	8873	173425	0	0	0	0	0	0
14	530	678	25323	1036	33590	365	7217	0	0	0	0	0	0
14	550	46281	1960957	3489	80455	61286	1170328	0	0	0	0	0	0
14	570	11604	503412	1962	46371	14788	220523	0	0	0	0	0	0
14	590	14270	549170	6214	162586	5498	80959	0	0	0	0	0	0
14	610	15459	606824	10181	282435	14041	235792	0	0	0	0	0	0
14	630	19350	793864	20296	609767	13490	246789	0	0	0	0	0	0
14	650	9709	366836	15416	479555	7357	143972	0	0	0	0	0	0
14	670	13311	567845	11070	298938	12553	241272	0	0	0	0	0	0
14	690	712	24902	3515	91228	86	1734	0	0	0	0	0	0
14	710	81959	4193150	8088	212496	76634	2003244	0	0	0	0	0	0
14	730	12923	538571	12815	445518	9511	198748	0	0	0	0	0	0
14	750	23775	880865	11207	237369	22549	507756	0	0	0	0	0	0
14	770	17640	543785	11031	262398	20128	400112	0	0	0	0	0	0
14	790	7229	265573	6592	130997	5422	105800	0	0	0	0	0	0
14	810	22475	943457	19835	520195	16592	322509	0	0	0	0	0	0
14	830	257	9417	3660	116824	39	660	0	0	0	0	0	0
14	850	21840	979130	24084	836890	9967	199694	0	0	0	0	0	0
14	870	12572	508949	9031	232695	12169	240391	0	0	0	0	0	0
14	890	4770	170333	4592	117576	3278	54443	0	0	0	0	0	0
14	910	21379	786610	6612	176468	14258	314130	0	0	0	0	0	0
14	930	8369	292253	7358	147797	8064	138780	0	0	0	0	0	0
14	950	20815	875974	14894	428626	17200	364419	0	0	0	0	0	0
14	970	19618	779810	16897	379134	19266	350586	0	0	0	0	0	0
14	990	18959	730835	14869	397544	17019	309638	0	0	0	0	0	0
14	1010	739	27783	176	2106	254	6471	0	0	0	0	0	0
14	1030	639	22910	533	14307	71	1067	0	0	0	0	0	0
14	1050	564	20034	9838	280355	153	3102	0	0	0	0	0	0
14	1070	12584	414692	11859	235024	13314	242481	0	0	0	0	0	0
14	1090	16120	648534	13721	333562	15509	253731	0	0	0	0	0	0
14	1110	14069	583056	31819	1116325	11198	237446	0	0	0	0	0	0
14	1130	1292	48538	3824	120883	291	5560	0	0	0	0	0	0
14	1150	1723	63801	12045	358098	532	10911	0	0	0	0	0	0
14	1170	2121	80417	25393	624863	1100	24319	0	0	0	0	0	0
14	1190	11764	512135	9803	245590	12838	252280	0	0	0	0	0	0
14	1210	6812	287017	9190	306861	3030	61812	0	0	0	0	0	0
14	1230	2444	100235	8177	287662	858	17611	0	0	0	0	0	0
14	1250	22492	868425	18588	628801	13409	255464	0	0	0	0	0	0
14	1270	1070	47211	4533	129348	64	1224	0	0	0	0	0	0
14	1290	25649	1012462	24660	798650	19695	391527	0	0	0	0	0	0
14	1310	1480	49317	5554	144012	734	14226	0	0	0	0	0	0
14	1330	74861	3229052	17173	438166	69174	1590375	0	0	0	0	0	0
14	0	1065407	43136868	808515	23197536	881523	18082994	0	0	0	0	0	0
		0	0	0	0	0	0	0	0	0	0	0	0
													
21	10	76088	3468883	40911	1187674	48764	877154	0	0	0	0	0	0
21	30	20948	609935	250	5717	4566	80294	0	0	3058	3253	0	0
21	50	31363	1163850	14740	289896	21448	374560	0	0	0	0	0	0
21	70	34098	1900914	28820	752238	883	12135	0	0	0	0	0	0
21	90	27858	1302846	9289	258020	8930	143554	0	0	0	0	0	0
21	110	178919	10950064	84495	3033708	5673	122210	0	0	0	0	0	0
21	130	16501	872501	882	21693	9023	188898	0	0	0	0	0	0
21	150	53423	3204306	40201	1322969	543	11336	0	0	0	0	0	0
21	170	44367	2387284	11381	356848	26062	580911	0	0	0	0	0	0
21	190	201544	11232358	47438	1367523	17968	390663	0	0	0	0	0	0
21	210	99868	5113804	21283	555172	58779	1463939	0	0	0	0	0	0
21	230	59204	2365122	7219	110586	13773	212536	0	0	0	0	0	0
21	250	39671	1000966	9010	151503	3335	45192	0	0	0	0	0	0
21	270	39706	1504968	27843	685609	56573	1260803	0	0	0	0	0	0
21	290	81530	4218759	13194	355120	10218	218059	0	0	0	0	0	0
21	310	45356	1801375	28548	966333	3353	60806	0	0	0	0	0	0
21	330	48442	1727865	4722	76952	10780	171060	0	0	0	0	0	0
21	350	44938	1777045	6616	119347	3709	56162	0	0	0	0	0	0
21	370	121082	7661228	74717	3130265	1916	36406	0	0	0	0	0	0
21	390	80316	4396069	17616	496711	10121	210918	0	0	0	0	0	0
21	410	77339	4172821	19717	607441	8920	200346	0	0	0	0	0	0
21	430	30298	1526731	19038	685697	2424	55133	0	0	0	0	0	0
21	450	97560	5185726	25238	638116	30063	574900	0	0	0	0	0	0
21	470	21961	676184	5152	110101	11949	189234	0	0	0	0	0	0
21	490	43219	1350214	20041	368574	14793	274791	0	0	0	0	0	0
21	510	65823	2296704	19424	351904	18875	312442	0	0	0	0	0	0
21	530	107867	5736488	62670	1861007	1468	30680	0	0	0	0	0	0
21	550	25379	555123	5575	96033	10389	159246	0	0	0	0	0	0
21	570	102973	5407273	34636	1073623	34423	625216	0	0	0	0	0	0
21	590	39410	1381240	2626	43616	14694	205643	0	0	0	0	0	0
21	610	66786	3589024	8893	264987	34804	745992	0	0	0	0	0	0
21	630	98708	5081492	49163	1728230	954	17933	0	0	0	0	0	0
21	650	33601	824072	7676	141899	9799	132288	0	0	0	0	0	0
21	670	87190	4257406	40061	1316769	38063	728260	0	0	0	0	0	0
21	690	8067	229638	21	310	279	2925	0	0	0	0	0	0
21	710	56270	3136013	17908	524095	9891	211325	0	0	0	0	0	0
21	730	160219	9607213	80799	2768386	3376	77869	0	0	0	0	0	0
21	750	243595	12443925	132073	3590458	6710	132011	0	0	0	0	0	0
21	770	37356	1254951	5533	100967	29023	497692	0	0	0	0	0	0
21	790	58396	2012351	15017	264699	5689	88711	0	0	0	0	0	0
21	810	41001	994191	8610	145403	9388	143595	0	0	0	0	0	0
21	830	33562	1623471	6414	167069	28055	626676	0	0	0	0	0	0
21	850	45353	2595450	34237	1048093	443	5933	0	0	0	0	0	0
21	870	18101	489589	417	5954	941	9987	0	0	0	0	0	0
21	890	69706	4093452	42715	1717478	2664	59653	0	0	0	0	0	0
21	910	131497	6326128	59912	1984229	7680	162250	0	0	0	0	0	0
21	930	63769	3649368	42275	1757024	1435	30094	0	0	0	0	0	0
21	950	119204	6920201	42328	1369135	5146	105371	0	0	0	0	0	0
21	970	23091	1021959	19631	686130	2206	43105	0	0	0	0	0	0
21	990	253305	14997428	128790	4972488	3518	70768	0	0	0	0	0	0
21	1010	41461	1334514	4717	82980	19458	303193	0	0	0	0	0	0
21	1030	134050	7711948	80742	2827904	4758	112729	0	0	0	0	0	0
21	1050	250657	13783733	155963	4846190	2121	40601	0	0	0	0	0	0
21	1070	115227	6810871	34649	1116206	55636	1382787	0	0	0	0	0	0
21	1090	93706	5558814	32359	1195472	28214	647021	0	0	0	0	0	0
21	1110	56782	2928359	43349	1485978	2480	41137	0	0	0	0	0	0
21	1130	268098	15701766	109202	3407689	12878	257298	0	0	0	0	0	0
21	1150	100126	5477907	14244	403154	29557	679882	0	0	0	0	0	0
21	1170	85616	3948869	27928	742400	54796	1247746	0	0	0	0	0	0
21	1190	62089	2679313	19491	431601	91156	2038058	0	0	0	0	0	0
21	1210	37042	966237	11297	201061	10386	184633	0	0	0	0	0	0
21	1230	74769	4192544	40425	1332920	4149	76528	0	0	0	0	0	0
21	1250	75620	3357776	17530	453141	54693	1074427	0	0	0	0	0	0
21	1270	18031	583744	1819	33914	4220	54701	0	0	0	0	0	0
21	1290	45061	2363907	12007	387182	29347	649062	0	0	0	0	0	0
21	1310	95483	5707548	33649	983833	4157	85004	0	0	0	0	0	0
21	1330	26241	1249116	9140	212883	51511	1155994	0	0	0	0	0	0
21	1350	72211	3130568	28729	683490	44602	948565	0	0	0	0	0	0
21	1370	81616	4368323	21502	745120	48611	1145906	0	0	0	0	0	0
21	1390	55452	3139603	12015	347156	13009	307765	0	0	0	0	0	0
21	1410	111695	6101467	93418	3054386	1673	28044	0	0	0	0	0	0
21	1430	83686	4442093	33385	1000018	12781	253381	0	0	0	0	0	0
21	1450	26631	652585	12194	189068	24805	365588	0	0	0	0	0	0
21	1470	78190	4655083	15944	493886	16581	391721	0	0	0	0	0	0
21	1490	87898	4472794	21397	563641	47594	848221	0	0	0	0	0	0
21	1510	16830	478895	1000	17206	2063	26236	0	0	0	0	0	0
21	1530	17192	464277	1755	33663	3900	53693	0	0	1164	916	0	0
21	1550	26250	1553424	12065	459862	3294	62811	0	0	0	0	0	0
21	1570	36550	1371897	11549	237718	60256	1051230	0	0	0	0	0	0
21	1590	30428	745118	9474	151701	5961	85342	0	0	0	0	0	0
21	1610	58157	3335611	20910	613485	2756	52982	0	0	0	0	0	0
21	1630	47241	2228392	24520	636394	81019	2017298	0	0	0	0	0	0
21	1650	31057	934556	5187	105519	12324	176598	0	0	0	0	0	0
21	1670	134264	6971672	34390	1140019	65194	1605045	0	0	0	0	0	0
21	1690	40463	2004014	14478	462012	22875	432272	0	0	0	0	0	0
21	1710	34692	1922104	3662	98602	21456	487055	0	0	0	0	0	0
21	1730	105393	4761540	20663	419137	18641	368019	0	0	0	0	0	0
21	1750	61384	3616668	27268	908144	1670	33752	0	0	0	0	0	0
21	1770	70055	3906641	61226	1919095	574	7759	0	0	0	0	0	0
21	1790	106936	6119104	39671	1268770	32725	635078	0	0	0	0	0	0
21	1810	23612	745895	675	12768	8289	147818	0	0	0	0	0	0
21	1830	154957	7728289	35475	827655	20898	401729	0	0	0	0	0	0
21	1850	24777	918545	3145	59800	16604	273432	0	0	0	0	0	0
21	1870	106766	6757231	35520	1118554	5509	144716	0	0	0	0	0	0
21	1890	32789	1080859	15285	364080	78222	1573397	0	0	0	0	0	0
21	1910	56173	1426497	4890	89517	6238	85048	0	0	0	0	0	0
21	1930	65826	2273544	6584	122841	34035	457223	0	0	0	0	0	0
21	1950	122252	7378785	64475	2253468	10874	253642	0	0	0	0	0	0
21	1970	141777	6615976	77686	2611276	8232	143948	0	0	0	0	0	0
21	1990	22648	467687	2014	36019	5142	63154	0	0	0	0	0	0
21	2010	56617	2949664	46542	1312386	1408	19870	0	0	0	0	0	0
21	2030	102331	6285352	59311	1973986	4539	90929	0	0	0	0	0	0
21	0	7510683	382457687	2972280	92108749	1868350	38107733	0	0	4222	4169	0	0
		0	0	0	0	0	0	0	0	0	0		
													
22	10	40262	2128576	19394	539109	15712	285459	0	0	0	0	0	0
22	30	75762	3807941	39755	1120381	27202	558945	0	0	0	0	0	0
22	50	43368	1979318	1599	25084	30210	422902	0	0	0	0	0	0
22	70	86321	4420235	38584	973447	5726	123691	0	0	0	0	0	0
22	90	20416	1009440	5769	121105	4822	84238	0	0	0	0	0	0
22	110	65415	3597128	20769	496252	15987	314870	0	0	0	0	0	0
22	130	7112	193463	11	225	396	3812	0	0	0	0	0	0
22	150	56013	3173906	17257	447795	18325	373597	0	0	0	0	0	0
22	170	57022	2924327	16067	447579	16893	354899	0	0	0	0	0	0
22	190	21823	735249	1671	40987	8573	104042	0	0	0	0	0	0
22	210	31585	1303995	2277	38725	15562	211896	0	0	0	0	0	0
22	230	64000	3647689	18886	511790	27457	591947	0	0	0	0	0	0
22	250	12933	310799	614	11637	3321	33243	0	0	0	0	0	0
22	270	47769	1724629	5692	103083	18321	278847	0	0	0	0	0	0
22	290	17892	590696	588	9604	9621	129438	0	0	0	0	0	0
22	310	44721	2274301	1592	25334	30615	472782	0	0	0	0	0	0
22	330	34163	1730312	17737	484155	19433	383481	0	0	0	0	0	0
22	350	52385	2970484	11245	233143	14323	295591	0	0	0	0	0	0
22	370	27417	951606	10508	235830	22027	326215	0	0	0	0	0	0
22	390	41649	2176746	16276	461876	24487	507493	0	0	0	0	0	0
22	410	26108	1523147	789	15786	16124	244945	0	0	0	0	0	0
22	430	7111	221759	541	14042	2690	40830	0	0	0	0	0	0
22	450	49836	2378955	15431	287201	16568	262491	0	0	0	0	0	0
22	470	34268	1672933	407	7047	20501	316834	0	0	0	0	0	0
22	490	46576	2230887	9343	213308	8778	169721	0	0	0	0	0	0
22	510	56403	2153974	2423	51809	30019	498909	0	0	0	0	0	0
22	530	54177	3072471	16337	398762	11178	232262	0	0	0	0	0	0
22	550	39643	1545883	5564	108206	13385	211761	0	0	0	0	0	0
22	570	59425	3462635	15292	375513	20030	421874	0	0	0	0	0	0
22	590	49531	2642529	10821	214213	19042	339921	0	0	0	0	0	0
22	610	26514	728831	3157	75286	13553	170292	0	0	0	0	0	0
22	630	56063	2925117	11118	221343	18599	328838	0	0	0	0	0	0
22	650	60270	3500257	11610	245289	23094	441876	0	0	0	0	0	0
22	670	45828	2780575	13913	428765	13263	320718	0	0	0	0	0	0
22	690	47165	2569199	26601	702369	14740	318938	0	0	0	0	0	0
22	710	39803	1455347	2855	46948	21794	302855	0	0	0	0	0	0
22	730	80560	3853788	28648	620445	8793	187351	0	0	0	0	0	0
22	750	45558	2088224	15808	322169	14625	231004	0	0	0	0	0	0
22	770	21657	572084	634	14952	7821	99152	0	0	0	0	0	0
22	790	24486	640550	596	9865	7492	95989	0	0	0	0	0	0
22	810	44525	2511505	3113	64149	25141	473655	0	0	0	0	0	0
22	830	67847	2623132	6903	126777	40947	717250	0	0	0	0	0	0
22	850	64014	3337946	19731	529337	22506	417969	0	0	0	0	0	0
22	870	34880	1743889	12171	348842	20137	310985	0	0	0	0	0	0
22	890	47188	2248794	20842	584464	10379	222209	0	0	0	0	0	0
22	910	63955	2903485	19565	560103	29020	594439	0	0	0	0	0	0
22	930	21146	697440	1631	27349	5198	67342	0	0	0	0	0	0
22	950	69589	3970407	17774	421609	21764	463132	0	0	0	0	0	0
22	970	37895	1799326	6614	126591	14980	289294	0	0	0	0	0	0
22	990	47763	2326964	12741	366805	16748	344815	0	0	0	0	0	0
22	1010	13541	473449	1607	25955	3097	38522	0	0	0	0	0	0
22	1030	48507	2715922	13225	335734	15471	326292	0	0	0	0	0	0
22	1050	15903	492616	1492	26439	2590	31441	0	0	0	0	0	0
22	1070	70663	3717601	20346	437513	24734	418128	0	0	0	0	0	0
22	1090	40727	2037238	3860	73428	12818	207857	0	0	0	0	0	0
22	1110	62128	3029415	28418	731751	5033	113598	0	0	0	0	0	0
22	1130	40990	2196235	17946	477127	18841	347731	0	0	0	0	0	0
22	1150	5127	236730	75	1435	2214	32363	0	0	0	0	0	0
22	1170	21278	644657	2035	44270	6671	86676	0	0	0	0	0	0
22	1190	20818	783701	993	14127	4208	51042	0	0	0	0	0	0
22	1210	43793	2146572	9169	174017	14476	228723	0	0	0	0	0	0
22	1230	16188	476035	2063	48047	7791	97852	0	0	0	0	0	0
22	1250	25194	756194	1114	25058	9198	120145	0	0	0	0	0	0
22	1270	41580	2100934	17344	479517	16632	359581	0	0	0	0	0	0
22	1290	50913	2070735	3202	54539	36853	563328	0	0	0	0	0	0
22	1310	56144	2531563	16342	353450	9302	184887	0	0	0	0	0	0
22	1330	47309	2208333	7624	150137	12649	179632	0	0	0	0	0	0
22	1350	66313	3542876	16636	342265	21829	379335	0	0	0	0	0	0
22	1370	33172	1005328	530	8272	20960	294241	0	0	0	0	0	0
22	1390	72168	4293136	3942	80184	42884	731676	0	0	0	0	0	0
22	1410	41595	1961625	10649	308540	21212	423023	0	0	0	0	0	0
22	1430	12038	354194	627	15777	3526	47987	0	0	0	0	0	0
22	1450	66252	3312124	4518	79347	39746	581842	0	0	0	0	0	0
22	1470	34258	1142430	5161	130008	21414	288772	0	0	0	0	0	0
22	1490	33642	1424336	7229	190524	6163	123805	0	0	0	0	0	0
22	1510	22518	1173571	10489	314750	10993	207756	0	0	0	0	0	0
22	1530	44411	1575094	2110	40540	18523	297484	0	0	0	0	0	0
22	1550	10276	293821	154	2647	4212	50156	0	0	0	0	0	0
22	1570	77016	3787964	19436	453793	26341	532939	0	0	0	0	0	0
22	1590	43084	2817102	12113	320091	12665	286327	0	0	0	0	0	0
22	1610	22609	1532389	282	5459	14736	261653	0	0	0	0	0	0
22	1630	23309	1019696	1160	24941	15187	284242	0	0	0	0	0	0
22	1650	32138	1497067	6188	123186	12444	204591	0	0	0	0	0	0
22	1670	35503	1344681	2700	42834	14449	233700	0	0	0	0	0	0
22	1690	51275	2897835	21058	506509	19444	409356	0	0	0	0	0	0
22	1710	53758	2686037	14319	275361	8646	173686	0	0	0	0	0	0
22	1730	29118	843031	2033	43917	16311	223850	0	0	0	0	0	0
22	1750	30784	973574	3457	54170	10368	144293	0	0	0	0	0	0
22	1770	50952	2890503	5166	97980	26425	442167	0	0	0	0	0	0
22	1790	50272	2654013	19104	460633	11510	217482	0	0	0	0	0	0
22	1810	90317	4402245	36760	940077	10486	193239	0	0	0	0	0	0
22	1830	35687	1759689	17238	436387	12344	237474	0	0	0	0	0	0
22	0	3901080	187635164	929178	22607221	1463318	25653913	0	0	0	0	0	0
		0	0	0	0	0	0	0	0	0	0		
													
23	10	1487	50726	2518	72399	860	15336	0	0	0	0	0	0
23	30	13	331	994	28992	10	101	0	0	0	0	0	0
23	50	35323	1156614	26020	918722	22581	435774	0	0	0	0	0	0
23	70	1941	69690	6909	233203	2264	45669	0	0	0	0	0	0
23	90	5856	171972	3647	98760	688	8903	0	0	0	0	0	0
23	110	6763	227471	8837	298602	921	16186	0	0	0	0	0	0
23	130	10	151	1046	24177	28	250	0	0	0	0	0	0
23	150	24139	960661	16976	582930	17559	321625	0	0	0	0	0	0
23	170	16736	629867	19864	839310	9153	234458	0	0	0	0	0	0
23	190	2978	87527	694	17381	466	4732	0	0	0	0	0	0
23	210	30398	1213867	9012	269460	12286	228282	0	0	0	0	0	0
23	230	36933	1698522	22039	668121	17937	326257	0	0	0	0	0	0
23	250	34223	1297853	23993	790544	25790	480673	0	0	0	0	0	0
23	270	31260	1332998	8690	242292	14089	208108	0	0	0	0	0	0
23	290	4396	158246	3062	101194	1054	17630	0	0	0	0	0	0
23	310	2703	93920	3173	80327	500	7009	0	0	0	0	0	0
23	330	98	1883	9658	280834	2208	35195	0	0	0	0	0	0
23	350	5401	197949	3964	129277	899	18078	0	0	0	0	0	0
23	370	33036	1318373	29996	1209232	28011	579311	0	0	0	0	0	0
23	390	292	8859	113	2438	5	175	0	0	0	0	0	0
23	410	131	4229	5377	150191	253	4169	0	0	0	0	0	0
23	430	31	858	1338	40122	59	799	0	0	0	0	0	0
23	450	32418	1258903	26654	1051150	26133	574058	0	0	0	0	0	0
23	470	3260	99385	2762	83932	550	7274	0	0	0	0	0	0
23	490	28586	1051814	31313	1313919	18848	431828	0	0	0	0	0	0
23	510	7356	245806	5812	188995	644	10731	0	0	0	0	0	0
23	530	2	64	392	10122	4	80	0	0	0	0	0	0
23	550	7811	211837	5663	148114	1342	18045	0	0	0	0	0	0
23	570	41053	1535382	31281	1356208	16142	381482	0	0	0	0	0	0
23	590	43311	1777770	30207	1056151	19834	429852	0	0	0	0	0	0
23	610	12	130	4150	93327	146	1505	0	0	0	0	0	0
23	630	13600	489357	39271	1585616	29833	759897	0	0	0	0	0	0
23	650	28192	1131003	24939	980251	14732	339686	0	0	0	0	0	0
23	670	30320	1146242	26660	1107508	24274	499827	0	0	0	0	0	0
23	690	2774	98342	3606	105827	461	6712	0	0	0	0	0	0
23	710	3	93	1442	45325	25	361	0	0	0	0	0	0
23	730	22547	839183	23061	873410	8513	200983	0	0	0	0	0	0
23	750	31057	1202932	21953	696841	15406	292394	0	0	0	0	0	0
23	770	26918	1081282	15653	511542	19119	329799	0	0	0	0	0	0
23	790	4505	109568	1283	30215	364	3810	0	0	0	0	0	0
23	810	27126	1073095	27578	1001649	17083	311695	0	0	0	0	0	0
23	830	0	0	79	2018	1	4	0	0	0	0	0	0
23	850	3127	85287	1582	44839	311	4562	0	0	0	0	0	0
23	870	22540	793153	32044	1289620	15570	379703	0	0	0	0	0	0
23	890	5716	198082	5520	144699	2270	28638	0	0	0	0	0	0
23	910	68937	2943026	43072	1658932	31744	765325	0	0	0	0	0	0
23	930	21356	839828	20996	762889	12306	262090	0	0	0	0	0	0
23	950	147	5137	598	14615	18	237	0	0	0	0	0	0
23	970	137	3579	2183	60055	320	4556	0	0	0	0	0	0
23	990	23302	922156	24271	918288	16738	425545	0	0	0	0	0	0
23	1010	6808	148825	2567	60669	1324	13388	0	0	0	0	0	0
23	1030	16	478	1236	29926	10	179	0	0	0	0	0	0
23	1050	7437	236496	7624	220108	3031	54910	0	0	0	0	0	0
23	1070	13996	409495	10152	292388	1382	21059	0	0	0	0	0	0
23	1090	286	8966	8264	238528	684	8824	0	0	0	0	0	0
23	1110	13541	471421	10816	420358	1793	44337	0	0	0	0	0	0
23	1130	5950	184572	7084	227538	1602	23306	0	0	0	0	0	0
23	1150	53386	2213977	31465	1185096	30759	754823	0	0	0	0	0	0
23	1170	24198	841327	24694	834325	10032	190143	0	0	0	0	0	0
23	1190	1199	40445	1588	51497	656	13466	0	0	0	0	0	0
23	1210	7768	277629	7045	224763	2724	51651	0	0	0	0	0	0
23	1230	13694	471832	8804	260776	3477	63440	0	0	0	0	0	0
23	1250	23270	798380	23350	811179	8492	185939	0	0	0	0	0	0
23	1270	10955	378168	4586	125274	2119	32639	0	0	0	0	0	0
23	1290	4193	152381	5083	169515	1097	21908	0	0	0	0	0	0
23	1310	8	259	2686	46575	305	2474	0	0	0	0	0	0
23	1330	7637	239619	9473	299108	1294	20725	0	0	0	0	0	0
23	1350	1196	35866	512	13442	65	1036	0	0	0	0	0	0
23	1370	1642	50480	2815	83366	576	7791	0	0	0	0	0	0
23	1390	25774	840957	25720	956217	19388	384634	0	0	0	0	0	0
23	1410	1354	57901	7286	253376	2950	56949	0	0	0	0	0	0
23	1430	342	10223	249	7979	30	535	0	0	0	0	0	0
23	1450	40160	1745980	36262	1542402	24082	594065	0	0	0	0	0	0
23	1470	19547	682593	36373	1276326	25314	635707	0	0	0	0	0	0
23	1490	34345	1413698	8037	216931	17995	264005	0	0	0	0	0	0
23	1510	11974	478926	55700	2206914	34245	830980	0	0	0	0	0	0
23	1530	81	1796	1054	28057	15	129	0	0	0	0	0	0
23	1550	28011	1035050	31808	1267335	23412	524494	0	0	0	0	0	0
23	1570	27242	936590	34601	1461538	25532	669779	0	0	0	0	0	0
23	1590	31382	1121831	9705	276391	9902	167353	0	0	0	0	0	0
23	1610	33751	1260282	34424	1316449	21565	512582	0	0	0	0	0	0
23	1630	19970	747885	12330	428937	7118	181091	0	0	0	0	0	0
23	1650	6239	167868	2521	54761	1015	10671	0	0	0	0	0	0
23	0	1247613	47287199	1127859	41102609	734337	15804411	0	0	0	0	0	0
		0	0	0	0	0	0	0	0	0	0		
													
24	10	30905	984189	149	1923	13775	131974	0	0	0	0	0	0
24	30	45261	2300143	17710	495800	25437	533791	0	0	0	0	0	0
24	50	27267	1317511	19066	703952	24460	462898	0	0	0	0	0	0
24	70	22011	952917	22547	841641	6158	121877	0	0	0	0	0	0
24	90	12198	472372	284	6390	4327	63617	0	0	0	0	0	0
24	110	50434	2573628	19324	536338	29402	589660	0	0	0	0	0	0
24	130	15404	677602	5875	160539	6136	113586	0	0	0	0	0	0
24	150	44641	1312332	125	1634	14068	134255	0	0	0	0	0	0
24	170	50919	2381284	2080	33876	31992	532269	0	0	0	0	0	0
24	190	11762	497101	10124	334592	8969	170467	0	0	0	0	0	0
24	210	49298	2835579	8993	211805	27497	629336	0	0	0	0	0	0
24	230	44688	2483961	4128	92661	27530	596159	0	0	0	0	0	0
24	250	35907	1073404	140	1632	7645	84488	0	0	0	0	0	0
24	270	57760	2765670	411	8008	34348	601174	0	0	0	0	0	0
24	290	19168	900969	16981	640390	15129	341859	0	0	0	0	0	0
24	310	23021	1220929	3962	109658	17055	302341	0	0	0	0	0	0
24	330	43777	2441773	21520	763702	28295	624321	0	0	0	0	0	0
24	350	5184	214651	3207	122294	1950	48163	0	0	0	0	0	0
24	370	93814	4759197	17248	373410	51951	1047815	0	0	0	0	0	0
24	390	42024	2071276	24509	701872	26227	542298	0	0	0	0	0	0
24	410	41011	2006587	7293	179992	22300	417554	0	0	0	0	0	0
24	430	19173	967057	8717	311499	15529	401351	0	0	0	0	0	0
24	450	49101	2616897	539	10695	40090	748416	0	0	0	0	0	0
24	470	59445	2990795	2025	37500	36501	677315	0	0	0	0	0	0
24	490	48152	2265913	2853	57708	32411	644111	0	0	0	0	0	0
24	510	54253	3001813	29619	1096004	24476	624796	0	0	0	0	0	0
24	530	15186	490923	614	12268	5188	69807	0	0	0	0	0	0
24	550	11316	583341	12826	521675	3853	85975	0	0	0	0	0	0
24	570	53138	2938878	1805	36166	32325	626337	0	0	0	0	0	0
24	590	14550	595336	1989	43794	7229	116741	0	0	0	0	0	0
24	610	14871	603518	325	4932	5646	107763	0	0	0	0	0	0
24	630	69331	3958850	24361	740113	43043	913518	0	0	0	0	0	0
24	650	57609	3167693	17754	474028	26651	547655	0	0	0	0	0	0
24	670	9379	395930	5550	173192	5378	97755	0	0	0	0	0	0
24	690	63192	3495644	33852	1177081	31727	769684	0	0	0	0	0	0
24	710	58395	2378078	244	3734	36558	488555	0	0	0	0	0	0
24	730	12146	487919	187	3629	6450	89552	0	0	0	0	0	0
24	750	26289	1383171	14572	526481	24655	523337	0	0	0	0	0	0
24	770	41885	2100635	26210	927886	33254	755129	0	0	0	0	0	0
24	790	10805	380771	295	5651	4343	57899	0	0	0	0	0	0
24	810	8122	333021	5809	193739	5100	104219	0	0	0	0	0	0
24	830	36329	1842518	4553	122346	27518	460469	0	0	0	0	0	0
24	850	4844	171970	3016	99552	1448	31309	0	0	0	0	0	0
24	870	11676	321297	199	3480	852	11472	0	0	0	0	0	0
24	890	48873	2453569	5053	110825	31770	559894	0	0	0	0	0	0
24	910	47868	2370193	12245	260256	21316	454925	0	0	0	0	0	0
24	930	23240	1080720	19921	793745	18453	443709	0	0	0	0	0	0
24	950	23598	1278767	9347	325780	11572	309147	0	0	0	0	0	0
24	970	64796	3285131	6635	159735	34758	706824	0	0	0	0	0	0
24	990	13762	598291	12758	502766	9700	225453	0	0	0	0	0	0
24	1010	50590	2525523	16032	448954	21555	420118	0	0	0	0	0	0
24	1030	24654	1103222	20722	865915	18744	405673	0	0	0	0	0	0
24	1050	11800	452442	1289	33717	5190	75314	0	0	0	0	0	0
24	1070	57253	2872320	28324	772499	32581	610250	0	0	0	0	0	0
24	1090	59951	3281277	7306	153487	38549	902004	0	0	0	0	0	0
24	1110	12071	457131	2532	60087	5230	85124	0	0	0	0	0	0
24	1130	50351	2500881	3789	77168	28679	571610	0	0	0	0	0	0
24	1150	11895	530530	301	5597	6209	103684	0	0	0	0	0	0
24	1170	31687	1479912	9558	277545	18513	315152	0	0	0	0	0	0
24	1190	21284	1031926	1449	34547	12763	218760	0	0	0	0	0	0
24	1210	10834	463766	465	10185	4731	67624	0	0	0	0	0	0
24	1230	24262	1148930	11191	368365	17224	386935	0	0	0	0	0	0
24	1250	57036	2458996	28123	865388	15144	218199	0	0	0	0	0	0
24	1270	17197	771440	359	7547	12652	210606	0	0	0	0	0	0
24	1290	65934	3375495	525	9142	55487	1021113	0	0	0	0	0	0
24	1310	23747	915948	269	4153	7552	85379	0	0	0	0	0	0
24	1330	21231	968885	18133	648215	10893	231239	0	0	0	0	0	0
24	1350	60415	3536036	2828	51828	38730	694796	0	0	0	0	0	0
24	1370	65503	3411880	22542	729261	43616	898662	0	0	0	0	0	0
24	1390	33050	1591740	21246	734036	28262	558411	0	0	0	0	0	0
24	1410	54851	2655840	332	5319	35877	582200	0	0	0	0	0	0
24	1430	47639	2511647	21243	683574	33170	786373	0	0	0	0	0	0
24	1450	21425	769950	265	6210	5550	89613	0	0	0	0	0	0
24	1470	61585	3653202	27202	896893	52926	1176189	0	0	0	0	0	0
24	1490	51742	2631923	21916	499647	29562	639112	0	0	0	0	0	0
24	1510	31782	1571478	26378	1003600	25872	587987	0	0	0	0	0	0
24	1530	12812	659860	8451	310552	7032	160198	0	0	0	0	0	0
24	1550	19761	828733	16512	605525	8461	184317	0	0	0	0	0	0
24	1570	19022	938325	10118	318574	16250	333627	0	0	0	0	0	0
24	1590	44206	2028898	9705	218134	21989	432017	0	0	0	0	0	0
24	1610	62295	3316904	32095	1159632	16940	355208	0	0	0	0	0	0
24	1630	7702	269940	204	4661	2517	32297	0	0	0	0	0	0
24	1650	44780	1922260	750	13442	22920	359454	0	0	0	0	0	0
24	1670	16383	641846	928	21681	8942	148429	0	0	0	0	0	0
24	1690	45597	2470962	25452	1017541	46948	1120112	0	0	0	0	0	0
24	1710	41717	2316760	29000	977103	26408	600878	0	0	0	0	0	0
24	1730	91970	4954350	44022	1469113	42380	1046910	0	0	0	0	0	0
24	1750	44123	2500648	11169	337041	31352	615813	0	0	0	0	0	0
24	0	3167915	156303520	952274	30764247	1859845	37074406	0	0	0	0	0	0
		0	0	0	0	0	0	0	0	0	0		
													
25	10	16285	369585	5754	105683	99	824	0	0	0	0	0	0
25	30	123	3560	3780	73554	170	1269	0	0	0	0	0	0
25	50	7439	269093	42760	1437730	1362	13516	0	0	0	0	0	0
25	70	416	10626	4247	93802	983	12595	0	0	0	0	0	0
25	90	1419	51179	37559	1468418	1207	20951	0	0	0	0	0	0
25	110	25007	1101668	35720	1074790	1308	18216	0	0	0	0	0	0
25	130	7210	212527	6483	206140	1001	13584	0	0	0	0	0	0
25	150	3233	129690	21808	961882	1428	26897	0	0	0	0	0	0
25	170	15722	524561	47392	1397941	288	3124	0	0	0	0	0	0
25	190	4580	157107	59846	1899443	197	1874	0	0	0	0	0	0
25	210	46405	1773981	42610	1227540	1394	17745	0	0	0	0	0	0
25	230	19432	910642	16837	490545	449	5153	0	0	0	0	0	0
25	250	73796	3239482	80888	2478068	1810	25828	0	0	0	0	0	0
25	270	27063	997572	76542	2656731	1970	34520	0	0	0	0	0	0
25	290	182	5418	22647	842024	3876	55581	0	0	0	0	0	0
25	310	559	13320	3542	115901	858	14716	0	0	0	0	0	0
25	330	34430	1175461	51171	1503770	1609	16150	0	0	0	0	0	0
25	350	13683	484979	36348	1018300	1329	16443	0	0	0	0	0	0
25	370	81	2148	1279	34957	33	356	0	0	0	0	0	0
25	390	17539	661595	55436	1993904	891	14921	0	0	0	0	0	0
25	410	157	4342	2917	82672	50	706	0	0	0	0	0	0
25	430	76259	3586389	65856	2053237	1017	13955	0	0	0	0	0	0
25	450	40686	1906435	44820	1350470	239	3126	0	0	0	0	0	0
25	470	20458	765324	22431	650953	957	12810	0	0	0	0	0	0
25	490	32115	1474315	34690	1016236	394	4760	0	0	0	0	0	0
25	510	31	805	728	16747	36	321	0	0	0	0	0	0
25	530	15533	559572	21928	564987	1268	14927	0	0	0	0	0	0
25	550	20408	830011	41923	1281177	1539	24848	0	0	0	0	0	0
25	570	15783	519370	24587	638845	443	4937	0	0	0	0	0	0
25	590	15722	671792	16321	606240	923	15591	0	0	0	0	0	0
25	610	159	5941	28119	1114742	1904	33122	0	0	0	0	0	0
25	630	19442	712998	16318	520036	561	7950	0	0	0	0	0	0
25	650	49590	2191074	48678	1444969	161	1822	0	0	0	0	0	0
25	670	402	13548	9180	296358	42	690	0	0	0	0	0	0
25	690	218	6610	11178	307952	57	506	0	0	0	0	0	0
25	710	1983	73205	46548	1953121	956	17631	0	0	0	0	0	0
25	730	2913	95465	77851	2074814	809	8660	0	0	0	0	0	0
25	750	3457	91236	15890	461413	1281	16127	0	0	0	0	0	0
25	770	19145	531537	7920	156580	274	2643	0	0	0	0	0	0
25	790	4061	152552	7489	263085	305	5222	0	0	0	0	0	0
25	810	19030	663766	37046	934188	847	9939	0	0	0	0	0	0
25	830	4817	147227	28667	817355	1438	20551	0	0	0	0	0	0
25	850	122	3468	2498	63379	28	290	0	0	0	0	0	0
25	870	14847	573380	45528	1703030	401	7248	0	0	0	0	0	0
25	890	6138	233349	19609	713594	459	8367	0	0	0	0	0	0
25	910	12229	500538	13946	465139	1345	18551	0	0	0	0	0	0
25	930	31463	1334645	37848	1361263	4721	67304	0	0	0	0	0	0
25	950	17240	619199	37996	1248773	3213	41804	0	0	0	0	0	0
25	970	9796	296262	34945	801443	560	5173	0	0	0	0	0	0
25	990	206	6032	4924	157110	6	82	0	0	0	0	0	0
25	1010	19656	803141	18089	652533	812	15031	0	0	0	0	0	0
25	1030	19770	845378	16712	530538	412	5024	0	0	0	0	0	0
25	1050	63902	2684739	44874	1084983	1995	29454	0	0	0	0	0	0
25	1070	2004	72077	9694	321693	60	651	0	0	0	0	0	0
25	1090	21259	799124	53866	1691324	3382	36555	0	0	0	0	0	0
25	1110	37808	1500373	49126	1503598	2185	30049	0	0	0	0	0	0
25	1130	730	21717	2564	76854	62	401	0	0	0	0	0	0
25	1150	11877	412960	38922	1215780	1870	29681	0	0	0	0	0	0
25	1170	8076	337593	45270	1819015	833	14853	0	0	0	0	0	0
25	1190	844	24251	16643	483361	34	279	0	0	0	0	0	0
25	1210	25919	1057611	44051	1224795	2878	35027	0	0	0	0	0	0
25	1230	24136	1039346	24730	682828	665	8168	0	0	0	0	0	0
25	1250	28	678	534	14102	12	139	0	0	0	0	0	0
25	1270	32620	1405824	31711	890794	946	13705	0	0	0	0	0	0
25	1290	4890	136324	4855	149407	66	650	0	0	0	0	0	0
25	1310	9178	354810	39203	1332321	1372	25048	0	0	0	0	0	0
25	1330	13610	500169	36905	1161700	880	12785	0	0	0	0	0	0
25	1350	14720	522552	38196	1136912	624	8855	0	0	0	0	0	0
25	1370	22053	592228	17446	449171	341	2963	0	0	0	0	0	0
25	1390	15484	605017	28538	997750	933	14802	0	0	0	0	0	0
25	1410	4879	142497	29140	894395	242	1667	0	0	0	0	0	0
25	0	1122457	44522990	2052097	64514885	69100	969713	0	0	0	0	0	0
		0	0	0	0	0	0	0	0	0	0		
													
31	10	89010	3554845	36751	587719	2348	26711	0	0	0	0	0	0
31	30	62677	2686133	22910	416093	4864	67100	0	0	0	0	0	0
31	50	39154	2226895	34075	994302	913	12478	0	0	0	0	0	0
31	70	31052	1062828	17245	299364	953	8952	0	0	0	0	0	0
31	90	79722	3849449	36624	714729	1520	17527	0	0	0	0	0	0
31	110	119357	7849734	73879	2533601	801	13725	0	0	0	0	0	0
31	130	85563	5249953	55945	2102164	484	8339	0	0	0	0	0	0
31	150	115234	6779483	71185	2404776	1401	25932	0	0	0	0	0	0
31	170	59551	3232987	52438	1735431	341	4761	0	0	0	0	0	0
31	190	85413	4649002	57313	1912477	289	3512	0	0	0	0	0	0
31	210	118193	6801968	75406	2857295	122	2183	0	0	0	0	0	0
31	230	95425	4953792	64599	2044434	663	7150	0	0	0	0	0	0
31	250	122865	7527403	81266	2790234	474	7372	0	0	0	0	0	0
31	270	116182	6235400	63766	1616711	2680	40142	0	0	0	0	0	0
31	290	99141	4073281	29029	470580	9743	101570	0	0	0	0	0	0
31	310	94045	6554484	51864	1756460	1695	37697	0	0	0	0	0	0
31	330	93351	4697096	68211	2351920	869	12373	0	0	0	0	0	0
31	350	110697	6263194	48772	1748167	118	1950	0	0	0	0	0	0
31	370	61823	2882044	57699	1511149	369	3857	0	0	0	0	0	0
31	390	43038	1613342	26891	555670	777	8726	0	0	0	0	0	0
31	410	107503	6564648	74903	2984408	178	3092	0	0	0	0	0	0
31	430	64778	3901996	64909	2282996	549	7569	0	0	0	0	0	0
31	450	112117	7025195	53788	1832948	1639	33608	0	0	0	0	0	0
31	470	134843	6066311	48109	888548	6971	92841	0	0	0	0	0	0
31	490	109341	5481700	46794	946788	5711	72211	0	0	0	0	0	0
31	510	34707	1356462	19460	461374	2442	34895	0	0	0	0	0	0
31	530	41686	1501473	22717	460876	1535	17143	0	0	0	0	0	0
31	550	76235	4607148	58682	1947353	132	1768	0	0	0	0	0	0
31	570	54081	3074110	20720	578524	8644	207405	0	0	0	0	0	0
31	590	67849	3916520	48756	1874639	229	3089	0	0	0	0	0	0
31	610	58644	3552804	50349	1499299	533	7352	0	0	0	0	0	0
31	630	74068	4199852	59198	2440270	298	3716	0	0	0	0	0	0
31	650	83855	4474948	73985	2207863	293	3445	0	0	0	0	0	0
31	670	81870	4300082	61880	1977780	783	8456	0	0	0	0	0	0
31	690	106224	6203210	72276	2462499	384	6364	0	0	0	0	0	0
31	710	124520	5112579	10462	234933	20603	446637	0	0	0	0	0	0
31	730	129019	7203450	72150	2164707	845	14967	0	0	0	0	0	0
31	750	90974	5722311	49070	1619966	230	3979	0	0	0	0	0	0
31	770	98122	4338990	44807	689604	3055	33150	0	0	0	0	0	0
31	790	119037	7166327	88098	3446547	692	13550	0	0	0	0	0	0
31	810	104105	5471357	88390	3502518	102	2091	0	0	0	0	0	0
31	830	102490	5946090	63854	1975279	228	3955	0	0	0	0	0	0
31	850	145934	4960873	23359	420008	24418	454698	0	0	0	0	0	0
31	870	57129	3089014	22822	621261	4782	90328	0	0	0	0	0	0
31	890	47880	2165268	56161	1639132	213	2417	0	0	0	0	0	0
31	910	90605	5419948	69049	2713566	260	5126	0	0	0	0	0	0
31	930	88770	4444014	38072	807172	418	5708	0	0	0	0	0	0
31	950	83300	5084336	48115	1557525	1800	32132	0	0	0	0	0	0
31	970	56165	3565068	35527	1062689	409	5312	0	0	0	0	0	0
31	990	123731	7338908	62930	1896296	4742	91506	0	0	0	0	0	0
31	1010	49724	2399274	25973	644928	3798	59133	0	0	0	0	0	0
31	1030	93958	6040008	46852	1471492	1502	28992	0	0	0	0	0	0
31	1050	67888	4536728	41071	1417455	325	6000	0	0	0	0	0	0
31	1070	85912	4726491	40581	953264	2662	45843	0	0	0	0	0	0
31	1090	183998	9972514	161255	6361104	169	3124	0	0	0	0	0	0
31	1110	41503	1789513	20163	536339	11160	202634	0	0	0	0	0	0
31	1130	104012	6423940	60361	2049826	539	8778	0	0	0	0	0	0
31	1150	57469	3240468	20136	553988	7947	175003	0	0	0	0	0	0
31	1170	37156	1359458	21435	401111	719	7813	0	0	0	0	0	0
31	1190	112366	5929784	84518	3303444	680	11462	0	0	0	0	0	0
31	1210	72588	2799859	27114	535581	6138	88361	0	0	0	0	0	0
31	1230	89840	4853559	41928	1087994	4643	81487	0	0	0	0	0	0
31	1250	75521	3519793	36194	895765	4665	73604	0	0	0	0	0	0
31	1270	99253	6391830	52336	1748812	1284	21739	0	0	0	0	0	0
31	1290	93658	3644544	11721	189821	13763	223288	0	0	0	0	0	0
31	1310	58265	3126328	59363	2113185	943	11258	0	0	0	0	0	0
31	1330	137565	5836725	27388	630935	36272	759672	0	0	0	0	0	0
31	1350	32937	1267427	16680	317544	3789	49325	0	0	0	0	0	0
31	1370	81964	3428743	20104	393533	15353	245432	0	0	0	0	0	0
31	1390	63772	3943593	27414	847051	3184	68853	0	0	0	0	0	0
31	1410	112049	6921334	62385	2408542	298	5440	0	0	0	0	0	0
31	1430	76731	4440428	62096	2473569	94	1600	0	0	0	0	0	0
31	1450	96411	4230798	22170	539142	21532	413610	0	0	0	0	0	0
31	1470	107477	5928388	90535	3452132	598	11364	0	0	0	0	0	0
31	1490	178365	7184648	72968	2165333	3927	63268	0	0	0	0	0	0
31	1510	122386	7177206	91837	3321721	408	7965	0	0	0	0	0	0
31	1530	93609	5268291	39225	1083818	11417	222704	0	0	0	0	0	0
31	1550	198356	8299941	25773	489335	16517	307417	0	0	0	0	0	0
31	1570	92411	5529178	48199	1472536	293	4031	0	0	0	0	0	0
31	1590	54632	2018229	29494	528526	2398	32860	0	0	0	0	0	0
31	1610	118310	6726738	55521	1603567	383	6559	0	0	0	0	0	0
31	1630	70185	4529155	41164	1485946	6459	152543	0	0	0	0	0	0
31	1650	120755	5711143	36538	663711	3191	36593	0	0	0	0	0	0
31	1670	157062	7828471	93398	3207267	951	14005	0	0	0	0	0	0
31	1690	120500	7367456	69182	2344835	1450	27770	0	0	0	0	0	0
31	1710	109800	6979822	60554	1935550	1343	23069	0	0	0	0	0	0
31	1730	76079	2971121	31903	657610	9528	132105	0	0	0	0	0	0
31	1750	51131	2113742	23463	424387	823	10854	0	0	0	0	0	0
31	1770	34241	1413762	19616	512457	3749	61873	0	0	0	0	0	0
31	1790	43704	2121045	19417	455595	8066	155843	0	0	0	0	0	0
31	1810	71834	2923409	28774	654864	9317	171192	0	0	0	0	0	0
31	1830	88160	5409927	39074	1120286	3762	77308	0	0	0	0	0	0
31	1850	45651	1648892	32155	494738	567	6579	0	0	0	0	0	0
31	1870	140048	8435976	105323	4162494	397	7543	0	0	0	0	0	0
31	1890	66763	3680054	57816	2210225	311	4647	0	0	0	0	0	0
31	1910	63720	3320895	69417	1981840	838	10347	0	0	0	0	0	0
31	1930	183971	8186145	51346	1217990	14362	294188	0	0	0	0	0	0
31	1950	56878	3095967	49598	1710289	675	10485	0	0	0	0	0	0
31	1970	118058	7095566	87931	3515967	99	1467	0	0	0	0	0	0
31	0	8899701	469786611	4934719	155348088	367830	6567597	0	0	0	0	0	0
		0	0	0	0	0	0	0	0	0	0		
													
32	10	33398	374537	24275	621970	17769	297301	0	0	0	0	0	0
32	30	22546	159957	26040	636581	23452	386754	0	0	0	0	0	0
32	50	47172	1012740	15534	319906	55853	897801	0	0	0	0	0	0
32	70	2813	15196	4549	64741	135363	2226398	0	0	0	0	0	0
32	90	8267	78715	1135	8640	187702	1535929	0	0	0	0	0	0
32	110	38241	581137	33003	794645	15711	222776	0	0	0	0	0	0
32	130	91295	2217310	25927	646666	65797	1293744	0	0	0	0	0	0
32	150	32553	422698	31870	416931	92433	1350124	0	0	0	0	0	0
32	170	9887	165091	3369	69523	23295	494249	0	0	0	0	0	0
32	190	10910	160953	12294	214658	22431	342342	0	0	9	4	0	0
32	210	49816	880561	24171	493066	86229	1258581	0	0	0	0	0	0
32	230	36517	212824	1328	8756	113020	990412	0	0	0	0	0	0
32	250	90	310	273	2068	75447	493287	0	0	0	0	0	0
32	270	30236	386320	18312	327288	132623	2146488	0	0	0	0	0	0
32	290	23977	272363	18199	315308	136785	1773487	0	0	0	0	0	0
32	310	38756	315108	23137	449413	43680	749765	0	0	0	0	0	0
32	330	471	2156	440	3759	90169	789725	0	0	0	0	0	0
32	350	24871	347326	13343	205104	116046	2239233	0	0	0	0	0	0
32	370	60538	1268751	35490	801116	48830	629323	0	0	0	0	0	0
32	390	3819	50408	513	5213	32797	188697	0	0	0	0	0	0
32	410	6845	57318	28106	524627	205022	3039758	0	0	0	0	0	0
32	430	59967	1579487	12168	282390	27154	453275	0	0	0	0	0	0
32	450	32238	508772	17304	322109	58714	1082916	0	0	0	0	0	0
32	470	2047	6568	307	1940	114852	913657	0	0	0	0	0	0
32	490	16489	224605	12769	211178	18143	289257	0	0	0	0	0	0
32	510	729	3799	194	953	48702	201697	0	0	0	0	0	0
32	530	1276	13246	997	6025	82664	561903	0	0	0	0	0	0
32	550	217	2210	121	1213	73141	392927	0	0	0	0	0	0
32	570	195	890	222	1764	144411	667397	0	0	0	0	0	0
32	590	39642	397764	26125	555260	41452	728493	0	0	0	0	0	0
32	610	10770	120193	5018	92360	38166	638550	0	0	0	0	0	0
32	630	117	515	247	924	47649	256125	0	0	0	0	0	0
32	650	1694	5500	917	7358	44869	203655	0	0	0	0	0	0
32	670	70	200	0	0	44998	281643	0	0	0	0	0	0
32	690	30	155	20	200	118456	482886	0	0	0	0	0	0
32	710	100	361	40	100	23046	103841	0	0	0	0	0	0
32	730	27347	342333	12286	225186	23291	391750	0	0	0	0	0	0
32	750	23	140	0	0	39600	218318	0	0	0	0	0	0
32	770	1889	11054	11682	196894	222928	4428802	0	0	0	0	0	0
32	790	12909	191499	16928	218754	149496	2566575	0	0	0	0	0	0
32	810	0	0	10	65	81214	376800	0	0	0	0	0	0
32	830	0	0	497	2515	34929	112041	0	0	0	0	0	0
32	850	69623	1168809	16246	229696	60542	851570	0	0	0	0	0	0
32	870	53902	995236	17308	316409	55462	986163	0	0	0	0	0	0
32	890	38233	185111	20370	318532	114040	1240366	0	0	0	0	0	0
32	910	40182	723437	28078	807381	47175	882140	0	0	0	0	0	0
32	930	57	295	13	250	34337	216126	0	0	0	0	0	0
32	950	5917	52684	8936	101051	215945	3216967	0	0	0	0	0	0
32	970	2389	5651	1142	6360	108515	801406	0	0	0	0	0	0
32	990	34613	582150	53807	1176908	72626	887198	0	0	0	0	0	0
32	1010	0	0	18	50	41797	152263	0	0	0	0	0	0
32	1030	32086	794872	12806	238190	53412	1071541	0	0	0	0	0	0
32	1050	1476	9191	5279	45666	66129	720530	0	0	0	0	0	0
32	1070	27510	285800	23471	596658	26142	464711	0	0	0	0	0	0
32	1090	334	744	70	337	35456	191276	0	0	0	0	0	0
32	1110	25957	232399	15215	310768	49192	790190	0	0	0	0	0	0
32	1130	6993	98707	10184	108963	266217	4058116	0	0	0	0	0	0
32	1150	30837	340798	34453	386341	187415	2658975	0	0	0	0	0	0
32	1170	121161	2283012	21967	390025	114259	1965311	0	0	0	0	0	0
32	1190	197	688	34	267	141530	778800	0	0	0	0	0	0
32	1210	59296	858795	32088	820850	40753	776982	0	0	0	0	0	0
32	1230	5981	32622	11951	159966	69189	689998	0	0	0	0	0	0
32	1250	28191	482198	33995	589510	61034	787553	0	0	408	152	0	0
32	1270	14070	137565	12280	212948	63714	943856	0	0	0	0	0	0
32	1290	192	870	12	120	42319	223815	0	0	0	0	0	0
32	1310	108989	2114648	23758	457134	43005	724949	0	0	0	0	0	0
32	1330	37110	739643	33533	765511	43547	605806	0	0	0	0	0	0
32	1350	4	150	151	1130	66765	232484	0	0	0	0	0	0
32	1370	9708	44962	233	1709	34004	157714	0	0	0	0	0	0
32	1390	43983	401740	19576	360858	43825	614474	0	0	0	0	0	0
32	1410	760	6847	4850	30566	118673	799153	0	0	0	0	0	0
32	1430	2830	24754	8633	131691	125790	1572470	0	0	0	0	0	0
32	1450	953	5043	242	2559	156583	1270180	0	0	0	0	0	0
32	1470	11310	43882	978	5683	50589	236092	0	0	0	0	0	0
32	1490	66008	1287431	12044	193742	51034	876305	0	0	0	0	0	0
32	1510	8093	38257	2966	27997	190837	2673241	0	0	0	0	0	0
32	1530	3754	33803	1034	11317	84241	858970	0	0	0	0	0	0
32	1550	22031	267761	14022	204925	364376	5544305	0	0	0	0	0	0
32	1570	78971	830387	18583	321900	120663	1681250	0	0	0	0	0	0
32	1590	11811	120695	2215	19245	182617	1920612	0	0	0	0	0	0
32	1610	36662	591730	8414	144110	57484	983030	0	0	0	0	0	0
32	1630	3026	11944	1431	7781	98766	429585	0	0	0	0	0	0
32	1650	147	1778	256	2346	80236	373452	0	0	0	0	0	0
32	1670	1128	4559	991	5734	100522	667709	0	0	0	0	0	0
32	1690	1237	10982	6481	66791	157145	1659905	0	0	0	0	0	0
32	1710	169	2600	30	424	52618	262338	0	0	0	0	0	0
32	1730	23949	371842	24752	363053	270037	4964649	0	0	0	0	0	0
32	1750	55	265	0	0	96949	696204	0	0	0	0	0	0
32	1770	30295	444986	12327	183711	58949	984438	0	0	0	0	0	0
32	1790	2206	5998	1052	8186	73806	493758	0	0	0	0	0	0
32	1810	8997	31423	861	6159	73449	378795	0	0	0	0	0	0
32	1830	12366	47010	6926	71165	100137	681239	0	0	0	0	0	0
32	1850	21160	183018	1555	13550	207674	2976173	0	0	0	0	0	0
32	1870	134	320	0	0	51835	284605	0	0	0	0	0	0
32	1890	49	100	43	100	31793	204484	0	0	0	0	0	0
32	1910	11230	142160	14398	234009	377446	7174644	0	0	0	0	0	0
32	1930	1495	4639	817	5624	129560	852544	0	0	0	0	0	0
32	1950	386	1293	435	2043	48405	210387	0	0	0	0	0	0
32	1970	17464	229454	10047	171919	44041	692256	0	0	0	0	0	0
32	1990	1203	5916	45	120	19203	104954	0	0	0	0	0	0
32	2010	89811	1469159	24180	400057	121272	2060894	0	0	0	0	0	0
32	2030	105	807	82	582	53164	240974	0	0	0	0	0	0
32	2050	24064	376109	26332	513277	39637	732248	0	0	0	0	0	0
32	2070	11290	128107	13573	296269	21390	355289	0	0	0	0	0	0
32	2090	7465	191203	999	22317	6554	126563	0	0	0	0	0	0
32	0	2092372	31880109	1117728	20929707	9214150	112413657	0	0	417	156	0	0
		0	0	0	0	0	0	0	0	0	0		
													
33	10	3041	87054	5726	193699	391	5594					0	0
33	30	17293	494667	5883	163724	2051	27898	0	0	0	0	0	0
33	50	5106	102407	39292	1018679	18995	217777	0	0	0	0	0	0
33	70	2331	67645	7137	226482	1076	15829	0	0	0	0	0	0
33	90	18125	577330	27116	879959	2944	24762	0	0	0	0	0	0
33	110	40161	1478786	44165	1652477	44683	545825	0	0	0	0	0	0
33	130	103961	5516600	70457	3649362	20661	286764	0	0	0	0	0	0
33	150	73300	3846006	57021	2888216	14829	221161	0	0	0	0	0	0
33	170	201	5887	6886	235344	252	3480	0	0	0	0	0	0
33	190	24955	1441009	28573	1661120	8643	175640	0	0	0	0	0	0
33	210	11952	246906	6027	152911	257	2798	0	0	0	0	0	0
33	230	74860	3410300	59405	2097101	31227	338051	0	0	0	0	0	0
33	250	12163	458471	14371	517669	2868	39015	0	0	0	0	0	0
33	270	11236	240533	67974	2003534	74106	957111	0	0	0	0	0	0
33	290	999	28483	9888	336664	4244	70457	0	0	0	0	0	0
33	310	0	0	86	2396	11	80	0	0	0	0	0	0
33	330	94435	4891871	60875	2614855	4634	66569	0	0	0	0	0	0
33	350	8192	205396	7265	221800	298	2210	0	0	0	0	0	0
33	370	37064	1568630	33527	1143010	15021	211799	0	0	0	0	0	0
33	390	41415	1914977	41857	1392200	2214	22561	0	0	0	0	0	0
33	410	18753	568445	45918	1699012	24256	297154	0	0	0	0	0	0
33	430	112199	6333761	91818	4353165	5667	75121	0	0	0	0	0	0
33	450	53161	2668007	65619	2002019	5369	50687	0	0	0	0	0	0
33	470	80700	4397594	53409	2089553	3438	43994	0	0	0	0	0	0
33	490	36626	1846694	49863	1994190	13696	180264	0	0	0	0	0	0
33	510	30379	1015855	56692	2297182	23481	292455	0	0	0	0	0	0
33	530	24361	1050414	16529	744957	7124	131825	0	0	0	0	0	0
33	550	27481	1445263	25383	685698	1352	16005	0	0	0	0	0	0
33	570	3775	67352	6319	119254	647	4507	0	0	0	0	0	0
33	590	13500	439853	14113	450274	3646	39484	0	0	0	0	0	0
33	610	644	19636	5372	204961	396	7756	0	0	0	0	0	0
33	630	114969	6566409	74738	3295734	1548	23248	0	0	0	0	0	0
33	650	5371	190818	12352	407126	581	6123	0	0	0	0	0	0
33	670	62264	2989861	62936	2569741	17293	223652	0	0	0	0	0	0
33	690	67	1100	25887	620169	76387	1379081	0	0	0	0	0	0
33	710	378	11124	3732	129451	975	16025	0	0	0	0	0	0
33	730	91179	4244618	72333	2863950	62505	695459	0	0	0	0	0	0
33	750	0	0	263	6137	32	410	0	0	0	0	0	0
33	770	154	4733	2136	70944	1115	21171	0	0	0	0	0	0
33	790	47549	2416268	23257	1134468	25468	469074	0	0	0	0	0	0
33	810	55726	2448417	46838	1887013	16279	232372	0	0	0	0	0	0
33	830	108813	5345513	69162	3180970	13682	203892	0	0	0	0	0	0
33	850	40875	2296854	52347	2836395	14709	234543	0	0	0	0	0	0
33	870	1991	46016	16397	422250	7956	94027	0	0	0	0	0	0
33	890	585	14462	51726	1084384	82128	1195965	0	0	0	0	0	0
33	910	132515	7525711	106044	5195919	2105	32992	0	0	0	0	0	0
33	930	45486	2181126	45904	2127259	20011	310946	0	0	0	0	0	0
33	950	8217	293091	14612	551778	1239	16154	0	0	0	0	0	0
33	970	28357	838579	43473	1351894	8542	79575	0	0	0	0	0	0
33	990	68875	3227801	88563	2809784	3149	27876	0	0	0	0	0	0
33	1010	108970	5543270	63904	2874998	1980	33190	0	0	0	0	0	0
33	1030	47048	2595536	36793	1895969	13366	223267	0	0	0	0	0	0
33	1050	121327	6409672	91037	3566048	1016	15221	0	0	0	0	0	0
33	1070	6646	153462	72867	1880212	49597	665460	0	0	0	0	0	0
33	1090	49773	2265395	49277	1663125	4100	44731	0	0	0	0	0	0
33	1110	42665	1025685	136233	4270858	57061	716063	0	0	0	0	0	0
33	1130	610	16139	25583	535347	7801	87559	0	0	0	0	0	0
33	1150	7361	234090	18301	565485	1464	15722	0	0	0	0	0	0
33	1170	71216	3103554	51492	2258965	1112	18736	0	0	0	0	0	0
33	1190	4466	111445	94127	2375476	142847	2081192	0	0	0	0	0	0
33	1210	31194	1023108	50640	1626260	27045	254745	0	0	0	0	0	0
33	1230	2852	92626	2205	67511	254	4531	0	0	0	0	0	0
33	1250	1121	31429	24608	502822	13179	152061	0	0	0	0	0	0
33	1270	130557	6313956	83575	4097585	25782	408759	0	0	0	0	0	0
33	1290	117068	6128450	89340	4307707	46512	683746	0	0	0	0	0	0
33	1310	37615	1710236	23984	1073687	12828	248893	0	0	0	0	0	0
33	1330	86167	3985165	67488	2415061	936	12234	0	0	0	0	0	0
33	1350	116	2958	21836	536400	14389	221940	0	0	0	0	0	0
33	1370	156	4875	9875	322474	1244	20016	0	0	0	0	0	0
33	1390	23750	1171752	20093	1005039	14693	294434	0	0	0	0	0	0
33	1410	25379	637647	8200	203521	2511	25037	0	0	0	0	0	0
33	1430	58362	3107545	57825	2996370	21372	345753	0	0	0	0	0	0
33	1450	65822	2172493	111519	4376869	32777	415688	0	0	0	0	0	0
33	1470	41741	2292444	27252	1153076	4444	73991	0	0	0	0	0	0
33	1490	54790	2085341	60134	2276435	36033	383460	0	0	0	0	0	0
33	1510	68433	2589315	78951	2649846	40254	395827	0	0	0	0	0	0
33	1530	35421	1119079	58266	2152104	7866	85113	0	0	0	0	0	0
33	1550	47599	1649034	63025	2597410	56453	737543	0	0	0	0	0	0
33	1570	25002	1219521	31974	1188113	6478	74586	0	0	0	0	0	0
33	1590	11652	253464	14063	325411	765	5955	0	0	0	0	0	0
33	1610	52081	2814618	34205	1566295	11644	168932	0	0	0	0	0	0
33	1630	17921	723392	21344	679858	4137	52337	0	0	0	0	0	0
33	1650	66129	3616912	55155	2789879	3143	46756	0	0	0	0	0	0
33	1670	28730	806398	60272	2269916	63897	716973	0	0	0	0	0	0
33	1690	26858	1337511	36302	1152629	3846	40027	0	0	0	0	0	0
33	1710	51332	2402432	37380	1640607	17890	287274	0	0	0	0	0	0
33	1730	98963	4937825	69482	2974351	45449	646892	0	0	0	0	0	0
33	0	3462633	162766107	3695873	143070552	1490346	20341862	0	0	0	0	0	0
		0	0	0	0	0	0	0	0	0	0		
													
34	10	30971	1069079	11002	179428	1072	17277	0	0	0	0	0	0
34	30	51671	1589783	16192	404860	18353	326073	0	0	0	0	0	0
34	50	114161	4742204	10228	227000	18323	359479	0	0	0	0	0	0
34	70	72404	1947420	37247	867748	5782	71403	0	0	0	0	0	0
34	90	18497	351804	9571	219814	14820	174354	0	0	0	0	0	0
34	110	56715	1073908	30941	875219	38704	588855	0	0	0	0	0	0
34	130	77997	1269876	46984	1329973	44839	737966	0	0	0	0	0	0
34	150	28868	578291	13775	313497	11366	163662	0	0	0	0	0	0
34	170	24625	688513	3372	53481	8769	105029	0	0	26	26	0	0
34	190	41052	1182063	7018	159710	10903	179072	0	0	0	0	0	0
34	210	39920	1193101	8735	178825	37209	652906	0	0	0	0	0	0
34	230	35751	865291	658	10610	2487	29698			11420	9586	0	0
34	250	48729	1435209	29386	622799	9172	140618	0	0	0	0	0	0
34	270	40480	1096018	9841	211355	14975	244232	0	0	0	0	0	0
34	290	9122	208328	743	12549	1336	13811	0	0	0	0	0	0
34	310	38617	1483198	8924	180789	20076	286765	0	0	190	164	0	0
34	330	78623	2957340	33647	932761	59213	1300331	0	0	0	0	0	0
34	350	3743	59264	269	4491	140	1697	0	0	16	3	0	0
34	370	75428	1787488	39278	1096874	40568	721057	0	0	0	0	0	0
34	390	26586	686213	16352	396527	14993	236012	0	0	0	0	0	0
34	410	69000	2522048	26724	729230	40970	784543	0	0	0	0	0	0
34	430	16222	449211	8905	246143	7312	105948	0	0	0	0	0	0
34	450	37376	1356336	14042	325777	10650	188332	0	0	0	0	0	0
34	470	34573	1177431	10158	222102	19554	423098	0	0	0	0	0	0
34	490	49759	1593883	21573	508149	14677	246937	0	0	0	0	0	0
34	510	18240	649612	6629	137888	15287	230751	0	0	0	0	0	0
34	530	43375	1344571	19504	451357	38959	590572	0	0	0	0	0	0
34	550	10511	336729	2162	41145	4135	54977	0	0	0	0	0	0
34	570	28195	628079	22550	623359	21220	342118	0	0	0	0	0	0
34	590	14319	299788	9894	204928	4894	64133	0	0	0	0	0	0
34	610	57416	1810480	29964	648429	18853	276070	0	0	0	0	0	0
34	630	47328	1360073	23671	472101	11432	162085	0	0	0	0	0	0
34	650	10653	267074	1652	29818	2707	33195	0	0	0	0	0	0
34	670	12359	252251	2716	45666	3258	34093	0	0	0	0	0	0
34	690	52570	1435787	978	22546	1849	25528	0	0	84593	83571	0	0
34	710	39413	1517126	3874	70846	40135	626553	0	0	0	0	0	0
34	730	18546	590276	3382	57100	20267	292248	0	0	0	0	0	0
34	750	44346	1347300	20282	455180	17247	262494	0	0	0	0	0	0
34	770	25126	728866	23078	660640	18168	248475	0	0	0	0	0	0
34	790	37468	1318964	16689	408713	5656	91683	0	0	0	0	0	0
34	810	52189	1785812	27245	525160	11106	161785	0	0	0	0	0	0
34	830	71828	1462916	40794	1114641	25265	379290	0	0	0	0	0	0
34	850	17487	374919	11394	239821	6305	81050	0	0	0	0	0	0
34	870	72708	2362918	8744	209504	33018	630119	0	0	0	0	0	0
34	890	30444	1123866	5864	144481	16569	284966	0	0	0	0	0	0
34	910	12294	187645	1813	29708	3289	30865	0	0	117	48	0	0
34	930	4667	102532	997	19401	1123	14962	0	0	0	0	0	0
34	950	47244	1387641	14479	378935	27776	560789	0	0	0	0	0	0
34	970	35735	671245	31717	799586	49279	717657	0	0	0	0	0	0
34	990	20059	710724	2193	44218	9555	147231	0	0	0	0	0	0
34	1010	68367	1902878	37082	937979	46256	755853	0	0	0	0	0	0
34	1030	38447	1226018	15477	277195	1683	24738	0	0	0	0	0	0
34	1050	20819	557137	6481	123620	7650	94474	0	0	0	0	0	0
34	1070	73906	2810034	26426	735058	52095	1039890	0	0	0	0	0	0
34	1090	23795	528716	21647	569574	36167	462031	0	0	0	0	0	0
34	1110	30436	1049699	14171	335206	11458	194030	0	0	0	0	0	0
34	1130	45159	1637301	8766	191857	30334	556851	139	3092	0	0	0	0
34	1150	46132	1658481	19650	531036	9099	171024	0	0	0	0	0	0
34	1170	49620	1554199	27379	721914	18132	342831	0	0	0	0	0	0
34	1190	9301	169415	4532	97098	4417	47943	0	0	0	0	0	0
34	1210	58804	1940253	23058	553242	6602	106629	0	0	0	0	0	0
34	1230	6649	185605	1087	21179	1410	20046	0	0	0	0	0	0
34	1250	17095	506985	3454	59370	8908	111902	0	0	0	0	0	0
34	1270	29328	1111696	11693	312254	19341	352996	0	0	0	0	0	0
34	1290	31121	959719	8654	142526	1978	27683	0	0	0	0	0	0
34	1310	17533	472820	4686	82178	10798	130597	0	0	0	0	0	0
34	1330	48198	1490817	243	3915	13311	178300	0	0	33984	40286	0	0
34	1350	23366	736493	13509	272262	18700	268424	0	0	0	0	0	0
34	1370	50712	1420910	23750	629468	6835	107354	0	0	0	0	0	0
34	1390	39656	1197226	16392	370278	16535	244552	0	0	0	0	0	0
34	1410	15680	338945	10698	209501	14004	203402	0	0	0	0	0	0
34	1430	64379	2068171	1270	23853	9307	131375	0	0	93972	111377	0	0
34	1450	21254	406818	20082	484572	31532	442164	0	0	0	0	0	0
34	1470	125212	4200462	33194	751501	27494	401344	0	0	0	0	0	0
34	1490	10386	132004	1546	29791	889	9608	0	0	703	259	0	0
34	1510	22089	744603	4825	89030	18882	271670	0	0	0	0	0	0
34	1530	10917	191534	1314	18896	3415	26271	0	0	225	96	0	0
34	1550	39554	1141386	535	10170	33	685	0	0	109201	128893	0	0
34	1570	23926	940312	6550	131115	21734	396489	0	0	0	0	0	0
34	1590	58150	1429833	30444	709045	41308	623538	0	0	0	0	0	0
34	1610	14288	418637	4568	88824	6920	106905	0	0	0	0	0	0
34	1630	45676	1709671	10146	232646	20286	372670	0	0	0	0	0	0
34	1650	34492	1142978	8568	199010	47643	1024974	0	0	0	0	0	0
34	1670	27980	718367	23626	587033	13992	213963	0	0	0	0	0	0
34	1690	14449	467240	1249	20854	3586	43107	0	0	0	0	0	0
34	1710	26273	866319	6600	100763	698	9290	0	0	0	0	0	0
34	1730	35361	1121840	13495	329085	10346	166068	0	0	0	0	0	0
34	1750	32478	947342	11849	300092	8561	135977	0	0	0	0	0	0
34	1770	68803	2266325	22268	489560	27452	615300	0	0	0	0	0	0
34	1790	9346	182501	390	5138	179	1660	0	0	0	0	0	0
34	1810	13315	241564	358	5286	820	8143	0	0	2720	1756	0	0
34	1830	38821	1690392	4618	118278	66244	1444185	0	0	0	0	0	0
34	1850	45187	893592	28895	738348	16666	247902	0	0	0	0	0	0
34	1870	10073	301006	2509	48866	4831	76783	0	0	0	0	0	0
34	1890	17917	683297	2014	43223	29375	615681	0	0	0	0	0	0
34	5100	160	3396	0	0	23	800	0	0	0	0	0	0
34	1930	18000	635976	4366	91731	12314	203557	0	0	0	0	0	0
34	1950	101781	3994168	21313	615032	55249	1010568	0	0	0	0	0	0
34	1970	15397	516614	5341	77873	1105	17032	0	0	0	0	0	0
34	1990	31120	1008158	12428	268970	1495	21109	0	0	0	0	0	0
34	2010	42956	1412760	2545	55726	29027	439571	0	0	17590	17594	0	0
34	2030	8235	152080	484	8658	360	3691	0	0	0	0	0	0
34	2050	42982	1338720	24333	620579	4776	78897	0	0	0	0	0	0
34	2070	77942	2335377	5940	102227	21004	303588	0	0	35266	39529	0	0
34	2090	9686	221603	3993	100788	1851	25162	0	0	0	0	0	0
34	2110	39657	1327411	8793	187349	1134	21877	0	0	0	0	0	0
34	2130	5252	98115	796	13745	996	7283	0	0	19	7	0	0
34	2150	17594	390356	4349	83986	8784	119708	0	0	0	0	0	0
34	2170	80679	1651785	43938	1119836	47939	689656			0	0	0	0
34	2190	22157	776669	4792	93763	25018	416261	0	0	0	0	0	0
34	2210	9170	266932	2182	41519	3696	49799	0	0	0	0	0	0
34	2230	17555	468737	1082	17770	1563	17986	0	0	5	1	0	0
34	2250	13370	319096	5961	140474	6180	80194	0	0	0	0	0	0
34	2270	28938	1020771	9746	189640	4394	57919	0	0	0	0	0	0
34	2290	13714	337582	3360	64867	4496	55732	0	0	0	0	0	0
34	0	4096205	124058341	1453320	34771104	1852925	30890536	253	12550	390047	433196	0	0
		0	0	0	0	0	0	114	9458	0	0		
													
35	10	26467	130687	15729	240476	102052	1117625	0	0	0	0	0	0
35	30	127092	1514204	29516	493954	5259	53245	0	0	0	0	0	0
35	50	2071	19930	184	4770	113	2432	0	0	0	0	0	0
35	70	8308	52434	979	6606	42243	414711	0	0	0	0	0	0
35	90	6219	85724	386	6171	81	292	0	0	0	0	0	0
35	110	53581	356362	21265	163371	3034	24386	0	0	0	0	0	0
35	130	17191	76411	7015	59583	64700	470963	0	0	0	0	0	0
35	150	38562	211448	12586	198973	3770	28396	0	0	0	0	0	0
35	170	36032	435534	6990	91361	810	5968	0	0	0	0	0	0
35	190	80403	772353	7423	94178	27452	236206	0	0	0	0	0	0
35	210	101482	2447053	23126	427905	6638	127470	0	0	0	0	0	0
35	230	101580	1037500	16883	94692	51328	285398	0	0	0	0	0	0
35	250	111719	2517055	20222	236516	51091	514278	0	0	0	0	0	0
35	270	142986	3238208	59253	1369215	1419	18875	0	0	0	0	0	0
35	290	68448	716680	1480	19087	50389	593420	0	0	0	0	0	0
35	310	36334	401590	3005	38376	2180	20193	0	0	0	0	0	0
35	330	37294	232948	7432	90620	178553	2129907	0	0	0	0	0	0
35	350	23803	81359	17700	207149	103780	877878	0	0	0	0	0	0
35	370	44065	571372	21566	175096	25768	213565	0	0	0	0	0	0
35	390	71745	718770	26172	219808	2484	24801	0	0	0	0	0	0
35	410	116947	757716	19253	212838	18296	152756	0	0	0	0	0	0
35	430	50757	1799273	7106	127184	1338	24369	0	0	0	0	0	0
35	450	7650	53123	4603	50545	30627	252601	0	0	0	0	0	0
35	470	84146	1529268	7264	81343	15213	149677	0	0	0	0	0	0
35	490	21637	142873	4038	93064	63283	1273025	0	0	0	0	0	0
35	510	95284	2163342	33131	483822	819	10584	0	0	0	0	0	0
35	530	88055	1510686	26445	331866	42965	461438	0	0	0	0	0	0
35	550	63186	2382076	10771	183661	8184	131658	0	0	0	0	0	0
35	570	88923	960792	298	2515	18649	191547	0	0	0	0	0	0
35	590	43978	212336	26323	364849	102694	1049377	0	0	0	0	0	0
35	610	37475	216249	5839	65136	47811	413751	0	0	0	0	0	0
35	630	41417	170845	1503	8477	22549	134073	0	0	0	0	0	0
35	650	19741	202301	465	4391	23430	121286	0	0	0	0	0	0
35	670	132147	2271654	41999	889595	118459	1932857	0	0	0	0	0	0
35	690	39722	416173	3663	75535	30855	578616	0	0	0	0	0	0
35	710	17171	202419	2909	48849	342	3449	0	0	0	0	0	0
35	730	17479	73747	1150	7788	7206	45525	0	0	0	0	0	0
35	750	160	1666	20	457	80	606	0	0	0	0	0	0
35	770	23360	142423	13055	133005	1710	13853	0	0	0	0	0	0
35	790	45014	505726	12517	224470	43658	408023	0	0	0	0	0	0
35	810	46632	219533	20783	271003	72488	592788	0	0	0	0	0	0
35	830	16521	134425	2719	23525	41863	306903	0	0	0	0	0	0
35	850	43644	359134	411	3534	26355	221416	0	0	0	0	0	0
35	870	17675	236374	583	5531	35564	266747	0	0	0	0	0	0
35	890	75154	670676	27252	451570	1872	19776	0	0	0	0	0	0
35	910	1832	16065	0	0	0	0	0	0	0	0	0	0
35	930	31826	351821	14368	178605	17694	173315	0	0	0	0	0	0
35	950	73306	1090967	24226	480534	77959	1134814	0	0	0	0	0	0
35	970	60063	1206492	13357	211105	44577	690885	0	0	0	0	0	0
35	990	42649	296058	6612	106758	60185	501898	0	0	0	0	0	0
35	1010	62211	655574	4170	102730	63202	1152298	0	0	0	0	0	0
35	1030	21303	284344	3322	50775	939	8062	0	0	0	0	0	0
35	1050	3007	18547	775	5535	107163	781293	0	0	0	0	0	0
35	1070	116207	1692016	49302	948668	2861	26488	0	0	0	0	0	0
35	1090	113455	1434008	27079	376100	110002	1399853	0	0	0	0	0	0
35	1110	122677	1583452	6668	83442	43091	459204	0	0	0	0	0	0
35	1130	20952	220909	3974	79633	1501	15660	0	0	0	0	0	0
35	1150	11401	133015	2386	34592	398	2804	0	0	0	0	0	0
35	1170	10113	103843	0	0	7	42	0	0	0	0	0	0
35	1190	96591	926214	35584	410125	3915	40735	0	0	0	0	0	0
35	1210	47886	605398	16934	403344	35436	348802	0	0	0	0	0	0
35	1230	41399	509122	5264	117791	21195	272833	0	0	0	0	0	0
35	1250	35493	312425	14017	211401	15693	160189	0	0	0	0	0	0
35	1270	76156	2298247	13405	246548	40104	781880	0	0	0	0	0	0
35	1290	54933	346028	17428	211537	50242	375006	0	0	0	0	0	0
35	1310	112609	2781692	31232	443101	70977	987653	0	0	0	0	0	0
35	1330	59351	1219287	12660	220036	33415	482732	0	0	0	0	0	0
35	1350	86844	774038	3558	59352	115905	1623291	0	0	0	0	0	0
35	1370	51862	289097	4376	63688	48451	430023	0	0	0	0	0	0
35	1390	102179	1390424	40268	840003	733	7390	0	0	0	0	0	0
35	1410	113247	1032271	37669	472445	21826	226632	0	0	0	0	0	0
35	1430	77009	746066	13385	121326	38244	259059	0	0	0	0	0	0
35	1450	19392	219020	746	6224	23756	90474	0	0	0	0	0	0
35	1470	93288	2710985	18590	409440	43764	795433	0	0	0	0	0	0
35	1490	13758	181721	2353	38090	251	2280	0	0	0	0	0	0
35	1510	67728	658896	24817	432326	103296	1409300	0	0	0	0	0	0
35	1530	52283	1919057	8231	139775	9749	158529	0	0	0	0	0	0
35	1550	157792	3300080	17808	114472	64910	672836	0	0	0	0	0	0
35	1570	20877	614601	9158	269713	9486	94791	0	0	0	0	0	0
35	1590	90457	788098	19641	170533	74561	711885	0	0	0	0	0	0
35	1610	47442	334477	14066	156834	47641	375716	0	0	0	0	0	0
35	1630	12221	143289	4646	40601	3302	24276	0	0	0	0	0	0
35	1650	4511	76364	1154	19138	2508	17598	0	0	0	0	0	0
35	1670	47368	452229	21790	211715	3063	32044	0	0	0	0	0	0
35	1690	67787	700661	20134	284647	84249	720868	0	0	0	0	0	0
35	1710	3107	40031	33	950	0	0	0	0	0	0	0	0
35	1730	66674	1028867	8073	95663	602	6066	0	0	0	0	0	0
35	1750	17111	275033	9093	106986	4411	41660	0	0	0	0	0	0
35	1770	71716	1817416	21448	264570	18363	250492	0	0	0	0	0	0
35	1790	72005	596728	28732	325029	584	4873	0	0	0	0	0	0
35	1810	29006	186130	7953	94998	57043	468435	0	0	0	0	0	0
35	1830	11413	117953	4093	59583	307	2599	0	0	0	0	0	0
35	1850	72949	454524	17485	122597	67156	536453	0	0	0	0	0	0
35	0	5054703	71886032	1235075	18225518	3144171	34676159	0	0	0	0	0	0
		0	0	0	0	0	0	0	0	0	0		
													
36	10	2019	14364	8357	159363	69813	538733	0	0	0	0	0	0
36	30	5037	57279	68413	1262554	160257	1347202	0	0	0	0	0	0
36	50	1042	16886	41955	984115	214179	2584007	0	0	0	0	0	0
36	70	1950	26201	3183	61808	18737	142694	0	0	0	0	0	0
36	90	1370	26177	27641	547294	252268	3038680	0	0	0	0	0	0
36	110	668	8213	8470	181745	69714	638223	0	0	0	0	0	0
36	130	156	2048	10901	116314	93294	543362	0	0	0	0	0	0
36	150	14097	171837	18123	466555	86991	966991	0	0	0	0	0	0
36	170	32215	517945	99031	2572026	230263	2954096	0	0	0	0	0	0
36	190	76	1200	27348	326323	207116	1847939	0	0	0	0	0	0
36	210	23779	379004	39713	1163990	64814	605645	0	0	0	0	0	0
36	230	95	810	18075	200574	136169	939909	0	0	0	0	0	0
36	250	7082	102223	16908	350821	102277	852873	0	0	0	0	0	0
36	270	452	5864	24103	438889	58618	517865	0	0	0	0	0	0
36	290	14093	175906	15062	327746	115165	808141	0	0	0	0	0	0
36	310	1529	21312	18444	353511	65015	602646	0	0	0	0	0	0
36	330	1800	18849	7373	134845	81366	922487	0	0	0	0	0	0
36	350	3719	86185	52097	1175074	206931	2664678	0	0	0	0	0	0
36	370	7967	90217	14803	273963	109937	740819	0	0	0	0	0	0
36	390	412	4788	29912	515559	75414	674587	0	0	0	0	0	0
36	410	5947	71605	13940	310972	152918	1439925	0	0	0	0	0	0
36	430	2317	26242	13678	270412	63959	496632	0	0	0	0	0	0
36	450	6331	91912	46186	1116549	105689	808033	0	0	0	0	0	0
36	470	4577	62531	9977	221850	89974	643675	0	0	0	0	0	0
36	490	4403	68180	32786	602870	196548	1776515	0	0	0	0	0	0
36	510	8606	111979	12425	221125	86984	518738	0	0	0	0	0	0
36	530	1496	29568	13337	272043	120297	998683	0	0	0	0	0	0
36	550	6612	98303	38268	933859	239809	2594089	0	0	0	0	0	0
36	570	6418	74804	15434	282338	91444	806576	0	0	0	0	0	0
36	590	15416	182667	27661	633141	143002	1346426	0	0	0	0	0	0
36	610	767	9998	26149	471691	174098	1657347	0	0	0	0	0	0
36	630	28	74	26358	313594	110392	772631	0	0	0	0	0	0
36	650	5797	78124	12841	334337	46381	535830	0	0	0	0	0	0
36	670	629	12145	23497	533939	165095	2585483	0	0	0	0	0	0
36	690	2331	32072	27123	578527	161601	1978914	0	0	0	0	0	0
36	710	78	525	31790	536746	210757	2099832	0	0	0	0	0	0
36	730	13355	303682	45298	1466033	63243	695055	0	0	0	0	0	0
36	750	700	9542	14517	206565	117164	899968	0	0	0	0	0	0
36	770	77463	2474260	92171	3426737	135652	1851369	0	0	0	0	0	0
36	790	135	1805	12674	180187	96988	936266	0	0	0	0	0	0
36	810	27111	624078	42621	1476948	84014	1059277	0	0	0	0	0	0
36	830	1395	19845	13789	334832	110028	1178330	0	0	0	0	0	0
36	850	3187	25331	2593	35935	22602	127745	0	0	0	0	0	0
36	870	1202	17710	8843	237969	78950	898126	0	0	0	0	0	0
36	890	11806	175472	22193	550361	148866	1592403	0	0	0	0	0	0
36	910	374	5259	30285	548246	89895	856176	0	0	0	0	0	0
36	930	5545	67358	53643	1075664	213356	1776976	0	0	0	0	0	0
36	950	54	630	19539	321870	183245	1929501	0	0	0	0	0	0
36	970	5562	106210	48161	1457400	142802	2085553	0	0	0	0	0	0
36	990	697	16290	29922	509806	202135	2465868	0	0	0	0	0	0
36	1010	4181	70918	45216	855710	240258	2307159	0	0	0	0	0	0
36	1030	1743	24304	36950	915446	193295	2203546	0	0	0	0	0	0
36	1050	779	9613	18795	257683	199020	1407062	0	0	0	0	0	0
36	0	346600	6630344	1458572	33104454	6898799	69261286	0	0	0	0	0	0
		0	0	0	0	0	0	0	0	0	0		
													
37	10	0	0	0	0	0	0	0	0	0	0	0	0
37	30	19056	81621	6981	52488	17237	64695	0	0	0	0	0	0
37	50	42187	254636	38815	531738	67846	415753	0	0	0	0	0	0
37	70	5794	35721	851	5575	25467	98690	0	0	0	0	0	0
37	90	17073	94647	19218	167048	20325	104003	0	0	0	0	0	0
37	110	97106	3136749	97037	3817930	9588	141244	0	0	0	0	0	0
37	130	69426	1308791	72964	2252456	170851	1663401	0	0	0	0	0	0
37	150	52425	376411	11060	168836	21728	151974	0	0	0	0	0	0
37	170	5482	40853	2597	52826	4219	40713	0	0	0	0	0	0
37	190	1619	30915	1212	31720	2079	15822	0	0	0	0	0	0
37	210	6524	50199	7040	100632	58248	248329	0	0	0	0	0	0
37	230	26678	145609	9096	76577	25876	104809	0	0	0	0	0	0
37	250	56219	774121	60328	1434812	58869	590870	0	0	0	0	0	0
37	270	69271	1687604	21621	453585	7408	157082	0	0	0	0	0	0
37	290	28610	704786	54452	2150676	44480	652400	0	0	0	0	0	0
37	310	3190	23335	5883	75695	61008	294900	0	0	0	0	0	0
37	330	49	120	27	570	803	4226	0	0	0	0	0	0
37	350	23514	205872	11284	120614	12242	64775	0	0	0	0	0	0
37	370	30180	648201	65106	2235258	96883	1196447	0	0	0	0	0	0
37	390	42640	1751264	54406	2322899	16291	264150	0	0	0	0	0	0
37	410	2163	13968	1524	13515	19214	70192	0	0	0	0	0	0
37	430	13520	54403	10272	83603	17887	72901	0	0	0	0	0	0
37	450	4991	41114	24907	412094	82244	466672	0	0	0	0	0	0
37	470	613	4478	783	4760	3176	13364	0	0	0	0	0	0
37	490	2256	12087	18978	303125	60532	317166	0	0	0	0	0	0
37	510	42500	1750413	44182	1711712	42818	562237	0	0	0	0	0	0
37	530	64876	419662	21051	319068	19538	197609	0	0	0	0	0	0
37	550	3284	21710	673	5332	11452	72064	0	0	0	0	0	0
37	570	50070	1478579	53123	2161452	23698	372280	0	0	0	0	0	0
37	590	21221	139502	29490	645167	64381	533060	0	0	0	0	0	0
37	610	44547	570838	14005	220041	18775	129507	0	0	0	0	0	0
37	630	800	6937	3469	55947	13256	98644	0	0	0	0	0	0
37	650	4297	37066	3190	57290	13650	103762	0	0	0	0	0	0
37	670	46808	330078	36930	532945	45620	310754	0	0	0	0	0	0
37	690	4129	38645	8616	237870	18650	190593	0	0	0	0	0	0
37	710	20	100	34	100	1566	4404	0	0	0	0	0	0
37	730	15812	89295	13150	166756	19477	107957	0	0	0	0	0	0
37	750	351	3750	2647	40868	26452	216328	0	0	0	0	0	0
37	770	54660	749798	64522	1595891	25293	228622	0	0	0	0	0	0
37	790	68995	1430137	63338	1557416	5160	59600	0	0	0	0	0	0
37	810	675	8781	595	9109	4115	24069	0	0	0	0	0	0
37	830	103720	3734389	62463	1809720	1633	21717	0	0	0	0	0	0
37	850	5918	50422	10007	268900	60693	685772	0	0	0	0	0	0
37	870	80310	1247453	35543	618385	10988	87743	0	0	0	0	0	0
37	890	11750	132163	18296	404323	78294	466673	0	0	0	0	0	0
37	910	27238	573301	36916	1285818	63960	740709	0	0	0	0	0	0
37	930	1386	6495	1968	14493	15725	53398	0	0	0	0	0	0
37	950	909	3422	3208	42635	14627	86783	0	0	0	0	0	0
37	970	30281	318504	23991	323667	13906	89874	0	0	0	0	0	0
37	990	132917	4719055	97434	3350245	2873	38800	0	0	0	0	0	0
37	1010	82770	2584775	57678	1474321	2409	29948	0	0	0	0	0	0
37	1030	745	3020	1399	8030	17963	72818	0	0	0	0	0	0
37	1050	1122	7947	4702	59192	35694	164414	0	0	0	0	0	0
37	1070	5910	32254	12896	197050	40593	248816	0	0	0	0	0	0
37	1090	60480	2100946	70107	2803947	78228	1067451	0	0	0	0	0	0
37	1110	37191	548604	16297	259819	21947	151544	0	0	0	0	0	0
37	1130	1466	7617	1056	10776	11093	78432	0	0	0	0	0	0
37	1150	34623	265783	41259	816735	178491	1288898	0	0	0	0	0	0
37	1170	548	3011	1382	17731	6811	43053	0	0	0	0	0	0
37	1190	4483	23108	5239	75656	29330	159337	0	0	0	0	0	0
37	1210	22311	207454	5763	61588	6389	41655	0	0	0	0	0	0
37	1230	53409	468201	14518	308945	53741	731195	0	0	0	0	0	0
37	1250	72466	1180279	53977	1319772	9165	113075	0	0	0	0	0	0
37	1270	89040	2960305	25424	517800	14100	284044	0	0	0	0	0	0
37	1290	7019	45298	12228	183609	49055	237848	0	0	0	0	0	0
37	1310	146	593	22	124	2298	13206	0	0	0	0	0	0
37	1330	53	382	8	160	2228	14300	0	0	0	0	0	0
37	1350	52288	976145	28457	677431	10552	133830	0	0	0	0	0	0
37	1370	424	1889	707	5032	7094	21326	0	0	0	0	0	0
37	0	1964554	40755611	1598402	43101900	2098282	17592727	0	0	0	0	0	0
		0	0	0	0	0	0	0	0	0	0		
													
40	10	24971	512761	106	1943	167	2516	0	0	0	0	0	0
40	30	17715	483765	1776	39380	5624	72839	0	0	0	0	0	0
40	50	3544	104722	339	7836	1571	31024	0	0	0	0	0	0
40	70	11160	221822	796	21738	4535	61228	0	0	0	0	0	0
40	90	11102	281873	163	3358	4115	48030	0	0	0	0	0	0
40	110	9376	217357	222	3559	5935	83343	0	0	0	0	0	0
40	130	28	1361	0	0	20	540	0	0	0	0	0	0
40	150	26134	950793	1540	33614	35178	618160	0	0	0	0	0	0
40	170	4192	127453	1324	39310	1991	34172	0	0	0	0	0	0
40	190	20538	529750	1262	22512	11376	149180	0	0	0	0	0	0
40	210	5893	250695	292	8728	3093	41922	0	0	0	0	0	0
40	230	8516	242769	675	13785	5173	69299	0	0	0	0	0	0
40	250	22534	387084	82	1679	3436	45902	0	0	4959	2140	0	0
40	270	12316	248912	181	2380	286	2316	0	0	0	0	0	0
40	290	12795	302114	335	5715	6004	80093	0	0	0	0	0	0
40	310	17735	382633	671	11568	8789	106284	0	0	0	0	0	0
40	330	14537	297732	507	19335	5587	88514	0	0	0	0	0	0
40	350	18086	435940	710	13519	4675	53275	0	0	0	0	0	0
40	360	4318	87315	472	14035	891	14733	0	0	0	0	0	0
40	370	17697	340856	195	3404	5809	77025	0	0	138	96	0	0
40	410	7194	152818	511	9540	1153	16350	0	0	3	2	0	0
40	430	9280	353201	296	7467	9320	177309	0	0	0	0	0	0
40	450	2693	96759	282	7615	1702	21195	0	0	0	0	0	0
40	470	16113	569055	784	22451	8185	137079	0	0	0	0	0	0
40	490	10125	199212	256	5104	3400	45886	0	0	0	0	0	0
40	510	7765	164197	2	22	55	495	0	0	0	0	0	0
40	530	15777	317810	139	3036	2669	36406	0	0	400	168	0	0
40	550	1009	22190	57	1091	63	1090	0	0	0	0	0	0
40	570	9455	224967	119	3158	3301	46978	0	0	0	0	0	0
40	590	8047	282570	386	8641	4013	70975	0	0	0	0	0	0
40	610	25469	899994	626	13055	13588	213478	0	0	0	0	0	0
40	630	10941	288051	2180	41986	4978	56438	0	0	0	0	0	0
40	650	6690	168539	399	9252	2976	39035	0	0	0	0	0	0
40	670	20669	453500	799	13637	10069	115580	0	0	0	0	0	0
40	690	11695	420329	1331	27559	9873	160917	0	0	0	0	0	0
40	710	7268	236007	302	5397	2733	30134	0	0	0	0	0	0
40	730	8462	195288	274	6335	667	8777	0	0	0	0	0	0
40	750	8928	221294	379	9805	3630	50035	0	0	0	0	0	0
40	770	13046	427571	1979	41180	4458	45808	0	0	0	0	0	0
40	790	5888	143867	333	5531	3109	31797	0	0	0	0	0	0
40	810	10554	188861	11	410	202	2649	0	0	5811	2287	0	0
40	830	39395	726889	374	7292	9609	87331	0	0	45	32	0	0
40	850	15091	341870	818	19828	5262	79089	0	0	0	0	0	0
40	870	5073	129074	857	26303	1669	24245	0	0	0	0	0	0
40	890	12439	256370	190	3127	3479	38475	0	0	0	0	0	0
40	910	1966	75125	420	10861	1304	21626	0	0	0	0	0	0
40	930	20305	597647	32	680	15	297	0	0	781	209	0	0
40	950	3084	78475	368	7050	98	1292	0	0	0	0	0	0
40	970	9706	189925	180	3905	1834	23572	0	0	0	0	0	0
40	990	6753	176501	611	17377	2241	37368	0	0	0	0	0	0
40	1010	9603	167987	370	9656	1973	22909	0	0	0	0	0	0
40	1030	4460	114194	239	6758	1110	19161	0	0	0	0	0	0
40	1050	21924	570738	328	5241	4073	44530	0	0	0	0	0	0
40	1070	28159	1196029	821	20963	21644	386391	0	0	0	0	0	0
40	1090	13536	332800	608	12294	7228	95575	0	0	0	0	0	0
40	1110	16664	324197	166	3399	2939	36800	0	0	387	294	0	0
40	1130	11409	412872	689	18412	6589	88437	0	0	0	0	0	0
40	1150	4908	116957	84	2068	293	3783	0	0	0	0	0	0
40	1170	37220	672707	387	7396	4690	52070	0	0	4275	2872	0	0
40	1190	5897	113243	256	6037	1125	16023	0	0	0	0	0	0
40	1210	9423	308117	537	12194	5210	73313	0	0	0	0	0	0
40	1230	19887	621706	198	5581	132	2095	0	0	3143	1026	0	0
40	1250	11160	287947	400	6858	3835	47451	0	0	0	0	0	0
40	1270	4400	90904	71	835	216	2777	0	0	4	2	0	0
40	1290	16873	387327	475	9935	280	3437	0	0	155	66	0	0
40	1310	12544	244526	183	4758	17	295	0	0	0	0	0	0
40	1330	8642	267681	185	5625	3672	64038	0	0	0	0	0	0
40	1350	9386	186044	108	2001	2919	40737	0	0	12	5	0	0
40	1370	12117	416612	1480	49049	6363	98929	0	0	0	0	0	0
40	1390	8139	272484	220	5265	8590	144906	0	0	0	0	0	0
40	1410	17203	311183	218	3793	2475	26241	0	0	0	0	0	0
40	1430	47157	869864	226	4140	19377	210246	0	0	0	0	0	0
40	1450	6282	152659	294	6155	2035	30945	0	0	0	0	0	0
40	1470	11373	226538	170	3347	4477	65881	0	0	0	0	0	0
40	1490	9135	154472	621	13193	1136	15946	0	0	88	42	0	0
40	1530	10684	358413	594	9600	6610	97912	0	0	0	0	0	0
40	1510	15506	386960	634	14217	413	6442	0	0	35	17	0	0
40	1550	8257	276078	639	15047	4954	63687	0	0	0	0	0	0
40	1570	8164	308557	146	2522	2821	35126	0	0	0	0	0	0
40	1590	7459	218200	271	6362	4444	78029	0	0	0	0	0	0
40	1610	4739	138745	505	11576	2617	46479	0	0	0	0	0	0
40	1630	13547	405171	1444	25068	13126	171229	0	0	0	0	0	0
40	1650	24382	943439	898	25026	33149	641899	0	0	0	0	0	0
40	1670	19362	584248	216	4278	6005	76035	0	0	0	0	0	0
40	1690	23029	626224	486	6899	6824	82006	0	0	0	0	0	0
40	1710	16554	666779	1245	37085	16126	273462	0	0	0	0	0	0
40	1730	12478	476883	1467	35668	6495	92330	0	0	0	0	0	0
40	1750	31612	774261	33	718	62	775	0	0	7494	2800	0	0
40	1770	9719	285305	615	18976	3835	55588	0	0	0	0	0	0
40	1790	6972	181760	373	8826	2406	33606	0	0	0	0	0	0
40	1810	10372	272507	51	1316	24	337	0	0	39	20	0	0
40	1830	14388	279408	22	455	112	1530	0	0	2258	787	0	0
40	1850	11163	388257	979	27251	3735	57837	0	0	0	0	0	0
40	1870	6157	225181	160	2272	5406	80053	0	0	0	0	0	0
40	1875	818	18802	129	4200	162	3150	0	0	0	0	0	0
40	1910	25583	853626	913	20506	12890	170217	0	0	0	0	0	0
40	1930	9697	278395	337	10315	5519	103917	0	0	0	0	0	0
40	1950	7952	175026	303	2910	279	3013	0	0	0	0	0	0
40	1970	15162	554814	1397	34880	9716	135036	0	0	0	0	0	0
40	1990	2700	74483	79	1649	43	650	0	0	0	0	0	0
40	9999	905	23947	84	1092	308	6162	0	0	0	0	0	0
40	5100												
40	5200												
40	5300												
40	5400												
40	5600												
40	5900												
40	6300												
40	6500												
40	6600												
40	6700												
40	6800												
40	6900												
40	7000												
40	7100												
40	7300												
40	7400												
40	7500												
40	7600												
40	7700												
40	7850												
40	7900												
40	8000												
40	8300												
40	8400												
40	0	1268929	33600920	50297	1159760	490389	7211524	0	0	30027	12865	0	0
		0	0	0	0	0	0	0	0	0	0	0	0
													
41	10	45642	389285	2082	56493	9	231	0	0	24994	8899	0	0
41	30	38678	477356	289	4102	3	28	222	5166	4218	1183	0	0
41	50	63660	364229	89	1520	0	0	0	0	34185	9167	0	0
41	70	23314	178614	20	80	0	0	0	0	10678	2478	0	0
41	90	60781	838307	279	9146	78	295	0	0	31175	20310	0	0
41	110	51888	255701	496	9456	0	0	0	0	25346	6614	0	0
41	130	59200	517916	363	8243	0	0	0	0	28552	9462	0	0
41	150	34876	341744	484	9282	252	2784	0	0	24782	12011	0	0
41	170	55333	462173	2055	35550	95	910	0	0	33174	10090	0	0
41	190	46200	635016	331	7578	20	190	0	0	33862	25032	0	0
41	210	50672	454413	183	2752	10	83	0	0	21134	7392	0	0
41	230	38910	285628	49	607	0	0	0	0	15073	3320	0	0
41	250	38205	244847	119	1356	0	0	0	0	15986	3429	0	0
41	270	37672	318314	1502	27515	64	697	0	0	16752	5330	0	0
41	290	21750	180506	211	5077	220	2283	0	0	12062	5134	0	0
41	310	72845	487372	8	75	0	0	0	0	37271	9229	0	0
41	330	36672	333261	241	6610	23	217	0	0	29069	10304	0	0
41	350	64883	411476	272	5900	0	0	0	0	23701	7684	0	0
41	370	18130	138793	157	1453	0	0	0	0	10133	3116	0	0
41	390	89446	570669	36	669	5	15	0	0	36470	10132	0	0
41	410	63009	431833	29	537	0	0	0	0	28752	11223	0	0
41	430	77959	1126486	62	1022	36	505	0	0	49041	39987	0	0
41	450	41741	261562	56	630	0	0	0	0	19878	3878	0	0
41	470	55702	488337	2685	46615	6	72			51097	12593	0	0
41	490	97852	1531162	120	2584	107	1187	0	0	42708	38234	0	0
41	510	57118	605274	2874	76493	30	409	0	0	38361	17948	0	0
41	530	36753	276110	319	10818	0	0			16885	5499	0	0
41	550	48972	584500	161	2863	37	398	0	0	25866	18273	0	0
41	570	40199	318869	14	243	3	15	0	0	20178	7105	0	0
41	590	42282	328549	20	95	0	0	0	0	24350	6061	0	0
41	610	68129	447459	119	2015	0	0	3	21.6	35630	8862	0	0
41	630	31876	193285	312	3741	0	0			25053	6234	0	0
41	650	37548	240276	1412	27287	15	100	0	0	32443	7364	0	0
41	670	53853	375436	745	18094	3	50			31625	9607	0	0
41	690	78820	629854	1277	38509	0	0			47412	16224	0	0
41	710	78871	1231756	191	3464	114	1029	0	0	33103	20993	0	0
41	730	26742	319902	143	2518	63	754	0	0	7004	3000	0	0
41	750	37216	270605	42	509	0	0	0	0	25944	9524	0	0
41	770	48051	399393	236	6157	782	9777	0	0	42154	14346	0	0
41	790	59121	487088	124	2201	37	314	0	0	47452	22596	0	0
41	810	54363	372469	847	14647	10	59	0	0	32382	10777	0	0
41	830	67027	913821	405	9750	355	3072	0	0	59776	30878	0	0
41	850	42704	368320	1908	54197	0	0	0	0	26453	7587	0	0
41	870	58164	440451	1758	43059	14	55			36322	15404	0	0
41	890	80447	1211052	533	13475	1083	14385	0	0	76951	36255	0	0
41	910	49443	312727	1221	27342	0	0			40955	8943	0	0
41	930	50656	429177	43	499	6	22	0	0	23324	6362	0	0
41	950	77700	1266861	126	2939	45	688	0	0	46340	38881	0	0
41	970	19316	242684	10	16	0	0			3819	1178	0	0
41	990	61882	509297	128	3353	0	0			33057	10397	0	0
41	1010	53018	543769	4474	136324	20	435			27616	11359	0	0
41	1030	62987	711637	412	5726	310	2891	0	0	41549	24583	0	0
41	1050	41833	197360	1630	29698	0	0	0	0	32774	4329	0	0
41	1070	56571	501035	312	5118	0	0	0	0	33034	12314	0	0
41	1090	73042	399869	22	380	0	0	0	0	39878	12556	0	0
41	1110	59605	500811	1067	17416	613	5658	0	0	28050	10911	0	0
41	1130	50729	211423	1100	21621	0	0	0	0	27176	7275	0	0
41	1150	35426	358077	77	2034	21	246	0	0	15309	7330	0	0
41	1170	29150	236502	589	10025	31	350	0	0	12510	4981	0	0
41	1190	41626	308809	1171	25989	0	0	0	0	28003	6053	0	0
41	1210	55007	436190	2330	50746	287	3240	0	0	35042	14048	0	0
41	1230	45692	395037	693	11670	80	529	0	0	27315	11278	0	0
41	1250	64494	736757	253	6815	0	0	0	0	32811	11848	0	0
41	1270	42597	335953	53	329	0	0	0	0	15318	6082	0	0
41	1290	20025	179387	1	20	1	4	0	0	4539	1114	0	0
41	1310	37833	231859	69	1356	0	0	0	0	22387	4453	0	0
41	1330	29978	243419	7	25	3	42	0	0	14317	5668	0	0
41	0	3391886	31028109	41446	934428	4891	54019	738	9864	1930560	772711	0	0
		0	0	0	0	0	0	513	4676.4	0	0	0	0
													
42	10	21267	283218	31240	1255789	501	7312	64126	2939860.8	13581	6448	0	0
42	30	28716	365130	1321	33625	0	0	0	0	38064	26619	0	0
42	50	7825	137521	397	4402	979	6921	0	0	2149	881	0	0
42	70	20211	318441	7614	163154	5801	64645	0	0	0	0	0	0
42	90	9100	164969	2550	45012	1807	16614	0	0	242	134	0	0
42	110	16983	203929	71	1520	0	0	0	0	16043	7900	0	0
42	130	17949	172280	59	1013	0	0	0	0	12780	5426	0	0
42	150	10844	194727	3208	59108	1541	14380	0	0	0	0	0	0
42	170	39665	675896	7209	232949	12	100	0	0	47284	33216	0	0
42	190	30842	477716	175	4298	0	0	0	0	20510	9969	0	0
42	210	60578	1278436	534	10927	2560	34951	1897	92944.8	41673	35064	0	0
42	230	18708	249999	21	480	0	0	0	0	13333	5488	0	0
42	250	15631	160780	4	110	0	0	0	0	21805	8453	0	0
42	270	52248	558833	569	12405	0	0	0	0	45963	17707	0	0
42	290	27823	280233	76	1136	36	461	0	0	34882	13225	0	0
42	310	79888	1572115	371	8046	304	2435	6034	316800	64424	56438	0	0
42	330	14342	226707	806	31960	97	2165	0	0	7376	3809	0	0
42	350	63137	1347333	1073	28799	175	4750	0	0	101019	98550	0	0
42	370	37143	609857	904	24009	51	1159	8582	493480.8	43122	36708	0	0
42	390	15509	157519	6	99	0	0	0	0	9418	3670	0	0
42	410	42297	646398	3818	146493	0	0	0	0	46306	30160	0	0
42	430	21566	258782	307	5261	0	0	2	72	23551	13361	0	0
42	450	35014	362437	571	14936	3	43	0	0	43002	18630	0	0
42	470	17847	182704	4658	89714	554	4788	0	0	7255	2770	0	0
42	490	11490	169580	493	6521	350	2999	0	0	4607	2181	0	0
42	510	8233	102422	864	11454	193	1860	0	0	2095	866	0	0
42	530	11004	106661	7	30	0	0	0	0	7311	2655	0	0
42	550	54325	1049106	330	6502	564	5243	150	8352	36042	30200	0	0
42	570	47984	600724	597	13260	10	75	0	0	40979	19777	0	0
42	590	17322	222571	433	8852	161	1005	2	104.4	9090	3696	0	0
42	610	24568	324276	37	625	0	0	0	0	17860	7433	0	0
42	630	34065	688367	498	8956	761	9761	0	0	21647	11992	0	0
42	650	17928	254615	75	563	152	1292	0	0	12441	5912	0	0
42	670	44969	668227	25	300	427	3819	5840	324435.6	52975	33156	0	0
42	690	43113	728321	8715	280729	10	110	0	0	85575	50928	0	0
42	710	18158	244138	273	4417	81	511	0	0	6252	3496	0	0
42	730	25687	357012	808	24934	0	0	0	0	33397	18686	0	0
42	750	41223	731814	64	1671	40	322	958	46119.6	32197	20758	0	0
42	770	51474	779418	902	24995	0	0	1825	89697.6	59406	39503	0	0
42	790	31039	437844	1218	32205	5	140	0	0	44190	25163	0	0
42	810	22410	295118	613	17421	22	380	0	0	24923	13394	0	0
42	830	25242	289724	2353	49208	584	7854	0	0	19026	8161	0	0
42	850	41138	575913	6591	215198	20	120	14825	648568.8	73937	34468	0	0
42	870	18142	278904	3278	64958	1318	11948	0	0	0	0	0	0
42	890	9366	152761	926	11961	1285	9744	0	0	1383	619	0	0
42	910	26149	394768	3172	87585	5	115	0	0	34846	21553	0	0
42	930	145597	3287565	1262	30139	14	220	0	0	183888	200445	0	0
42	950	22548	250616	1356	45313	8	160	3357	174121.2	38055	21221	0	0
42	970	12677	156610	711	10242	79	768	0	0	3811	1419	0	0
42	990	35043	298237	370	5795	0	0	0	0	28385	10615	0	0
42	1010	11885	169126	615	9725	644	4783	0	0	339	174	0	0
42	1030	22166	223480	50	949	0	0	0	0	14894	6096	0	0
42	1050	9149	100426	0	0	0	0	0	0	9045	3710	0	0
42	1070	63122	1251910	2826	105577	49	1175	0	0	69686	52413	0	0
42	1090	17243	219521	565	6160	0	0	0	0	8078	2743	0	0
42	1110	63301	1248629	683	24945	206	3367	12370	748162.8	57828	56919	0	0
42	1130	12888	132258	162	2454	77	594	0	0	4225	1651	0	0
42	1150	26313	310422	47	1131	17	152	0	0	25273	10012	0	0
42	1170	20309	277879	13165	490489	120	1596	24577	1319932.8	17308	9643	0	0
42	1190	26340	422150	1657	45974	220	3710	0	0	37192	21971	0	0
42	1210	33725	673729	239	4120	424	5542	0	0	19400	13741	0	0
42	1230	55002	885804	1270	45299	9	95	4342	187185.6	69951	53584	0	0
42	1250	12070	173380	860	16797	84	1073	0	0	3372	1361	0	0
42	1270	16257	173923	137	2072	25	174	0	0	7288	2955	0	0
42	1290	12757	208657	1458	23035	1783	13921	0	0	1377	640	0	0
42	1310	16586	185968	1564	28652	217	2635	0	0	9729	3897	0	0
42	1330	15128	215594	1	15	0	0	0	0	9206	3383	0	0
42	1350	13141	233634	35	510	91	596	0	0	10187	5054	0	0
42	1370	9688	164941	543	6942	557	3776	0	0	2222	770	0	0
42	1390	28717	295444	30	375	0	0	0	0	21741	10233	0	0
42	1410	18812	210807	42	522	22	245	0	0	10085	3400	0	0
42	1430	22941	320618	12541	236233	8453	89697	0	0	0	0	0	0
42	1450	40533	480142	89	1326	41	385	0	0	48750	23367	0	0
42	1470	39887	476100	586	14790	3	40	4208	261392.4	42145	26781	0	0
42	1490	31635	376509	252	3972	60	717	0	0	29354	13788	0	0
42	0	2185622	33762323	142950	4211143	33612	353443	153095	7651231.2	2056775	1351209	0	0
		0	0	0	0	0	0	0	0	0	0	0	0
													
43	10	43919	522851	70	630	0	0	0	0	78	18	0	0
43	30	6483	56486	0	0	0	0			34	6	0	0
43	50	1125	5116	0	0	0	0	5	187.2	62	7	0	0
43	70	8754	88398	12	162	0	0			56	8	0	0
43	90	77	525	0	0	0	0	0	0	5	1	0	0
43	110	23	120	0	0	0	0	0	0	0	0	0	0
43	130	9315	83092	2	15	0	0	7	46.8	194	25	0	0
43	150	21	380	0	0	0	0	0	0	0	0	0	0
43	170	1520	8073	0	0	0	0	0	0	12	4	0	0
43	190	1792	19838	0	0	0	0	0	0	0	0	0	0
43	210	106	1300	0	0	0	0	0	0	0	0	0	0
43	230	34472	305249	116	903	0	0			1171	212	0	0
43	250	20	800	0	0	0	0	0	0	0	0	0	0
43	270	231	3678	0	0	0	0			0	0	0	0
43	290	2830	13488	0	0	0	0	0	0	0	0	0	0
43	310	1713	31121		3	0	0	0	0	2		0	0
43	330	11645	96011	4	65	0	0	0	0	3264	831	0	0
43	350	2604	40580	0	0	0	0	0	0	10	4	0	0
43	370	28	598	2	26	0	0	0	0	5	2	0	0
43	390	32886	454622	97	1885	0	0			62	12	0	0
43	410	20471	133746	0	0	0	0	0	0	52	8	0	0
43	430	226	3287	0	0	0	0	46	259.2	0	0		
43	450	435	2547	0	0	0	0	5	68.4	3	1	0	0
43	470	17677	139770	12	85	0	0	0	0	2067	458	0	0
43	490	2182	27725	0	0	0	0	0	0	0	0	0	0
43	510	29	190	0	0	0	0	0	0	0	0		
43	530	2295	20169	0	0	0	0	4	36	4	1	0	0
43	550	48	860	0	0	0	0			0	0	0	0
43	570	5031	69662	0	0	0	0			200	48	0	0
43	590	32583	159250	10	65	0	0	6	115.2	8746	1827	0	0
43	610	2	50	0	0	0	0	0	0	0	0		
43	630	70997	394184	385	4806	0	0	6	79.2	11881	2337	0	0
43	650	32273	238127	308	3765	0	0	0	0	2628	478	0	0
43	670	11591	91905	0	0	0	0	0	0	446	65	0	0
43	690	1038	11298	0	0	0	0			304	114	0	0
43	710	21	266	0	0	0	0	0	0	0	0	0	0
43	730	26164	152377	242	3368	0	0	0	0	3609	574	0	0
43	750	20318	157415	0	0	0	0	0	0	48	8	0	0
43	770	2544	17383	3	20	0	0	0	0	0	0	0	0
43	790	34488	306584	142	1520	0	0	0	0	5501	1037	0	0
43	810	797	10930	2	40	0	0	5	72	0	0	0	0
43	830	26027	234603	132	1321	0	0	0	0	436	87	0	0
43	850	16	210	0	0	0	0	0	0	0	0	0	0
43	870	9	125	0	0	0	0	0	0	0	0	0	0
43	890	2536	38580	0	0	0	0	0	0	0	0	0	0
43	910	12062	54096	30	655	0	0	34	622.8	3689	522	0	0
43	930	126	1657	0	0	0	0			0	0	0	0
43	950	165	3497	0	0	0	0			0	0	0	0
43	970	76	872	0	0	0	0			0	0	0	0
43	990	35	600	0	0	0	0	0	0	0	0		
43	1010	2643	23837	31	600	0	0	4	136.8	81	12	0	0
43	1030	72	699	0	0	0	0	0	0	0	0	0	0
43	1050	4072	54215		2	0	0			0	0	0	0
43	1070	3715	61827	0	0	0	0	0	0	227	61	0	0
43	1090	3562	75635	1	20	0	0	0	0	0	0	0	0
43	1110	22	220	0	0	0	0	0	0	0	0	0	0
43	1130	17154	101392	1	16	0	0	1	39.6	7583	1495	0	0
43	1150	42	645	0	0	0	0			0	0	0	0
43	1170	1688	39006	0	0	0	0	0	0	3	2	0	0
43	1190	11117	111291	2	25	0	0	0	0	63	15	0	0
43	1210	48005	356190	156	2381	0	0	0	0	1014	213	0	0
43	1230	5382	45361	0	0	0	0	0	0	80	15	0	0
43	1250	12962	106508	0	0	0	0			125	18	0	0
43	1270	756	12246	0	0	0	0	1	28.8	0	0	0	0
43	1290	2539	12608	0	0	0	0	0	0	0	0	0	0
43	1310	15577	72600	16	277	0	0	4	61.2	3061	652	0	0
43	1330	20753	112146	6	110	0	0	18	165.6	1765	246	0	0
43	0	631887	5190717	1782	22765	0	0	185	2556	58571	11424	21012	721862
		0	0	0	0	0	0	39	637.2	0	0	21012	721862
													
44	10	30375	285558	33	510	0	0	0	0	5693	1928	0	0
44	30	15568	166779	211	3680	0	0	0	0	1667	454	0	0
44	50	18174	245644	173	2240	0	0	0	0	2987	984	0	0
44	70	23339	156726	44	925	0	0	0	0	7205	1175	0	0
44	90	19432	155927	112	2779	244	2231	0	0	6188	2800	0	0
44	110	15070	133707	2324	30503	1624	15617	0	0	9985	4652	0	0
44	130	16679	144443	2526	47253	3821	40864	0	0	15678	9372	0	0
44	150	22701	302745	911	19277	485	6159	0	0	25903	15080	0	0
44	170	19672	164924	225	2970	51	527			8252	3005	0	0
44	190	39498	415871	109	2840	0	0	0	0	5302	1995	0	0
44	210	13396	159414	941	21502	1247	23708	0	0	2745	1180	0	0
44	230	30630	299346	798	15983	175	2528	0	0	12994	6949	0	0
44	250	8891	98482	24	1045	0	0			55	23	0	0
44	270	52431	548612	1423	32215	1	10	0	0	12583	4207	0	0
44	290	6559	61289	0	0	0	0			460	141	0	0
44	310	78579	781050	327	6041	84	1034			29904	15912	0	0
44	330	84494	722648	9313	161972	2142	17443	0	0	57404	35148	0	0
44	350	14233	120950	2046	42484	1580	20475	0	0	9240	5060	0	0
44	370	24865	199424	318	7175	22	312	0	0	8731	2791	0	0
44	390	1572	22993	8	120	0	0	3	46.8	0	0	0	0
44	430	30963	296298	65	845	30	258	0	0	11991	5044	0	0
44	450	58235	586254	3678	76605	2329	26354	0	0	42071	19508	0	0
44	470	8456	117633	135	3486	199	2450	0	0	3750	2707	0	0
44	490	3455	32172	0	0	0	0			3	1	0	0
44	510	3648	48406	159	4690	0	0	19	259.2	80	27	0	0
44	530	6277	27276	0	0	11	90	0	0	2629	542	0	0
44	550	17126	179412	466	11647	85	791	0	0	11466	7409	0	0
44	570	22510	252778	750	16342	856	9619	0	0	12491	6532	0	0
44	590	7545	70104	1515	32753	1951	20037	0	0	6319	3334	0	0
44	610	17471	107732	90	630	0	0	0	0	8194	2583	0	0
44	630	10197	97952	882	20217	836	9749	0	0	5194	1772	0	0
44	650	4017	46789	140	1155	0	0	0	0	274	108	0	0
44	670	24588	184233	712	12666	915	10622	0	0	15778	7095	0	0
44	690	51207	524673	198	3043	12	120			8590	2283	0	0
44	710	63471	670751	380	7621	5	57	0	0	23583	8851	0	0
44	730	22169	168768	693	9377	1380	11106	0	0	10659	5591	0	0
44	750	28975	328114	458	9132	23	460	0	0	3994	1932	0	0
44	770	35272	260640	3254	57763	1804	17056	0	0	18947	7811	0	0
44	790	18386	160459	325	7607	826	9886	0	0	5918	1946	0	0
44	810	29857	300304	1282	26547	105	1538	0	0	16675	7755	0	0
44	830	5553	103322	131	1778	303	3121	0	0	1198	793	0	0
44	850	7963	84297	238	3408	358	3251	0	0	2308	1329	0	0
44	870	43256	328839	163	3090	0	0	0	0	5023	948	0	0
44	890	12739	121944	533	9641	833	7684	0	0	4895	1852	0	0
44	910	68201	423620	332	6930	135	1432	0	0	29605	13506	0	0
44	930	50232	428834	3221	78593	1859	22173			31565	16053	0	0
44	950	15035	146497	850	10031	15	130	0	0	3080	1157	0	0
44	970	13683	117852	365	9396	704	7980	0	0	7781	4236	0	0
44	990	47540	312076	495	3100	0	0	0	0	22444	7392	0	0
44	1010	5456	37091	1	5	0	0	0	0	202	58	0	0
44	1030	17833	216512	48	944	0	0	11	111.6	3406	1203	0	0
44	1050	21674	191437	5249	87216	3479	28724	0	0	20427	11910	0	0
44	1070	77768	639431	1297	9711	802	8795	2	25.2	35757	16791	0	0
44	1090	18643	169673	128	1500	7	75	0	0	5601	2495	0	0
44	1110	11266	170986	1	12	202	1447	0	0	0	0	0	0
44	1130	17755	139145	631	12501	607	6699	0	0	11728	6202	0	0
44	1150	23769	263649	1063	23513	208	2084	0	0	20586	12823	0	0
44	1170	22158	236601	1484	25468	1382	13252	0	0	14514	8588	0	0
44	1190	20607	191463	6867	115728	4336	41805	0	0	21802	12239	0	0
44	1210	26114	245958	1833	34980	1370	17697	0	0	13249	6294	0	0
44	1230	10288	167544	10	100	80	587	0	0	410	252	0	0
44	1250	16832	122306	188	2252	960	8087	0	0	7643	4678	0	0
44	1270	895	7931	15	90	0	0	0	0	16	5	0	0
44	1290	22465	278007	185	3228	202	2561	0	0	18481	12654	0	0
44	1310	41974	455789	614	12603	0	0	0	0	4719	1657	0	0
44	1330	20224	161506	1194	14709	3077	24552	0	0	9952	4954	0	0
44	1350	39337	302734	1452	22454	3565	30322	0	0	25454	12596	0	0
44	1370	13873	187366	325	6271	460	4387	0	0	3113	1806	0	0
44	1390	25623	275187	1915	30238	2003	18858	0	0	16731	9124	0	0
44	1410	34477	230213	911	15173	1464	10933	0	0	13241	6556	0	0
44	1430	18520	153886	340	5793	289	2654	0	0	11745	7292	0	0
44	1450	20705	152281	756	15691	166	1353	0	0	7060	2740	0	0
44	1470	22242	223519	9484	204058	5662	63601	0	0	27748	18418	0	0
44	1490	22526	137641	929	14329	280	2372	0	0	12445	4103	0	0
44	1510	30795	282609	3118	73844	4233	54361	0	0	24455	14938	0	0
44	1530	32624	354338	3235	76584	3003	42942			13339	5936	0	0
44	1550	40502	390029	167	5624	20	168	3	18	14019	5133	0	0
44	1570	23824	243152	4512	83683	5115	54430	0	0	25535	12363	0	0
44	1590	14438	143866	2327	63406	1536	21610	0	0	10121	6210	0	0
44	1610	20112	203333	13	300	15	116	0	0	2806	837	0	0
44	1630	72323	605028	2476	37676	5528	55188	0	0	34367	18234	0	0
44	1650	37683	357143	3612	81215	471	6284	0	0	22178	13664	0	0
44	1670	51602	458865	135	1492	382	6105	0	0	23387	12456	0	0
44	1690	14548	133962	178	3666	374	4410	0	0	3528	1373	0	0
44	1710	14378	140208	1539	30933	1525	18961	0	0	7225	3344	0	0
44	1730	11327	170353	162	3935	0	0	0	0	1097	458	0	0
44	1750	100259	954756	3429	81455	504	7341	0	0	50248	23987	0	0
44	1770	20997	197080	1989	28125	142	1791	0	0	4540	1410	0	0
44	1790	10038	89595	119	1812	2	20	105	885.6	690	196	0	0
44	1810	14491	128174	1933	22635	1971	13269	0	0	9053	5037	0	0
44	1830	7991	72506	16	160	0	0	0	0	774	285	0	0
44	1850	38790	407447	598	9697	0	0			5489	1882	0	0
44	1870	8485	100345	266	5239	183	1523	0	0	1474	778	0	0
44	1890	21958	183680	469	7938	1559	11719	0	0	12445	6973	0	0
44	1910	843	12185	4	25	0	0	14	198	84	53	0	0
44	1930	44120	379090	3318	55341	1701	22126	0	0	24780	10474	0	0
44	1950	22287	201638	5971	115216	8242	77754	0	0	20961	12303	0	0
44	1970	19753	121648	92	2255	69	677	0	0	7908	2062	0	0
44	1990	42096	336696	2915	57362	1431	16905	0	0	22904	10143	0	0
44	2010	37392	253360	99	942	0	0	0	0	7815	2393	0	0
44	2050	70979	481962	481	7217	25	258	0	0	22051	6095	0	0
44	2070	14892	132434	1189	24402	1282	13724	0	0	5927	2671	0	0
44	2090	27982	200969	293	4484	140	1376			11050	3457	0	0
44	2110	23780	264296	4375	100277	3437	40181	0	0	20790	14670	0	0
44	2130	14924	254546	130	2955	369	3559	0	0	8907	5564	0	0
44	2150	7852	74415	370	11246	47	1186	0	0	2139	555	0	0
44	2170	18340	166507	3135	80130	2027	20209	0	0	14232	9199	0	0
44	2190	16390	125448	3286	56312	4495	42420	0	0	12779	7286	0	0
44	2210	24330	212025	4732	80948	6478	54187	0	0	19306	11131	0	0
44	2230	19940	176107	236	3989	443	5466	0	0	12998	7430	0	0
44	2250	16481	232063	2031	58107	2809	52448	0	0	7515	3648	0	0
44	2270	9663	131499	9	181	84	744	0	0	4757	2792	0	0
44	2290	27407	335529	0	0	0	0	0	0	2754	1132	0	0
44	2310	22008	243954	2371	60796	1983	24878	0	0	15004	7580	0	0
44	2330	18480	199325	339	6231	375	3161	0	0	16146	9885	0	0
44	2350	27026	234009	660	14645	209	2113	0	0	13982	7768	0	0
44	2370	12183	114962	1102	16596	956	10170	0	0	5348	2622	0	0
44	2390	8372	52146	4	55	4	20	0	0	4088	1065	0	0
44	2410	6555	143817	10	160	18	107	0	0	0	0	0	0
44	2430	34483	248593	1506	26033	171	2227	0	0	17537	4699	0	0
44	2450	18221	160446	1492	30673	1132	10736	0	0	8632	5098	0	0
44	2470	13227	110983	589	11810	1190	12332	0	0	7458	4311	0	0
44	2490	15525	112710	521	6753	329	3506	0	0	7646	3062	0	0
44	2510	67934	583170	521	9775	436	4642	6	86.4	30578	17870	0	0
44	2530	21161	202290	1457	24900	2	50	0	0	6708	1758	0	0
44	2550	15229	164623	3204	73180	1699	23329	0	0	9246	5278	0	0
44	2570	8734	99173	1723	27514	1287	11764	0	0	5383	2746	0	0
44	2590	23633	182511	1038	22372	97	775	0	0	9287	1989	0	0
44	2610	42696	438397	4926	89277	2812	37195	0	0	21791	10216	0	0
44	2630	15061	115906	369	4924	223	2589	0	0	4831	1626	0	0
44	2650	10515	72951	893	9559	1172	8471	0	0	7346	3418	0	0
44	2670	45392	489155	170	5521	7	75			8736	3371	0	0
44	2690	30325	251111	333	7115	653	10726	0	0	13853	6548	0	0
44	2710	42203	316022	51	1102	41	511	0	0	12675	3414	0	0
44	2730	33978	330060	1460	32422	616	8657	0	0	17912	8440	0	0
44	2750	47576	530418	494	7737	3	30			7698	2279	0	0
44	2770	28095	286953	1545	41562	44	414	0	0	9629	4016	0	0
44	2790	36897	309522	236	4234	21	214			15288	5369	0	0
44	2810	6313	113219	7	77	678	7198	0	0	0	0	0	0
44	2830	24970	211934	29	340	27	125			10498	3644	0	0
44	2850	23734	161557	882	15208	214	2279	0	0	10046	3039	0	0
44	2870	24752	209055	969	18082	160	1612	0	0	9036	3012	0	0
44	2890	25038	178273	102	1140	13	167	0	0	8473	3614	0	0
44	2910	11756	174719	13	168	685	6246	0	0	0	0	0	0
44	2930	18604	167624	1242	21063	777	7698	0	0	5520	2050	0	0
44	2950	19173	268473	513	10263	289	3197	0	0	9318	6331	0	0
44	2970	35343	338396	5995	117138	5850	69378			30976	22307	0	0
44	2990	16648	197543	4	50	7	95	0	0	1198	362	0	0
44	3010	26218	245557	738	14898	1880	17972	0	0	18817	12045	0	0
44	3030	79532	593329	3212	47835	4248	47229			28263	14111	0	0
44	3050	23448	255766	22	520	8	81			4388	1662	0	0
44	3070	14733	98415	271	4670	22	215	0	0	4595	1181	0	0
44	3090	29192	204565	212	4210	18	307	0	0	13276	4402	0	0
44	3110	10958	125903	521	7452	272	2057			3013	1955	0	0
44	3130	14639	172264	367	5937	451	4748	0	0	8693	5308	0	0
44	3150	38257	283103	411	7058	128	1563		0	23078	9656	0	0
44	3170	25389	199725	3425	61371	4994	37650			17586	8366	0	0
44	3190	30010	202369	216	5363	10	145	0	0	7611	2909	0	0
44	3210	55553	427491	860	18180	32	330	0	0	23060	7763	0	0
44	0	4083594	37603790	190280	3664951	153536	1630159	215	2196	1856185	905088	0	0
		0	0	0	0	0	0	52	565.2	0	0	0	0
													
45	10	21881	330195	60	1205	6	40	96932	4438198.8	24305	20421	0	0
45	30	8369	124935	26	510	0	0	13113	569685.6	3746	2505	0	0
45	50	16744	261946	8	70	0	0	2737	179866.8	309	154	8385	149800
45	70	20402	397122	0	0	0	0	525	44460	8	2	26387	595513
45	90	61296	1036036	127	3725	0	0	679	34750.8	32599	25076	3280	66832
45	110	9163	138903	16	195	0	0	175	5040	1915	1034	0	0
45	130	42255	380805	0	0	0	0	0	0	38077	17585	0	0
45	150	32518	477606	1167	39782	0	0	0	0	38143	28337	4	100
45	170	48165	729401	1123	38057	7	125	0	0	62478	48776	0	0
45	190	11362	175135	0	0	0	0	58566	2212959.6	3538	1447	0	0
45	210	11042	118988	52	2130	0	0	0	0	8527	5961	0	0
45	230	6714	86229	0	0	0	0	12545	488739.6	3752	1991	0	0
45	250	22887	283238	578	18525	0	0	0	0	16748	11667	0	0
45	270	50410	424656	223	2395	0	0	1	54	49276	22563	0	0
45	290	16985	252656	1036	31466	0	0	0	0	15366	11112	0	0
45	310	38775	356870	65	1080	0	0	0	0	44585	22990	0	0
45	330	13777	182810	412	7796	0	0	0	0	3959	1214	629	12269
45	350	26010	527165	4605	179549	12	320	0	0	31721	26430	0	0
45	370	24888	244446	213	5415	0	0	2	14.4	10918	3870	0	0
45	390	51823	797551	0	0	0	0	17442	780523.2	29472	23010	32	472
45	410	59320	718627	3584	119568	0	0	0	0	55330	40308	0	0
45	430	11324	134661	73	1307	0	0	0	0	7616	5024	0	0
45	450	35914	558496	0	0	0	0	3525	161265.6	1612	1066	26007	533137
45	470	19592	394893	0	0	0	0	1241	72874.8	625	248	15762	349724
45	490	15399	133869	14	90	4	60	0	0	11442	5291	0	0
45	510	407	10098	0	0	0	0	0	0	21	8	63	438
45	530	8180	127617	163	4160	0	0	86384	3845318.4	5954	3854	0	0
45	550	41839	596491	0	0	0	0	2428	94140	28020	19451	11119	179040
45	570	33001	652950	0	0	0	0	430	27133.2	963	444	19182	465061
45	590	4030	60936	5	125	0	0		10.8	2054	1202	0	0
45	610	33640	320149	149	3695	0	0	0	0	33064	15445	0	0
45	630	8325	111697	18	365	1	15	7	158.4	1338	600	0	0
45	650	21517	444646	7379	260622	0	0	0	0	24965	21802	0	0
45	670	41890	524047	1104	40556	0	0	71	2214	36877	31382	0	0
45	690	45742	489300	229	3451	0	0	1	28.8	45692	30798	0	0
45	710	716	30945	8	200	0	0	0	0	30	23	0	0
45	730	24491	278450	431	12466	0	0	0	0	22183	13661	0	0
45	750	901	23834	0	0	0	0	431	19216.8	0	0	33	278
45	770	38103	698806	298	6700	0	0	0	0	15211	9459	12342	236991
45	790	38440	743766	1220	33608	0	0	496	22143.6	25590	21874	2592	79030
45	810	27791	339370	1060	34284	0	0	0	0	30135	18460	0	0
45	830	48512	632337	5042	174817	0	0	0	0	50540	34459	0	0
45	850	23313	267534	7	76	0	0	0	0	17347	8321	0	0
45	870	375	9335	1	15	0	0	0	0	0	0	1	8
45	890	5334	94552	0	0	0	0	6	194.4	0	0	2940	48385
45	910	16931	154113	24	587	0	0		3.6	5057	2088	0	0
45	930	10087	187185	0	0	0	0	3446	216831.6	0	0	10356	211364
45	950	4599	77192	0	0	0	0	732	55177.2	0	0	6646	129655
45	970	88502	1455753	0	0	0	0	8887	442656	54237	38994	2372	48486
45	990	36317	562100	0	0	0	0	3575	178383.6	9947	6212	17293	304099
45	1010	14186	249863	0	0	0	0	2828	94968	126	23	21508	465481
45	1030	6807	80126	1	10	0	0	84	2736	1292	558	4	50
45	1050	19619	224935	28	864	2	16	22	424.8	6110	3033	0	0
45	1070	25973	415423	5727	210680	0	0	0	0	26543	23102	0	0
45	1090	18272	329725	5	100	0	0	0	0	0	0	15308	297751
45	1110	39580	423656	77	969	0	0	0	0	32581	15302	0	0
45	1130	25878	419826	32	1075	0	0	86724	3786519.6	17093	12113	10679	192644
45	1150	15177	195576	7	90	0	0	0	0	6282	3207	0	0
45	1170	45964	518240	30	430	0	0	2	46.8	19500	9923	0	0
45	1190	34756	315339	58	510	0	0	0	0	30192	13560	3	80
45	1210	12606	215867	0	0	0	0	164	8701.2	917	306	11607	215115
45	1230	33935	532569	6269	205191	2	25	0	0	29178	23849	0	0
45	1250	17170	227078	265	7010	0	0	0	0	4994	1844	2383	62560
45	1270	13396	135747	0	0	0	0	0	0	8585	4274	0	0
45	0	1603317	22444412	43019	1455521	34	601	404201	17785440	1088685	717713	226917	4644363
		0	0	0	0	0	0	0	0	0	0	0	0
													
46	10	13332	162264	486	9360	0	0	0	0	9524	4965	0	0
46	30	26046	197348	0	0	0	0	0	0	17490	5396	0	0
46	50	49225	456971	102	1380	0	0	2	8	24709	12500	0	0
46	70	52322	571276	225	5375	0	0	0	0	26778	12671	0	0
46	90	11844	99860	26	986	0	0	0	0	11220	4719	0	0
46	110	87453	1903342	14336	644300	642	22664	0	0	160115	147138	0	0
46	130	30881	269668	274	5244	0	0	0	0	17906	4785	0	0
46	150	44114	567872	96	3925	0	0	0	0	24549	13154	0	0
46	170	27150	170497	45	680	0	0	0	0	23042	5874	0	0
46	190	22375	171460	73	509	2	6	0	0	11237	3136	0	0
46	210	20867	256115	520	10850	0	0	0	0	12853	6606	0	0
46	230	28889	265900	41	1160	0	0	0	0	12370	3314	0	0
46	250	20462	103171	64	786	0	0	0	0	15696	3184	0	0
46	270	53401	1006456	4055	166832	46	1225	0	0	105599	100761	0	0
46	290	41698	543265	78	1355	0	0			20354	8288	0	0
46	310	37541	462902	18	192	0	0	0	0	23294	12228	0	0
46	330	39042	541374	363	18440	0	0	0	0	50523	31099	0	0
46	350	14154	175256	325	8239	0	0	0	0	5009	1712	0	0
46	370	20917	212093	128	3440	0	0	0	0	9378	4289	0	0
46	390	11463	124471	4	50	0	0	0	0	3662	975	0	0
46	410	11221	130832	9	145	0	0			2941	867	0	0
46	430	26896	206816	32	680	0	0	0	0	17049	6451	0	0
46	450	2617	39294	0	0	0	0	11	51	317	146	0	0
46	470	3162	55890	0	0	0	0	3	5	306	104	0	0
46	490	63307	771815	528	16067	0	0	0	0	49912	27891	0	0
46	510	63303	915267	1271	76976	0	0	0	0	55920	40339	0	0
46	530	43077	636690	3906	160939	0	0	0	0	60792	49436	0	0
46	550	14495	272469	4849	157185	15	150	0	0	19665	12933	0	0
46	570	35284	252684	0	0	1	30	0	0	20185	4961	0	0
46	590	3104	48431	0	0	0	0			170	58	0	0
46	610	46970	565088	231	4634	0	0	0	0	21595	9734	0	0
46	630	26972	300164	10	115	0	0	0	0	14217	6961	0	0
46	650	46265	465016	229	4787	0	0			26997	14434	0	0
46	670	46570	593114	94	3115	0	0			24927	12609	0	0
46	690	46269	336591	46	1010	0	0	0	0	25018	6504	0	0
46	710	32841	300573	125	2000	6	75	0	0	20192	6975	0	0
46	730	20283	224853	92	2024	0	0	0	0	8678	3300	0	0
46	750	35021	322614	134	3890	0	0	0	0	17885	4808	0	0
46	770	33905	305171	23	470	1	7	6	4	17856	8847	0	0
46	790	47512	584805	117	2227	0	0	0	0	27957	16874	0	0
46	810	37064	285333	0	0	0	0	0	0	36421	10526	0	0
46	830	60057	1234505	11682	542384	103	2455	0	0	94059	89921	0	0
46	850	45561	393465	64	1155	0	0	0	0	24596	10714	0	0
46	870	32579	256524	586	10935	0	0	0	0	26890	9087	0	0
46	890	64596	759258	2918	76653	0	0	0	0	54670	29980	0	0
46	910	46157	558667	205	5091	0	0			23505	10509	0	0
46	930	38346	276121	10	250	6	25	0	0	35080	12560	0	0
46	950	49291	377461	362	5836	0	0	0	0	43320	14795	0	0
46	970	22833	224028	16	335	0	0	0	0	16351	6713	0	0
46	990	52815	625062	395	8747	0	0	0	0	33675	16563	0	0
46	1010	48704	589754	631	12366	0	0	0	0	27314	13672	0	0
46	1030	32708	228155	264	3005	0	0	0	0	31379	9468	0	0
46	1050	18820	139826	80	1620	0	0	0	0	10615	2194	0	0
46	1070	50448	639531	461	17445	43	457	0	0	50156	25486	0	0
46	1090	14430	196007	79	1413	3	70	7	27	3191	1125	0	0
46	1110	12003	127429	20	600	0	0	0	0	4448	1264	0	0
46	1130	38652	376947	125	2098	0	0			20647	9840	0	0
46	1150	30119	212042	0	0	5	42	0	0	25706	7469	0	0
46	1170	28397	221511	28	840	0	0	0	0	19824	4776	0	0
46	1190	46205	787900	2419	92322	70	2000	0	0	62525	60261	0	0
46	1210	43068	542533	738	25135	0	0	0	0	19659	12704	0	0
46	1230	41041	542052	321	7727	0	0	0	0	21045	14024	0	0
46	1250	29558	525010	1460	49804	0	0	0	0	36050	31841	0	0
46	1270	45015	536028	107	2842	0	0	0	0	23007	13837	0	0
46	1290	43848	615563	260	5612	0	0	0	0	24573	15574	0	0
46	1310	5603	65356	7	75	0	0	3	8	984	330	0	0
46	1330	81903	1642090	22940	1113374	161	4040	0	0	158631	134633	0	0
46	1350	57781	968185	4261	172975	22	460	0	0	68722	58208	0	0
46	1370	31209	351571	64	3085	0	0	0	0	31862	15880	0	0
46	1390	18240	142592	2	10	3	27	0	0	21108	6747	0	0
46	1410	20617	150701	6	50	0	0	0	0	13901	4684	0	0
46	1430	35442	792732	3141	125932	58	2550	0	0	60314	62672	0	0
46	1450	24063	180655	0	0	0	0	0	0	19945	6656	0	0
46	1470	50818	590899	59	1045	0	0			27938	14879	0	0
46	1490	18941	348703	12	590	0	0	0	0	12505	8098	0	0
46	1510	70957	1341031	14461	540985	106	2591	0	0	104839	92751	0	0
46	1530	34512	304541	135	2188	0	0	0	0	12966	3604	0	0
46	1550	20825	173875	480	7528	0	0	0	0	15066	4081	0	0
46	1570	24638	285068	135	2500	0	0			10055	4018	0	0
46	1590	41370	361036	152	2850	0	0	0	0	23065	8710	0	0
46	1610	28772	257782	204	2520	0	0	0	0	16414	5560	0	0
46	1630	73536	1217545	367	16167	0	0	0	0	64377	45652	0	0
46	0	2913792	36034812	102612	4185456	1293	38974	45	594	2449285	1533092	0	0
		0	0	0	0	0	100	13	491	0	0		
							checked w/1945						
47	10	21551	447150	3117	71631	8847	107071			410	196	0	0
47	30	13293	236495	870	19130	7242	80525			3684	3012	0	0
47	50	6782	188502	442	8701	788	8210			0	0	0	0
47	70	26784	447700	6090	130802	8819	96319			26670	19881	0	0
47	90	16022	393821	878	16953	1257	11975			0	0	0	0
47	110	4110	93147	244	5802	143	1127			0	0	0	0
47	130	46563	1224330	1836	53630	21	350			1417	402	0	0
47	150	28691	697631	6	70	0	0			5362	1818	0	0
47	170	36925	678076	358	14350	87	1467			4854	2299	0	0
47	190	12455	248287	6	87	0	0			149	80	0	0
47	210	18322	436506	461	7550	3209	39448			0	0	0	0
47	230	14282	288405	448	11285	6418	75530			1007	878	0	0
47	250	18511	332323	7582	159930	11030	128123			11739	7956	0	0
47	270	13172	249995	481	10832	4778	51439			277	222	0	0
47	290	13970	344187	38	1200	12	120			1535	622	0	0
47	310	4729	88347	0	0	1	12			128	36	0	0
47	330	19434	330224	148	2192	5618	62038			8	4	0	0
47	350	19438	392491	2872	64404	14365	213114			12601	11354	0	0
47	370	26859	583902	3882	87820	13471	135533			2861	1067	0	0
47	390	14204	230730	30	503	414	2760			0	0	0	0
47	410	13791	370540	3	120	0	0			2595	877	0	0
47	430	7693	136486	18	200	1387	12151			0	0	0	0
47	450	41034	760574	4647	122364	15515	236910			49209	52359	0	0
47	470	52433	1142163	281	9158	228	4752			1776	890	0	0
47	490	24782	545409	19	322	0	0			377	98	0	0
47	510	38055	700585	965	32519	2041	32242			19424	11894	0	0
47	530	14877	336163	0	0	0	0			1005	720	0	0
47	550	135	2600	1	25	0	0			0	0	0	0
47	570	18841	459126	5669	151925	13972	203537			2300	1590	0	0
47	590	12724	266837	3037	69035	6502	88215			4458	3814	0	0
47	610	62585	1303303	111	1100	28	744			5192	3060	0	0
47	630	10162	225827	452	15574	1879	19131			166	85	0	0
47	650	42151	914808	488	10000	297	4938			19542	6256	0	0
47	670	19310	472776	4190	99666	8570	127629			204	147	0	0
47	690	30273	503798	396	7088	1784	19673			13933	5062	0	0
47	710	20041	336150	2495	59307	8156	117363			13584	11731	0	0
47	730	17563	443689	0	0	4	75			3641	1140	0	0
47	750	3837	62825	2	13	0	0			0	0	0	0
47	770	30319	587816	216	4419	3835	39019			1119	491	0	0
47	790	30976	699124	3	100	11	230			5142	1764	0	0
47	810	29007	686039	3446	83367	8997	125337			246	170	0	0
47	830	40772	790603	430	14378	646	10021			28772	9726	0	0
47	850	38781	842384	489	13301	3715	58959			20027	14959	0	0
47	870	13278	365036	252	4557	1526	21131			0	0	0	0
47	890	14178	377265	120	1842	749	10807			0	0	0	0
47	910	17549	362372	5	125	2	38			3347	1029	0	0
47	930	19381	396710	952	28850	1954	32205			17786	14589	0	0
47	950	18666	439695	902	24439	0	0			2668	1428	0	0
47	970	30977	634071	6476	156053	22030	310678			21353	20047	0	0
47	990	10740	210144	42	632	805	7105			0	0	0	0
47	1010	75055	1743324	175	4629	693	10745			32637	16180	0	0
47	1030	21667	403624	2	15	0	0			654	143	0	0
47	1050	12164	266823	864	24945	2042	25656			3392	1872	0	0
47	1070	46961	1037433	162	5900	25	710			4827	2000	0	0
47	1090	18977	373697	2618	67685	11867	187672			18054	18558	0	0
47	1110	9355	197220	53	907	1625	19124			16	14	0	0
47	1130	12389	252915	265	5243	1407	12658			0	0	0	0
47	1150	16507	409911	590	7844	4174	42466			0	0	0	0
47	1170	25754	731872	127	5598	0	0			2969	867	0	0
47	1190	27343	477550	4881	114920	8597	125746			21658	14460	0	0
47	1210	7612	180786	206	2728	401	3599			0	0	0	0
47	1230	10712	207040	2280	51243	5723	60031			2987	1544	0	0
47	1250	17516	346406	2502	54462	7520	73377			1768	1012	0	0
47	1270	44194	919294	294	8945	1979	34343			17542	7668	0	0
47	1290	1830	43192	202	5700	40	640			8	4	0	0
47	1310	29968	619752	140	3662	293	3680			20429	7619	0	0
47	1330	26342	510804	0	0	5	50			906	374	0	0
47	1350	15061	313865	1217	27795	5831	58609			601	295	0	0
47	1370	17086	391819	47	1318	2	28			1179	461	0	0
47	1390	21154	564536	122	1675	28	140			620	168	0	0
47	1410	18844	398731	7	175	10	100			627	233	0	0
47	1430	18006	421490	63	1240	37	440			3808	1328	0	0
47	1450	22833	414532	100	1802	5170	46369			1	1	0	0
47	1470	62220	1412077	247	9056	38	731			8421	2245	0	0
47	1490	10097	183350	530	10500	1331	15927			4868	3440	0	0
47	1510	27588	654021	5256	130808	16770	198954			421	181	0	0
47	1530	17312	270590	1670	36310	3336	35035			10455	7044	0	0
47	1550	93300	1858878	1358	48805	3836	70493			46926	30881	0	0
47	1570	26492	474387	454	8147	5912	71740			0	0	0	0
47	1590	23030	504526	8296	200023	18528	271064			14686	13551	0	0
47	1610	31558	525380	1338	25802	9026	109987			21962	18453	0	0
47	1630	70859	1461999	102	2982	1126	21870			30607	19145	0	0
47	1650	18061	300629	1844	52142	1553	25944			23004	16639	0	0
47	1670	22584	525626	6868	158346	21431	251572			7581	4139	0	0
47	1690	23118	457407	363	7536	6092	69605			0	0	0	0
47	1710	30050	564847	397	9798	4247	49904			0	0	0	0
47	1730	7766	129102	20	239	105	817			0	0	0	0
47	1750	7567	215266	54	960	101	1212			0	0	0	0
47	1770	9756	259625	96	2230	0	0			114	40	0	0
47	1790	44115	876742	10392	236144	19111	256337			37293	28764	0	0
47	1810	15329	282084	58	1030	1390	15409			3016	1785	0	0
47	1830	42932	882898	754	16642	4165	53913			10853	4037	0	0
47	1850	19098	285761	397	10797	3285	40565			14165	6786	0	0
47	1870	13496	379658	352	8378	0	0			362	97	0	0
47	1890	8455	231957	659	12939	638	6928			0	0	0	0
47	1910	60749	1329909	343	11355	226	4448			18229	8876	0	0
47	1930	31545	583887	436	8325	6940	70057			140	94	0	0
47	1950	40566	904143	63	3317	428	7932			11696	3263	0	0
47	1970	20315	413323	1980	43239	8196	105715			178	132	0	0
47	1990	11506	295606	534	7191	949	8366			0	0	0	0
47	0	2407802	50797461	127674	3038823	387382	4968759	1	54	710228	458146	0	0
		0	0	0	0	0	0	1	54	0	0	0	0
													
48	10	22183	245905	6948	148595	5439	56184	0	0	24463	15502	0	0
48	30	65338	580599	3347	89669	4093	38399			39041	29030	0	0
48	50	28550	272455	3689	70483	409	3882	4	21.6	16356	11007	0	0
48	70	51933	729231	25286	650996	19224	254679	0	0	76367	56114	0	0
48	90	37243	438387	3511	72206	2061	27753	5	36	20464	13915	0	0
48	110	47008	409929	2096	49166	1679	19087	0	0	30570	22886	0	0
48	130	10603	131963	309	6036	12	112	200	4658.4	1078	340	0	0
48	150	26167	347885	713	16760	5	35	48	309.6	9026	4318	0	0
48	170	39565	555928	5898	161608	2783	35245	4	82.8	23800	20499	0	0
48	190	16287	215818	195	5492	0	0	67	594	1313	434	0	0
48	210	26063	328977	3348	66012	7959	92128	0	0	27712	19463	0	0
48	230	27208	332772	4451	108705	2591	26635	0	0	24091	17297	0	0
48	250	45057	565516	4148	97311	5293	66247	0	0	40147	29004	0	0
48	270	62057	781711	2057	51463	1560	22261	8	28.8	30659	20408	0	0
48	290	41864	576959	1827	37964	208	2375	200	3168	14066	7364	0	0
48	310	51695	813339	5062	120124	5596	79896	0	0	32436	24804	0	0
48	330	34702	647486	1726	50395	1257	21599	0	0	24363	19726	0	0
48	350	26442	370268	749	18679	30	457	36	327.6	11324	5882	0	0
48	370	23410	247305	5152	125003	3735	37624	0	0	18095	15114	0	0
48	390	21981	224052	3014	57064	2473	18890	0	0	15196	10398	0	0
48	410	72002	1277224	1702	47380	1316	20094			27717	17501	0	0
48	430	14862	243691	25	337	8	110	182	2066.4	1524	756	0	0
48	450	46102	727887	6978	158452	11293	141270	0	0	44689	33782	0	0
48	470	19022	209160	7698	153353	4620	46293	0	0	17611	11156	0	0
48	490	31305	309283	3323	67841	50	639	116	1717.2	13342	6967	0	0
48	510	60603	1230331	588	16464	208	1765		0	1818	1028	0	0
48	530	12479	103542	160	3475	0	0	152	1868.4	2557	859	0	0
48	550	38020	400931	2796	49814	1903	18626			29972	19562	0	0
48	570	26486	360999	4686	93588	2290	23436	0	0	20180	14702	0	0
48	590	33967	369795	12778	272976	10647	116905	0	0	42733	28690	0	0
48	610	39377	532468	4885	107264	4180	57434	0	0	37049	32164	0	0
48	630	40843	456412	5047	111962	7860	70182	0	0	18806	15470	0	0
48	650	12270	125040	2767	48051	2243	18339	0	0	10376	6766	0	0
48	670	23790	474669	629	22720	600	10654			10173	7652	0	0
48	690	30455	513396	7203	202960	3465	53555	0	0	46929	39757	0	0
48	710	35502	438358	13870	331087	8728	89826	0	0	24883	18683	0	0
48	730	31671	443392	7246	166867	5253	64716			24110	17095	0	0
48	750	120058	1644149	11436	266510	5316	66769	108	878.4	77073	60337	0	0
48	770	30760	462266	4399	87323	6146	66770	0	0	20993	15975	0	0
48	790	28366	389315	7562	185837	3321	35847	4	36	12674	8850	0	0
48	810	27141	360702	9370	209449	7385	74019	0	0	17871	15768	0	0
48	830	62355	790554	9683	197336	15831	186567	0	0	67858	46868	0	0
48	850	60072	1054849	10244	235671	3632	49897			42964	36688	0	0
48	870	21870	176720	2152	31557	3759	38634	0	0	19555	9393	0	0
48	890	70336	1095080	226	5733	164	2631	16	172.8	27593	16633	0	0
48	910	37286	520708	9994	224820	5357	63158	0	0	35373	23375	0	0
48	0	1732356	23527406	230973	5302558	181982	2121624	1160	16077.6	1176990	849982	0	0
		0	0	0	0	0	0	10	111.6	0	0	0	0
													
49	10	38090	422706	8	100	4	20	0	0	33423	12136	0	0
49	30	1923	19480	0	0	0	0	0	0	626	114	0	0
49	50	20578	268687	15	175	30	270	0	0	13354	7109	0	0
49	70	281	4415	0	0	0	0	0	0	2370	1253	0	0
49	90	385	4165	8009	95011	14043	100334	0	0	4391	485	0	0
49	110	184	1197	1901	15908	64285	383764	0	0	1664	539	0	0
49	130	11377	50140	92	615	0	0	0	0	19416	1612	0	0
49	150	40300	805599	3	50	0	0	0	0	31463	14260	0	0
49	170	2610	30174	75	2166	3807	49467	0	0	43604	14555	0	0
49	190	1878	14308	2393	42764	75	590	0	0	0	0	0	0
49	210	34778	359115	0	0	0	0	0	0	32544	6018	0	0
49	230	1241	10995	9196	99198	17495	125507	0	0	26885	5104	0	0
49	250	13829	118743	0	0	0	0	0	0	24472	5027	0	0
49	270	90214	2254192	29160	865793	3927	58429	0	0	107386	30435	0	0
49	290	9819	70828	2882	38621	940	7616	0	0	13136	874	0	0
49	310	8625	114412	4368	89035	800	11693	0	0	1050	275	0	0
49	330	231	1802	50	550	242	1555	0	0	11929	3707	0	0
49	350	32276	660793	49863	1414579	5183	67510	0	0	34243	7858	0	0
49	370	43765	538092	3526	101259	0	0	0	0	48448	20168	0	0
49	390	21875	408994	114	2275	0	0	16307	1075690.8	15577	6434	0	0
49	410	24724	420697	1129	37810	0	0	0	0	33111	16526	0	0
49	430	120	1014	0	0	19	336	0	0	186	112	0	0
49	450	72	422	487	3243	14112	73430	0	0	20173	3370	0	0
49	470	1714	12521	0	0	0	0	0	0	2811	667	0	0
49	490	13050	149335	26918	514634	13142	151714	0	0	12423	2849	0	0
49	510	35405	634200	820	31430	0	0	0	0	48149	23158	0	0
49	530	27296	429695	8644	184838	194	2218	0	0	16714	3882	0	0
49	550	32332	306248	15	252	11	140	0	0	47675	8113	0	0
49	570	6199	133966	0	0	0	0	0	0	19413	10570	0	0
49	590	6262	56264	11826	158328	7341	63315	0	0	13347	3588	0	0
49	610	15617	394142	0	0	0	0	0	0	49781	31126	0	0
49	630	11691	113599	25	275	0	0	0	0	12747	3859	0	0
49	650	50	630	3092	24987	131327	934756	0	0	20	4	0	0
49	670	51448	492018	21	370	0	0	0	0	54082	17881	0	0
49	690	700	9042	1031	13080	122208	1337776	0	0	9388	2551	0	0
49	710	2670	38228	0	0	0	0	19379	1201237.2	1030	275	0	0
49	730	44375	566369	232	8490	0	0	0	0	43075	16491	0	0
49	750	226	889	114	782	10022	59384	0	0	57473	8002	0	0
49	770	11255	91850	28697	336373	15107	136083	0	0	31518	4689	0	0
49	790	3724	32079	0	0	25	175	0	0	24481	4977	0	0
49	810	1860	14523	80	566	12	170	0	0	11522	1966	0	0
49	830	6345	67699	36242	623727	7505	75384	0	0	57597	11621	0	0
49	850	95294	2834981	29933	1104467	24034	526572	0	0	123569	61063	0	0
49	870	1665	11247	352	1462	4046	27717	0	0	71639	18048	0	0
49	890	30310	618681	23	180	0	0	21620	1232071.2	25128	8797	0	0
49	910	7728	49373	4247	74463	573	5651	0	0	2357	237	0	0
49	930	23460	328552	16896	376648	4097	44390	0	0	8870	1632	0	0
49	950	941	8472	11441	224991	5593	63761	0	0	29301	5243	0	0
49	970	26904	465671	41159	1295073	32480	667332	0	0	34314	10425	0	0
49	990	48939	966159	47220	1349110	4351	65459	0	0	50544	12320	0	0
49	1010	1638	11584	291	6649	3845	32937	0	0	59187	12950	0	0
49	1030	0	0	0	0	0	0	0	0	0	0	0	0
49	1050	0	0	0	0	0	0	0	0	0	0	0	0
49	1070	1255	12571	276	2695	25540	225961	0	0	81104	23192	0	0
49	1090	1	60	0	0	0	0	0	0	0	0	0	0
49	1110	2078	11436	90	2800	17174	161537	0	0	0	0	0	0
49	1130	51063	1460643	33913	1234450	12811	242672	0	0	70092	32268	0	0
49	1150	13975	122926	0	0	240	2266	0	0	85390	38543	0	0
49	1170	847	14256	2168	33339	237541	3927325	0	0	239	39	0	0
49	1190	25770	443802	2772	75984	35	734	0	0	45499	26785	0	0
49	1210	39165	948655	59504	2255749	37631	785221	0	0	52271	18237	0	0
49	1230	58742	673942	0	0	0	0	0	0	46142	8225	0	0
49	1250	1208	7353	32	72	7228	42766	0	0	49364	11025	0	0
49	1270	1169	15069	0	0	0	0	0	0	0	0	0	0
49	1290	1834	17158	65	1320	8259	104693	0	0	38561	9990	0	0
49	1310	14908	107904	0	0	0	0	0	0	21954	4290	0	0
49	1330	11305	111583	10852	163374	5303	50114	0	0	2111	511	0	0
49	1350	4	50	0	0	0	0	0	0	0	0	0	0
49	1370	34	310	0	0	0	0	0	0	0	0	0	0
49	1390	79661	2016045	39794	1210924	6386	96931	0	0	168581	73034	0	0
49	1410	1647	34697	30	1010	87	1038	0	0	30064	47779	0	0
49	1430	29508	400679	19428	400505	2033	20940	0	0	14910	2869	0	0
49	1450	80990	1683969	5260	116523	712	7032	0	0	115185	35145	0	0
49	1470	86850	1978416	18967	528999	4364	73325	0	0	104587	51522	0	0
49	1490	65050	1192732	16	198	0	0	0	0	50858	14422	0	0
49	1510	2189	12114	174	1100	1055	7928	0	0	85786	21109	0	0
49	1530	425	5841	520	6480	97399	845514	0	0	40534	10443	0	0
49	1550	1031	7270	3341	63163	40701	554118	0	0	24098	8823	0	0
49	1570	48569	894193	1	10	0	0	4897	273308.4	74605	33885	0	0
49	1590	11426	137846	1179	27032	76	815	0	0	16582	5842	0	0
49	1610	40485	521435	938	20699	5	15	0	0	44000	13946	0	0
49	1630	4158	18245	0	0	0	0	0	0	857	76	0	0
49	1650	17186	130600	0	0	0	0	0	0	5850	1168	0	0
49	1670	741	14740	0	0	0	0	236	10080	79	14	0	0
49	1690	2834	18913	1	10	0	0	0	0	34986	12493	0	0
49	1710	17186	142445	18808	322671	5091	49743	0	0	1426	354	0	0
49	1730	40	416	0	0	0	0	0	0	2647	818	0	0
49	1750	23862	222693	0	0	0	0	0	0	19694	3446	0	0
49	1770	47521	505887	0	0	0	0	0	0	44143	7599	0	0
49	1790	1179	10802	1289	9975	89017	618024	0	0	3254	654	0	0
49	1810	54530	1328746	57447	1669774	25725	474783	0	0	83139	34224	0	0
49	1830	10950	115203	41	611	0	0	0	0	9021	3008	0	0
49	1850	29627	421097	311	7270	0	0	0	0	38726	16031	0	0
49	1870	28648	146417	476	8574	156	846	0	0	46552	5218	0	0
49	1890	1433	18356	1250	17111	110401	791425	0	0	61418	19029	0	0
49	1910	315	1743	0	0	1035	7211	0	0	81437	13078	0	0
49	1930	30478	538145	45598	1146671	4741	64924	0	0	24056	5393	0	0
49	1950	15	300	1425	7229	155528	1245620	0	0	0	0	0	0
49	1970	709	7718	2174	27499	46883	464754	0	0	50030	12615	0	0
49	1990	4895	75879	2	10	0	0	0	0	107	50	0	0
49	2010	27255	500609	51	647	0	0	7931	485161.2	14416	4750	0	0
49	2030	44825	460733	56	781	0	0	0	0	58474	20797	0	0
49	2050	2861	20729	0	0	26522	230093	0	0	0	0	0	0
49	2070	794	6045	854	8445	3777	24324	0	0	100421	21874	0	0
49	2090	17407	157535	1198	25301	21	183	0	0	17504	3229	0	0
49	2110	576	3986	1065	8873	27518	268394	0	0	6922	1485	0	0
49	2130	50997	702244	420	6480	0	0	0	0	43339	15674	0	0
49	2150	21124	425870	28	1110	0	0	0	0	72865	37454	0	0
49	2170	89549	2156317	21289	627369	1639	21680	0	0	143304	50849	0	0
49	2190	4125	39960	160	2225	230	2864	0	0	106209	32787	0	0
49	2210	9900	128885	7688	176532	628	6513	0	0	3477	679	0	0
49	2230	39308	566051	11495	254232	9	60	0	0	67587	25710	0	0
49	2250	52401	685633	1006	35739	0	0	0	0	59994	23564	0	0
49	2270	525	2493	0	0	51	102	0	0	53170	15954	0	0
49	2290	18	325	0	0	0	0	0	0	7762	7636	0	0
49	2310	66352	1311719	25148	685246	2000	33366	0	0	125251	53444	0	0
49	2330	27	230	716	3923	49550	312620	0	0	0	0	0	0
49	2350	96	1919	601	8643	0	0	0	0	601	170	0	0
49	2370	4924	31365	12548	193484	5390	48624	0	0	4435	634	0	0
49	2390	24926	522218	0	0	0	0	2927	180147.6	27029	10345	0	0
49	2410	11725	134589	36	712	0	0	0	0	3550	1503	0	0
49	2430	8	35	0	0	0	0	0	0	24	10	0	0
49	2450	3269	45793		5	26	320	48573	2505657.6	1167	476	0	0
49	2470	1972	10856	0	0	0	0	0	0	6197	1012	0	0
49	2490	14785	172164	0	0	0	0	0	0	37604	8752	0	0
49	2510	46217	1178813	34356	1124539	1880	29660	0	0	61404	20414	0	0
49	2530	1101	5918	1422	11682	6920	31121	0	0	123801	23426	0	0
49	2550	19270	79993	0	0	0	0	0	0	72247	6988	0	0
49	2570	54687	1109104	20554	564867	471	7853	0	0	106474	41451	0	0
49	2590	6598	74332	12010	279033	3234	36737	0	0	60	16	0	0
49	2610	0	0	0	0	0	0	0	0	40	10	0	0
49	2630	1376	14092	35	125	38	78	0	0	24792	4669	0	0
49	2650	2773	39074	8449	154472	1722	19059	0	0	4	2	0	0
49	2670	1188	9837	302	5712	0	0	0	0	316	104	0	0
49	2690	360	1975	0	0	264	1816	0	0	9148	2031	0	0
49	2710	28	380	5	50	0	0	0	0	10	3	0	0
49	2730	2501	42179	0	0	0	0	0	0	11555	3257	0	0
49	2750	1111	7663	3670	40524	11238	108385	0	0	67584	15793	0	0
49	2770	84433	1494484	5957	141132	214	2723	0	0	83090	38400	0	0
49	2790	3908	49995	69	2160	9778	90362	0	0	118899	46507	0	0
49	2810	17341	328604	19090	485119	952	12217	0	0	9855	2454	0	0
49	2830	8950	58568	29	300	0	0	0	0	3351	353	0	0
49	2850	56169	959436	6	90	0	0	0	0	48516	10062	0	0
49	2870	26197	320291	0	0	0	0	0	0	21307	5535	0	0
49	2890	36443	440080	177	3641	0	0	0	0	33924	11177	0	0
49	2910	17469	260632	5	100	1	15	14685	863697.6	6696	2752	0	0
49	2930	72757	1237481	8699	203415	101	1609	0	0	110053	33573	0	0
49	2950	240	2026	1482	10808	104282	862909	0	0	195	17	0	0
49	2970	11602	90903	0	0	0	0	0	0	29383	5068	0	0
49	2990	6592	71492	61	508	0	0	0	0	862	222	0	0
49	3010	0	0	0	0	0	0	0	0	0	0	0	0
49	3030	1801	19871	90	2000	3812	30944	0	0	160629	60464	0	0
49	3050	2994	29840	0	0	17	80	0	0	140511	55308	0	0
49	3070	6346	64718	16521	335745	2515	29225	0	0	37042	7143	0	0
49	3090	89322	1912309	38844	1160650	3913	61697	0	0	139637	42431	0	0
49	3110	430	4180	0	0	0	0	0	0	2257	314	0	0
49	3130	24456	336326	0	0	0	0	0	0	26713	9415	0	0
49	3150	11103	111756	2	20	0	0	0	0	11227	3647	0	0
49	3170	1654	13732	0	0	100	400	0	0	40206	15107	0	0
49	3190	6194	72430	1203	18316	0	0	0	0	1629	383	0	0
49	3210	19384	356731	0	0	0	0	16116	831063.6	17133	8407	0	0
49	3230	546	7223	0	0	1	10	0	0	816	490	0	0
49	3250	6585	57923	486	8918	183	1361	0	0	78	2	0	0
49	3270	1349	13807	2755	69270	303	3973	0	0	1470	352	0	0
49	3290	764	4944	0	0	0	0	0	0	9622	3157	0	0
49	3310	74355	1416802	693	19912	0	0	0	0	95401	27650	0	0
49	3330	15931	251974	21648	504703	1842	21500	0	0	6529	1276	0	0
49	3350	1042	8900	62	430	870	4928	0	0	65479	17515	0	0
49	3370	19881	200017	11987	169130	1290	11437	0	0	15085	2810	0	0
49	3390	13569	188655	20	100	0	0	0	0	6677	2227	0	0
49	3410	61	232	193	1370	62423	499486	0	0	78	4	0	0
49	3430	13494	110746	35	620	0	0	0	0	15055	4086	0	0
49	3450	987	7364	10	100	1636	15262	0	0	38838	7582	0	0
49	3470	38237	390650	174	1935	0	0	0	0	34968	13598	0	0
49	3490	88649	1876241	16951	493863	170	2435	0	0	145876	51169	0	0
49	3510	9521	95106	0	0	0	0	200	14400	1820	725	0	0
49	3530	1481	9027	1880	22182	5780	36580	0	0	38733	9471	0	0
49	3550	11082	204239	0	0	0	0	4	90	142994	77244	0	0
49	3570	26	580	2100	20764	198878	1716878	0	0	0	0	0	0
49	3590	147	1480	65	1000	66756	643646	0	0	0	0	0	0
49	3610	2508	36679	2	25	0	0	11374	538171.2	309	190	0	0
49	3630	8825	81085	20711	374174	4127	42261	0	0	3301	717	0	0
49	3650	31110	280144	16	175	0	0	0	0	41405	13546	0	0
49	3670	21744	257764	15884	389783	4091	47529	0	0	5187	1234	0	0
49	3690	2812	29182	1624	22755	109243	1559036	0	0	14946	5070	0	0
49	3710	26	420	668	30443	107	2550	0	0	5067	3686	0	0
49	3730	17645	238656	13	315	3	27	0	0	12033	7318	0	0
49	3750	7	20	235	1463	24411	192608	0	0	0	0	0	0
49	3770	1066	10871	11	220	543	4554	0	0	2120	1499	0	0
49	3790	13376	192701	3210	83509	207	2043	0	0	18596	6936	0	0
49	3810	296	6480	2714	23606	140794	1169108	0	0	234	43	0	0
49	3830	0	0	46	320	0	0	0	0	0	0	0	0
49	3850	140	1514	48	1200	0	0	0	0	0	0	0	0
49	3870	54864	722467	1209	42793	42	338	0	0	56725	24927	0	0
49	3890	26	485	146	1120	22	350	0	0	5266	3252	0	0
49	3910	11635	232734	0	0	0	0	0	0	17835	9529	0	0
49	3930	81	715	428	4580	21041	121493	0	0	0	0	0	0
49	3950	44062	714113	547	19023		7	0	0	59445	21582	0	0
49	3970	11558	284639	5776	183050	74	1385	0	0	29782	14305	0	0
49	3990	4929	33414	5601	56058	4400	26450	0	0	95635	17721	0	0
49	4010	45680	492076	49	610	1	3	0	0	52929	16057	0	0
49	4030	12860	128616	9	140	0	0	0	0	10271	4322	0	0
49	4050	17946	175805	54	850	0	0	0	0	15411	6542	0	0
49	4070	12516	153526	0	0	0	0	0	0	9094	5061	0	0
49	4090	8209	144051	0	0	0	0	0	0	98394	59885	0	0
49	4110	11975	190633	9891	263808	703	6758	0	0	12653	3444	0	0
49	4130	141	1664	725	16267	68	450	0	0	6943	867	0	0
49	4150	398	4214	381	4826	1320	10558	0	0	63577	17394	0	0
49	4170	711	5100	4770	43857	3761	32785	0	0	6829	1103	0	0
49	4190	37866	370398	32	340	0	0	0	0	40668	18159	0	0
49	4210	553	2386	1733	32825	130265	1626641	0	0	0	0	0	0
49	4230	48003	536640	135	3560	0	0	0	0	54494	18048	0	0
49	4250	4642	60614	1928	41937	354	4850	0	0	2494	561	0	0
49	4270	7520	36884	0	0	0	0	0	0	15232	2705	0	0
49	4290	2039	16205	15082	149325	11720	102589	0	0	892	112	0	0
49	4310	26	190	317	2982	372	4010	0	0	446	107	0	0
49	4330	1075	7018	104	776	731	4751	0	0	37155	7648	0	0
49	4350	6	150	125	850	0	0	0	0	27	4	0	0
49	4370	344	2211	1942	28604	113224	915783	0	0	5731	1471	0	0
49	4390	27118	628640	60972	2366955	9129	170173	0	0	20395	7527	0	0
49	4410	1010	6556	2870	25657	5250	28631	0	0	58185	11708	0	0
49	4430	12	175	0	0	0	0	0	0	0	0	0	0
49	4450	30349	257273	0	0	0	0	0	0	60120	21954	0	0
49	4470	188	694	2002	20186	3873	19365	0	0	8591	874	0	0
49	4490	18881	251620	28	370	0	0	0	0	21795	7427	0	0
49	4510	477	7551	2921	62221	391	4330	0	0	36159	6466	0	0
49	4530	40946	356143	3078	53006	4	66	0	0	59885	12980	0	0
49	4550	16239	223972	86	1630	0	0	0	0	12628	5675	0	0
49	4570	9997	117158	2	50	0	0	0	0	3018	1566	0	0
49	4590	30518	358796	61	496	0	0	0	0	32195	10045	0	0
49	4610	0	0	0	0	0	0	0	0	0	0	0	0
49	4630	1192	11031	683	12785	26	270	0	0	84	6	0	0
49	4650	56	1210	0	0	0	0	0	0	0	0	0	0
49	4670	55290	847768	11290	334070	13	220	0	0	70890	25096	0	0
49	4690	32437	491391	0	0	0	0	0	0	28092	9121	0	0
49	4710	15532	181200	365	15100	0	0	0	0	17202	6128	0	0
49	4730	19973	358044	0	0	0	0	2606	185698.8	13846	7244	0	0
49	4750	4	60	40	400	0	0	0	0	8761	5957	0	0
49	4770	50265	941199	8	240	0	0	0	0	48004	20969	0	0
49	4790	1090	8181	3	110	0	0	0	0	1989	320	0	0
49	4810	49533	1070556	8	200	0	0	19381	1000425.6	77077	37941	0	0
49	4830	3064	26027	261	1530	10580	77443	0	0	41706	8908	0	0
49	4850	2541	19030	10620	133216	27188	193288	0	0	19227	6260	0	0
49	4870	7995	78207	12519	184674	26731	274215	0	0	70159	29366	0	0
49	4890	4956	55845	0	0	0	0	0	0	47077	21716	0	0
49	4910	96336	1345577	4324	94079	151	1418	0	0	139332	36890	0	0
49	4930	4546	12898	0	0	0	0	0	0	22154	1552	0	0
49	4950	0	0	0	0	0	0	0	0	0	0	0	0
49	4970	25008	302043	20202	636191	8852	159018	0	0	11192	2911	0	0
49	4990	32066	399066	90	1603	130	565	0	0	33411	10754	0	0
49	5010	8667	64099	0	0	0	0	0	0	5833	1652	0	0
49	5030	6868	41550	14860	129865	17145	111189	0	0	23292	2780	0	0
49	5050	2541	14334	0	0	0	0	0	0	2728	354	0	0
49	5070	1229	15726	94	2175	0	0	0	0	642	54	0	0
49	0	4322364	69649829	1270741	32306788	2744064	28096367	186236	10396900.8	8105711	2724442	0	0
		0	0	0	600	0	0	0	0	0	0	0	0
					checked against 1945 by mrh								
51	10	36163	878127	649	7711	5053	36180	0	0	0	0	0	0
51	30	35664	800837	355	5398	6425	64789	0	0	0	0	0	0
51	50	6657	186461	0	0	1187	10173	0	0	0	0	0	0
51	70	30673	825908	71	1005	3091	38947	0	0	2	1	0	0
51	90	51243	1280403	555	9728	5925	56346	0	0	0	0	0	0
51	110	12058	349188	33	553	1051	10573	0	0	0	0	0	0
51	130	6150	128832	0	0	0	0	0	0	0	0	0	0
51	150	11753	398375	18	198	930	8357	0	0	0	0	0	0
51	170	11067	499226	0	0	5383	72071	0	0	0	0	0	0
51	190	4390	118180	30	400	266	2301	0	0	0	0	0	0
51	210	9737	344006	108	2302	4246	46244	0	0	0	0	0	0
51	230	6854	230478	4	58	1953	23019	0	0	0	0	0	0
51	250	27425	460054	0	0	3	75	0	0	0	0	0	0
51	270	41088	830842	221	3773	5466	53848	0	0	0	0	0	0
51	290	15725	450575	160	2626	2570	27815	0	0	0	0	0	0
51	310	32620	651981	144	1920	1866	17602	0	0	0	0	0	0
51	330	24723	442885	94	1075	784	9561	0	0	0	0	0	0
51	350	38413	900511	112	3025	5728	66609	0	0	1312	604	0	0
51	370	5224	151392	249	3355	1351	14927	0	0	0	0	0	0
51	390	20445	546675	86	1606	1137	12659	0	0	284	167	0	0
51	410	7027	213622	14	183	623	7632	0	0	0	0	0	0
51	430	19049	372471	14	236	681	6041	0	0	0	0	0	0
51	450	28023	656585	537	8567	3635	30026	0	0	0	0	0	0
51	470	58140	1373326	550	10131	12096	140032	0	0	0	0	0	0
51	490	9738	368876	67	1368	1361	13944	0	0	0	0	0	0
51	510	27351	538350	43	329	342	2765	0	0	0	0	0	0
51	530	16593	296226	368	5686	1595	13605	0	0	0	0	0	0
51	550	27039	544425	70	1230	394	3856	0	0	0	0	0	0
51	570	22752	551910	35	472	384	2626	0	0	0	0	0	0
51	590	43958	1243800	294	7463	7744	98726	0	0	0	0	0	0
51	610	19099	338090	122	2300	1119	9705	0	0	0	0	0	0
51	630	12148	219215	0	0	520	3594	0	0	0	0	0	0
51	650	12560	302944	0	0	8	105	0	0	0	0	0	0
51	670	7674	306539	67	625	4013	59895	0	0	0	0	0	0
51	690	15246	424946	0	0	1458	15390	0	0	0	0	0	0
51	710	20858	532759	14	570	0	0	0	0	0	0	0	0
51	730	6795	251497	23	500	1500	16809	0	0	0	0	0	0
51	750	20197	614833	237	4110	3487	49368	0	0	10277	12030	0	0
51	770	5279	161345	17	190	279	2791	0	0	0	0	0	0
51	790	13126	499477	81	1176	2273	39445	0	0	0	0	0	0
51	810	8243	257061	13	136	1122	10746	0	0	0	0	0	0
51	830	57752	1397663	107	2754	3082	34126	0	0	353	168	0	0
51	850	40896	633046	308	5846	3776	31685	0	0	0	0	0	0
51	870	26391	650165	248	3871	2737	23278	0	0	0	0	0	0
51	890	13083	293821	33	655	801	10061	0	0	0	0	0	0
51	910	13937	342089	30	206	1823	19993	0	0	0	0	0	0
51	930	41023	919669	2159	40020	6477	59345	0	0	0	0	0	0
51	950	7240	157930	0	0	0	0	0	0	0	0	0	0
51	970	10593	398197	4	26	3439	38491	0	0	0	0	0	0
51	990	31886	670641	97	2046	672	5748	0	0	0	0	0	0
51	1010	63000	2232243	179	3573	6374	86244	0	0	0	0	0	0
51	1030	11935	427075	59	1143	2405	23235	0	0	0	0	0	0
51	1050	25898	687493	165	2074	3577	48992	0	0	3071	2573	0	0
51	1070	36396	743287	226	4994	4835	55340	0	0	0	0	0	0
51	1090	20025	316731	72	369	840	7229	0	0	0	0	0	0
51	1110	19628	581293	429	8000	4343	66506	0	0	0	0	0	0
51	1130	7619	296178	36	800	5130	59355	0	0	0	0	0	0
51	1150	14927	263625	11	168	68	484	0	0	0	0	0	0
51	1170	5260	161682	16	308	568	5135	0	0	0	0	0	0
51	1190	14438	340131	4	43	0	0	0	0	0	0	0	0
51	1210	22145	404704	72	653	85	761	0	0	0	0	0	0
51	1230	20295	483807	2038	39905	3977	37497	0	0	0	0	0	0
51	1250	20665	362127	333	3633	2447	21819	0	0	0	0	0	0
51	1270	16999	329331	3	30	181	1152	0	0	0	0	0	0
51	1290	8970	163969	2	24	18	267	0	0	0	0	0	0
51	1310	13913	227026	6	30	0	0	0	0	0	0	0	0
51	1330	13810	284649	0	0	8	67	0	0	0	0	0	0
51	1350	12948	297529	15	208	611	6501	0	0	0	0	0	0
51	1370	22348	640549	867	16613	4712	46189	0	0	0	0	0	0
51	1390	24910	520338	135	2129	766	7380	0	0	0	0	0	0
51	1410	48309	1233118	470	10875	13736	198351	0	0	0	0	0	0
51	1430	16400	404117	52	500	632	8895	0	0	0	0	0	0
51	1450	23221	533325	87	2465	1549	14411	0	0	12	6	0	0
51	1470	5530	100417	0	0	0	0	0	0	0	0	0	0
51	1490	27053	690609	165	2610	2285	26879	0	0	0	0	0	0
51	1510	28362	851599	88	1651	1269	11944	0	0	0	0	0	0
51	1530	18786	336551	44	299	0	0	0	0	0	0	0	0
51	1550	21005	580504	364	6514	2620	19673	0	0	0	0	0	0
51	1570	29782	575792	20	311	2011	20740	0	0	366	155	0	0
51	1590	5715	94037	2	15	0	0	0	0	0	0	0	0
51	1610	11231	500304	15	315	4518	53859	0	0	0	0	0	0
51	1630	17026	406115	534	9209	6166	60953	0	0	0	0	0	0
51	1650	5884	74347	8	38	14	109	0	0	0	0	0	0
51	1670	11323	389429	75	1003	6252	59249	0	0	0	0	0	0
51	1690	25076	600069	295	4863	3182	28182	0	0	0	0	0	0
51	1710	29537	632193	423	6336	4653	43855	0	0	0	0	0	0
51	1730	6771	210649	8	80	677	8297	0	0	0	0	0	0
51	1750	22290	350170	37	349	221	1721	0	0	0	0	0	0
51	1770	29751	594973	141	3416	5855	65220	0	0	0	0	0	0
51	1790	26717	839703	798	12986	7877	90256	0	0	0	0	0	0
51	1810	6498	205125	0	0	1408	14785	0	0	0	0	0	0
51	1830	40128	805009	469	10357	4020	41800	0	0	0	0	0	0
51	1850	10112	366793	821	17453	3334	38888	0	0	0	0	0	0
51	1870	8933	293537	30	220	915	9842	0	0	0	0	0	0
51	1890	12299	227799	19	281	270	2423	0	0	0	0	0	0
51	1910	10879	336874	12	257	1806	20021	0	0	0	0	0	0
51	1930	18870	373160	9	100	1	15	0	0	0	0	0	0
51	1950	30093	670127	36	804	7	30	0	0	0	0	0	0
51	1970	6429	88056	0	0	0	0	0	0	0	0	0	0
51	1990	48241	1026896	1321	20873	9039	81886	0	0	0	0	0	0
51	2010	2647	91345	0	0	473	5043	0	0	0	0	0	0
51	2030	19654	372857	230	2742	1583	15953	0	0	0	0	0	0
51	2050	7690	132442	43	363	156	1525	0	0	0	0	0	0
51	2070	23464	547569	554	8203	2831	23744	0	0	0	0	0	0
51	2090	9035	356587	4	100	3293	39621	0	0	0	0	0	0
51	2110	17756	644912	194	2870	8530	82517	0	0	0	0	0	0
51	2130	25034	714123	1235	32108	11300	150864	0	0	0	0	0	0
51	2150	10681	362288	155	2941	2244	23481	0	0	0	0	0	0
51	2170	21641	542009	926	17105	4876	41152	0	0	0	0	0	0
51	2190	29445	732942	152	3741	7185	89529	0	0	0	0	0	0
51	2210	29798	754790	21	245	3256	36222	0	0	0	0	0	0
51	2230	7629	224918	67	1348	1927	22724	0	0	0	0	0	0
51	2250	45576	1777270	1770	25514	11199	148475	0	0	0	0	0	0
51	2270	53188	1342862	993	18705	6375	86683	0	0	0	0	0	0
51	2290	14535	433279	229	3673	3999	34612	0	0	0	0	0	0
51	2310	27833	578249	586	12210	2365	26201	0	0	0	0	0	0
51	2330	28794	675112	67	750	4389	52436	0	0	0	0	0	0
51	2350	19629	298103	97	639	259	1680	0	0	0	0	0	0
51	2370	11566	150221	129	1171	28	312	0	0	0	0	0	0
51	2390	4661	158600	43	1110	4241	57477	0	0	0	0	0	0
51	0	2480404	61052096	26947	479844	327627	3658612	0	0	15677	15704	0	0
		0	0	0	0	0	0	0	0	0	0	0	0
													
52	10	4399	152888	1690	38727	2264	34249	0	0	0	0	0	0
52	30	10499	363642	114	2097	1400	21697	0	0	0	0	0	0
52	50	20129	814098	3551	93629	14446	329559	0	0	0	0	0	0
52	5100	138	7379	8	100	35	850	0	0	0	0	0	0
52	70	8404	228548	0	0	705	10680	0	0	0	0	0	0
52	90	24411	660672	190	3135	16780	261604	0	0	0	0	0	0
52	110	34604	1516663	3006	81542	38408	803544	0	0	0	0	0	0
52	130	17851	587790	1315	34591	16146	340764	0	0	0	0	0	0
52	150	14207	399155	176	2729	4513	61075	0	0	0	0	0	0
52	170	19660	625361	286	4697	13269	220736	0	0	0	0	0	0
52	190	47817	1984410	2127	53878	54790	1060876	0	0	0	0	0	0
52	210	6859	262878	10947	339371	3798	78519	0	0	0	0	0	0
52	230	18767	817052	2654	68061	9859	240019	0	0	0	0	0	0
52	250	11648	475413	361	9184	13005	285398	0	0	0	0	0	0
52	270	21795	613756	721	20794	24139	438443	0	0	0	0	0	0
52	290	19938	810760	267	6074	19299	399231	0	0	0	0	0	0
52	310	13828	379099	120	2149	5558	77848	0	0	0	0	0	0
52	330	29692	890383	393	17098	30828	507713	0	0	0	0	0	0
52	370	13172	423036	196	5240	6331	94131	0	0	0	0	0	0
52	350	13065	322244	359	10205	1879	31925	0	0	0	0	0	0
52	390	16906	562912	353	8010	23280	384187	0	0	0	0	0	0
52	410	31063	1206281	915	21737	41855	808075	0	0	0	0	0	0
52	430	26879	617375	72	793	1410	22620	0	0	0	0	0	0
52	450	30770	727962	216	3782	4550	67372	0	0	0	0	0	0
52	0	456501	15449757	30037	827623	348547	6581115	0	0	0	0	0	0
		0	0	0	0	0	0	0	0	0	0		
												0	0
53	10	14721	218600	4171	76086	3085	34844	0	0	138	37	0	0
53	30	6550	58695	11338	288364	230600	4891057	0	0	0	0	0	0
53	50	30269	489005	4193	72171	434	4469	0	0	8910	2914	0	0
53	70	358	1640	1913	12745	196066	1426402	0	0	0	0	0	0
53	90	3400	31411	4338	74800	20563	235123	0	0	77275	21563	0	0
53	110	12820	168799	14115	247579	145043	2252235	0	0	20306	5760	0	0
53	130	62149	1213715	33514	705105	1178	20051	0	0	37508	12309	0	0
53	150	44432	568770	20931	296983	64133	748753	0	0	93991	35678	0	0
53	170	21555	283387	33084	519688	133933	1506727	0	0	13799	5055	0	0
53	190	26667	295723	12543	227166	1816	29810	0	0	12360	2624	0	0
53	210	27400	551890	8891	182398	5744	69346	0	0	3853	1209	0	0
53	230	40430	566989	3275	63498	14	179	0	0	18652	7135	0	0
53	250	3935	24031	287	2860	60467	442889	0	0	0	0	0	0
53	270	21315	395345	16784	276560	8659	90673	0	0	11398	4396	0	0
53	290	23014	355050	7409	138265	798	12007	0	0	11950	3763	0	0
53	310	5903	39439	22235	205234	26147	184809	0	0	27640	4798	0	0
53	330	3153	18720	21250	234300	35181	235809	0	0	31996	4477	0	0
53	350	49237	711635	62769	1388615	12976	130847	0	0	285	113	0	0
53	370	34096	475874	9385	152522	1795	15742	0	0	26846	11612	0	0
53	390	5912	80522	20418	370407	145688	2144144	0	0	20246	5310	0	0
53	410	25485	407337	16045	317488	14302	174187	0	0	4	2	0	0
53	430	5621	58666	9468	173622	104028	1549238	0	0	13302	3577	0	0
53	450	4774	33540	3998	30623	108602	941722	0	0	1243	166	0	0
53	470	2320	24449	15657	317156	337223	6858424	0	0	110	32	0	0
53	490	42918	624797	24700	476470	4284	76666	0	0	36926	10854	0	0
53	510	47807	575794	22464	301713	39460	402299	0	0	61629	19040	0	0
53	530	5030	42055	10483	234348	326341	6640307	0	0	0	0	0	0
53	550	1207	9605	6754	109485	25795	281666	0	0	65652	14773	0	0
53	570	453	2869	2177	25313	34411	263257	0	0	49150	10171	0	0
53	590	1402	5018	2270	14476	65022	374933	0	0	0	0	0	0
53	610	34139	443731	8462	137653	116	1205	0	0	16882	6495	0	0
53	630	52943	708947	6719	129352	337	3614	0	0	27967	8920	0	0
53	650	1265	6779	10448	125358	61970	466572	0	0	92540	19915	0	0
53	670	17480	168274	27256	399529	3327	22113	0	0	38568	7191	0	0
53	690	26469	480249	5675	142980	1455	30941	0	0	12866	4305	0	0
53	710	15439	187509	10752	175575	213592	3729147	0	0	278	138	0	0
53	730	7305	90405	18769	373906	225428	3489626	0	0	4330	1111	0	0
53	750	1310	12845	23156	322628	135828	1292075	0	0	72711	14035	0	0
53	770	12205	175348	980	19100	36	230	0	0	2468	880	0	0
53	790	42935	593265	2310	43068	73	709	0	0	26611	11534	0	0
53	810	23452	397031	27546	362961	11084	133562	0	0	26725	8292	0	0
53	830	12456	148170	24840	422982	64808	914257	0	0	12973	4296	0	0
53	850	23746	264655	7644	154269	835	11804	0	0	19790	5210	0	0
53	870	36340	617312	16485	240545	4834	64065	0	0	41323	13994	0	0
53	890	54031	650742	170	1269	0	0	0	0	27057	13248	0	0
53	910	55335	774263	9909	211438	264	3175	0	0	40453	16441	0	0
53	930	3860	39786	7096	133575	166901	2893468	0	0	416	105	0	0
53	950	22167	382915	17538	440708	969	12734	0	0	12296	4096	0	0
53	970	32161	624609	38224	760964	26028	270353	0	0	4615	1946	0	0
53	990	11315	165413	8964	154020	2155	33268	0	0	6933	1996	0	0
53	1010	58427	952903	28605	601548	5085	57787	0	0	46713	20437	0	0
53	1030	3554	56257	19627	306204	129152	2135242	0	0	1965	868	0	0
53	1050	24201	407622	35327	742545	11577	133361	0	0	789	339	0	0
53	1070	44399	645996	7487	112370	380	4367	0	0	37016	13484	0	0
53	1090	15538	266832	20375	352473	24155	327085	0	0	9257	4019	0	0
53	1110	34610	444070	19954	425091	2257	22068	0	0	30980	10477	0	0
53	1130	27662	466229	25372	550940	33899	500486	0	0	6833	3507	0	0
53	1150	32821	528623	24399	528642	19246	246155	0	0	42	21	0	0
53	1170	16157	278790	21892	379132	19240	226652	0	0	6392	3029	0	0
53	1190	16437	282285	33608	454797	22388	270758	0	0	10887	4980	0	0
53	1210	50466	653837	12090	218809	386	3706	0	0	26379	9772	0	0
53	1230	36417	473985	7743	121358	734	7615	0	0	14745	4016	0	0
53	1250	33378	608260	16022	286769	7603	108135	0	0	19661	6762	0	0
53	1270	20504	276369	14	230	0	0	0	0	3469	1079	0	0
53	1290	5050	44236	3906	61871	27364	323280	0	0	31210	7299	0	0
53	1310	29954	524232	46006	904763	17519	189402	0	0	3817	1695	0	0
53	1330	37857	562125	8178	146025	1723	25276	0	0	17537	5444	0	0
53	1350	31988	484901	2377	38574	223	2112	0	0	17045	7810	0	0
53	1370	24947	214540	17645	199475	2893	15898	0	0	32117	5987	0	0
53	1390	833	3143	168	1896	204723	1340328	0	0	0	0	0	0
53	1410	6434	44483	15799	233931	87728	989123	0	0	94666	31345	0	0
53	1430	27779	538292	30698	654733	12913	140136	0	0	7684	3282	0	0
53	1450	42332	799099	29949	600462	11789	133600	0	0	29286	13839	0	0
53	1470	14205	293972	19069	419332	7499	107498	0	0	167	70	0	0
53	1490	12062	156641	17606	291252	125677	1545455	0	0	89422	29425	0	0
53	1510	3757	22675	7123	111821	192051	2784920	0	0	0	0	0	0
53	1530	6356	45191	3574	45571	116198	1440941	0	0	431	89	0	0
53	0	1718811	25341206	1174415	21078534	4158230	58492919	0	0	1671481	520591	0	0
		0	0	0	0	0	0	0	0	0	0	0	0
													
54	10	13124	339062	397	10294	1065	14158	0	0	0	0	0	0
54	30	39595	949403	2124	34745	9138	90557	0	0	2113	1198	0	0
54	50	23481	493665	167	1957	266	1780	0	0	5019	2461	0	0
54	70	13938	330284	51	867	1472	13290	0	0	2	2	0	0
54	90	22400	565513	2513	61250	6891	86697	0	0	0	0	0	0
54	110	16509	326532	559	9488	1461	15153	0	0	3795	2166	0	0
54	130	10366	200761	40	848	955	11024	0	0	0	0	0	0
54	150	22478	574253	130	2453	2611	27686	0	0	72	34	0	0
54	170	38804	714219	50	250	171	1522	0	0	23121	14544	0	0
54	190	9213	232006	578	11070	2559	34288	0	0	0	0	0	0
54	210	15260	464350	43	625	2837	41125	0	0	0	0	0	0
54	230	15030	218359	10	139	67	555	0	0	12117	6636	0	0
54	250	20541	435332	338	4702	5125	51970	0	0	0	0	0	0
54	270	24944	585385	192	3512	1535	13657	0	0	0	0	0	0
54	290	24737	606926	503	10141	6819	73491	0	0	0	0	0	0
54	310	32444	706117	502	10558	2966	36008	0	0	2515	1687	0	0
54	330	28230	493382	120	1936	211	2982	0	0	28239	19475	0	0
54	350	11915	249763	135	2752	326	2654	0	0	0	0	0	0
54	370	25472	616237	926	15965	4083	49375	0	0	7	7	0	0
54	390	20818	431754	0	0	0	0	0	0	6698	2594	0	0
54	410	33554	805632	230	2593	4448	41036	0	0	54	35	0	0
54	430	25031	610318	522	6816	2261	21383	0	0	0	0	0	0
54	450	54652	1268275	435	8279	592	8055	0	0	39926	35538	0	0
54	470	41715	385169	0	0	5	26	0	0	56952	25429	0	0
54	490	11070	167392	159	1921	1045	9841	0	0	0	0	0	0
54	510	32964	751261	1475	37748	4601	65843	0	0	6672	4865	0	0
54	530	54283	977137	220	3024	252	2419	0	0	43360	28636	0	0
54	550	61609	1218105	2752	46391	4956	45406	0	0	11927	5640	0	0
54	570	20526	438685	357	5925	4689	53222	0	0	0	0	0	0
54	590	45198	1178549	1039	20870	24691	296130	0	0	0	0	0	0
54	610	5482	115591	64	964	616	8995	0	0	235	196	0	0
54	630	15171	401285	523	10208	6645	90451	0	0	0	0	0	0
54	650	16126	268352	304	7334	571	5270	0	0	1643	1119	0	0
54	670	14205	361521	107	1418	2814	26006	0	0	0	0	0	0
54	690	28192	297917	34	630	28	270	0	0	22026	10302	0	0
54	710	27838	401549	9	150	46	399	0	0	11765	3910	0	0
54	730	27840	713617	383	5990	8856	105461	0	0	0	0	0	0
54	750	37945	516233	70	1522	97	880	0	0	46586	28777	0	0
54	770	31085	527778	0	0	0	0	0	0	20297	12251	0	0
54	790	41601	963177	178	2917	2010	21845	0	0	9991	5323	0	0
54	810	28794	747043	658	13396	1164	9471	0	0	24	14	0	0
54	830	8630	248939	29	445	451	3930	0	0	1	1	0	0
54	850	28456	868728	316	4558	1852	16917	0	0	66	27	0	0
54	870	33780	794494	213	2438	1868	14511	0	0	0	0	0	0
54	890	24393	626383	1755	35613	9546	118241	0	0	0	0	0	0
54	910	7771	242606	614	13458	2370	27396	0	0	0	0	0	0
54	930	24483	582867	1173	24519	4340	61462	0	0	34	16	0	0
54	950	14383	395113	0	0	0	0	0	0	26125	26381	0	0
54	970	38690	901973	287	7490	540	6350	0	0	34453	32319	0	0
54	990	46595	546152	684	13704	2260	22029	0	0	22198	10213	0	0
54	1010	6480	118706	25	420	148	964	0	0	416	166	0	0
54	1030	57701	1429899	914	13611	8796	89796	0	0	13953	9029	0	0
54	1050	16136	362987	745	15656	3762	42072	0	0	20	13	0	0
54	1070	25146	507093	1230	28797	4940	54975	0	0	3927	2302	0	0
54	1090	26729	326387	18	230	3	30	0	0	20945	9508	0	0
54	1110	31786	729862	190	3091	2617	22722	0	0	0	0	0	0
54	1130	33092	437306	153	3855	103	999	0	0	34686	19570	0	0
54	1150	14137	309423	367	5474	1441	19169	0	0	691	499	0	0
54	1170	29652	673262	2002	30993	7834	71820	0	0	577	351	0	0
54	1190	49953	1082305	3186	50840	9747	116432	0	0	167	90	0	0
54	1210	12642	250634	209	3865	1166	11836	0	0	1290	656	0	0
54	1230	25428	522646	1128	26657	5872	62358	0	0	1022	511	0	0
54	1250	39017	1121216	282	5523	6879	88831	0	0	0	0	0	0
54	1270	11410	324384	83	1050	910	9449	0	0	117	85	0	0
54	1290	6522	106997	74	1157	240	2974	0	0	0	0	0	0
54	1310	60479	1580602	417	7172	3982	52440	0	0	16244	13223	0	0
54	1330	28131	377322	513	6110	3327	26840	0	0	1	1	0	0
54	1350	16589	453168	20	205	49	481	0	0	226	95	0	0
54	1370	9656	226146	261	4078	1831	17979	0	0	0	0	0	0
54	1390	9776	216691	153	5600	486	6318	0	0	4062	2952	0	0
54	1410	34837	593795	447	5837	1894	15798	0	0	0	0	0	0
54	1430	15297	305057	274	5786	884	8534	0	0	19	10	0	0
54	1450	18252	439673	249	3923	2068	21422	0	0	13	8	0	0
54	1470	33534	958427	713	15204	20064	300048	0	0	0	0	0	0
54	1490	47449	1074376	2073	39676	7957	85533	0	0	10108	6710	0	0
54	1510	6982	140554	6	159	12	182	0	0	0	0	0	0
54	1530	5575	112293	120	1736	562	5544	0	0	3	2	0	0
54	1550	27556	670725	420	7304	8640	83218	0	0	0	0	0	0
54	1570	54284	807734	220	6000	169	3715	0	0	63141	40048	0	0
54	1590	35223	1078157	957	12856	6731	55757	0	0	0	0	0	0
54	1610	30126	883992	37	562	2478	27745	0	0	0	0	0	0
54	1630	23597	685753	1192	21899	11625	155985	0	0	0	0	0	0
54	1650	46305	1322280	4011	83536	19182	207612	0	0	0	0	0	0
54	1670	41919	805668	284	7820	241	2866	0	0	50472	40219	0	0
54	1690	13814	432330	745	16103	1758	16958	0	0	0	0	0	0
54	1710	3717	81020	88	1342	905	10452	0	0	0	0	0	0
54	1730	8058	159535	228	3262	1687	16669	0	0	2	1	0	0
54	1750	5191	81572	7	77	193	1832	0	0	1	1	0	0
54	1770	36217	695766	770	16053	2298	27056	0	0	1012	509	0	0
54	1790	20214	592166	1300	28930	12938	185526	0	0	0	0	0	0
54	1810	22599	367057	44	770	354	3241	0	0	3933	1446	0	0
54	1830	54650	971373	192	3095	962	9777	0	0	11293	6102	0	0
54	1850	25814	510098	460	8747	2661	28464	0	0	212	109	0	0
54	1870	43284	972946	2197	36878	14275	167865	0	0	164	82	0	0
54	1890	40962	1150081	2224	40974	9879	94814	0	0	68	32	0	0
54	0	2517279	54904608	55196	1046786	338722	3886315	0	0	676818	436126	0	0
		0	0	0	0	0	0	0	0	0	0		
													
56	10	7163	270230	1518	32373	1841	24171	0	0	0	0	0	0
56	30	12623	389994	799	16456	11376	182215	0	0	0	0	0	0
56	50	4003	90988	2	35	6	33	0	0	0	0	0	0
56	70	13452	402959	211	3284	2078	18421	0	0	0	0	0	0
56	90	1443	54835	847	24208	625	10683	0	0	0	0	0	0
56	110	9264	235384	172	2422	1089	11763	0	0	0	0	0	0
56	130	8206	231207	81	837	1007	8738	0	0	0	0	0	0
56	150	7112	206445	71	939	435	3912	0	0	0	0	0	0
56	170	4098	124159	24	377	267	2532	0	0	0	0	0	0
56	190	6806	197328	1037	20227	992	13760	0	0	0	0	0	0
56	210	8067	237147	41	515	677	6025	0	0	0	0	0	0
56	230	5088	151192	1288	29049	3092	40296	0	0	0	0	0	0
56	250	13831	462269	1884	45697	7331	112169	0	0	0	0	0	0
56	270	7399	206293	1996	46673	4871	71355	0	0	0	0	0	0
56	290	1057	32176	614	19722	544	10145	0	0	0	0	0	0
56	310	7219	216312	1417	32225	4641	71359	0	0	0	0	0	0
56	330	8058	314626	114	2314	610	10492	0	0	0	0	0	0
56	350	12335	387561	230	2504	3054	31300	0	0	0	0	0	0
56	370	15701	549899	281	5292	18676	335289	0	0	0	0	0	0
56	390	8487	205531	68	760	238	2397	0	0	0	0	0	0
56	410	5976	226726	131	2168	781	10235	0	0	0	0	0	0
56	430	14987	326489	283	2730	842	6362	0	0	0	0	0	0
56	450	4148	101294	2	45	5	100	0	0	0	0	0	0
56	470	5245	109768	133	5859	8	61	0	0	0	0	0	0
56	490	6439	219576	372	6769	787	10087	0	0	0	0	0	0
56	510	8705	289910	2431	49760	3024	40352	0	0	0	0	0	0
56	530	14007	429169	200	4038	4726	63285	0	0	0	0	0	0
56	550	11424	293731	810	16470	3122	39385	0	0	0	0	0	0
56	570	3444	108337	776	15884	1688	27056	0	0	0	0	0	0
56	590	4960	109808	4	75	0	0	0	0	0	0	0	0
56	610	5681	215940	909	24821	1062	17456	0	0	0	0	0	0
56	630	11500	374244	852	18929	7440	100815	0	0	0	0	0	0
56	650	4100	119439	606	11612	3805	50186	0	0	0	0	0	0
56	670	8916	279412	1243	26712	1951	28587	0	0	0	0	0	0
56	690	2071	72152	1110	33174	1157	20797	0	0	0	0	0	0
56	710	6375	205769	1011	24245	5014	74190	0	0	0	0	0	0
56	730	2548	74577	79	1581	223	2866	0	0	0	0	0	0
56	750	5111	179406	2044	64072	1888	34379	0	0	0	0	0	0
56	770	9510	371979	8712	248486	4004	71937	0	0	0	0	0	0
56	790	9530	246537	296	4640	2620	27021	0	0	0	0	0	0
56	810	8770	216467	753	7543	663	6906	0	0	0	0	0	0
56	830	6397	225881	1664	41579	937	15878	0	0	0	0	0	0
56	850	5574	161471	79	1334	769	8113	0	0	0	0	0	0
56	870	10624	311740	295	3085	1593	13972	0	0	0	0	0	0
56	890	9962	262001	752	13446	3721	43057	0	0	0	0	0	0
56	910	2621	96571	470	11144	379	5782	0	0	0	0	0	0
56	930	2601	89729	1455	31653	265	3291	0	0	0	0	0	0
56	950	5242	150198	126	2044	725	10166	0	0	0	0	0	0
56	970	6795	217413	874	18210	1243	18390	0	0	0	0	0	0
56	990	15418	339500	49	680	513	5153	0	0	0	0	0	0
56	1010	5138	191287	215	4302	185	2096	0	0	0	0	0	0
56	1030	8694	245181	825	10319	1919	20830	0	0	0	0	0	0
56	1050	3953	124922	29	376	654	6081	0	0	0	0	0	0
56	1070	8929	280074	155	2594	2548	29396	0	0	0	0	0	0
56	1090	7374	157792	43	620	99	1069	0	0	0	0	0	0
56	0	414181	12391025	42483	996908	123810	1782392	0	0	0	0	0	0
		0	0	0	0	0	0	0	0	0	0		
													
61	10	8909	73130	2226	33708	714	8457	0	0	0	0	0	0
61	30	467	11728	23	476	304	6198	0	0	7	5	0	0
61	50	1734	16503	258	5368	480	5383	0	0	0	0	0	0
61	70	1146	14483	0	0	7	30	0	0	11	16	0	0
61	90	600	14673	137	3028	867	16715	0	0	13927	17067	0	0
61	110	404	8477	238	7592	232	5544	0	0	786	717	0	0
61	130	563	15069	1726	73541	14884	439643	0	0	105741	112762	0	0
61	150	84	1683	12	372	219	3342	0	0	0	0	0	0
61	170	7392	70791	203	6306	346	6962	0	0	0	0	0	0
61	190	1086	6224	10	300	1333	8322	0	0	9225	11396	0	0
61	210	803	10867	60	2400	3657	76683	0	0	48090	52234	0	0
61	230	388	8378	95	3275	0	0	0	0	651	566	0	0
61	250	869	14742	127	5450	336	6494	0	0	0	0	0	0
61	270	44	739	115	3950	1193	26433	0	0	4894	4388	0	0
61	0	24489	267487	5230	145766	24572	610206	0	0	183332	199151	0	0
		0	0	0	0	0	0	0	0	0	0		
													
62	10	5519	45428	1385	35969	93083	1081258	0	0	0	0	0	0
62	30	37	578	3966	82455	2267	42110	0	0	0	0	0	0
62	50	2797	18474	1032	20814	39444	352310	0	0	0	0	0	0
62	70	404	7965	339	5116	1007	13111	0	0	0	0	0	0
62	90	5786	44214	130	550	24172	176246	0	0	0	0	0	0
62	110	2249	43196	234	5363	4772	125588	0	0	0	0	0	0
62	130	2082	53921	4172	131843	22930	562578	0	0	0	0	0	0
62	150	13	215	1121	27348	985	16944	0	0	0	0	0	0
62	170	2387	9437	0	0	2990	11877	0	0	0	0	0	0
62	190	0	0	0	0	0	0	0	0	0	0	0	0
62	210	15	258	4586	122006	4325	84158	0	0	0	0	0	0
62	230	198	3547	2345	53440	3027	51835	0	0	0	0	0	0
62	250	5469	133012	358	8740	519	10965	0	0	0	0	0	0
62	270	96	595	1293	17560	764	6297	0	0	0	0	0	0
62	290	4797	178786	2663	94954	3074	71540	0	0	0	0	0	0
62	310	20	911	39	632	644	4642	0	0	0	0	0	0
62	330	295	3610	26	730	2288	25748	0	0	0	0	0	0
62	350	233	1547	2496	43291	12879	163631	0	0	0	0	0	0
62	370	1	30	1338	65352	1230	37605	0	0	0	0	0	0
62	390	13198	66643	2175	18088	29227	253438	0	0	0	0	0	0
62	410	32521	198041	3532	27643	7492	56483	0	0	0	0	0	0
62	430	2155	56238	538	14267	827	13469	0	0	0	0	0	0
62	450	1141	27423	2655	92921	4508	90464	0	0	0	0	0	0
62	470	0	0	0	0	0	0	0	0	0	0	0	0
62	490	0	0	526	11559	222	3389	0	0	0	0	0	0
62	510	1	10	373	6860	103	1724	0	0	0	0	0	0
62	530	0	0	0	0	0	0	0	0	0	0	0	0
62	550	1586	11809	866	17157	2084	17061	0	0	0	0	0	0
62	570	0	0	0	0	65	430	0	0	0	0	0	0
62	590	1522	35894	3288	85414	16521	379197	0	0	0	0	0	0
62	610	2376	15254	0	0	2050	7620	0	0	0	0	0	0
62	630	33655	135210	496	2532	40574	207509	0	0	0	0	0	0
62	650	0	0	0	0	0	0	0	0	0	0	0	0
62	670	1057	20824	3094	76336	8828	155142	0	0	0	0	0	0
62	690	2403	73719	6593	233135	32865	688774	0	0	0	0	0	0
62	710	4098	29184	1393	16841	2260	26427	0	0	0	0	0	0
62	730	26450	156935	8	100	27717	155366	0	0	0	0	0	0
62	750	27692	255887	2672	59895	85135	541300	0	0	0	0	0	0
62	770	6322	201099	2228	72786	3059	62282	0	0	0	0	0	0
62	790	0	0	0	0	5	70	0	0	0	0	0	0
62	810	344	2635	1736	39867	7638	93973	0	0	0	0	0	0
62	830	2361	34994	2024	49667	6343	86646	0	0	0	0	0	0
62	850	6509	235756	5759	197500	7088	178851	0	0	0	0	0	0
62	870	16517	330129	1398	48426	13862	80048	0	0	0	0	0	0
62	890	5489	139041	601	21129	2466	63225	0	0	0	0	0	0
62	910	46	2075	447	14640	584	11342	0	0	0	0	0	0
62	930	0	0	135	1052	56	87	0	0	0	0	0	0
62	950	44181	299969	3500	41101	85897	800458	0	0	0	0	0	0
62	970	0	0	894	45607	385	12180	0	0	0	0	0	0
62	990	1417	20872	678	23964	18509	353506	0	0	0	0	0	0
62	1010	6964	138629	544	14320	7792	97031	0	0	0	0	0	0
62	1030	9	415	1608	58099	4007	58529	0	0	0	0	0	0
62	1050	24	380	5264	179966	5351	128346	0	0	0	0	0	0
62	1070	0	0	8316	199824	15312	217409	0	0	0	0	0	0
62	1090	2	25	3208	87543	2121	42642	0	0	0	0	0	0
62	1110							0	0				
62	1130	109	860	263	5964	616	10179	0	0	0	0	0	0
62	1150	14749	137145	3046	64221	53070	743771	0	0	0	0	0	0
62	1170	0	0	63	2144	42	435	0	0	0	0	0	0
62	1190	0	0	186	1222	48	252	0	0	0	0	0	0
62	1210	34563	174208	735	10012	58194	242344	0	0	0	0	0	0
62	1230	17079	216444	8909	269617	129919	1620126	0	0	0	0	0	0
62	1250	142578	1119381	1299	12832	122670	1032652	0	0	0	0	0	0
62	0	481516	4682852	108573	2840414	1025912	11372620	0	0	0	0	0	0
		0	0	0	0	0	0	0	0	0	0	0	0
													
63	10	2714	107967	3873	162027	10555	366485	0	0	0	0	0	0
63	30	44	886	1206	42141	1755	29625	0	0	0	0	0	0
63	50	145	6612	4422	173365	60026	1134554	0	0	0	0	0	0
63	70	0	0	2560	87846	13099	173248	0	0	0	0	0	0
63	90	20	448	4975	157448	13423	330888	0	0	0	0	0	0
63	110	760	26288	5460	267756	13302	489360	0	0	0	0	0	0
63	130	8	210	2392	96878	2654	63070	0	0	0	0	0	0
63	150	1	80	591	15924	882	12666	0	0	0	0	0	0
63	170	15	230	2445	90088	1413	25502	0	0	0	0	0	0
63	190	93	3353	6707	301696	61229	1510469	0	0	0	0	0	0
63	210	16	275	2736	148613	11208	354087	0	0	0	0	0	0
63	230	0	0	1151	43235	1725	54651	0	0	0	0	0	0
63	250	0	0	489	13808	35753	608715	0	0	0	0	0	0
63	270	8102	378500	4797	222298	19912	752932	0	0	0	0	0	0
63	290	0	0	2295	68050	8732	159307	0	0	0	0	0	0
63	310	108	3347	2248	103395	18517	450224	0	0	0	0	0	0
63	330	0	0	1747	37327	907	18081	0	0	0	0	0	0
63	350	453	9245	4550	159672	5977	136269	0	0	0	0	0	0
63	370	3	55	892	25774	1012	29861	0	0	0	0	0	0
63	390	738	24690	921	27952	4762	88336	0	0	0	0	0	0
63	410	0	0	906	42301	20685	431258	0	0	0	0	0	0
63	430	5	142	11906	384068	43922	941146	0	0	0	0	0	0
63	450	1943	86587	2318	75376	3039	86225	0	0	0	0	0	0
63	470	3610	146415	2059	88972	7692	231459	0	0	0	0	0	0
63	490	426	8982	6997	245386	57829	1979730	0	0	0	0	0	0
63	510	345	11862	5344	219304	9977	325838	0	0	0	0	0	0
63	530	1875	82629	2090	106183	9798	393322	0	0	0	0	0	0
63	550	319	6321	9024	245040	21473	441531	0	0	0	0	0	0
63	570	280	5567	33328	1158307	62862	1713267	0	0	0	0	0	0
63	590	6	257	1805	81652	1867	71581	0	0	0	0	0	0
63	610	62	1405	5767	175261	44925	1423947	0	0	0	0	0	0
63	630	249	10306	1764	82237	6664	195621	0	0	0	0	0	0
63	650	19	465	3440	147297	47169	1158830	0	0	0	0	0	0
63	670	491	18439	2029	96617	3519	121499	0	0	0	0	0	0
63	690	809	15764	7517	289963	52773	1576743	0	0	0	0	0	0
63	710	0	0	747	32267	59279	1231619	0	0	0	0	0	0
63	730	1791	85271	1223	57381	3514	130757	0	0	0	0	0	0
63	750	2950	131835	724	33117	3165	103092	0	0	0	0	0	0
63	770	182	6480	937	36328	76284	1374900	0	0	0	0	0	0
63	790	0	0	55	1350	6	100	0	0	0	0	0	0
63	810	0	0	6242	176539	20402	402592	0	0	0	0	0	0
63	830	3181	156273	5190	311421	23402	966638	0	0	0	0	0	0
63	850	0	0	6967	231202	2194	33991	0	0	0	0	0	0
63	870	1513	55455	1231	49055	10113	199061	0	0	0	0	0	0
63	875												
63	0	33276	1392641	176067	6611917	879396	22323077	0	0	0	0	0	0
		0	0	0	0	0	0	0	0	0	0		
													
64	10	0	0	4143	178084	2078	64969	0	0	0	0	0	0
64	30	3117	69670	9825	324700	53139	1033675	0	0	0	0	0	0
64	50	330	5592	8474	190121	70692	1068710	0	0	0	0	0	0
64	70	24	560	3921	168688	10023	188494	0	0	0	0	0	0
64	90	2250	56364	8320	310623	33523	712906	0	0	0	0	0	0
64	110	2341	21111	2100	32447	9371	81032	0	0	0	0	0	0
64	130	337	8546	6518	160394	110717	1903456	0	0	0	0	0	0
64	150	598	5466	4775	72762	248214	3469171	0	0	0	0	0	0
64	170	1459	23830	1663	41571	14429	115514	0	0	0	0	0	0
64	190	83	1079	8195	186626	150365	1759006	0	0	0	0	0	0
64	210	2392	27822	8915	144343	92811	756360	0	0	0	0	0	0
64	230	0	0	485	21566	870	21797	0	0	0	0	0	0
64	250	2399	32633	3487	72154	59437	647467	0	0	0	0	0	0
64	270	772	10206	12051	236243	190071	2697722	0	0	0	0	0	0
64	290	18	180	7019	209599	24040	519373	0	0	0	0	0	0
64	310	59	775	17591	829956	57393	1686204	0	0	0	0	0	0
64	330	296	1820	1082	17345	7640	70044	0	0	0	0	0	0
64	350	0	0	1822	31561	46243	550472	0	0	0	0	0	0
64	370	241	2560	2286	45291	16771	198023	0	0	0	0	0	0
64	390	0	0	1224	38705	1365	25780	0	0	0	0	0	0
64	410	95	1950	4714	94237	207823	1887625	0	0	0	0	0	0
64	430	10	220	929	30119	4886	99397	0	0	0	0	0	0
64	450	0	0	6770	123681	107272	1381510	0	0	0	0	0	0
64	470	383	10034	5949	197851	24844	469415	0	0	0	0	0	0
64	490	24	685	2861	77244	8611	162631	0	0	0	0	0	0
64	510	20	700	1914	34941	99273	1078395	0	0	0	0	0	0
64	530	11	268	657	15926	1201	18636	0	0	0	0	0	0
64	550	1399	19881	4949	95592	56380	626501	0	0	0	0	0	0
64	570	37	660	4158	210334	9627	251776	0	0	0	0	0	0
64	590	0	0	1878	52258	1186	13294	0	0	0	0	0	0
64	610	0	0	194	2927	1045	19683	0	0	0	0	0	0
64	630	130	2538	3468	121263	8452	149593	0	0	0	0	0	0
64	650	610	6243	2600	47225	17895	174972	0	0	0	0	0	0
64	670	10	190	5194	204162	21075	406793	0	0	0	0	0	0
64	690	499	3925	952	13212	4953	37936	0	0	0	0	0	0
64	710	2451	42737	12279	302321	68663	1021299	0	0	0	0	0	0
64	730	13	175	5380	134295	122726	1625894	0	0	0	0	0	0
64	750	1403	11959	1584	18726	14693	111914	0	0	0	0	0	0
64	770	0	0	3084	118268	2697	53202	0	0	0	0	0	0
64	790	826	6625	1047	11082	29739	234114	0	0	0	0	0	0
64	810	381	11261	4177	183851	6006	152893	0	0	0	0	0	0
64	830	9022	162989	11462	282626	95706	1038313	0	0	0	0	0	0
64	850	1997	28347	8828	211859	164159	1959730	0	0	0	0	0	0
64	870	2104	56256	1915	52200	8967	77933	0	0	0	0	0	0
64	890	28	500	1218	30257	5925	98549	0	0	0	0	0	0
64	910	199	3499	12010	238181	188302	1971494	0	0	0	0	0	0
64	930	0	0	103	4597	19	359	0	0	0	0	0	0
64	950	646	16613	6424	175787	62514	960041	0	0	0	0	0	0
64	970	118	2088	5024	179639	9571	140737	0	0	0	0	0	0
64	990	65	1366	7877	235752	131805	1727390	0	0	0	0	0	0
64	1010	10	60	2880	61507	78334	777265	0	0	0	0	0	0
64	1030	892	18454	1136	30346	5082	44525	0	0	0	0	0	0
64	1050	912	15877	12292	278615	170225	2090816	0	0	0	0	0	0
64	1070	72	470	3117	90900	8219	79072	0	0	0	0	0	0
64	1090	2594	31051	5744	126930	42289	479943	0	0	0	0	0	0
64	1110	4965	135397	12245	496236	65520	1355875	0	0	0	0	0	0
64	1130												
64	0	48642	861232	280909	7897726	3054876	40349690	0	0	0	0	0	0
		0	0	0	0	0	0	0	0	0	0		
													
65	10	780	26864	127	2922	5084	156309	0	0	0	0	0	0
65	30	65	1398	45	1126	743	20938	0	0	0	0	0	0
65	50	0	0	663	29079	701	12665	0	0	0	0	0	0
65	70	58	1160	1144	32559	470	10392	0	0	0	0	0	0
65	90	0	0	0	0	4	120	0	0	0	0	0	0
65	110	0	0	35	800	35	850	0	0	0	0	0	0
65	130	0	0	314	8182	201	3926	0	0	0	0	0	0
65	150	35	700	58	1469	40	1100	0	0	0	0	0	0
65	170	859	27781	34	980	49	920	0	0	0	0	0	0
65	190	78	2526	185	5366	1388	36173	0	0	0	0	0	0
65	210	6	62	0	0	96	766	0	0	0	0	0	0
65	230	41	838	64	2262	88	2114	0	0	0	0	0	0
65	250	0	0	7	252	90	1098	0	0	0	0	0	0
65	270	7	140	227	8603	1881	68449	0	0	0	0	0	0
65	290	0	0	0	0	14	160	0	0	0	0	0	0
65	310	15	289	395	14678	1142	27527	0	0	0	0	0	0
65	330	21	546	284	8977	377	7622	0	0	0	0	0	0
65	0	1965	62304	3582	117255	12403	351129	0	0	0	0	0	0
		0	0	0	0	0	0	0	0	0	0		
													
66	10	4597	71925	192	4357	1758	28310	0	0	1	1	0	0
66	30	2210	18761	69	386	11	100	0	0	0	0	0	0
66	50	4076	131726	1552	53262	267	2691	0	0	23234	24976	0	0
66	70	9783	92698	4924	105416	2825	40042	0	0	0	0	0	0
66	90	6895	65626	1384	14344	145606	1886685	0	0	142	52	0	0
66	110	1528	46535	3	75	96	2201	0	0	20	9	0	0
66	130	6450	210526	264	8330	171	3546	0	0	32978	48874	0	0
66	150	2018	61361	881	23742	123	1856	0	0	22956	20900	0	0
66	170	3218	96165	316	20375	223	9605	0	0	0	0	0	0
66	190	2526	35454	27	403	449	7674	0	0	0	0	0	0
66	210	4330	21740	150	3000	12119	88050	0	0	146	25	0	0
66	230	265	11910	81	4588	155	4568	0	0	274	318	0	0
66	250	1982	34926	28	300	53	636	0	0	158	42	0	0
66	270	2822	55876	195	7714	107	1245	0	0	0	0	0	0
66	290	216	6133	0	0	0	0	0	0	1772	1648	0	0
66	310	5819	37991	947	7026	1323	10550	0	0	0	0	0	0
66	330	5111	33976	2538	31354	2780	25346	0	0	0	0	0	0
66	350	2352	44147	2524	74299	145	3197	0	0	300	268	0	0
66	370	4163	41629	587	2887	69325	599728	0	0	1446	302	0	0
66	390	3092	37252	728	8255	3848	38404	0	0	0	0	0	0
66	410	12922	143677	41	605	9759	116085	0	0	5600	2003	0	0
66	430	4395	57683	305	5824	1867	25512	0	0	0	0	0	0
66	450	11853	266256	538	13619	2322	56299	0	0	0	0	0	0
66	470	6193	47379	940	17685	1277	13475	0	0	0	0	0	0
66	490	1836	19971	59	825	945	6632	0	0	0	0	0	0
66	510	691	16368	44	1886	179	4664	0	0	672	718	0	0
66	530	5431	60083	16	203	663	8837	0	0	2	2	0	0
66	550	2229	19564	754	10457	4247	43465	0	0	0	0	0	0
66	570	9735	71797	30	300	2761	21226	0	0	0	0	0	0
66	590	7935	44055	20	125	927	5469	0	0	0	0	0	0
66	610	5023	64590	258	5786	2297	36158	0	0	0	0	0	0
66	0	141696	1967780	20395	427428	268628	3092256	0	0	89701	100138	0	0
		0	0	0	0	0	0	0	0	0	0		
													
67	10	143	3558	396	11251	641	11464	0	0	0	0	0	0
67	30	75	2438	1742	97048	62774	1212641	0	0	0	0	0	0
67	50	29	905	2148	108511	38202	773864	0	0	0	0	0	0
67	70	214	6329	664	23791	1022	30461	0	0	0	0	0	0
67	90	14	260	495	14979	333	8304	0	0	0	0	0	0
67	110	95	2706	567	24099	3108	86455	0	0	0	0	0	0
67	130	865	26707	3015	88378	4600	114397	0	0	0	0	0	0
67	150	413	12377	2988	83647	3952	96171	0	0	0	0	0	0
67	170	302	4535	1280	38335	468	9647	0	0	0	0	0	0
67	190	1114	29712	0	0	48	870	0	0	0	0	0	0
67	210	472	12491	612	25180	1604	36760	0	0	0	0	0	0
67	230	12	470	121	4363	7784	72042	0	0	0	0	0	0
67	250	492	9404	239	6081	162	2905	0	0	0	0	0	0
67	270	123	3520	448	13374	6963	103106	0	0	0	0	0	0
67	290	0	0	408	23871	1356	37258	0	0	0	0	0	0
67	310	3	50	486	17462	518	13273	0	0	0	0	0	0
67	330	0	0	699	27805	1758	32612	0	0	0	0	0	0
67	350	124	3815	978	36051	14174	276648	0	0	0	0	0	0
67	370	2288	40685	228	4210	3987	67672	0	0	0	0	0	0
67	390	9	168	3105	102163	6744	129084	0	0	0	0	0	0
67	410	31	1151	2128	87785	4170	141401	0	0	0	0	0	0
67	430	0	0	667	28120	1067	27209	0	0	0	0	0	0
67	450	60	1099	283	11541	5666	67529	0	0	0	0	0	0
67	470	983	26882	2861	88754	3921	105642	0	0	0	0	0	0
67	490	742	27923	2695	112973	14473	387196	0	0	0	0	0	0
67	510	0	0	490	21000	847	27566	0	0	0	0	0	0
67	530	375	8130	248	9057	3476	51415	0	0	0	0	0	0
67	550	124	4207	408	13278	660	17465	0	0	0	0	0	0
67	570	109	2173	1430	69528	4279	118652	0	0	0	0	0	0
67	0	9211	231695	31829	1192635	198757	4059709	0	0	0	0	0	0
		0	0	0	0	0	0	0	0	0	0		
													
68	10	12	40	213	8321	230	3140	0	0	0	0	0	0
68	30	1081	28700	8961	290536	4086	99464	0	0	0	0	0	0
68	50	4905	38647	3282	31242	18199	112810	0	0	0	0	0	0
68	70	0	0	3067	101404	1594	16452	0	0	0	0	0	0
68	90	666	9013	3081	82560	2467	23926	0	0	0	0	0	0
68	110	1170	15279	1434	14377	13529	131025	0	0	0	0	0	0
68	130	1919	49555	9255	298606	5299	117959	0	0	0	0	0	0
68	150	9945	148027	3753	74677	20141	140239	0	0	0	0	0	0
68	170	122	3980	755	22236	909	8456	0	0	0	0	0	0
68	190	467	8300	4680	170432	4100	75956	0	0	0	0	0	0
68	210	22296	159586	5159	37386	34021	215903	0	0	0	0	0	0
68	230	0	0	5363	122933	2744	43249	0	0	0	0	0	0
68	250	25	33	502	12112	30	281	0	0	0	0	0	0
68	270	1886	14246	533	4034	2904	12969	0	0	0	0	0	0
68	290	850	27109	7810	300883	3604	101496	0	0	0	0	0	0
68	310	8965	173260	3480	66781	17753	187117	0	0	0	0	0	0
68	330	888	18598	7967	295167	20901	354880	0	0	0	0	0	0
68	350	0	0	489	10533	19	245	0	0	0	0	0	0
68	370	0	0	2352	90498	428	8443	0	0	0	0	0	0
68	390	0	0	1550	52685	713	13171	0	0	0	0	0	0
68	410	0	0	1120	33428	507	10153	0	0	0	0	0	0
68	430	282	10737	3007	126024	605	17544	0	0	0	0	0	0
68	450	458	6288	692	10139	6942	103134	0	0	0	0	0	0
68	455												
68	0	55937	711398	78505	2256994	161725	1798012	0	0	0	0	0	0
		0	0	0	0	0	0	0	0	0	0		
												0	0
71	10	471	12521	1149	29233	3712	82907	0	0	0	0	0	0
71	30	0	0	94	3433	103	2539	0	0	0	0	0	0
71	50	39	593	640	18561	657	15971	0	0	0	0	0	0
71	70	248	5398	4340	137262	24704	450142	22480	1712071	0	0	0	0
71	90	24	347	220	4880	116	2269	0	0	0	0	0	0
71	110	1401	38204	158	3605	6055	108017	20185	1459998	0	0	0	0
71	130	2092	73600	570	13602	2775	49130	0	0	0	0	0	0
71	150	3	100	51	3153	2	60	0	0	0	0	0	0
71	170	0	0	19	553	120	1712	100	10000	0	0	0	0
71	190	1274	41930	3293	113499	21780	482324	2848	201320	70224	97730	0	0
71	210	2340	46229	670	11157	9036	133825	14627	1005507	0	0	0	0
71	230	111	3035	449	17337	71	1432	0	0	0	0	0	0
71	250	1077	28770	573	12216	3805	93632	104	4267	4064	2284	0	0
71	270	457	27189	95	5000	18	660	0	0	0	0	0	0
71	290	1332	41650	370	10783	50549	781994	0	0	66470	106766	0	0
71	310	449	11290	1160	33817	7835	229243	0	0	31856	45033	0	0
71	330	376	12447	305	8523	1471	24147	0	0	0	0	0	0
71	350	1	60	884	19287	4033	52656	0	0	0	0	0	0
71	370	1481	42692	2343	71256	24967	334352	0	0	0	0	0	0
71	390	883	24650	3396	73675	22673	325406	0	0	44270	53583	0	0
71	410	0	0	2817	126363	345	11557	0	0	0	0	0	0
71	430	0	0	2	50	163	4150	0	0	0	0	0	0
71	450	244	6325	1611	48992	1872	39313	0	0	0	0	0	0
71	470	1288	35251	5470	149142	7376	140203	2758	160856	18970	21932	0	0
71	490	2	4	5685	324783	5357	68870	0	0	0	0	0	0
71	510	17	355	5	200	41	698	0	0	0	0	0	0
71	530	312	7766	2071	64128	18769	384795	0	0	0	0	0	0
71	550	404	8146	4804	166607	3165	98703	0	0	0	0	0	0
71	570		3	0	0	5	56	0	0	0	0	0	0
71	590	450	13438	260	8282	877	14940	0	0	0	0	0	0
71	610	4	200	3923	96298	10395	155621	0	0	0	0	0	0
71	630	0	0	342	9166	274	3887	0	0	0	0	0	0
71	650	1079	21011	10734	335641	17672	300812	0	0	5110	4554	0	0
71	670	2321	99173	14092	291773	31593	517849	1536	156387	0	0	0	0
71	690	131	2783	406	8076	3319	77084	0	0	0	0	0	0
71	710	790	28048	1403	35051	1676	31488	0	0	40	58	0	0
71	730	1036	18391	2612	45107	567	9440	0	0	0	0	0	0
71	750	0	0	0	0	0	0	0	0	0	0	0	0
71	770	14343	571991	14809	379702	28790	503029	1205	82649	0	0	0	0
71	790	1416	15132	4168	102017	92591	1567469	0	0	0	0	0	0
71	810	59	2088	6455	158315	40	519	100	5111	0	0	0	0
71	830	583	8274	7012	166442	4114	58508	0	0	0	0	0	0
71	850	117	3847	750	13335	710	14168	0	0	0	0	0	0
71	870	439	6936	223	13902	19	95	0	0	0	0	0	0
71	890	130	3181	527	13712	4491	60499	0	0	0	0	0	0
71	910	0	0	0	0	15	210	0	0	0	0	0	0
71	930	30	1018	1555	67918	14583	261251	0	0	0	0	0	0
71	950	563	22700	3724	105535	14791	250732	0	0	0	0	0	0
71	970	434	8945	9289	382091	1930	40343	0	0	0	0	0	0
71	990	813	25532	5338	202281	9431	151895	3396	194182	420	328	0	0
71	1010	998	44218	2805	74725	42894	1101267	19065	1827171	0	0	0	0
71	1030	407	9434	2851	59557	8743	119599	600	46667	0	0	0	0
71	1050	19	676	30	600	372	6800	0	0	0	0	0	0
71	1070	3058	99538	2604	56965	57961	874219	0	0	74868	103129	0	0
71	1090	9	64	66	1909	274	3916	0	0	0	0	0	0
71	1110	338	8168	871	38400	1547	36194	0	0	0	0	0	0
71	1130	1070	24292	1241	39985	10942	212828	15217	1029891	0	0	0	0
71	1150	10	145	1832	49207	6909	76375	710	33916	0	0	0	0
71	0	46973	1507778	143166	4227089	589095	10371800	104931	7929991	316292	435397	0	0
		0	0	0	0	0	0	0	0	0	0	0	0
													
72	10	325	11705	4208	164739	10097	249214	0	0	0	0	0	0
72	30	735	26260	11951	326208	6079	127825	0	0	0	0	0	0
72	50	4581	138029	23021	756583	11725	315138	0	0	0	0	0	0
72	70	0	0	413	14032	61	1663	0	0	0	0	0	0
72	90	70	1838	2121	83140	1094	29836	0	0	0	0	0	0
72	110	114	3900	91	3901	30	657	0	0	0	0	0	0
72	130	0	0	1886	82280	2885	67825	0	0	0	0	0	0
72	150	21	620	15	780	0	6	0	0	0	0	0	0
72	170	4	207	2789	89690	1606	40687	0	0	0	0	0	0
72	190	2135	59642	11312	289666	6598	126611	0	0	0	0	0	0
72	210	21	470	204	2692	84019	1163765	0	0	0	0	0	0
72	230	31	510	543	18100	1551	36462	0	0	0	0	0	0
72	250	0	0	1995	50370	1162	15349	0	0	0	0	0	0
72	270	171	7230	217	8173	32	959	0	0	0	0	0	0
72	290	2392	54784	2618	88618	5594	142024	0	0	0	0	0	0
72	310	4	160	58	1262	18327	181857	0	0	0	0	0	0
72	330	644	18277	557	13861	736	14932	0	0	0	0	0	0
72	350	1	10	10654	440172	7982	167207	0	0	0	0	0	0
72	370	0	0	2450	115553	2608	40613	0	0	0	0	0	0
72	390	1814	54406	20120	538827	11508	235165	0	0	0	0	0	0
72	410	38	1089	144	3830	18	461	0	0	0	0	0	0
72	430	2512	81772	39798	1123067	17198	371334	0	0	0	0	0	0
72	450	5374	215439	3205	115395	8006	245800	0	0	0	0	0	0
72	470	7852	246307	40176	1324624	18977	512079	0	0	0	0	0	0
72	490	279	8514	285	7691	71661	896672	0	0	0	0	0	0
72	510	237	7113	1875	64096	777	21287	0	0	0	0	0	0
72	530	490	12752	17386	495545	10408	250497	0	0	0	0	0	0
72	550	0	0	1092	20658	92474	1900326	0	0	0	0	0	0
72	570	0	0	0	0	0	0	0	0	0	0	0	0
72	590	1089	39753	3415	133365	191279	4904104	0	0	0	0	0	0
72	610	35	972	6996	220657	36038	862896	0	0	0	0	0	0
72	630	19	275	4083	156965	19325	442621	0	0	0	0	0	0
72	650	31	529	685	17541	52947	1152087	0	0	0	0	0	0
72	670	850	25296	19684	794967	14029	435971	0	0	0	0	0	0
72	690	12	465	705	20058	3399	52738	0	0	0	0	0	0
72	710	1634	43252	18279	580720	12230	351479	0	0	0	0	0	0
72	0	33515	1061576	255031	8167826	722460	15358147	0	0	0	0	0	0
		0	0	0	0	0	0	0	0	0	0		
													
73	10	0	0	416	9110	300819	5444452	0	0	0	0	0	0
73	30	32	294	960	22737	25349	535013	0	0	0	0	0	0
73	50	2316	82234	605	25254	51553	672229	0	0	0	0	0	0
73	70	174	2855	139	4876	1634	21149	0	0	0	0	0	0
73	90	0	0	818	40461	278	12597	0	0	0	0	0	0
73	110	784	22975	7630	276006	1474	36747	0	0	0	0	0	0
73	130	59	1557	895	32383	63230	1863697	0	0	0	0	0	0
73	150	18	426	477	18345	99	1935	0	0	0	0	0	0
73	170	63	1705	2033	49700	175438	2994742	0	0	0	0	0	0
73	190	237	4918	751	20751	3326	51776	0	0	0	0	0	0
73	210	91	2495	184	5695	80142	1209829	0	0	0	0	0	0
73	230	101	800	296	8093	56383	1706301	0	0	0	0	0	0
73	250	14	444	1864	74967	117046	1809116	0	0	0	0	0	0
73	270	6	160	1723	97181	400	12791	0	0	0	0	0	0
73	290	0	0	2107	114353	1336	48159	0	0	0	0	0	0
73	310	0	0	162	8683	182	9709	0	0	0	0	0	0
73	330	56	1681	1587	82892	167	6410	0	0	0	0	0	0
73	350	5	121	52	2305	14	186	0	0	0	0	0	0
73	370	42	1296	10907	686752	8864	320671	0	0	0	0	0	0
73	390	20	314	1166	38431	45826	796556	0	0	0	0	0	0
73	410	26	538	14035	543679	4018	108286	0	0	0	0	0	0
73	430	0	0	3170	105692	324447	6787265	0	0	0	0	0	0
73	450	2	45	58	2480	29	287	0	0	0	0	0	0
73	470	437	12452	4240	90214	18993	247645	0	0	0	0	0	0
73	490	0	0	282	10678	45	2320	0	0	0	0	0	0
73	510	9	260	3166	97195	960	14254	0	0	0	0	0	0
73	530	69	2290	1245	49652	263	6813	0	0	0	0	0	0
73	550	0	0	644	24128	837	19297	0	0	0	0	0	0
73	570	71	2826	19707	1428914	723	29512	0	0	0	0	0	0
73	590	52	1715	67	2302	22	340	0	0	0	0	0	0
73	610	34	1586	4929	344677	838	16134	0	0	0	0	0	0
73	630	783	21015	22471	736294	113711	2513875	0	0	0	0	0	0
73	650	948	13269	7912	306708	17291	338450	0	0	0	0	0	0
73	670	12	505	4149	137067	547	13734	0	0	0	0	0	0
73	690	3	125	10	800	2	100	0	0	0	0	0	0
73	710	441	16072	1670	67595	167066	4886152	0	0	0	0	0	0
73	730	53	1472	11791	612369	860	24553	0	0	0	0	0	0
73	750	61	1224	29972	1201324	358306	10924105	0	0	0	0	0	0
73	770	7722	284344	8778	417693	21616	542100	0	0	0	0	0	0
73	0	14741	484013	173068	7798436	1964134	44029287	0	0	0	0	0	0
		0	0	0	0	0	0	0	0	0	0	0	0
													
81	3000					0	0						
81	3100			0	0	0	0						
81	3200			430	10699	448	8259						
81	3300			97	2962	79	1220						
81	0			527	13661	527	9479						
		0	0	0	0	0	0	0	0	0	0	0	0
													
82	10	1537	22179					0	0	106	84	55559	3121414
82	30							82	3077	64	38	26178	2036854
82	70							427	30884	0	0	30239	1875032
82	90	300	5286					0	0	20	57	23969	1501723
82	0	1862	29143					509	33961	190	179	135945	8535023
		25	1678	0	0	0	0	0	0	0	0	0	0
													
100	0	77431592	2311399925	29933108	870258195	50526015	708851598	851060	43807455	22811004	11481300	247929	5366225
		0	0	0	0	0	0	0	0.399999999	0	0	0	0
