state	county	corn_a	corn_y	wheat_a	wheat_y	oats_a	oats_y	rice_a	rice_y	cotton_a	cotton_y	scane_a	scane_y
0	0	100000000	100000000	100000000	100000000	100000000	100000000	100000000	100000000	100000000	100000000	100000000	100000000
1	10	2293	89517	72	1275	427	11041	0	0	0	0	0	0
1	30	5223	198373	41	565	124	3383	0	0	0	0	0	0
1	50	2276	101971	33	863	1403	42989	0	0	0	0	0	0
1	70	1426	48134	27	481	119	2795	0	0	0	0	0	0
1	90	1897	73625	102	2580	124	4315	0	0	0	0	0	0
1	110	1624	66387	7	136	137	3466	0	0	0	0	0	0
1	130	1328	62551	3	28	57	2205	0	0	0	0	0	0
1	150	1382	56202	5	49	186	4714	0	0	0	0	0	0
1	0	17449	696760	290	5977	2577	74908	0	0	0	0	0	0
		0	0	0	0	0	0	0	0	0	0	0	0
													
2	10	118	4296	11	287	746	27760	0	0	0	0	0	0
2	30	68	2360	3167	70060	73763	2819418	0	0	0	0	0	0
2	50	65	2381	5	117	584	19716	0	0	0	0	0	0
2	70	69	2593	125	3692	767	28405	0	0	0	0	0	0
2	90	9	451	5	132	543	18314	0	0	0	0	0	0
2	110	244	8636	22	531	3581	127556	0	0	0	0	0	0
2	130	30	868	2	31	285	8944	0	0	0	0	0	0
2	150	48	1674	7	92	579	19672	0	0	0	0	0	0
2	170	164	7008	4	80	525	19718	0	0	0	0	0	0
2	190	65	3390	87	1823	9448	353090	0	0	0	0	0	0
2	210	35	1375	0	0	2889	113790	0	0	0	0	0	0
2	230	22	830	1	26	448	14435	0	0	0	0	0	0
2	250	160	7158	42	1182	5669	218257	0	0	0	0	0	0
2	270	112	3482	18	522	2645	98001	0	0	0	0	0	0
2	290	4	115	2	43	1283	46276	0	0	0	0	0	0
2	310	177	8515	8	89	143	4772	0	0	0	0	0	0
2	0	1390	55132	3506	78707	103898	3938124	0	0	0	0	0	0
		0	0	0	0	0	0	0	0	0	0	0	0
													
3	10	85	2495	0	0	3	128	0	0	0	0	0	0
3	30	1240	59477	137	2755	1661	63325	0	0	0	0	0	0
3	50	458	17233	9	170	113	3695	0	0	0	0	0	0
3	70	71	1722	0	0	7	150	0	0	0	0	0	0
3	90	103	5308	0	0	22	1005	0	0	0	0	0	0
3	110	2111	91249	21	297	53	1713	0	0	0	0	0	0
3	130	1293	52706	6	64	49	1490	0	0	0	0	0	0
3	150	2635	132501	1	10	80	2815	0	0	0	0	0	0
3	170	186	7904	8	170	46	1472	0	0	0	0	0	0
3	190	26	730	0	0	2	50	0	0	0	0	0	0
3	210	63	2668	0	0	23	1020	0	0	0	0	0	0
3	230	188	6959	16	217	31	1200	0	0	0	0	0	0
3	250	0	0	0	0	0	0	0	0	0	0	0	0
3	270	995	44828	17	345	160	4605	0	0	0	0	0	0
3	0	9454	425780	215	4028	2250	82668	0	0	0	0	0	0
		0	0	0	0	0	0	0	0	0	0	0	0
													
4	10	180	6038	2	29	129	5126	0	0	0	0	0	0
4	30	82	4120	13	372	79	3461	0	0	0	0	0	0
4	50	520	22714	0	0	263	9391	0	0	0	0	0	0
4	70	0	0	33	1242	1667	71300	0	0	0	0	0	0
4	90	417	23411	8	137	1143	44791	0	0	0	0	0	0
4	110	299	12040	5	80	95	2432	0	0	0	0	0	0
4	130	414	21329	2	50	280	8346	0	0	0	0	0	0
4	150	356	16566	0	0	76	2198	0	0	0	0	0	0
4	170	128	8129	0	0	21	1090	0	0	0	0	0	0
4	190	434	21537	9	246	339	13171	0	0	0	0	0	0
4	0	2830	135884	72	2156	4092	161306	0	0	0	0	0	0
		0	0	0	0	0	0	0	0	0	0	0	0
													
5	10	114	5585	1	25	35	825	0	0	0	0	0	0
5	30	195	6615	2	15	18	755	0	0	0	0	0	0
5	50	1270	55517	13	305	327	12912	0	0	0	0	0	0
5	70	367	11007	0	0	0	0	0	0	0	0	0	0
5	90	861	33697	2	20	69	1874	0	0	0	0	0	0
5	0	2807	112421	18	365	449	16366	0	0	0	0	0	0
		0	0	0	0	0	0	0	0	0	0	0	0
													
6	10	818	35189	732	12727	12789	373214	0	0	0	0	0	0
6	30	1070	50416	40	1107	2370	82331	0	0	0	0	0	0
6	50	40	1465	57	1384	2932	125054	0	0	0	0	0	0
6	70	577	23094	74	1802	5137	164722	0	0	0	0	0	0
6	90	17	720	6	169	1221	45679	0	0	0	0	0	0
6	110	351	12703	130	3635	7680	255197	0	0	0	0	0	0
6	130	407	19288	84	1772	3180	90134	0	0	0	0	0	0
6	150	150	6672	10	250	1020	40113	0	0	0	0	0	0
6	170	717	34071	65	1885	2505	100833	0	0	0	0	0	0
6	190	18	770	37	933	5720	217518	0	0	0	0	0	0
6	210	1288	56858	16	453	2640	94522	0	0	0	0	0	0
6	230	352	16642	14	302	2090	86897	0	0	0	0	0	0
6	250	1125	52482	8	145	439	14161	0	0	0	0	0	0
6	270	1116	53515	34	882	1645	59373	0	0	0	0	0	0
6	0	8046	363885	1307	27446	51368	1749748	0	0	0	0	0	0
		0	0	0	0	0	0	0	0	0	0	0	0
													
11	10	42472	1023210	42300	664863	238	4977						
11	30	23968	586009	37048	778751	1544	50285	0	0				
11	50	66742	1567195	17355	254867	302	6111	0	0				
11	0	133182	3176414	96703	1698481	2084	61373	0	0				
		0	0	0	0	0	0	0	0	0	0	0	0
													
98	10	130	3079	10	146	10	168	0	0	0	0	0	0
98	0	130	3079	10	146	10	168	0	0	0	0	0	0
													
													
12	10	2508	75019	7	175	1	40	0	0	0	0	0	0
12	30	366	17185	40	1201	29	595	0	0	0	0	0	0
12	50	20239	618454	3015	54630	236	6451	0	0	0	0	0	0
12	70	3364	139630	257	4547	58	1317	0	0	0	0	0	0
12	90	3099	82146	41	785	26	520	0	0	0	0	0	0
12	110	12131	411289	2082	48159	346	10891	0	0	0	0	0	0
12	130	61	1770	29	550	4	160	0	0	0	0	0	0
12	150	11492	413502	248	4270	109	2423	0	0	0	0	0	0
12	170	0	0	0	0	0	0	0	0	0	0	0	0
12	190	21422	656705	14407	239997	13687	356740	0	0	0	0	0	0
12	210	9504	261218	4706	100569	2355	70923	0	0	0	0	0	0
12	230	6504	196835	2846	59453	797	18544	0	0	0	0	0	0
12	250	16834	486180	2247	52667	127	2433	0	0	0	0	0	0
12	270	4376	174217	1096	21008	2455	67397	0	0	0	0	0	0
12	290	1340	30700	90	1537	39	835	0	0	0	0	0	0
12	310	206	8462	13	245	7	215	0	0	0	0	0	0
12	330	19533	674460	4763	102877	643	20463	0	0	0	0	0	0
12	350	7978	276178	5641	100390	4617	127382	0	0	0	0	0	0
12	370	3397	154569	1359	27900	4345	120374	0	0	0	0	0	0
12	390	207	4618	384	3297	63	1243	0	0	0	0	0	0
12	410	13498	571781	10040	178566	11116	307369	0	0	0	0	0	0
12	0	158059	5254918	53311	1002823	41060	1116315	0	0	0	0	0	0
		0	0	0	0	0	0	0	0	0	0	0	0
													
13	10	2812	94461	1864	35700	11166	292209	0	0	0	0	0	0
13	30	282	10221	1341	27839	32924	987728	0	0	0	0	0	0
13	50	63	1510	0	0	0	0	0	0	0	0	0	0
13	70	365	13799	240	6125	10375	374503	0	0	0	0	0	0
13	90	546	18664	537	12951	27940	1001117	0	0	0	0	0	0
13	110	10942	495531	19528	392741	25760	907030	0	0	0	0	0	0
13	130	2944	105052	1204	23640	28122	1033648	0	0	0	0	0	0
13	150	621	24037	2127	40565	10243	321098	0	0	0	0	0	0
13	170	381	19780	286	7721	10411	412159	0	0	0	0	0	0
13	190	1004	35676	372	8941	17312	458694	0	0	0	0	0	0
13	210	6890	197802	708	11066	10426	261038	0	0	0	0	0	0
13	230	282	12068	227	6000	10553	428100	0	0	0	0	0	0
13	250	285	8666	66	2258	6579	233030	0	0	0	0	0	0
13	270	5489	214564	1280	20194	8516	259886	0	0	0	0	0	0
13	290	5449	214563	16077	296804	37273	1485874	0	0	0	0	0	0
13	310	773	31573	119	1763	5603	149861	0	0	0	0	0	0
13	330	401	11095	326	6793	15062	492243	0	0	0	0	0	0
13	350	1014	28615	61	1344	5768	167545	0	0	0	0	0	0
13	370	2949	122497	26857	500162	16247	724746	0	0	0	0	0	0
13	390	3155	105227	826	15567	3667	99218	0	0	0	0	0	0
13	410	46	1078	7	123	116	2925	0	0	0	0	0	0
13	430	550	22638	282	7345	12235	379361	0	0	0	0	0	0
13	450	1013	42556	1400	23275	65560	1674912	0	0	0	0	0	0
13	470	7	150	0	0	0	0	0	0	0	0	0	0
13	490	128	5366	89	2410	18953	599965	0	0	0	0	0	0
13	510	2506	99701	23905	489080	20204	780131	0	0	0	0	0	0
13	530	1110	46859	1198	29302	14669	537971	0	0	0	0	0	0
13	550	7678	271894	37746	684276	24540	1066975	0	0	0	0	0	0
13	570	2682	113470	607	14619	17995	536994	0	0	0	0	0	0
13	590	358	10973	25	675	0	0	0	0	0	0	0	0
13	610	0	0	0	0	0	0	0	0	0	0	0	0
13	630	9153	357641	26707	452236	20486	721854	0	0	0	0	0	0
13	650	2003	81357	744	19076	16672	585073	0	0	0	0	0	0
13	670	6058	227990	10131	217020	22997	846906	0	0	0	0	0	0
13	690	9042	305071	25891	483173	21006	845909	0	0	0	0	0	0
13	710	4133	171787	1223	25994	1893	55594	0	0	0	0	0	0
13	730	3693	123950	22292	399784	11630	472249	0	0	0	0	0	0
13	750	2639	98817	781	13600	14929	430489	0	0	0	0	0	0
13	770	1555	66190	177	4645	19865	696909	0	0	0	0	0	0
13	790	374	12024	1	25	131	4569	0	0	0	0	0	0
13	810	217	5715	0	0	0	0	0	0	0	0	0	0
13	830	5548	163251	172	2935	9951	264355	0	0	0	0	0	0
13	850	74	1964	6	105	7	160	0	0	0	0	0	0
13	870	385	13665	40	885	190	4345	0	0	0	0	0	0
13	890	542	16659	509	10705	47003	1262073	0	0	0	0	0	0
13	910	4902	153779	409	6993	9199	228567	0	0	0	0	0	0
13	930	908	24869	153	2784	5408	152152	0	0	0	0	0	0
13	950	1293	53212	610	14004	17068	499616	0	0	0	0	0	0
13	970	1207	44157	4590	72565	9087	259765	0	0	0	0	0	0
13	990	6778	247760	16872	289373	12724	519941	0	0	0	0	0	0
13	1010	1464	65831	7008	120139	51398	1468696	0	0	0	0	0	0
13	1030	8157	211742	1070	25359	650	21802	0	0	0	0	0	0
13	1050	1002	39302	37	905	2473	80131	0	0	0	0	0	0
13	1070	767	31381	1075	20482	13672	471007	0	0	0	0	0	0
13	1090	2110	73327	6209	117362	14256	511639	0	0	0	0	0	0
13	1110	4767	185948	2226	44792	3594	100154	0	0	0	0	0	0
13	1130	573	17993	11	220	795	23821	0	0	0	0	0	0
13	1150	9156	361872	217	5299	16855	447652	0	0	0	0	0	0
13	1170	11268	365944	19120	306338	21081	767541	0	0	0	0	0	0
13	1190	536	22779	119	1611	223	7315	0	0	0	0	0	0
13	1210	384	16992	11927	256792	24940	1029626	0	0	0	0	0	0
13	1230	3284	138271	14160	256913	10764	381035	0	0	0	0	0	0
13	0	166697	6081326	313792	5841393	869166	28829906	0	0	0	0	0	0
		0	0	0	0	0	0	0	0	0	0	0	0
													
14	10	29662	821524	43985	545253	11865	373197	0	0	0	0	0	0
14	30	8405	247787	8808	107180	11997	380414	0	0	0	0	0	0
14	50	15084	624160	13554	168888	18223	557959	0	0	0	0	0	0
14	70	6149	199253	7892	80722	9855	321785	0	0	0	0	0	0
14	90	19978	524324	23826	255149	17666	492653	0	0	0	0	0	0
14	110	51556	1814453	58972	992870	39034	1224775	0	0	0	0	0	0
14	130	10161	274265	12684	163747	9674	314998	0	0	0	0	0	0
14	150	2607	89952	4542	68092	28951	908311	0	0	0	0	0	0
14	170	35918	1119281	26607	568753	19813	632117	0	0	0	0	0	0
14	190	14828	539323	15014	208908	21731	745189	0	0	0	0	0	0
14	210	5747	233651	3974	57025	16277	605471	0	0	0	0	0	0
14	230	93	3454	83	1653	528	16678	0	0	0	0	0	0
14	250	2903	96413	3498	54339	3969	128658	0	0	0	0	0	0
14	270	21103	755754	27100	360739	19205	692115	0	0	0	0	0	0
14	290	44095	1917996	35674	826141	21389	808312	0	0	0	0	0	0
14	310	12005	403594	14708	213907	20165	749315	0	0	0	0	0	0
14	330	7462	230296	4247	64056	14087	445543	0	0	0	0	0	0
14	350	7517	308050	8749	136911	6377	243386	0	0	0	0	0	0
14	370	20704	757234	22907	385225	18615	657005	0	0	0	0	0	0
14	390	8945	299181	8688	161731	32764	1219970	0	0	0	0	0	0
14	410	42620	1358724	48615	807534	22370	702009	0	0	0	0	0	0
14	430	25205	879625	24628	407628	18832	669359	0	0	0	0	0	0
14	450	5258	218185	2272	53662	1514	48673	0	0	0	0	0	0
14	470	491	13295	206	4620	5766	225360	0	0	0	0	0	0
14	490	8041	283481	4811	95359	27048	995472	0	0	0	0	0	0
14	510	12068	389250	6204	82214	12516	414521	0	0	0	0	0	0
14	530	652	18407	681	12229	1874	75327	0	0	0	0	0	0
14	550	50197	1583331	78406	1113292	7458	223612	0	0	0	0	0	0
14	570	11035	232522	15934	162267	2802	67975	0	0	0	0	0	0
14	590	10263	310777	4303	40074	7501	204046	0	0	0	0	0	0
14	610	16205	467104	19465	233526	11154	321639	0	0	0	0	0	0
14	630	18421	648075	13817	176639	22030	619457	0	0	0	0	0	0
14	650	8344	250026	7614	109498	19926	722710	0	0	0	0	0	0
14	670	13630	523835	16380	250398	11997	381121	0	0	0	0	0	0
14	690	221	7161	56	1123	4456	152484	0	0	0	0	0	0
14	710	82481	4054774	101640	2208717	14610	486771	0	0	0	0	0	0
14	730	7171	221891	10667	132551	11560	373390	0	0	0	0	0	0
14	750	24104	857979	30824	556245	16533	593321	0	0	0	0	0	0
14	770	17438	668499	26282	472477	10760	355399	0	0	0	0	0	0
14	790	5637	204516	5511	93887	8877	263802	0	0	0	0	0	0
14	810	22946	933201	22362	334291	22035	790482	0	0	0	0	0	0
14	830	49	1458	72	1040	4994	179060	0	0	0	0	0	0
14	850	12626	448754	12683	209599	23078	806429	0	0	0	0	0	0
14	870	12271	531601	15421	220405	10451	336995	0	0	0	0	0	0
14	890	5163	135186	3553	53347	5648	167643	0	0	0	0	0	0
14	910	24471	918859	19952	391440	11827	380228	0	0	0	0	0	0
14	930	8457	368387	10082	155263	8166	292984	0	0	0	0	0	0
14	950	21335	809122	25994	487651	17243	570215	0	0	0	0	0	0
14	970	22429	1020336	27134	433618	20781	751194	0	0	0	0	0	0
14	990	19847	669563	22135	318625	16130	500954	0	0	0	0	0	0
14	1010	1498	48178	820	18053	63	1570	0	0	0	0	0	0
14	1030	459	11107	168	3124	856	24872	0	0	0	0	0	0
14	1050	207	6843	74	1294	12618	418445	0	0	0	0	0	0
14	1070	13111	429588	15711	270635	13167	440209	0	0	0	0	0	0
14	1090	16129	652814	19601	297559	14149	440076	0	0	0	0	0	0
14	1110	9430	293737	8369	148865	33666	1241357	0	0	0	0	0	0
14	1130	946	35443	441	6748	3920	148958	0	0	0	0	0	0
14	1150	786	31611	227	4794	11666	386519	0	0	0	0	0	0
14	1170	1034	48725	510	9680	24912	810176	0	0	0	0	0	0
14	1190	13369	497701	17920	302614	12051	439230	0	0	0	0	0	0
14	1210	3918	142278	3255	58813	10639	377202	0	0	0	0	0	0
14	1230	714	23779	908	19218	9889	349411	0	0	0	0	0	0
14	1250	16551	565405	13215	134325	20424	664556	0	0	0	0	0	0
14	1270	476	16996	77	1839	4967	168151	0	0	0	0	0	0
14	1290	24510	866511	21148	277261	28316	956798	0	0	0	0	0	0
14	1310	873	32048	468	8173	4908	144714	0	0	0	0	0	0
14	1330	72678	2770714	87690	1563496	25843	921105	0	0	0	0	0	0
14	0	1010687	36761347	1113818	18166999	954176	32123832	0	0	0	0	0	0
		0	0	0	0	0	0	0	0	0	0	0	0
													
21	10	88914	3147630	52340	883472	38912	1319757	0	0	0	0	0	0
21	30	16924	457100	2088	30698	40	740	0	0	8077	1687	0	0
21	50	22248	465228	10755	57132	21840	580625	0	0	0	0	0	0
21	70	19360	480304	844	17187	28755	1105534	0	0	0	0	0	0
21	90	34488	1146887	10678	133536	10783	333043	0	0	0	0	0	0
21	110	155891	5778057	23819	585328	83814	3826017	0	0	0	0	0	0
21	130	17282	481988	7435	103829	1813	43635	0	0	0	0	0	0
21	150	41781	1236781	1919	43228	39661	1563259	0	0	0	0	0	0
21	170	54467	2162439	39575	797735	13416	515581	0	0	0	0	0	0
21	190	262782	9183270	30228	623652	144630	5694780	0	0	0	0	0	0
21	210	153654	5732516	42269	551159	53208	1981379	0	0	0	0	0	0
21	230	50886	1241579	9200	121242	14601	371060	0	0	13	6	0	0
21	250	37357	654064	1842	15935	14910	301302	0	0	0	0	0	0
21	270	34506	661772	60423	415746	30196	767246	0	0	0	0	0	0
21	290	101245	3755975	19080	400067	27698	1051514	0	0	0	0	0	0
21	310	31403	746306	5808	144119	52889	2189706	0	0	0	0	0	0
21	330	42519	1050607	11739	165250	5582	149722	0	0	0	0	0	0
21	350	38367	784858	916	10870	9339	222028	0	0	0	0	0	0
21	370	104696	3278483	7906	203557	72721	3399341	0	0	0	0	0	0
21	390	99795	3761513	19238	364639	47027	1987872	0	0	0	0	0	0
21	410	101116	3972565	21769	444508	38747	1564963	0	0	0	0	0	0
21	430	15602	416900	5562	149238	28045	1263303	0	0	0	0	0	0
21	450	123034	4474371	29636	610235	58178	2048836	0	0	0	0	0	0
21	470	28702	852678	11694	109955	6760	188021	0	0	0	0	0	0
21	490	36806	651142	11156	103121	27553	645576	0	0	0	0	0	0
21	510	69602	1517523	16139	150775	33007	819376	0	0	0	0	0	0
21	530	127206	4648958	2329	50004	93931	3855174	0	0	0	0	0	0
21	550	21324	354716	2375	19446	4037	75800	0	0	0	0	0	0
21	570	90952	3355652	56700	1034511	33977	1359585	0	0	0	0	0	0
21	590	50465	1532284	21021	244467	3210	79861	0	0	4	2	0	0
21	610	76341	2634615	25826	293461	11393	340617	0	0	0	0	0	0
21	630	95610	3290300	10899	238892	64378	2526195	0	0	0	0	0	0
21	650	38945	744303	5751	57804	6029	133464	0	0	0	0	0	0
21	670	99278	3500907	37613	616223	37379	1194832	0	0	0	0	0	0
21	690	12495	283289	262	2507	67	1544	0	0	0	0	0	0
21	710	56748	1831854	20139	400894	18634	670376	0	0	0	0	0	0
21	730	141149	5062490	13782	341372	76484	3615705	0	0	0	0	0	0
21	750	268535	8314598	10191	231160	217385	8260006	0	0	0	0	0	0
21	770	39219	1101219	29636	383818	5862	140036	0	0	110	25	0	0
21	790	50593	1048598	2687	24098	17302	392139	0	0	0	0	0	0
21	810	45108	748775	5602	43459	10023	177893	0	0	0	0	0	0
21	830	29920	727801	19551	154373	10515	274919	0	0	0	0	0	0
21	850	33367	926660	1184	24353	35835	1276837	0	0	0	0	0	0
21	870	17346	387393	204	1923	63	1196	0	0	549	95	0	0
21	890	41524	1314964	11884	342887	46790	2370789	0	0	0	0	0	0
21	910	130671	3625684	17236	353649	105455	4201880	0	0	0	0	0	0
21	930	62858	2256680	7196	204028	49135	2656859	0	0	0	0	0	0
21	950	110418	4189022	28318	679055	52628	2474424	0	0	0	0	0	0
21	970	5184	142508	2731	59529	27662	900871	0	0	0	0	0	0
21	990	250038	9367419	26862	645097	164985	6989111	0	0	0	0	0	0
21	1010	40695	1179468	15012	155808	7085	191992	0	0	0	0	0	0
21	1030	133909	4315180	16150	432556	87409	3980188	0	0	0	0	0	0
21	1050	269705	10731657	10475	219724	219891	9641072	0	0	0	0	0	0
21	1070	128184	5357000	78328	1657622	50655	2250452	0	0	0	0	0	0
21	1090	96214	3551643	44778	842258	32163	1186546	0	0	0	0	0	0
21	1110	25558	604075	3599	75175	49295	1728883	0	0	0	0	0	0
21	1130	309023	11542861	30000	663368	172306	7517998	0	0	0	0	0	0
21	1150	139219	5593349	35250	571954	48361	2041972	0	0	0	0	0	0
21	1170	85470	2668598	32683	287826	40493	1273707	0	0	0	0	0	0
21	1190	43434	989827	82454	765834	30494	730863	0	0	0	0	0	0
21	1210	31794	502472	5982	44734	15147	302366	0	0	0	0	0	0
21	1230	70358	2729748	11306	234243	48148	2044020	0	0	0	0	0	0
21	1250	84728	2630433	82761	1476032	20672	737923	0	0	0	0	0	0
21	1270	18854	503398	4978	49373	1471	32709	0	0	445	136	0	0
21	1290	51813	1951773	42851	793162	14725	571793	0	0	0	0	0	0
21	1310	86261	2820024	4779	121872	34684	1358999	0	0	0	0	0	0
21	1330	20394	704189	60003	818537	6361	167993	0	0	0	0	0	0
21	1350	79174	2144703	17998	126157	47751	1390823	0	0	0	0	0	0
21	1370	97337	3815784	59065	1183199	25149	1023108	0	0	0	0	0	0
21	1390	88746	3369343	12794	259518	26078	1082140	0	0	0	0	0	0
21	1410	103079	3065233	4244	96880	101731	3888957	0	0	0	0	0	0
21	1430	81157	3318854	24206	479026	46854	2012315	0	0	0	0	0	0
21	1450	24661	456606	24799	166785	11062	214057	0	0	0	0	0	0
21	1470	103284	4527523	28307	555638	46960	2176875	0	0	0	0	0	0
21	1490	95282	3463751	42765	686195	22072	628492	0	0	0	0	0	0
21	1510	22516	507104	1722	14452	1999	41050	0	0	97	12	0	0
21	1530	16881	428970	3855	36898	715	18367	0	0	5326	1077	0	0
21	1550	22202	924504	7588	176261	11690	520042	0	0	0	0	0	0
21	1570	31011	901384	71952	721370	8496	185753	0	0	0	0	0	0
21	1590	33723	726233	4540	36925	12990	297641	0	0	0	0	0	0
21	1610	52546	1712845	5588	127585	23931	911837	0	0	0	0	0	0
21	1630	44910	1153447	98109	937940	21210	528974	0	0	0	0	0	0
21	1650	36151	863413	9441	115761	4996	129504	0	0	0	0	0	0
21	1670	169966	6713335	62574	1172140	57514	2553123	0	0	0	0	0	0
21	1690	41251	1505396	36279	676310	11892	388058	0	0	0	0	0	0
21	1710	43052	1697715	28150	433695	4184	143222	0	0	0	0	0	0
21	1730	123122	4068918	3469	47866	48128	1604480	0	0	0	0	0	0
21	1750	58094	2125197	3325	78854	34026	1552533	0	0	0	0	0	0
21	1770	56940	1731837	1748	41717	66537	2566807	0	0	0	0	0	0
21	1790	102629	4120093	63379	1323731	47790	2144435	0	0	0	0	0	0
21	1810	24216	699726	9653	150995	713	20019	0	0	928	224	0	0
21	1830	179965	4763663	25533	466162	116294	4074985	0	0	0	0	0	0
21	1850	31799	1173488	17193	188323	6785	216656	0	0	7	2	0	0
21	1870	107901	3778598	20154	446434	42001	1752229	0	0	0	0	0	0
21	1890	32240	543994	86171	596612	10784	214434	0	0	0	0	0	0
21	1910	69117	1592708	3580	33604	6927	149788	0	0	0	0	0	0
21	1930	78475	2456682	38709	429128	7950	197290	0	0	60	18	0	0
21	1950	111107	3649600	26835	660606	63282	2815073	0	0	0	0	0	0
21	1970	124868	3287803	18292	413496	124924	4933831	0	0	0	0	0	0
21	1990	29417	565673	2705	31445	979	21916	0	0	15	5	0	0
21	2010	37890	1045468	1833	45800	52593	1842895	0	0	0	0	0	0
21	2030	109657	4786739	8404	181834	81208	3657317	0	0	0	0	0	0
21	0	7778700	259545250	2250385	36032643	4074839	159562831	0	0	15631	3289	0	0
		0	0	0	0	0	0	0	0	0	0	0	0
													
22	10	17365	333465	16296	314174	32714	1174404	0	0			0	0
22	30	43384	993155	25085	572329	58871	2202001	0	0			0	0
22	50	50413	1701126	40599	504280	5311	129408	0	0			0	0
22	70	93933	2589270	13040	248668	76306	3334550	0	0			0	0
22	90	14274	248173	1839	31328	14099	463734	0	0			0	0
22	110	57264	1394109	9151	209137	32004	1140185	0	0			0	0
22	130	10270	180589	1565	13655	544	11063	0	0			0	0
22	150	54255	1680578	23993	512470	25501	995327	0	0			0	0
22	170	49285	1288879	23669	428985	26866	965761	0	0			0	0
22	190	16099	391091	11222	126406	2364	60105	0	0			0	0
22	210	34505	1019982	19140	236773	8698	217517	0	0			0	0
22	230	56079	1794160	30598	689911	27244	1069405	0	0			0	0
22	250	18086	425526	4327	29687	1054	22914	0	0			0	0
22	270	51588	1643894	17085	146905	8832	240761	0	0			0	0
22	290	15205	383877	8367	82057	4772	137878	0	0			0	0
22	310	33029	1120498	33769	459450	2147	68262	0	0			0	0
22	330	20774	551978	20718	466340	24249	1014106	0	0			0	0
22	350	49977	1213534	8939	170759	27581	1040376	0	0			0	0
22	370	30252	816275	29402	311133	7778	181905	0	0			0	0
22	390	32917	819105	25442	535785	22429	900381	0	0			0	0
22	410	28828	1230494	18147	348889	2727	116950	0	0			0	0
22	430	7597	247370	3169	39280	664	21562	0	0			0	0
22	450	46667	1044588	22384	414496	29494	999561	0	0			0	0
22	470	35231	1083058	23557	394414	1884	65720	0	0			0	0
22	490	42682	817735	14560	183482	20181	625061	0	0			0	0
22	510	68855	2631601	35639	423219	4066	120932	0	0			0	0
22	530	41180	1193606	13171	285670	32579	1312326	0	0			0	0
22	550	44951	1337868	12842	143066	7822	211822	0	0			0	0
22	570	53479	1590164	18609	377814	23199	887620	0	0			0	0
22	590	52931	1722681	15871	285012	19561	757216	0	0			0	0
22	610	14783	414689	17656	181582	1840	44081	0	0			0	0
22	630	57721	1506476	17417	292491	21335	760024	0	0			0	0
22	650	57065	1841804	15094	320750	24147	964373	0	0			0	0
22	670	39731	1201935	12369	304236	22758	914501	0	0			0	0
22	690	31849	684977	9631	204771	41567	1522286	0	0			0	0
22	710	39582	1333821	28272	396465	4396	98812	0	0			0	0
22	730	76842	1665588	13524	275442	56747	1916419	0	0			0	0
22	750	22722	389050	8212	154698	33272	988401	0	0			0	0
22	770	19404	472659	9751	107639	2162	55353	0	0			0	0
22	790	21068	460804	8711	80288	1725	34669	0	0			0	0
22	810	45655	1844247	32659	565967	1422	44651	0	0			0	0
22	830	77166	2788213	40293	430224	10117	324268	0	0			0	0
22	850	48675	1173984	24583	479003	28683	1027754	0	0			0	0
22	870	28177	697929	20872	384031	15191	547058	0	0			0	0
22	890	30618	543135	10917	231291	35314	1459118	0	0			0	0
22	910	49741	960317	30999	591288	34776	1203472	0	0			0	0
22	930	24750	684515	5771	66530	4292	99801	0	0			0	0
22	950	63862	1947770	20773	436618	31309	1189064	0	0			0	0
22	970	34056	757005	15335	279387	13790	466251	0	0			0	0
22	990	35664	757124	22479	417827	19321	665383	0	0			0	0
22	1010	20127	499478	4451	37181	2111	46195	0	0			0	0
22	1030	39126	1012563	25154	520215	19977	703361	0	0			0	0
22	1050	18618	440064	3672	38619	2968	81911	0	0			0	0
22	1070	73698	2447528	18565	373502	33111	1094019	0	0			0	0
22	1090	42549	1388513	17397	237897	5295	143948	0	0			0	0
22	1110	64102	1581578	8229	172278	53099	2044418	0	0			0	0
22	1130	25914	590985	21015	418445	23828	931342	0	0			0	0
22	1150	2109	58657	966	8396	592	16363	0	0			0	0
22	1170	22600	538243	7260	90802	2734	70051	0	0			0	0
22	1190	21625	515889	6481	68878	3168	71659	0	0			0	0
22	1210	36890	1054036	16568	264771	13123	414211	0	0			0	0
22	1230	22552	601507	10472	96832	1509	35717	0	0			0	0
22	1250	33003	901928	6097	56012	1223	29758	0	0			0	0
22	1270	28760	582498	17361	336344	33614	1313195	0	0			0	0
22	1290	59962	2170728	47022	580676	3003	74992	0	0			0	0
22	1310	48209	964680	14674	226036	33151	1048264	0	0			0	0
22	1330	46470	1276843	13542	197644	11778	348811	0	0			0	0
22	1350	65870	1523466	19700	398497	38356	1546976	0	0			0	0
22	1370	30679	588389	22724	223649	3772	97061	0	0			0	0
22	1390	73761	3044706	34880	575404	8958	409797	0	0			0	0
22	1410	24317	452723	21116	448831	18619	720505	0	0			0	0
22	1430	11495	247261	4346	43691	1537	36673	0	0			0	0
22	1450	75405	2717716	47062	598409	8637	301207	0	0			0	0
22	1470	35092	969461	23677	227583	2089	46978	0	0			0	0
22	1490	19531	316177	6300	104527	14359	450352	0	0			0	0
22	1510	17063	413327	10862	235651	14978	661574	0	0			0	0
22	1530	45253	1378922	17821	249942	6551	207842	0	0			0	0
22	1550	10537	292945	1973	16212	1785	52807	0	0			0	0
22	1570	82860	1975854	33190	630941	43410	1507496	0	0			0	0
22	1590	42187	1434768	16966	397228	14516	594797	0	0			0	0
22	1610	22515	978865	17843	368431	1197	45420	0	0			0	0
22	1630	25866	933832	19777	265774	829	20904	0	0			0	0
22	1650	29604	782188	12009	205441	14734	469008	0	0			0	0
22	1670	36512	913493	21881	320306	8719	264474	0	0			0	0
22	1690	37049	936950	20621	424938	31546	1204095	0	0			0	0
22	1710	59580	1338846	13649	228223	45057	1746157	0	0			0	0
22	1730	34482	874728	18911	203258	1725	43219	0	0			0	0
22	1750	24880	658924	13839	142147	7557	202686	0	0			0	0
22	1770	51216	1480123	25319	508408	10735	414607	0	0			0	0
22	1790	29419	661728	6871	142227	34456	1273789	0	0			0	0
22	1810	89661	2228990	15600	302596	63982	2386734	0	0			0	0
22	1830	24176	469162	11741	234687	29154	1116968	0	0			0	0
22	0	3595810	99853733	1605117	26407631	1627247	59104893	0	0	14	5	0	0
		0	0	0	0	0	0	0	0	14	5	0	0
													
23	10	116	2632	733	17048	5454	166750	0	0	0	0	0	0
23	30	2	40	58	1440	1527	61962	0	0	0	0	0	0
23	50	20789	442750	29778	672546	30567	1133173	0	0	0	0	0	0
23	70	137	4920	2262	49996	8035	267352	0	0	0	0	0	0
23	90	1953	44839	970	15253	4420	136240	0	0	0	0	0	0
23	110	2313	67966	487	13078	10914	337797	0	0	0	0	0	0
23	130	1	10	132	2582	1952	64538	0	0	0	0	0	0
23	150	18214	498187	23118	547421	21690	824729	0	0	0	0	0	0
23	170	15295	442621	6391	211161	24750	972009	0	0	0	0	0	0
23	190	1404	28900	594	7498	1303	35719	0	0	0	0	0	0
23	210	18419	333020	17871	344822	16589	546501	0	0	0	0	0	0
23	230	29511	773497	21913	444086	29297	1091574	0	0	0	0	0	0
23	250	22039	563198	33410	664296	30908	1150246	0	0	0	0	0	0
23	270	27352	526792	22155	391237	17676	537516	0	0	0	0	0	0
23	290	1978	43309	612	13698	4837	162318	0	0	0	0	0	0
23	310	380	6940	944	18945	5185	167099	0	0	0	0	0	0
23	330	4	32	1916	47141	18324	732158	0	0	0	0	0	0
23	350	2025	51832	838	21311	7198	223177	0	0	0	0	0	0
23	370	22613	705663	30898	952381	36584	1798539	0	0	0	0	0	0
23	390	15	512	42	491	346	9455	0	0	0	0	0	0
23	410	7	75	108	1588	7955	246136	0	0	0	0	0	0
23	430	5	52	76	1770	1991	71206	0	0	0	0	0	0
23	450	19347	547827	29449	842595	31066	1485159	0	0	0	0	0	0
23	470	1168	25972	1203	23008	5227	179188	0	0	0	0	0	0
23	490	17172	492576	22523	597738	34591	1613017	0	0	0	0	0	0
23	510	2284	59127	462	10024	8999	269807	0	0	0	0	0	0
23	530	0	0	75	1894	641	27011	0	0	0	0	0	0
23	550	3050	53221	1722	28791	7354	202456	0	0	0	0	0	0
23	570	22424	674890	11188	373926	34190	1502203	0	0	0	0	0	0
23	590	30602	1003824	20044	450470	37470	1663301	0	0	0	0	0	0
23	610	2	55	950	18334	7581	280756	0	0	0	0	0	0
23	630	8971	337472	25840	729820	54642	2088171	0	0	0	0	0	0
23	650	12566	350431	15012	362474	29406	1315142	0	0	0	0	0	0
23	670	19109	708517	29700	877218	32304	1532581	0	0	0	0	0	0
23	690	429	11272	234	4487	5817	162899	0	0	0	0	0	0
23	710	0	0	93	2148	1600	63818	0	0	0	0	0	0
23	730	11485	315944	6463	189947	28645	1064175	0	0	0	0	0	0
23	750	24727	747449	17789	346272	26030	1011390	0	0	0	0	0	0
23	770	17301	345004	21789	434501	19847	749095	0	0	0	0	0	0
23	790	1355	32815	578	8359	1888	51012	0	0	0	0	0	0
23	810	16999	490260	21333	535077	34067	1326467	0	0	0	0	0	0
23	830	0	0	44	926	152	4870	0	0	0	0	0	0
23	850	1062	17375	493	8542	2146	49615	0	0	0	0	0	0
23	870	12543	464389	17446	347755	37246	1692368	0	0	0	0	0	0
23	890	3143	59470	2730	49472	7510	216467	0	0	0	0	0	0
23	910	45141	1610428	27355	674668	57925	3015619	0	0	0	0	0	0
23	930	14492	469246	16448	335741	24380	1030237	0	0	0	0	0	0
23	950	2	30	46	811	1255	35795	0	0	0	0	0	0
23	970	8	55	483	12819	3259	99284	0	0	0	0	0	0
23	990	13596	460122	19155	378662	27452	1303011	0	0	0	0	0	0
23	1010	2152	27137	1965	28270	3509	85737	0	0	0	0	0	0
23	1030	0	0	56	1061	2797	82545	0	0	0	0	0	0
23	1050	4272	83647	5047	111108	9353	230971	0	0	0	0	0	0
23	1070	6983	136615	1196	25003	17638	512931	0	0	0	0	0	0
23	1090	29	582	433	9373	10697	321977	0	0	0	0	0	0
23	1110	7076	234066	726	24441	13029	450584	0	0	0	0	0	0
23	1130	796	12625	2007	37526	9426	302410	0	0	0	0	0	0
23	1150	39894	1311424	28170	662135	39064	1955636	0	0	0	0	0	0
23	1170	19834	554997	10090	273243	32782	1160614	0	0	0	0	0	0
23	1190	113	3735	599	10608	2900	90436	0	0	0	0	0	0
23	1210	3631	67149	3016	65285	9079	294448	0	0	0	0	0	0
23	1230	7742	168851	3782	73377	13556	423108	0	0	0	0	0	0
23	1250	14610	487272	9641	174196	33174	1340159	0	0	0	0	0	0
23	1270	7986	229554	3250	58585	8322	230675	0	0	0	0	0	0
23	1290	1681	21244	1191	28570	8089	269344	0	0	0	0	0	0
23	1310	3	115	383	9059	3594	131720	0	0	0	0	0	0
23	1330	2391	50399	1466	26182	13685	393379	0	0	0	0	0	0
23	1350	31	675	205	3720	1354	37545	0	0	0	0	0	0
23	1370	80	1785	361	7562	3566	114409	0	0	0	0	0	0
23	1390	12619	293551	25745	646517	26934	1041055	0	0	0	0	0	0
23	1410	150	3353	2412	50102	8960	269396	0	0	0	0	0	0
23	1430	12	290	25	453	518	14897	0	0	0	0	0	0
23	1450	30526	988188	20860	702424	44851	1902695	0	0	0	0	0	0
23	1470	7828	237567	26979	509023	39001	1448928	0	0	0	0	0	0
23	1490	32667	653366	21049	344936	15418	436251	0	0	0	0	0	0
23	1510	5146	147244	27156	574534	65082	2314334	0	0	0	0	0	0
23	1530	0	0	43	725	2405	83960	0	0	0	0	0	0
23	1550	18116	551267	24313	679484	33622	1454069	0	0	0	0	0	0
23	1570	17433	668075	18833	619799	42673	1881129	0	0	0	0	0	0
23	1590	20131	293416	11166	195483	13995	416011	0	0	0	0	0	0
23	1610	23134	717918	25873	613051	39166	2015912	0	0	0	0	0	0
23	1630	10847	298073	7946	177531	20647	887417	0	0	0	0	0	0
23	1650	1179	27417	1028	13342	3985	104593	0	0	0	0	0	0
23	0	782642	22087155	792965	18842976	1443063	57470383	0	0	0	0	0	0
		0	0	0	0	0	0	0	0	0	0	0	0
													
24	10	37647	828834	12998	90126	2797	61302	0	0	0	0	0	0
24	30	32831	878835	17939	409072	29464	1239871	0	0	0	0	0	0
24	50	16939	392625	28220	493156	19387	889322	0	0	0	0	0	0
24	70	4872	138040	5221	87604	24402	931156	0	0	0	0	0	0
24	90	12165	378218	2720	28386	1113	30247	0	0	0	0	0	0
24	110	44133	1214091	28355	643360	32174	1477518	0	0	0	0	0	0
24	130	17704	647695	7514	104501	10312	333291	0	0	0	0	0	0
24	150	48131	1175910	12812	108338	3322	83932	0	0	0	0	0	0
24	170	49775	1558483	39585	647877	6116	229378	0	0	0	0	0	0
24	190	8678	266753	9939	124342	10443	379342	0	0	0	0	0	0
24	210	49468	1310474	30873	673158	19667	847988	0	0	0	0	0	0
24	230	45578	1210329	29195	584140	13002	516441	0	0	0	0	0	0
24	250	42929	1052972	5299	40135	5116	135663	0	0	0	0	0	0
24	270	52694	1676936	24832	310363	9154	428001	0	0	0	0	0	0
24	290	10201	308412	17667	269717	16418	597118	0	0	0	0	0	0
24	310	20439	522574	18037	192306	7518	270579	0	0	0	0	0	0
24	330	24928	545419	28923	625968	26750	1342322	0	0	0	0	0	0
24	350	2824	73469	3938	82889	8281	331377	0	0	0	0	0	0
24	370	81805	2071182	52840	1182070	33957	1391657	0	0	0	0	0	0
24	390	22432	661888	23963	570684	33844	1222141	0	0	0	0	0	0
24	410	32412	846486	21801	409849	13904	581425	0	0	0	0	0	0
24	430	13519	354668	17465	407573	13704	559513	0	0	0	0	0	0
24	450	48561	1190753	44208	472297	4254	146969	0	0	0	0	0	0
24	470	58896	1764121	18782	197248	15035	749163	0	0	0	0	0	0
24	490	47179	1266896	32737	457195	12333	466761	0	0	0	0	0	0
24	510	37541	1402672	22612	583045	30198	1391477	0	0	0	0	0	0
24	530	17134	430359	4471	42590	606	13027	0	0	0	0	0	0
24	550	3637	104359	3917	80317	14929	678420	0	0	0	0	0	0
24	570	58745	1744936	35762	644323	11649	513319	0	0	0	0	0	0
24	590	12773	358325	5237	42412	5165	151698	0	0	0	0	0	0
24	610	20839	744809	8853	132044	2689	88788	0	0	0	0	0	0
24	630	52891	1573784	39492	898488	35569	1537903	0	0	0	0	0	0
24	650	40896	1028254	15815	341942	35997	1601265	0	0	0	0	0	0
24	670	7493	239731	5263	63049	6686	252215	0	0	0	0	0	0
24	690	57275	1914780	30467	765391	44856	1896530	0	0	0	0	0	0
24	710	63131	1513716	26955	204501	7197	255551	0	0	0	0	0	0
24	730	12321	323672	6648	61180	1391	32941	0	0	0	0	0	0
24	750	21104	546688	27702	490281	16222	681140	0	0	0	0	0	0
24	770	16364	339962	31984	688376	29275	1316249	0	0	0	0	0	0
24	790	12600	294540	5236	46500	1237	31166	0	0	0	0	0	0
24	810	5969	191010	5856	71957	7430	268945	0	0	0	0	0	0
24	830	31538	655091	30734	464024	8128	320387	0	0	0	0	0	0
24	850	4209	119418	1994	43321	5613	232586	0	0	0	0	0	0
24	870	13395	287593	945	9737	467	10759	0	0	0	0	0	0
24	890	40280	915538	28580	317972	10823	380571	0	0	0	0	0	0
24	910	37836	943132	12434	271202	30432	1237533	0	0	0	0	0	0
24	930	4097	94312	19156	401259	23355	967966	0	0	0	0	0	0
24	950	21603	791648	13094	346263	16019	753069	0	0	0	0	0	0
24	970	66361	1922024	31045	505176	26098	1146247	0	0	0	0	0	0
24	990	3082	97003	10877	168022	8933	302934	0	0	0	0	0	0
24	1010	31813	713447	16623	366742	27150	1129843	0	0	0	0	0	0
24	1030	8549	189992	20938	387925	21527	846297	0	0	0	0	0	0
24	1050	13806	380710	6054	63013	1435	30817	0	0	0	0	0	0
24	1070	37816	698863	28545	618395	48716	1956945	0	0	0	0	0	0
24	1090	55879	1458129	37667	841212	21303	943560	0	0	0	0	0	0
24	1110	13547	441316	5928	54434	5693	155684	0	0	0	0	0	0
24	1130	47165	1337629	36141	758438	9863	386933	0	0	0	0	0	0
24	1150	11336	356819	4993	47965	1994	53021	0	0	0	0	0	0
24	1170	24955	505488	18604	331725	14141	662138	0	0	0	0	0	0
24	1190	22327	695178	12460	119331	4623	130866	0	0	0	0	0	0
24	1210	12014	401340	3850	40377	2081	56154	0	0	0	0	0	0
24	1230	20142	629729	15817	359758	18841	802218	0	0	0	0	0	0
24	1250	45622	1091588	10866	214494	56626	1628347	0	0	0	0	0	0
24	1270	15890	406163	12355	121586	2046	63900	0	0	0	0	0	0
24	1290	70638	2185483	57850	731845	4882	212017	0	0	0	0	0	0
24	1310	28252	731603	9232	80220	2436	61301	0	0	0	0	0	0
24	1330	6620	178224	14039	262315	18859	794031	0	0	0	0	0	0
24	1350	60388	2045148	41349	870476	9275	398913	0	0	0	0	0	0
24	1370	51497	1511387	39625	855361	35621	1388081	0	0	0	0	0	0
24	1390	24099	600201	31333	603214	23603	1108314	0	0	0	0	0	0
24	1410	63611	1907489	38418	432104	3662	124835	0	0	0	0	0	0
24	1430	39466	1103727	35148	812964	32182	1306467	0	0	0	0	0	0
24	1450	23646	738624	6522	71503	1824	44158	0	0	0	0	0	0
24	1470	42219	1130902	51324	1170177	33292	1530068	0	0	0	0	0	0
24	1490	45793	1074146	26635	591519	41138	1808561	0	0	0	0	0	0
24	1510	20814	582793	33095	600100	29073	1213248	0	0	0	0	0	0
24	1530	6436	153053	12661	240118	14570	503254	0	0	0	0	0	0
24	1550	4311	115933	7867	124014	14197	542401	0	0	0	0	0	0
24	1570	15092	400055	18412	247793	15093	554404	0	0	0	0	0	0
24	1590	39975	1070253	18090	368027	24871	1073030	0	0	0	0	0	0
24	1610	47042	1127236	8029	185616	57533	2203574	0	0	0	0	0	0
24	1630	10404	224180	2579	21799	1161	29767	0	0	0	0	0	0
24	1650	47433	1461142	27495	456720	6086	202752	0	0	0	0	0	0
24	1670	20185	623667	10646	136318	3079	105348	0	0	0	0	0	0
24	1690	33160	947267	50881	1094269	27901	1302627	0	0	0	0	0	0
24	1710	25921	653883	23092	566723	32090	1494148	0	0	0	0	0	0
24	1730	83522	2569751	33548	846672	70658	2931894	0	0	0	0	0	0
24	1750	31316	793047	28819	642433	20890	925101	0	0	0	0	0	0
24	0	2692555	74149004	1818522	33233421	1513446	62010180	0	0	0	0	0	0
		0	0	0	0	0	0	0	0	0	0	0	0
													
25	10	10623	175983	273	5073	9477	247253	0	0	0	0	0	0
25	30	55	1088	411	8638	5097	183589	0	0	0	0	0	0
25	50	1431	33751	257	7595	44553	1785901	0	0	0	0	0	0
25	70	80	1647	1646	37331	6657	229242	0	0	0	0	0	0
25	90	398	12369	1415	30866	41341	1331754	0	0	0	0	0	0
25	110	18457	467002	3423	83366	55679	1560862	0	0	0	0	0	0
25	130	3709	62261	1159	28284	9962	342396	0	0	0	0	0	0
25	150	688	21301	5898	165729	25718	902167	0	0	0	0	0	0
25	170	6014	137736	670	18145	50464	1605097	0	0	0	0	0	0
25	190	370	6257	565	16424	42752	1441964	0	0	0	0	0	0
25	210	24227	620676	1839	41094	58220	2259689	0	0	0	0	0	0
25	230	14675	310099	2582	47924	23773	646911	0	0	0	0	0	0
25	250	37848	956337	3141	72221	102357	3723289	0	0	0	0	0	0
25	270	13820	478795	4237	114831	97654	4395632	0	0	0	0	0	0
25	290	102	2140	3024	67535	25334	791265	0	0	0	0	0	0
25	310	49	1090	641	12970	5833	207148	0	0	0	0	0	0
25	330	19076	488753	2348	52831	62627	2072680	0	0	0	0	0	0
25	350	7261	149888	1989	43869	46123	1409610	0	0	0	0	0	0
25	370	1	10	55	1188	1866	73569	0	0	0	0	0	0
25	390	5150	180561	2237	56691	71568	2951362	0	0	0	0	0	0
25	410	0	0	37	1016	2727	101026	0	0	0	0	0	0
25	430	56794	1332973	1923	46570	81539	3281002	0	0	0	0	0	0
25	450	23415	602576	718	16449	44888	1725565	0	0	0	0	0	0
25	470	12855	435872	1883	41243	28691	1094861	0	0	0	0	0	0
25	490	14747	304604	1003	20852	38288	1419821	0	0	0	0	0	0
25	510	0	0	32	696	1114	46549	0	0	0	0	0	0
25	530	8523	192241	2624	67387	48074	1520328	0	0	0	0	0	0
25	550	16106	643131	3241	95669	53560	2479884	0	0	0	0	0	0
25	570	8539	164279	1090	27838	29324	1004572	0	0	0	0	0	0
25	590	1886	73507	1191	29228	19497	684379	0	0	0	0	0	0
25	610	44	876	3429	65460	27242	840869	0	0	0	0	0	0
25	630	13608	316213	1454	37330	28552	1069247	0	0	0	0	0	0
25	650	32536	812961	522	11172	47480	1793471	0	0	0	0	0	0
25	670	0	0	119	3042	12071	449092	0	0	0	0	0	0
25	690	2	80	70	1890	10165	304071	0	0	0	0	0	0
25	710	261	6656	3637	88887	54284	1783659	0	0	0	0	0	0
25	730	251	4274	1415	35756	63374	1974859	0	0	0	0	0	0
25	750	314	5345	647	11490	17306	491242	0	0	0	0	0	0
25	770	16752	337424	498	10329	9981	300249	0	0	0	0	0	0
25	790	1001	27504	600	12429	12918	486144	0	0	0	0	0	0
25	810	13808	294343	1840	44102	55422	1924570	0	0	0	0	0	0
25	830	641	9845	1499	28226	25238	674384	0	0	0	0	0	0
25	850	18	620	12	290	4619	197109	0	0	0	0	0	0
25	870	3470	102668	1354	33569	49451	1642523	0	0	0	0	0	0
25	890	1896	46542	890	19878	24329	894399	0	0	0	0	0	0
25	910	9306	261493	2490	58377	17496	638578	0	0	0	0	0	0
25	930	12389	319914	6096	139010	47791	1671879	0	0	0	0	0	0
25	950	3810	85736	1464	40575	47051	2007764	0	0	0	0	0	0
25	970	4297	99707	469	8069	35461	888775	0	0	0	0	0	0
25	990	13	415	27	599	4402	157808	0	0	0	0	0	0
25	1010	4426	117518	731	17061	25728	921963	0	0	0	0	0	0
25	1030	12251	290398	1707	40543	23523	800050	0	0	0	0	0	0
25	1050	30315	735762	2083	43758	53504	1802509	0	0	0	0	0	0
25	1070	191	4125	79	2412	7093	258710	0	0	0	0	0	0
25	1090	3836	98292	3160	70932	75110	2564149	0	0	0	0	0	0
25	1110	25573	613661	3848	93613	58974	2249287	0	0	0	0	0	0
25	1130	31	705	42	1036	3881	129418	0	0	0	0	0	0
25	1150	1153	25912	2028	49180	39316	1179676	0	0	0	0	0	0
25	1170	1525	56182	1407	35747	53944	2126129	0	0	0	0	0	0
25	1190	23	516	62	1209	9738	349719	0	0	0	0	0	0
25	1210	19378	464600	7767	197242	68881	2218951	0	0	0	0	0	0
25	1230	13173	307392	3607	90182	44310	1460395	0	0	0	0	0	0
25	1250	0	0	13	308	1690	56198	0	0	0	0	0	0
25	1270	10081	309479	698	16978	44051	1640738	0	0	0	0	0	0
25	1290	1369	26352	218	4283	8020	254473	0	0	0	0	0	0
25	1310	2992	100662	2334	56363	45100	1853148	0	0	0	0	0	0
25	1330	5019	177185	1281	29880	47991	2016921	0	0	0	0	0	0
25	1350	2626	71025	853	21857	40886	1279364	0	0	0	0	0	0
25	1370	15077	294428	347	6191	19480	518592	0	0	0	0	0	0
25	1390	6341	202024	2765	60297	37106	1274289	0	0	0	0	0	0
25	1410	2494	38093	324	5681	22709	713608	0	0	0	0	0	0
25	0	579190	14523854	115438	2754786	2460425	87378346	0	0	0	0	0	0
		0	0	0	0	0	0	0	0	0	0	0	0
													
31	10	90838	2323866	4290	85715	43118	1432362	0	0	0	0	0	0
31	30	68512	1813487	4404	82978	28504	868572	0	0	0	0	0	0
31	50	31874	710418	1866	44189	41439	1437193	0	0	0	0	0	0
31	70	48283	1140980	1923	24862	18256	486675	0	0	0	0	0	0
31	90	85814	2406262	1441	34079	45545	1466369	0	0	0	0	0	0
31	110	117054	3048104	2106	56617	87421	3382818	0	0	0	0	0	0
31	130	70176	1806968	742	17457	64190	2443706	0	0	0	0	0	0
31	150	123303	3154380	1803	48577	79256	3408204	0	0	0	0	0	0
31	170	46293	1135350	355	11231	55972	2197263	0	0	0	0	0	0
31	190	61435	1354919	766	24846	64692	2324139	0	0	0	0	0	0
31	210	117220	3841599	211	5525	93725	4210046	0	0	0	0	0	0
31	230	84843	2003330	540	15588	78640	2821477	0	0	0	0	0	0
31	250	132783	3841917	232	5727	110753	4994376	0	0	0	0	0	0
31	270	116732	3387157	1827	39592	74548	2756744	0	0	0	0	0	0
31	290	99792	2741035	12779	273139	46460	1425544	0	0	0	0	0	0
31	310	80082	2318895	3558	95446	49126	2255192	0	0	0	0	0	0
31	330	84547	2344770	334	8562	79587	3520112	0	0	0	0	0	0
31	350	109987	3409641	206	4045	79069	3079443	0	0	0	0	0	0
31	370	46745	893990	558	15849	62464	2359491	0	0	0	0	0	0
31	390	49687	1226112	3290	53998	22811	705185	0	0	0	0	0	0
31	410	101368	2833197	152	3868	85248	3727475	0	0	0	0	0	0
31	430	56286	1545399	1800	52105	71552	3045792	0	0	0	0	0	0
31	450	96822	2887111	5567	118004	53836	2241754	0	0	0	0	0	0
31	470	130195	3474575	5238	111432	74705	2103873	0	0	0	0	0	0
31	490	111379	2886196	12487	329371	60758	2520047	0	0	0	0	0	0
31	510	48108	1195702	1723	29735	20612	557661	0	0	0	0	0	0
31	530	66466	1430237	4041	62341	23906	625617	0	0	0	0	0	0
31	550	61054	1361979	567	17145	59194	2326267	0	0	0	0	0	0
31	570	57819	2116434	14491	337142	27052	1074546	0	0	0	0	0	0
31	590	66079	1788665	256	9045	55565	2534439	0	0	0	0	0	0
31	610	53158	1411631	750	18756	51493	2006148	0	0	0	0	0	0
31	630	69589	1762819	188	5142	63015	2852285	0	0	0	0	0	0
31	650	52265	1141213	773	20489	78319	3176149	0	0	0	0	0	0
31	670	68016	1484713	823	28555	72370	2934558	0	0	0	0	0	0
31	690	89543	2590792	250	7929	82072	3491931	0	0	0	0	0	0
31	710	128968	3489802	10618	250502	14762	430919	0	0	0	0	0	0
31	730	134631	4059976	278	6853	80876	3553786	0	0	0	0	0	0
31	750	85664	2303693	776	22310	75155	2823368	0	0	0	0	0	0
31	770	97399	2713145	3050	76264	49765	1822666	0	0	0	0	0	0
31	790	117236	3878814	1478	51632	98156	4483698	0	0	0	0	0	0
31	810	98461	2752236	534	13523	92178	4390918	0	0	0	0	0	0
31	830	102871	3137481	337	7499	80718	3136380	0	0	0	0	0	0
31	850	153528	4355269	16413	297142	35358	905036	0	0	0	0	0	0
31	870	61161	2053515	4710	105593	30911	1165621	0	0	0	0	0	0
31	890	23065	371173	715	17813	59189	2268187	0	0	0	0	0	0
31	910	85938	2444093	438	8631	75315	3452606	0	0	0	0	0	0
31	930	84230	2699129	549	15920	57738	2032417	0	0	0	0	0	0
31	950	83059	2468840	3044	66999	40887	1465219	0	0	0	0	0	0
31	970	54389	1496349	1885	34648	35919	1296077	0	0	0	0	0	0
31	990	123828	3744607	9289	224664	63746	2366116	0	0	0	0	0	0
31	1010	56717	1533580	5217	103860	29125	978184	0	0	0	0	0	0
31	1030	88195	2650649	3523	79031	46712	1961808	0	0	0	0	0	0
31	1050	57319	1385633	619	15205	41091	1722740	0	0	0	0	0	0
31	1070	85971	2457721	4538	85907	39258	1195194	0	0	0	0	0	0
31	1090	175383	5007231	370	8715	165443	7807598	0	0	0	0	0	0
31	1110	56204	1743076	13199	238659	23440	768114	0	0	0	0	0	0
31	1130	83441	1813767	1481	40590	66856	2696899	0	0	0	0	0	0
31	1150	60965	1953665	13370	314217	24219	861634	0	0	0	0	0	0
31	1170	46329	1338024	1925	37264	21620	814830	0	0	0	0	0	0
31	1190	115941	3127630	593	15972	103628	4089433	0	0	0	0	0	0
31	1210	76539	2271768	13087	315760	32836	1293746	0	0	0	0	0	0
31	1230	90215	2891314	9172	214723	40927	1554864	0	0	0	0	0	0
31	1250	77300	2429093	16657	335234	31025	1138913	0	0	0	0	0	0
31	1270	103189	3479870	2681	66385	62506	2474744	0	0	0	0	0	0
31	1290	101463	3002253	10843	240076	21667	679701	0	0	0	0	0	0
31	1310	27908	542045	614	16058	74168	3297359	0	0	0	0	0	0
31	1330	144822	4524700	15610	351977	30820	877916	0	0	0	0	0	0
31	1350	40626	1122015	5553	93383	14354	473170	0	0	0	0	0	0
31	1370	84936	2630871	14352	345534	26028	901489	0	0	0	0	0	0
31	1390	64095	1949382	8718	196202	27105	1193068	0	0	0	0	0	0
31	1410	105270	3216246	137	2609	86200	3802441	0	0	0	0	0	0
31	1430	74789	1977703	50	884	73520	3351532	0	0	0	0	0	0
31	1450	108180	3411542	19272	500432	25767	889867	0	0	0	0	0	0
31	1470	106408	3065596	306	7916	89909	4098295	0	0	0	0	0	0
31	1490	173234	4991571	7361	144072	107432	3398077	0	0	0	0	0	0
31	1510	124699	3611401	125	2292	106176	4718598	0	0	0	0	0	0
31	1530	99359	2999507	22935	576765	44661	1840913	0	0	0	0	0	0
31	1550	201497	6104356	14249	295640	60543	2051411	0	0	0	0	0	0
31	1570	96021	2712723	1392	36106	48030	1572779	0	0	0	0	0	0
31	1590	69973	1322673	3768	54300	29997	738741	0	0	0	0	0	0
31	1610	112267	3504680	187	3950	76891	3079388	0	0	0	0	0	0
31	1630	63143	2155215	16932	413152	34024	1464797	0	0	0	0	0	0
31	1650	122451	3717306	2952	52665	62680	1851255	0	0	0	0	0	0
31	1670	150880	4990035	1426	39132	118652	4870804	0	0	0	0	0	0
31	1690	131343	3891705	2014	61574	79254	3503194	0	0	0	0	0	0
31	1710	105094	3062367	2986	73940	72816	2628487	0	0	0	0	0	0
31	1730	83094	2019888	10742	187365	31314	924420	0	0	0	0	0	0
31	1750	53526	1185141	2759	46916	24122	735026	0	0	0	0	0	0
31	1770	50978	1478966	3214	53750	23032	700130	0	0	0	0	0	0
31	1790	49284	1353807	12609	258815	19700	642584	0	0	0	0	0	0
31	1810	77647	2444286	21310	484955	29299	1127862	0	0	0	0	0	0
31	1830	83027	2702614	3335	78250	37959	1331895	0	0	0	0	0	0
31	1850	67186	1668546	556	10809	28422	838645	0	0	0	0	0	0
31	1870	149956	4380617	592	14592	126680	5229267	0	0	0	0	0	0
31	1890	59933	1582797	331	9953	46682	2082837	0	0	0	0	0	0
31	1910	46314	1020182	2190	58984	77522	2843188	0	0	0	0	0	0
31	1930	174009	4796832	2460	54979	64440	1838120	0	0	0	0	0	0
31	1950	43246	997759	730	19164	63338	2932172	0	0	0	0	0	0
31	1970	112200	3542028	635	15157	94414	4323500	0	0	0	0	0	0
31	0	8761141	248544341	446128	9972944	5702250	224578096	0	0	0	0	0	0
		0	0	0	0	0	0	0	0	0	0	0	0
													
32	10	63145	1900178	3506	48673	12114	266370	0	0	0	0	0	0
32	30	54986	1624384	6670	70062	13871	344879	0	0	0	0	0	0
32	50	66801	1891308	36263	733845	15045	448843	0	0	0	0	0	0
32	70	41831	745993	115317	1747139	6194	140451	0	0	0	0	0	0
32	90	31881	616865	299662	5677144	10010	239945	0	0	0	0	0	0
32	110	65158	1649586	3424	47928	11982	237081	0	0	0	0	0	0
32	130	114952	3071267	60633	1338405	22606	792005	0	0	0	0	0	0
32	150	81609	2067129	56646	888486	40365	845905	0	0	0	0	0	0
32	170	31562	1087294	10351	210391	4648	127831	0	0	0	0	0	0
32	190	24747	654346	9445	136170	5237	124215	0	0	47	11	0	0
32	210	47143	962813	59798	543506	24404	420499	0	0	0	0	0	0
32	230	80126	998566	139575	1778954	5534	65541	0	0	0	0	0	0
32	250	5891	67486	135475	2466909	2265	42083	0	0	0	0	0	0
32	270	70123	1245140	105171	1805103	21581	477962	0	0	0	0	0	0
32	290	69371	1240433	133035	2281765	22116	427349	0	0	0	0	0	0
32	310	83390	3023467	15479	240735	19843	600130	0	0	0	0	0	0
32	330	12432	157517	120116	1872367	1238	25186	0	0	0	0	0	0
32	350	69124	1547334	73049	1177823	24061	486925	0	0	0	0	0	0
32	370	66285	1578124	38580	297122	33350	639865	0	0	0	0	0	0
32	390	83901	1686613	114537	1249427	1006	17240	0	0	0	0	0	0
32	410	64829	1316799	158572	2956944	29187	829076	0	0	0	0	0	0
32	430	60970	1784426	20718	429313	9183	272771	0	0	0	0	0	0
32	450	58751	1974903	24517	422378	13211	371363	0	0	0	0	0	0
32	470	33355	531230	183683	2910460	2482	48590	0	0	0	0	0	0
32	490	33498	941747	7029	106440	7262	175033	0	0	0	0	0	0
32	510	9300	103878	229026	4474234	1539	33316	0	0	0	0	0	0
32	530	23273	533699	137097	2680288	6732	153422	0	0	0	0	0	0
32	550	14134	172209	51020	843145	2031	35959	0	0	0	0	0	0
32	570	14337	181652	291646	4979060	8077	146867	0	0	0	0	0	0
32	590	67401	2140522	4698	57161	18983	506970	0	0	0	0	0	0
32	610	30329	700371	26832	454548	5285	123199	0	0	0	0	0	0
32	630	23976	340923	113903	1753426	2454	35007	0	0	0	0	0	0
32	650	77103	955815	120736	1511998	981	15072	0	0	0	0	0	0
32	670	12973	193955	26111	390530	269	5190	0	0	0	0	0	0
32	690	19731	243320	159500	2494404	2292	32501	0	0	0	0	0	0
32	710	8186	134520	17353	256957	227	2635	0	0	0	0	0	0
32	730	62618	2123736	7697	88974	8259	202297	0	0	0	0	0	0
32	750	4269	47495	3519	38398	35	428	0	0	0	0	0	0
32	770	47758	806925	179502	2674521	22399	482567	0	0	0	0	0	0
32	790	39798	575325	114437	1814163	28943	737659	0	0	0	0	0	0
32	810	5500	63835	70635	1073598	618	7945	0	0	0	0	0	0
32	830	7914	89505	128513	1979119	2665	53784	0	0	0	0	0	0
32	850	123839	3224844	17758	267246	20680	536429	0	0	0	0	0	0
32	870	83516	2553855	21605	458996	20093	520697	0	0	0	0	0	0
32	890	169410	3470696	69039	1132758	26131	546877	0	0	0	0	0	0
32	910	60800	2053181	24247	331071	22846	644658	0	0	0	0	0	0
32	930	6569	82867	10638	162806	318	8101	0	0	0	0	0	0
32	950	43318	612110	186397	2514544	17360	312949	0	0	0	0	0	0
32	970	35039	515602	168237	2933728	1760	34709	0	0	0	0	0	0
32	990	47118	1066903	54664	568536	43458	897498	0	0	70	10	0	0
32	1010	9151	121645	96920	1189280	1103	15249	0	0	0	0	0	0
32	1030	52798	1641460	30958	555542	13456	385320	0	0	0	0	0	0
32	1050	23988	316799	127071	2351029	7128	159318	0	0	0	0	0	0
32	1070	73513	1718971	1875	18974	9747	171323	0	0	0	0	0	0
32	1090	28541	365883	41477	476133	645	6807	0	0	0	0	0	0
32	1110	80566	2612957	22867	346643	15068	400232	0	0	0	0	0	0
32	1130	47990	920343	215762	3802886	31528	782935	0	0	0	0	0	0
32	1150	69018	1434182	132646	2090254	50583	1257783	0	0	0	0	0	0
32	1170	151442	3006367	76228	1347893	26246	631592	0	0	0	0	0	0
32	1190	6292	64480	158091	2669437	2386	38082	0	0	0	0	0	0
32	1210	79120	2261840	9281	109210	22477	565242	0	0	0	0	0	0
32	1230	42992	634962	153257	2425540	13983	298009	0	0	0	0	0	0
32	1250	39922	961976	35350	384071	24089	464478	0	0	627	114	0	0
32	1270	67950	1894706	31633	413977	12377	310585	0	0	0	0	0	0
32	1290	4390	52515	19999	202348	187	1647	0	0	0	0	0	0
32	1310	149514	3590487	17208	336346	20603	577503	0	0	0	0	0	0
32	1330	54474	1504018	28944	334818	21634	455049	0	0	38	7	0	0
32	1350	16506	231932	194308	3223973	7361	144568	0	0	0	0	0	0
32	1370	136109	2140605	71366	780495	654	10526	0	0	0	0	0	0
32	1390	96096	3185772	3578	43804	16029	408693	0	0	0	0	0	0
32	1410	29010	346913	155839	2132992	3858	75392	0	0	0	0	0	0
32	1430	24976	376904	129752	2159381	12050	235716	0	0	0	0	0	0
32	1450	19893	273020	266519	4316428	4196	96004	0	0	0	0	0	0
32	1470	127388	1612351	74739	914754	5558	91813	0	0	0	0	0	0
32	1490	96159	2591395	17630	323133	8767	197861	0	0	0	0	0	0
32	1510	41418	628554	207029	3160291	4338	83748	0	0	0	0	0	0
32	1530	58269	892673	173661	2260226	1979	33001	0	0	0	0	0	0
32	1550	97218	1459972	301289	4574112	23211	562345	0	0	0	0	0	0
32	1570	142366	2959763	67931	1371018	28003	689709	0	0	0	0	0	0
32	1590	57968	1098049	184024	3194365	11178	260165	0	0	0	0	0	0
32	1610	62170	1422525	26301	379978	12274	271308	0	0	0	0	0	0
32	1630	35105	335983	187276	2407376	3701	55684	0	0	0	0	0	0
32	1650	5107	78819	228436	3821329	4000	91201	0	0	0	0	0	0
32	1670	10136	126921	196784	3708223	6480	152495	0	0	0	0	0	0
32	1690	30480	586153	150947	2945446	8594	202712	0	0	0	0	0	0
32	1710	12516	142261	49556	431471	1727	17622	0	0	0	0	0	0
32	1730	79147	1402855	209035	3486359	49699	1206220	0	0	0	0	0	0
32	1750	12204	123221	81477	1251378	152	1995	0	0	0	0	0	0
32	1770	71560	2390901	20085	383393	10869	272441	0	0	0	0	0	0
32	1790	51701	811151	148307	1831952	2220	31163	0	0	0	0	0	0
32	1810	17589	105527	72809	678667	1566	16740	0	0	0	0	0	0
32	1830	162831	2496808	81636	980603	8325	126567	0	0	0	0	0	0
32	1850	58100	998982	221993	3255953	3110	74697	0	0	0	0	0	0
32	1870	2890	26262	14866	138109	0	0	0	0	0	0	0	0
32	1890	10702	100442	48369	555920	80	945	0	0	0	0	0	0
32	1910	95147	1465642	220933	2755033	51234	845663	0	0	37	11	0	0
32	1930	41418	376784	209525	2009742	2292	25537	0	0	0	0	0	0
32	1950	20339	268344	172832	3064294	4010	66339	0	0	0	0	0	0
32	1970	57862	1768939	17167	297493	6782	179338	0	0	0	0	0	0
32	1990	15718	134373	16127	148273	262	2002	0	0	0	0	0	0
32	2010	134560	2774263	80430	1461929	28675	771404	0	0	0	0	0	0
32	2030	15001	193130	21680	272728	417	5256	0	0	0	0	0	0
32	2050	42799	1254110	17033	230941	12413	265354	0	0	13	3	0	0
32	2070	31698	911772	4961	62857	7029	150237	0	0	0	0	0	0
32	2090	9028	273318	5064	112898	1360	38666	0	0	0	0	0	0
32	0	5464915	118823671	9716922	151553396	1250923	28826155	0	0	832	156	0	0
		0	0	0	0	0	0	0	0	0	0	0	0
													
33	10	312	7064	239	5110	8234	295458	0	0	0	0	0	0
33	30	14443	354889	1090	20539	12308	445153	0	0	0	0	0	0
33	50	2939	70078	19645	431445	51723	1910085	0	0	0	0	0	0
33	70	814	34000	567	9282	9821	289076	0	0	0	0	0	0
33	90	5039	98791	4576	93666	25890	1180877	0	0	0	0	0	0
33	110	36247	1173739	51232	1167361	42338	1944317	0	0	0	0	0	0
33	130	95389	3183281	31838	941028	70475	3379169	0	0	0	0	0	0
33	150	71108	2185568	25378	642626	63374	2833368	0	0	0	0	0	0
33	170	5	205	340	6795	7246	305256	0	0	0	0	0	0
33	190	26180	1130622	16437	448029	24040	1240096	0	0	0	0	0	0
33	210	1852	30905	519	9625	12055	373659	0	0	0	0	0	0
33	230	67917	2146100	25453	631580	86863	4077077	0	0	0	0	0	0
33	250	6014	137488	4366	126545	24471	1183992	0	0	0	0	0	0
33	270	5302	131833	65134	1360246	96200	3411765	0	0	0	0	0	0
33	290	50	1331	3348	74252	13219	436076	0	0	0	0	0	0
33	310	0	0	3	40	64	2069	0	0	0	0	0	0
33	330	87037	1904609	4827	111628	95469	4238790	0	0	0	0	0	0
33	350	2584	51420	694	14166	13495	470113	0	0	0	0	0	0
33	370	22921	505296	17127	389883	49922	1561364	0	0	0	0	0	0
33	390	9400	173378	2545	61842	45470	1933106	0	0	0	0	0	0
33	410	9540	288595	32527	755561	40808	1732636	0	0	0	0	0	0
33	430	91391	2171054	10512	292611	99421	4884685	0	0	0	0	0	0
33	450	29295	623124	3998	94108	92913	3543531	0	0	0	0	0	0
33	470	57762	1580930	6396	180363	80239	3747247	0	0	0	0	0	0
33	490	23300	626760	16913	367971	57877	2303344	0	0	0	0	0	0
33	510	19889	547990	21470	440458	48695	2130259	0	0	0	0	0	0
33	530	21242	637496	6925	204079	20412	830621	0	0	0	0	0	0
33	550	15555	351638	3930	96325	40478	1319001	0	0	0	0	0	0
33	570	807	12821	2657	37863	18214	449705	0	0	0	0	0	0
33	590	8163	159146	4027	105986	25664	1147842	0	0	0	0	0	0
33	610	37	592	248	5700	4130	156864	0	0	0	0	0	0
33	630	98161	2110090	1475	40960	101949	3895518	0	0	0	0	0	0
33	650	505	13287	355	11487	12274	600864	0	0	0	0	0	0
33	670	48507	1326323	26719	630028	77179	3388262	0	0	0	0	0	0
33	690	12	400	49533	812817	50056	1531171	0	0	0	0	0	0
33	710	7	140	281	6548	3588	140042	0	0	0	0	0	0
33	730	84455	2217092	55691	1198811	90010	4259402	0	0	0	0	0	0
33	750	0	0	46	1094	538	21462	0	0	0	0	0	0
33	770	26	260	435	8078	3044	96253	0	0	0	0	0	0
33	790	48654	1772920	41722	1056841	19508	894987	0	0	0	0	0	0
33	810	49795	946378	2494	47880	76760	3720461	0	0	0	0	0	0
33	830	100293	2836880	12092	283748	107289	5170755	0	0	0	0	0	0
33	850	31603	995319	22624	582771	42806	2280133	0	0	0	0	0	0
33	870	109	2447	7271	129284	19845	527543	0	0	0	0	0	0
33	890	46	1366	85978	1656366	83636	2526527	0	0	0	0	0	0
33	910	111693	2974806	1469	53740	115128	5508013	0	0	0	0	0	0
33	930	30805	881715	29235	676168	50551	2090867	0	0	0	0	0	0
33	950	1325	24800	577	18141	12512	720855	0	0	0	0	0	0
33	970	12398	249125	15384	343376	44259	1758946	0	0	0	0	0	0
33	990	22935	417936	1657	45725	102330	4302031	0	0	0	0	0	0
33	1010	89981	1783134	622	17605	109508	4901250	0	0	0	0	0	0
33	1030	41407	1366665	27126	613303	31155	1325874	0	0	0	0	0	0
33	1050	108349	2354016	899	33616	121180	4822410	0	0	0	0	0	0
33	1070	3011	59117	54271	1033135	81630	2467990	0	0	0	0	0	0
33	1090	13810	312115	6388	167849	62040	2413066	0	0	0	0	0	0
33	1110	28919	769290	83339	1717126	135753	5298520	0	0	0	0	0	0
33	1130	202	1561	7858	145587	31788	966454	0	0	0	0	0	0
33	1150	1708	38961	1469	35949	20604	918251	0	0	0	0	0	0
33	1170	52389	1127705	596	21386	74228	3180873	0	0	0	0	0	0
33	1190	3127	41525	146143	2955896	126686	4172752	0	0	0	0	0	0
33	1210	17481	472922	29217	631934	64750	2547914	0	0	0	0	0	0
33	1230	1990	53451	746	19386	3977	144358	0	0	0	0	0	0
33	1250	185	4447	9050	191675	33705	999129	0	0	0	0	0	0
33	1270	118294	3346055	27325	618042	123688	6005480	0	0	0	0	0	0
33	1290	96695	2901512	45736	1047596	119014	5521812	0	0	0	0	0	0
33	1310	30750	951849	22645	533268	35504	1392371	0	0	0	0	0	0
33	1330	76401	1705719	155	2418	80183	3198997	0	0	0	0	0	0
33	1350	96	2390	14806	238956	30081	882817	0	0	0	0	0	0
33	1370	7	225	1283	31506	11336	471993	0	0	0	0	0	0
33	1390	22086	687180	21190	490925	18022	717544	0	0	0	0	0	0
33	1410	15410	286828	2481	48536	23770	706640	0	0	0	0	0	0
33	1430	48688	1476879	33214	766831	46727	2143541	0	0	0	0	0	0
33	1450	40670	911487	48816	1153927	105523	4395943	0	0	0	0	0	0
33	1470	25762	583568	11068	323660	42760	2088386	0	0	0	0	0	0
33	1490	39764	1173220	33233	747292	65554	2915097	0	0	0	0	0	0
33	1510	56541	1533244	29429	592515	97988	4291952	0	0	0	0	0	0
33	1530	16749	408254	12444	272563	52802	2258881	0	0	0	0	0	0
33	1550	40600	1212598	52263	1197573	55839	2373300	0	0	0	0	0	0
33	1570	18605	475778	8354	189734	39889	1514760	0	0	0	0	0	0
33	1590	2458	49036	1975	34348	20448	596917	0	0	0	0	0	0
33	1610	35549	1021949	20965	560773	37296	1657929	0	0	0	0	0	0
33	1630	7698	207430	7631	173469	32155	1143261	0	0	0	0	0	0
33	1650	57104	1523186	2859	91068	57675	2400218	0	0	0	0	0	0
33	1670	18477	443632	55803	1066268	70617	2698285	0	0	0	0	0	0
33	1690	20613	411307	10375	261605	46666	1773146	0	0	0	0	0	0
33	1710	37948	1054754	25764	666124	40828	1813151	0	0	0	0	0	0
33	1730	94302	2570671	46145	1089501	100502	4759741	0	0	0	0	0	0
33	0	2657689	70415687	1643682	36513521	4546661	189071696	0	0	0	0	0	0
		0	0	0	0	0	0	0	0	0	0	0	0
													
34	10	49718	1055501	807	11411	12056	279208	0	0	0	0	0	0
34	30	68453	1565420	7092	126670	10201	246807	0	0	0	0	0	0
34	50	130252	3259888	9051	184925	9419	234214	0	0	0	0	0	0
34	70	111388	2417885	15958	175105	44236	1020370	0	0	0	0	0	0
34	90	34383	896002	17115	176716	11961	207503	0	0	28	4	0	0
34	110	77233	1509319	18783	168060	26528	394520	0	0	0	0	0	0
34	130	119224	2414413	8409	66567	27620	462444	0	0	0	0	0	0
34	150	39350	899204	7553	82884	9409	185588	0	0	0	0	0	0
34	170	28712	699323	5441	45371	3263	54152	0	0	621	99	0	0
34	190	69129	1652273	14607	201640	6628	115880	0	0	0	0	0	0
34	210	49326	1384119	28676	552216	7681	173204	0	0	0	0	0	0
34	230	30671	694386	1424	15550	590	10864	0	0	19216	7828	0	0
34	250	63311	1139300	2723	47504	22296	451194	0	0	0	0	0	0
34	270	66036	1222234	17899	261675	10457	166808	0	0	0	0	0	0
34	290	19929	411832	1169	9249	342	5669	0	0	0	0	0	0
34	310	44005	1411297	15054	171883	6001	136887	0	0	1258	445	0	0
34	330	89408	2049249	34068	579939	25424	558058	0	0	0	0	0	0
34	350	6517	163332	427	3742	403	7841	0	0	185	37	0	0
34	370	98433	2861756	5260	64327	21177	451720	0	0	0	0	0	0
34	390	41523	839851	6203	59024	9815	169242	0	0	0	0	0	0
34	410	101651	2533029	36370	659130	17682	400254	0	0	0	0	0	0
34	430	35434	1010288	13618	204316	13085	297369	0	0	29	11	0	0
34	450	52713	1329192	9960	181905	17845	475625	0	0	0	0	0	0
34	470	47557	1311894	6279	108133	7189	175447	0	0	0	0	0	0
34	490	80978	2196544	2919	45936	14887	374842	0	0	0	0	0	0
34	510	19300	491773	20219	266602	4883	74117	0	0	0	0	0	0
34	530	57349	1528316	33478	406622	12394	176497	0	0	0	0	0	0
34	550	15822	375175	3261	24960	1905	29019	0	0	0	0	0	0
34	570	48212	1164490	17012	163422	21648	355043	0	0	0	0	0	0
34	590	32833	656057	2845	23584	4560	63564	0	0	0	0	0	0
34	610	63813	1023877	12605	183701	18022	384354	0	0	0	0	0	0
34	630	66064	1063925	5346	78459	16605	340488	0	0	0	0	0	0
34	650	15807	322544	1728	12218	931	12106	0	0	0	0	0	0
34	670	27473	602756	3153	19175	2665	47500	0	0	0	0	0	0
34	690	52408	1275318	1817	26511	439	12056	0	0	93448	50336	0	0
34	710	43930	1002257	42583	491382	4427	75576	0	0	0	0	0	0
34	730	15045	305458	24567	255727	3867	60422	0	0	0	0	0	0
34	750	64256	969314	3316	46967	12442	259404	0	0	0	0	0	0
34	770	52196	1535904	17580	207147	19209	442341	0	0	0	0	0	0
34	790	46801	781984	4336	55377	10031	188589	0	0	0	0	0	0
34	810	91385	1687360	4723	71267	24017	582520	0	0	0	0	0	0
34	830	92660	2005465	8585	69035	29476	537036	0	0	0	0	0	0
34	850	19925	397983	4904	43532	7822	109294	0	0	0	0	0	0
34	870	84853	2424431	16579	393312	8348	204557	0	0	0	0	0	0
34	890	40760	1332365	18842	297719	4447	95068	0	0	0	0	0	0
34	910	27988	602395	4268	38470	1982	33875	0	0	4013	1312	0	0
34	930	6450	141514	755	5137	644	12833	0	0	0	0	0	0
34	950	48797	1434793	8432	140903	8595	193863	0	0	0	0	0	0
34	970	49016	1127502	50754	528380	27919	543562	0	0	0	0	0	0
34	990	20690	578944	9027	92479	3194	58434	0	0	0	0	0	0
34	1010	94986	2385416	11084	127118	25007	538400	0	0	0	0	0	0
34	1030	62363	1402889	2865	44574	18628	437656	0	0	0	0	0	0
34	1050	39970	952900	6276	47138	4774	72211	0	0	0	0	0	0
34	1070	78462	2347945	42281	729850	13827	301137	0	0	0	0	0	0
34	1090	41093	1013743	37610	433078	19382	400221	0	0	0	0	0	0
34	1110	53704	1422275	16198	242575	18150	509385	0	0	0	0	0	0
34	1130	43975	1017351	29588	250626	11797	271241	790	38420	0	0	0	0
34	1150	65244	1373095	3173	40072	9622	198553	0	0	0	0	0	0
34	1170	45639	907493	12032	176859	13829	297464	0	0	0	0	0	0
34	1190	22088	573404	4349	49338	5735	131544	0	0	0	0	0	0
34	1210	80997	1748470	4551	76911	17942	428620	0	0	0	0	0	0
34	1230	10254	258684	2650	25890	1322	25291	0	0	9	3	0	0
34	1250	22127	427700	7984	65463	4060	55694	0	0	0	0	0	0
34	1270	36432	1014137	20786	347408	10718	292862	0	0	0	0	0	0
34	1290	51959	875167	4406	59149	11167	250525	0	0	0	0	0	0
34	1310	24288	535186	13649	143961	4286	63698	0	0	0	0	0	0
34	1330	43070	1201182	13702	201664	163	5540	0	0	54428	13978	0	0
34	1350	36853	933405	27108	311915	12544	201588	0	0	0	0	0	0
34	1370	92678	2229289	10876	171984	20516	536223	0	0	0	0	0	0
34	1390	40013	699034	22246	231206	17433	358745	0	0	0	0	0	0
34	1410	21259	479615	15266	163390	8363	140425	0	0	0	0	0	0
34	1430	69444	1899496	6704	96805	410	9121	0	0	90114	30520	0	0
34	1450	34049	824948	29685	310520	19744	373955	0	0	0	0	0	0
34	1470	165407	3412319	17049	354989	25960	707971	0	0	0	0	0	0
34	1490	18978	464707	3314	25400	1910	32562	0	0	4796	1544	0	0
34	1510	22761	634550	27478	326977	4114	56568	0	0	0	0	0	0
34	1530	18807	356173	2955	16880	1173	14573	0	0	4555	1271	0	0
34	1550	28866	821029	151	3500	76	2400	0	0	83412	46301	0	0
34	1570	30636	1088422	24951	300474	7046	173328	0	0	154	54	0	0
34	1590	95087	2337777	15768	162201	18953	330821	0	0	0	0	0	0
34	1610	19016	390856	5932	45401	2660	41325	0	0	0	0	0	0
34	1630	68737	1708893	25475	310070	13142	290973	0	0	0	0	0	0
34	1650	47058	1540800	40780	816002	8731	234269	0	0	0	0	0	0
34	1670	53175	1142586	11117	102523	17352	263741	0	0	0	0	0	0
34	1690	18546	471699	868	7883	293	4387	0	0	0	0	0	0
34	1710	43884	906571	1230	19263	11876	252551	0	0	0	0	0	0
34	1730	46831	1280383	16666	236783	13838	372818	0	0	0	0	0	0
34	1750	51164	1192176	3867	54116	10554	246620	0	0	0	0	0	0
34	1770	80316	1912109	15711	298254	14470	305622	0	0	0	0	0	0
34	1790	13064	304898	487	5209	428	7532	0	0	35	3	0	0
34	1810	16386	345685	423	2676	287	3896	0	0	9884	3443	0	0
34	1830	31912	783646	58387	860202	5131	103076	0	0	0	0	0	0
34	1850	56803	1077311	5497	45976	12441	174327	0	0	0	0	0	0
34	1930	15899	526796	10737	95325	4985	112525	0	0	0	0	0	0
34	1870	10023	226021	4231	35573	2327	45274	0	0	0	0	0	0
34	1890	16284	462194	32481	453694	1977	38706	0	0	0	0	0	0
34	5100	79	2100	0	0	0	0	0	0	0	0	0	0
34	1950	96018	2586606	44039	664972	9435	195154	0	0	0	0	0	0
34	1970	24195	550723	1238	22086	7644	168366	0	0	0	0	0	0
34	1990	42605	829012	1129	18631	17142	380465	0	0	0	0	0	0
34	2010	44711	1311086	23660	366512	699	18393	0	0	53987	18792	0	0
34	2030	17640	372051	522	3415	663	10067	0	0	0	0	0	0
34	2050	61237	1502216	8444	143574	21251	568345	0	0	0	0	0	0
34	2070	75530	1926933	18114	214601	2992	67863	727	22000	51328	17637	0	0
34	2090	18589	513743	2865	33696	4009	100602	0	0	104	28	0	0
34	2110	64853	1485831	1117	15394	9309	201900	0	0	0	0	0	0
34	2130	13459	352330	697	6014	462	6573	0	0	3777	1029	0	0
34	2150	35054	766404	7057	47121	3254	51414	0	0	13	3	0	0
34	2170	105393	1933140	9498	73117	25795	407282	0	0	0	0	0	0
34	2190	18427	335863	27227	292281	5024	92138	0	0	0	0	0	0
34	2210	14830	329197	5083	47758	2581	44487	0	0	0	0	0	0
34	2230	21836	482728	1672	14907	640	9660	0	0	840	114	0	0
34	2250	23669	552093	3422	28090	4918	89008	0	0	0	0	0	0
34	2270	37944	832486	2877	50177	8753	219154	0	0	0	0	0	0
34	2290	26380	620491	2583	15860	2166	38644	0	0	0	0	0	0
34	0	5482203	128954889	1439448	19131037	1162547	24333307	1517	60420	476234	194792	0	0
		0	0	0	0	0	0	0	0	0	0	0	0
													
35	10	93280	2512774	95917	2069667	24498	601192	0	0	0	0	0	0
35	30	177858	3315413	1946	35234	44088	1200567	0	0	0	0	0	0
35	50	12027	128240	29	287	97	2806	0	0	0	0	0	0
35	70	11666	101982	26537	386080	8868	158086	0	0	0	0	0	0
35	90	14449	190480	150	997	638	11148	0	0	0	0	0	0
35	110	128341	2285179	4138	62602	59577	1413709	0	0	0	0	0	0
35	130	23034	236779	28541	340133	19059	322712	0	0	0	0	0	0
35	150	73969	1706686	1694	21985	29717	900502	0	0	0	0	0	0
35	170	46705	586421	1129	9771	13751	249333	0	0	0	0	0	0
35	190	177701	3637168	37638	706012	25316	545229	0	0	0	0	0	0
35	210	92169	2545977	2831	58151	45702	1310329	0	0	0	0	0	0
35	230	110045	2997255	70342	1559109	51499	1544597	0	0	0	0	0	0
35	250	119262	2915144	44983	1048088	32094	930535	0	0	0	0	0	0
35	270	154875	4146505	1784	47845	94335	2828161	0	0	0	0	0	0
35	290	78813	1041408	54577	609303	4121	57952	0	0	0	0	0	0
35	310	70244	885722	1481	16945	8851	129224	0	0	0	0	0	0
35	330	62724	583706	144308	1660922	25388	437997	0	0	0	0	0	0
35	350	95414	2246003	92049	1913276	30317	748072	0	0	0	0	0	0
35	370	75457	1908811	24186	467481	43333	1135753	0	0	0	0	0	0
35	390	113946	3122625	1655	26316	70356	2119700	0	0	0	0	0	0
35	410	318140	5402690	27205	478104	52655	1213121	0	0	0	0	0	0
35	430	59479	1808082	2029	34980	19532	611007	0	0	0	0	0	0
35	450	15582	164143	18377	172872	14679	259376	0	0	0	0	0	0
35	470	148195	2564494	43803	717461	17988	389933	0	0	0	0	0	0
35	490	20739	206962	27933	499220	7877	158079	0	0	0	0	0	0
35	510	105247	3016712	506	10713	52086	1543166	0	0	0	0	0	0
35	530	103448	2599170	34988	727204	49289	1294591	0	0	0	0	0	0
35	550	64510	1798700	8728	190753	17658	502754	0	0	0	0	0	0
35	570	98973	1714979	27740	362571	735	14479	0	0	0	0	0	0
35	590	101221	2649741	106603	2780330	35701	1142474	0	0	0	0	0	0
35	610	95829	1900980	40353	698952	9015	178731	0	0	0	0	0	0
35	630	139801	2368617	35299	473588	6540	113179	0	0	0	0	0	0
35	650	127273	2607296	54532	625999	1847	33377	0	0	0	0	0	0
35	670	157020	3203002	109020	2190710	50053	1458608	0	0	0	0	0	0
35	690	39960	566938	17767	289523	8124	177725	0	0	0	0	0	0
35	710	25857	408803	277	5046	3378	77847	0	0	0	0	0	0
35	730	94954	2088733	23964	345033	3406	75122	0	0	0	0	0	0
35	750	2331	42684	26	290	20	600	0	0	0	0	0	0
35	770	86811	1475509	2886	45413	28791	512730	0	0	0	0	0	0
35	790	89836	2488473	46667	1051948	21108	642619	0	0	0	0	0	0
35	810	110941	3134519	73928	1621614	30260	893686	0	0	0	0	0	0
35	830	97077	2085613	51787	673644	4815	106541	0	0	0	0	0	0
35	850	86769	1472510	33354	436213	2219	34861	0	0	0	0	0	0
35	870	72888	1500154	63662	801715	1377	25593	0	0	0	0	0	0
35	890	136959	1845814	969	12061	33591	819291	0	0	0	0	0	0
35	910	6976	95850	5	58	20	260	0	0	0	0	0	0
35	930	79657	1847411	31596	595261	21361	482604	0	0	0	0	0	0
35	950	98796	2220028	69555	1318845	29806	863688	0	0	0	0	0	0
35	970	60949	1254350	33501	686625	18836	510727	0	0	0	0	0	0
35	990	88527	2085886	81828	1535471	15596	371056	0	0	0	0	0	0
35	1010	72031	834411	28876	475505	11940	295313	0	0	0	0	0	0
35	1030	41993	584646	945	10953	6335	121173	0	0	0	0	0	0
35	1050	11167	88210	48427	615101	10888	134293	0	0	0	0	0	0
35	1070	176873	4035936	1291	27003	93514	2690756	0	0	0	0	0	0
35	1090	154562	3495315	86887	1925896	45240	1301994	0	0	0	0	0	0
35	1110	169307	2207166	39492	576341	14015	315879	0	0	0	0	0	0
35	1130	25118	380051	734	8525	6289	143369	0	0	0	0	0	0
35	1150	20113	322485	194	2368	2905	58310	0	0	0	0	0	0
35	1170	18711	258356	8	48	68	1100	0	0	0	0	0	0
35	1190	115066	2431987	1893	34167	57618	1484554	0	0	0	0	0	0
35	1210	74378	2020817	25997	507420	21929	721580	0	0	0	0	0	0
35	1230	48205	620958	21403	297151	10790	265097	0	0	0	0	0	0
35	1250	71741	1193541	17935	304426	21877	522011	0	0	0	0	0	0
35	1270	81034	2127309	32215	711281	17347	505758	0	0	0	0	0	0
35	1290	101175	2244953	49771	892277	30746	579209	0	0	0	0	0	0
35	1310	119143	2697096	60463	1435698	37524	1022656	0	0	0	0	0	0
35	1330	71104	1495148	22187	458955	17511	473214	0	0	0	0	0	0
35	1350	94468	1150322	74023	1137132	15347	317264	0	0	0	0	0	0
35	1370	97143	2179089	81167	1187216	6429	129424	0	0	0	0	0	0
35	1390	115174	2423013	825	14267	59223	1592608	0	0	0	0	0	0
35	1410	142399	2961544	19715	338942	65581	1569176	0	0	0	0	0	0
35	1430	85538	1956334	46406	920333	25044	666153	0	0	0	0	0	0
35	1450	109553	2609195	65688	871507	2276	40638	0	0	0	0	0	0
35	1470	106364	2684156	27645	650116	21295	685819	0	0	0	0	0	0
35	1490	26303	284620	94	1659	3082	61617	0	0	0	0	0	0
35	1510	87950	2340504	98344	2358954	35231	1168712	0	0	0	0	0	0
35	1530	44204	1302605	11258	230646	13443	385214	0	0	0	0	0	0
35	1550	163076	4480129	60931	1405176	62069	1874811	0	0	0	0	0	0
35	1570	22679	340875	22741	383673	11503	391533	0	0	0	0	0	0
35	1590	103487	2883079	83461	2008905	38529	1346305	0	0	0	0	0	0
35	1610	42648	416742	22227	219492	25240	437612	0	0	0	0	0	0
35	1630	87339	1717875	17835	329705	18908	388299	0	0	0	0	0	0
35	1650	8314	123131	4258	46690	6200	104168	0	0	0	0	0	0
35	1670	80524	1896594	1117	22953	43600	1279644	0	0	0	0	0	0
35	1690	98471	2191179	77958	1726911	32290	729999	0	0	0	0	0	0
35	1710	8676	114860	40	230	25	345	0	0	0	0	0	0
35	1730	103679	2269821	1496	31911	33483	964116	0	0	0	0	0	0
35	1750	97901	1646763	9095	179294	19954	462848	0	0	0	0	0	0
35	1770	69826	2251460	13390	309593	34672	1111267	0	0	0	0	0	0
35	1790	101353	2903547	712	22520	59526	1847730	0	0	0	0	0	0
35	1810	98770	1689447	48827	736880	13123	243810	0	0	0	0	0	0
35	1830	25257	261068	243	3496	7516	135567	0	0	0	0	0	0
35	1850	120330	3547869	74200	1843947	37848	1277236	0	0	0	0	0	0
35	0	7979871	169377327	3007217	55687684	2287941	61003610	0	0	0	0	0	0
		0	0	0	0	0	0	0	0	0	0	0	0
													
36	10	3463	49911	75475	986320	22276	688361	0	0	0	0	0	0
36	30	992	12808	251451	4041083	82057	2565048	0	0	0	0	0	0
36	50	607	6737	244779	3385416	64864	1720576	0	0	0	0	0	0
36	70	133	2398	46162	575862	11321	286536	0	0	0	0	0	0
36	90	232	3720	272460	4018097	71006	2162300	0	0	0	0	0	0
36	110	2091	34782	55543	672607	18373	489478	0	0	0	0	0	0
36	130	5	100	128494	1598340	30490	801261	0	0	0	0	0	0
36	150	16099	355103	107811	1408883	27088	748843	0	0	0	0	0	0
36	170	13217	299551	252838	4660906	130576	4409934	0	0	0	0	0	0
36	190	278	5315	246272	4108051	114298	3538348	0	0	0	0	0	0
36	210	17039	284889	85103	1080007	61083	1788945	0	0	0	0	0	0
36	230	2	25	191890	2808209	38802	1114585	0	0	0	0	0	0
36	250	1760	20607	158590	2068041	37550	1118950	0	0	0	0	0	0
36	270	303	5720	69722	1006073	31901	798548	0	0	0	0	0	0
36	290	16625	366992	216435	3187786	21730	711782	0	0	0	0	0	0
36	310	1016	17508	85431	1308561	36250	1044737	0	0	0	0	0	0
36	330	530	7770	71430	978883	22315	599148	0	0	0	0	0	0
36	350	2268	35635	186184	3366415	90288	2726148	0	0	0	0	0	0
36	370	13674	205301	145638	1850866	26656	821896	0	0	0	0	0	0
36	390	211	4115	88432	1403959	38042	1158969	0	0	0	0	0	0
36	410	4139	66400	123058	1645547	32323	942574	0	0	0	0	0	0
36	430	5986	88057	96849	1268914	24905	645648	0	0	0	0	0	0
36	450	2642	34755	155478	2100257	60655	1682078	0	0	0	0	0	0
36	470	5494	83534	141432	1701582	10880	261029	0	0	0	0	0	0
36	490	3344	49980	233596	3639724	66699	1958107	0	0	0	0	0	0
36	510	3139	37988	149832	1769527	12107	280607	0	0	0	0	0	0
36	530	1631	28710	129060	2145564	30698	887051	0	0	0	0	0	0
36	550	3486	47007	344164	4962912	59840	1830007	0	0	0	0	0	0
36	570	6976	105343	116122	1893556	19529	640288	0	0	0	0	0	0
36	590	12786	238175	200918	2853000	31864	1012722	0	0	0	0	0	0
36	610	161	3399	203416	2963171	40422	1185495	0	0	0	0	0	0
36	630	155	1965	124835	1991066	53843	1588503	0	0	0	0	0	0
36	650	3488	58371	63539	1015235	15351	604520	0	0	0	0	0	0
36	670	42	790	134236	2311869	72410	2348159	0	0	0	0	0	0
36	690	1243	17426	192425	2093476	46377	1015723	0	0	0	0	0	0
36	710	293	3590	231319	3555847	63273	1966990	0	0	0	0	0	0
36	730	7410	140512	82043	1329405	58399	1930218	0	0	0	0	0	0
36	750	215	3715	162530	2106964	45530	1212489	0	0	0	0	0	0
36	770	49715	1201071	147179	2646003	120715	4230235	0	0	0	0	0	0
36	790	20	370	106864	1021212	40976	867692	0	0	0	0	0	0
36	810	22748	468631	86812	1371176	49421	1547908	0	0	0	0	0	0
36	830	2900	39103	152528	2077864	24783	671935	0	0	0	0	0	0
36	850	4972	82560	26466	353860	7100	182970	0	0	0	0	0	0
36	870	774	12365	59007	698400	15356	405027	0	0	0	0	0	0
36	890	1774	28434	170282	2437565	32155	1024867	0	0	0	0	0	0
36	910	300	6460	107527	1828215	45819	1410664	0	0	0	0	0	0
36	930	8905	137119	280307	4453408	87711	2694945	0	0	0	0	0	0
36	950	65	1550	205684	2428749	65686	1677774	0	0	0	0	0	0
36	970	2127	44405	123095	2317064	55844	1837036	0	0	0	0	0	0
36	990	280	5362	230370	4216392	82347	2932281	0	0	0	0	0	0
36	1010	2326	47498	310687	4541785	72979	2246184	0	0	0	0	0	0
36	1030	2370	38617	252816	3913931	55136	1620656	0	0	0	0	0	0
36	1050	726	10297	197942	2842544	46281	1384559	0	0	0	0	0	0
36	0	253177	4852546	8322558	123010149	2524380	76021334	0	0	0	0	0	0
		0	0	0	0	0	0	0	0	0	0	0	0
													
37	10	44	545	0	0	0	0	0	0				
37	30	54257	644070	32513	379582	47949	1407764	0	0	0	0	0	0
37	50	130401	2573717	81542	1312389	76238	2830182	0	0	0	0	0	0
37	70	13773	163955	1462	16570	4819	83923	0	0	0	0	0	0
37	90	96900	2623593	7386	116141	72604	2195748	0	0	0	0	0	0
37	110	76921	1521033	770	13465	121534	5691587	0	0	0	0	0	0
37	130	82434	1618381	256937	3475473	102633	3352290	0	0	0	0	0	0
37	150	72888	685452	21319	209375	31101	649823	0	0	0	0	0	0
37	170	14099	269519	2970	35246	5126	123837	0	0	0	0	0	0
37	190	6128	100931	2703	40178	5333	144162	0	0	0	0	0	0
37	210	19790	403185	105187	1401582	10494	336837	0	0	0	0	0	0
37	230	195080	3733174	37090	531651	67989	2328539	0	0	0	0	0	0
37	250	69725	1497487	49607	893807	74675	3140272	0	0	0	0	0	0
37	270	89204	2905627	6189	130278	54288	1909137	0	0	0	0	0	0
37	290	17743	357892	39397	645706	66420	2870560	0	0	0	0	0	0
37	310	13164	220014	69488	793400	20043	507265	0	0	0	0	0	0
37	330	423	3552	2260	18445	2393	38909	0	0	0	0	0	0
37	350	64603	1203380	13380	167629	51704	1511864	0	0	0	0	0	0
37	370	33033	634968	111938	1668142	58700	1946305	0	0	0	0	0	0
37	390	26898	560177	4696	91435	75470	3418826	0	0	0	0	0	0
37	410	12513	168252	18407	151956	10301	194972	0	0	0	0	0	0
37	430	66922	1465647	24390	345159	36189	1308177	0	0	0	0	0	0
37	450	22344	328844	105224	1180155	36982	1076544	0	0	0	0	0	0
37	470	3908	24505	10778	62290	2731	28028	0	0	0	0	0	0
37	490	41110	775900	87647	1172368	37301	1267089	0	0	0	0	0	0
37	510	35865	740208	52802	1043004	50432	2166326	0	0	0	0	0	0
37	530	124797	2567818	12354	187224	47605	1337140	0	0	0	0	0	0
37	550	12544	144741	10787	101009	6379	107157	0	0	0	0	0	0
37	570	37340	665640	14356	257194	69512	3125397	0	0	0	0	0	0
37	590	93159	1978395	75609	1270633	59268	2134136	0	0	0	0	0	0
37	610	62986	1233687	31512	455816	45452	1535845	0	0	0	0	0	0
37	630	2859	50337	11023	161932	9166	250356	0	0	0	0	0	0
37	650	22228	376366	6908	74105	8924	227497	0	0	0	0	0	0
37	670	124214	2931475	53092	578464	88113	2555688	0	0	0	0	0	0
37	690	20483	307615	10166	154950	16729	562613	0	0	0	0	0	0
37	710	7370	73139	5597	86551	2808	40414	0	0	0	0	0	0
37	730	45323	826083	24869	350020	30059	962599	0	0	0	0	0	0
37	750	21423	236669	6725	74495	7824	163548	0	0	0	0	0	0
37	770	93484	1732773	24110	397932	105132	4611139	0	0	0	0	0	0
37	790	76637	1450740	1988	33623	87709	3520874	0	0	0	0	0	0
37	810	3350	57419	3428	62470	3225	91382	0	0	0	0	0	0
37	830	104899	2707678	1167	28522	83598	2682452	0	0	0	0	0	0
37	850	61286	796010	10647	113599	11773	233006	0	0	0	0	0	0
37	870	92999	1661633	13624	216718	89179	3369264	0	0	0	0	0	0
37	890	8752	122505	123668	1529979	27137	884037	0	0	0	0	0	0
37	910	15610	252990	83063	1110263	39342	1008855	0	0	0	0	0	0
37	930	12797	123140	20297	224817	13614	240041	0	0	0	0	0	0
37	950	31704	436343	3419	46030	5250	87128	0	0	0	0	0	0
37	970	72735	1385164	18319	289050	68724	2476712	0	0	0	0	0	0
37	990	137053	3019603	776	13048	127199	4897968	0	0	0	0	0	0
37	1010	70803	1578850	172	3370	87390	3505248	0	0	0	0	0	0
37	1030	7196	60089	12590	104606	8283	102939	0	0	0	0	0	0
37	1050	9775	150481	26359	330738	16883	441224	0	0	0	0	0	0
37	1070	34673	657480	38442	528577	26514	937492	0	0	0	0	0	0
37	1090	51857	1337059	99763	2024459	85468	3455710	0	0	0	0	0	0
37	1110	67230	1219692	23635	354463	50555	1659814	0	0	0	0	0	0
37	1130	1324	12547	140	1120	295	3290	0	0	0	0	0	0
37	1150	99320	2198194	278631	4504444	64200	2409640	0	0	0	0	0	0
37	1170	7592	90650	579	5551	2899	58188	0	0	0	0	0	0
37	1190	32295	598857	21829	245032	16809	459958	0	0	0	0	0	0
37	1210	13920	214596	1423	12350	4193	74271	0	0	0	0	0	0
37	1230	165060	2878065	31158	333060	30545	645055	0	0	0	0	0	0
37	1250	121858	3418684	4259	96354	97460	3131839	0	0	0	0	0	0
37	1270	101966	3091422	13299	249376	41787	1413441	0	0	0	0	0	0
37	1290	19728	371366	74549	924428	18068	634458	0	0	0	0	0	0
37	1310	6504	90377	591	5277	1292	22244	0	0	0	0	0	0
37	1330	1572	13880	140	2095	150	2662	0	0	0	0	0	0
37	1350	93704	2778166	6827	89345	61869	1793860	0	0	0	0	0	0
37	1370	7541	75481	16475	141398	7658	123029	0	0	0	0	0	0
37	0	3460120	71197907	2364447	33669913	2799488	98508576	0	0	0	0	0	0
		0	0	0	0	0	0	0	0	0	0	0	0
													
40	10	25271	568306	221	4600	0	0	0	0	0	0	0	0
40	30	22002	371477	7892	86640	2929	47641	0	0	24	3	0	0
40	50	3576	84716	1303	14639	594	10829	0	0	0	0	0	0
40	70	10841	150121	5316	75196	340	6665	0	0	169	63	0	0
40	90	14112	298438	5383	64064	263	3655	0	0	0	0	0	0
40	110	8980	143526	5280	78668	315	4574	0	0	0	0	0	0
40	130	74	1484	12	75	0	0	0	0	0	0	0	0
40	150	28738	830185	53216	877139	1503	35932	0	0	0	0	0	0
40	170	3352	88196	2391	28502	621	12797	0	0	0	0	0	0
40	190	23830	544973	13280	182867	1130	18008	0	0	0	0	0	0
40	210	5603	156245	2807	28594	878	19900	0	0	0	0	0	0
40	230	9459	246412	7377	102468	1239	24592	0	0	0	0	0	0
40	250	19936	277017	2780	40871	135	2746	0	0	13171	5044	0	0
40	270	13056	232714	78	601	135	2976	0	0	0	0	0	0
40	290	12561	231441	7187	105064	431	6446	0	0	0	0	0	0
40	310	16305	274793	8624	113445	641	9442	0	0	10	4	0	0
40	330	25014	438437	8137	110277	156	2657	0	0	0	0	0	0
40	350	21293	332655	3118	29027	617	11875	0	0	0	0	0	0
40	360	5715	88560	821	13159	362	6160	0	0	11	6	0	0
40	370	15929	263604	6393	82444	216	3624	0	0	428	167	0	0
40	410	10378	145933	884	12311	254	4817	0	0	667	214	0	0
40	430	10633	290009	13531	201435	369	7953	0	0	0	0	0	0
40	450	3258	83098	2020	23011	330	7096	0	0	0	0	0	0
40	470	17083	402685	8723	107141	889	16742	0	0	0	0	0	0
40	490	10438	132180	5098	67825	224	3874	0	0	18	8	0	0
40	510	8136	132751	64	736	274	3005	0	0	0	0	0	0
40	530	15347	218624	2926	42506	116	2199	0	0	3888	1349	0	0
40	550	641	10607	151	2602	10	100	0	0	0	0	0	0
40	570	14282	328926	5000	69402	133	3173	0	0	76	27	0	0
40	590	9735	275471	5176	71899	595	12288	0	0	0	0	0	0
40	610	26816	672412	19056	226554	846	13070	0	0	0	0	0	0
40	630	12803	243562	4516	42732	3056	59427	0	0	0	0	0	0
40	650	7250	99296	3392	35006	432	6146	0	0	0	0	0	0
40	670	24778	508395	14693	163433	657	9346	0	0	17	13	0	0
40	690	14743	207796	15982	148883	1661	30270	0	0	0	0	0	0
40	710	8234	262498	2462	25102	613	12639	0	0	0	0	0	0
40	730	10180	165753	1107	14050	282	4227	0	0	8	4	0	0
40	750	8509	102220	4061	47539	476	7788	0	0	4	2	0	0
40	770	15703	398507	5339	46242	2588	49456	0	0	0	0	0	0
40	790	7703	137770	3550	35240	894	12299	0	0	0	0	0	0
40	810	10163	154385	95	1133	5	85	0	0	12813	6169	0	0
40	830	32148	622239	8631	80616	299	3437	0	0	867	388	0	0
40	850	20703	325788	5803	79247	832	13332	0	0	65	22	0	0
40	870	5065	84102	1664	26175	756	20208	0	0	44	12	0	0
40	890	15260	298037	5222	47755	127	1481	0	0	31	12	0	0
40	910	1966	45404	1148	15070	496	13241	0	0	0	0	0	0
40	930	14219	259123	0	0	20	400	0	0	5546	1637	0	0
40	950	3378	62918	64	1339	190	4850	0	0	30	12	0	0
40	970	14236	224701	2542	31235	156	2185	0	0	18	9	0	0
40	990	9903	200250	2086	29142	508	10139	0	0	0	0	0	0
40	1010	12365	172035	2177	27616	67	899	0	0	164	89	0	0
40	1030	6578	112963	1176	20352	170	3270	0	0	0	0	0	0
40	1050	23785	583717	3617	32601	586	10121	0	0	0	0	0	0
40	1070	28743	955774	29533	386929	793	17073	0	0	0	0	0	0
40	1090	13777	197677	5816	57662	647	9447	0	0	4	2	0	0
40	1110	14343	245084	2167	27757	70	1003	0	0	1446	561	0	0
40	1130	13495	359566	7970	83816	756	12149	0	0	0	0	0	0
40	1150	5739	116499	275	3467	50	650	0	0	0	0	0	0
40	1170	31994	493777	4398	45417	399	4631	0	0	12012	4984	0	0
40	1190	6221	125121	1423	19581	195	5161	0	0	128	48	0	0
40	1210	12439	365247	6640	105518	1033	23618	0	0	0	0	0	0
40	1230	15628	325614	0	0	2	50	0	0	13919	5891	0	0
40	1250	11387	214673	5185	63848	414	5882	0	0	0	0	0	0
40	1270	5597	83127	284	3622	158	1905	0	0	295	106	0	0
40	1290	12024	200011	60	1315	60	760	0	0	3018	1230	0	0
40	1310	15884	407815	14	280	2	75	0	0	0	0	0	0
40	1330	10699	247617	3476	57176	115	2701	0	0	3	1	0	0
40	1350	9215	132531	2639	34111	88	1376	0	0	1427	726	0	0
40	1370	12525	243296	8038	96040	1151	21380	0	0	0	0	0	0
40	1390	9529	270841	12109	190667	385	8209	0	0	0	0	0	0
40	1410	19818	365736	4235	41279	205	3282	0	0	0	0	0	0
40	1430	41834	742350	20453	212581	616	7802	0	0	524	206	0	0
40	1450	6487	133840	3215	47643	536	8307	0	0	15	6	0	0
40	1470	10136	150071	4843	68578	127	1738	0	0	23	7	0	0
40	1490	9054	87968	1072	13708	388	6322	0	0	1154	373	0	0
40	1530	8138	160303	7940	75350	495	9476	0	0	0	0	0	0
40	1510	19387	279597	179	2679	191	4865	0	0	1959	912	0	0
40	1550	9917	296661	5952	82223	735	15764	0	0	0	0	0	0
40	1570	10451	263220	3598	39458	353	6163	0	0	0	0	0	0
40	1590	9709	215318	5552	78448	201	4254	0	0	0	0	0	0
40	1610	7144	182975	3210	59922	501	10659	0	0	0	0	0	0
40	1630	16921	484408	19613	285437	2061	38515	0	0	0	0	0	0
40	1650	23412	512450	46418	802850	684	17113	0	0	0	0	0	0
40	1670	17649	494813	4657	52307	503	8407	0	0	0	0	0	0
40	1690	26793	664109	2660	25876	400	5047	0	0	0	0	0	0
40	1710	16742	336811	26363	409582	659	13796	0	0	0	0	0	0
40	1730	8183	266079	4493	53150	1652	38249	0	0	0	0	0	0
40	1750	24885	436140	2	24	8	95	0	0	23872	10828	0	0
40	1770	13038	209132	5590	63588	814	15061	0	0	0	0	0	0
40	1790	11093	243145	2950	34607	1283	24907	0	0	0	0	0	0
40	1810	8523	141375	23	280	17	320	0	0	828	186	0	0
40	1830	11913	181629	44	335	6	60	0	0	9681	4006	0	0
40	1850	10016	309949	2817	39024	1244	29978	0	0	0	0	0	0
40	1870	8302	171188	10277	133448	429	6518	0	0	0	0	0	0
40	1875	780	17340	142	2589	165	3448	0	0	31	16	0	0
40	1910	25481	796316	13110	164466	2476	51763	0	0	0	0	0	0
40	1930	11880	259702	5977	89904	533	10815	0	0	0	0	0	0
40	1950	8509	164615	26	315	109	1395	0	0	0	0	0	0
40	1970	15128	526203	10049	136479	2106	56404	0	0	0	0	0	0
40	1990	3544	61820	92	1670	42	540	0	0	0	0	0	0
40	5100												
40	5200												
40	5300												
40	5400												
40	5600												
40	5900												
40	6300												
40	6600												
40	6700												
40	6800												
40	7000												
40	7100												
40	7300												
40	7400												
40	7500												
40	7600												
40	7700												
40	7900												
40	8000												
40	8400												
40	0	1336172	27726988	599151	8009276	57273	1097215	0	0	108408	45343	0	0
		0	0	0	0	0	0	0	0	0	0	0	0
													
41	10	33585	367693	0	0	250	4307			47373	15222	195	
41	30	20739	352916	0	0	9	165			2572	1311	138	
41	50	56660	540041	89	554	233	4814			63612	16934	497	
41	70	19423	207286	33	240	16	210			13354	4385	132	
41	90	43429	516653	108	1155	314	3528			31651	12902	0	
41	110	42670	355896	0	0	107	705			50183	10517	327	
41	130	53426	552176	69	355	161	2770			51334	16625	391	
41	150	29564	333271	150	1438	196	3028			32982	12290	1	
41	170	46591	504118	140	1492	252	3906			86843	30449	552	
41	190	36575	350094	207	1242	185	2874			46612	16780	0	
41	210	36172	413215	36	429	435	6226			36682	14069	167	
41	230	26182	284966	26	390	19	515			19097	5199	151	
41	250	35806	397152	0	0	13	77			22232	5650	306	
41	270	33833	377310	88	803	342	4360			22324	7934	33	
41	290	22802	316207	46	222	49	511			17348	7019	1	
41	310	73468	964986	43	665	8	100			65744	22535	665	
41	330	35090	526353	61	670	50	1220			31981	11120	0	
41	350	45362	532851	0	0	72	723			31598	11262	332	
41	370	20198	229145	13	62	191	2217			14954	4677	83	
41	390	77659	837303	0	0	157	1580			58676	19944	759	
41	410	57398	651489	52	475	76	903			54794	17776	254	
41	430	57383	678255	23	190	138	2184			59949	25521	1	
41	450	43799	419907	0	0	7	115			40454	12624	291	
41	470	41086	472161	199	2858	278	4105			98530	22609	137	
41	490	73830	891807	322	3297	126	1588			57489	24329	0	
41	510	36569	517063	57	455	699	12295			73646	28613	327	
41	530	26843	371902	0	0	30	306			17498	6837	344	
41	550	34772	401389	37	281	102	1268			36341	14476	3	
41	570	33009	349684	115	1247	44	497			24160	7631	50	
41	590	37789	501348	63	1080	104	726			21166	8289	0	
41	610	63534	771925	0	0	102	1750			63456	23551	563	
41	630	26306	307327	43	485	207	1360			52238	14328	27	
41	650	26400	320003	36	230	249	4990			47207	16619	86	
41	670	43990	510309	61	735	205	2540			64974	24121	277	
41	690	70699	835686	0	0	286	6520			64558	25531	423	
41	710	77819	1160185	308	3348	132	2845			34656	14268	0	
41	730	27866	375294	88	1173	73	865			3401	1224	21	
41	750	28941	311897	33	275	8	32			31127	9304	131	
41	770	58377	899452	448	4538	101	1883			50221	19425	3	
41	790	53188	706373	180	1566	19	215			61983	24008	1	
41	810	41118	390313	81	828	77	1389			63965	19140	98	
41	830	54090	856995	502	5096	213	3857			71568	23979	0	
41	850	34732	486304	36	345	307	4558			56373	14874	155	
41	870	32401	310511	80	405	88	1511			61217	19983	186	
41	890	65048	1014722	183	2141	482	7982			83428	30268	0	
41	910	37694	548645	58	495	176	2880			68073	18730	155	
41	930	41337	441947	167	1640	47	806			25184	8618	31	
41	950	59895	871087	204	2661	73	901			63931	28721	0	
41	970	11759	211643	0	0	8	227			1688	817	218	
41	990	41890	512337	0	0	144	1530			48532	17933	345	
41	1010	43995	505295	34	522	768	8133			72108	15605	388	
41	1030	48667	671538	230	1503	122	1407			54885	22070	0	
41	1050	31735	342836	114	1274	244	4093			48978	11588	159	
41	1070	33295	348403	357	3844	138	1647			41072	11998	164	
41	1090	66467	650837	42	340	38	830			85274	26183	248	
41	1110	41960	503477	132	1688	377	6594			40714	16993	25	
41	1130	39210	317932	43	315	235	2305			50348	12751	355	
41	1150	31751	321890	105	1197	123	1285			18979	5735	1	
41	1170	24514	257598	42	412	272	2912			15698	5059	24	
41	1190	28937	377776	108	1085	29	493			48017	13709	100	
41	1210	44824	469727	109	699	812	11062			57127	18371	22	
41	1230	41133	446562	79	489	244	3196			49476	16361	392	
41	1250	39105	454646	75	582	29	343			42985	13626	91	
41	1270	35910	411118	67	895	14	140			6139	2129	6	
41	1290	15917	207650	0	0	34	922			6941	2352	212	
41	1310	34054	395378	36	530	27	365			44641	12186	168	
41	1330	24178	259639	12	119	1	10			15731	5986	4	
41	0	2754448	32999894	6070	61055	11167	162201	236	3428	2948072	983673	11216	
		0	0	0	0	0	0	236	3428	0	0	0	
													
42	10	15108	121170	48	785	9474	209387	92339	4204112	15824	4128		
42	30	16788	122933	56	655	446	8155	0	0	38205	13252		
42	50	12592	226261	709	4634	337	3150	0	0	9060	3184		
42	70	37223	916330	5044	51810	8262	143846	0	0	178	36		
42	90	20492	447523	2014	16093	2974	44907	0	0	3914	1097		
42	110	13843	137714	52	510	210	2188	0	0	17285	4773		
42	130	16312	149906	57	575	10	125	0	0	17256	3845		
42	150	23631	541413	1801	17788	3056	51363	0	0	219	37		
42	170	16473	151088	60	633	129	4140	0	0	41967	19724		
42	190	31638	522663	80	1038	57	917	0	0	29806	10945		
42	210	46501	1038628	1057	14695	425	8652	564	35098	56311	29245		
42	230	19267	279340	72	1470	27	242	0	0	21575	9030		
42	250	16161	153305	0	0	0	0	0	0	24004	5937		
42	270	39542	308797	23	305	125	2924	0	0	66791	13076		
42	290	31156	429962	149	1851	35	298	0	0	60025	23787		
42	310	45484	917544	222	2368	517	9480	2037	98529	65689	33577		
42	330	23900	466364	199	2082	40	433	0	0	35460	14859		
42	350	22942	363760	10	150	45	1100	0	0	86727	35238		
42	370	20271	240090	237	2341	258	4421	2412	99100	29362	12284		
42	390	15732	145945	0	0	8	90	0	0	9159	2449		
42	410	14007	174594	4	100	184	1864	0	0	37676	15614		
42	430	21759	198165	0	0	300	1701	0	0	27451	7522		
42	450	44118	649128	127	2317	139	1468	0	0	65339	24842		
42	470	31535	447922	367	5024	3186	64565	0	0	43169	15015		
42	490	19103	355125	464	2410	525	6148	0	0	15563	6055		
42	510	16040	222145	370	4469	239	3599	0	0	6645	2339		
42	530	16774	222698	11	120	25	450	0	0	13438	4913		
42	550	38752	780374	590	6189	621	11587	0	0	39222	20302		
42	570	46797	597360	45	745	134	3400	0	0	74762	19806		
42	590	22024	371613	60	615	16	254	0	0	11840	4428		
42	610	27754	382190	121	1600	14	314	0	0	42027	11486		
42	630	36324	747502	799	7389	867	15778	0	0	35462	13839		
42	650	28131	428089	265	1966	100	1202	0	0	22022	8660		
42	670	24559	412671	94	933	93	1570	400	10000	78572	37787		
42	690	25398	345919	86	1310	45	885	20	400	110764	50479		
42	710	28002	415648	72	864	168	2970	0	0	39513	14989		
42	730	20908	232834	158	1120	10	80	50	2400	48034	14237		
42	750	28845	570203	90	1435	90	1247	155	8386	47315	25039		
42	770	28311	371440	73	730	404	11180	2900	122800	52703	21721		
42	790	18268	235360	29	415	0	0	0	0	42983	16170		
42	810	14850	161507	53	855	80	820	0	0	50527	15754		
42	830	41509	604833	350	3592	1316	23103	0	0	57694	22485		
42	850	33835	469176	100	1283	1298	28886	25842	923869	84128	39406		
42	870	28211	648053	1600	15859	3832	69989	0	0	50	15		
42	890	16139	307755	545	2801	454	6913	0	0	10244	3363		
42	910	18530	181745	18	100	10	100	0	0	49654	13455		
42	930	53585	1142150	13	200	140	4900	0	0	159461	86378		
42	950	13821	144715	0	0	81	1522	1238	56648	53390	15440		
42	970	18110	280120	171	1708	181	1645	0	0	11118	4001		
42	990	35062	315466	12	70	72	1504	0	0	46147	9899		
42	1010	18323	347141	576	3802	461	9997	0	0	4432	1374		
42	1030	21905	180114	32	265	28	345	0	0	19864	4767		
42	1050	13662	192014	48	388	21	186	0	0	15571	5948		
42	1070	26550	342139	95	998	165	1733	200	9000	71922	28940		
42	1090	19220	307537	89	955	0	0	0	0	16625	5063		
42	1110	18226	282649	136	1225	72	1126	9416	403465	38067	18090		
42	1130	17864	230010	181	1129	101	1218	0	0	14760	5529		
42	1150	40045	560255	93	1650	45	608	0	0	65267	24881		
42	1170	20021	240230	78	930	3457	64011	21977	877640	25044	8271		
42	1190	23469	372538	136	2107	1100	26940	0	0	47395	23188		
42	1210	33442	703185	209	2193	34	572	0	0	40278	16512		
42	1230	29950	365101	87	975	40	790	3965	138900	64542	26423		
42	1250	18014	284381	310	3592	300	5378	0	0	3064	1009		
42	1270	22297	334147	101	830	41	425	0	0	24542	9867		
42	1290	24327	446283	475	4508	2842	49772	0	0	8275	3664		
42	1310	30989	433297	157	2230	1827	32829	0	0	37340	14097		
42	1330	18734	235005	53	467	0	0	0	0	25272	7011		
42	1350	17954	331500	115	615	132	2018	0	0	19391	8304		
42	1370	15223	272020	284	2097	724	13352	0	0	7450	2334		
42	1390	25485	167071	54	428	4	10	0	0	24198	6247		
42	1410	26649	316931	21	170	109	861	0	0	22360	8445		
42	1430	40256	943887	10182	110160	10070	181968	0	0	584	158		
42	1450	37015	477802	58	728	217	2590	0	0	60630	26204		
42	1470	24783	398545	57	1005	0	0	2734	117570	46386	19528		
42	1490	38005	588130	498	5405	247	3361	0	0	67945	28463		
42	0	1918525	29449148	32702	334854	63096	1165552	166249	7107917	2776934	1090259	324	
		0	0	0	0	0	0	0	0	0	0	324	0
													
43	10	39247	360128			34	210	13	157	3095	495		
43	30	7502	55688			0	0	7	110	123	39		
43	50	958	17809			1	30	8	205	68	32		
43	70	9198	84146			4	100	16	296	0	0		
43	90	11	156			0	0	0	0	0	0		
43	110	14	350			0	0	0	0	0	0		
43	130	9440	160860			4	25	32	569	542	188		
43	150	44	322			0	0	0	0	0	0		
43	170	2109	26842			5	50	0	0	15	5		
43	190	2383	28316			10	150	4	66	0	0		
43	210	28	265			0	0	0	0	0	0		
43	230	30073	255944			100	1579	33	263	5357	1033		
43	250	0	0			0	0	0	0	0	0		
43	270	1656	26210			6	200	0	0	0	0		
43	290	1576	20250			0	0	0	0	17	5		
43	310	1759	31471			9	220	15	142	0	0		
43	330	10212	166756			0	0	18	316	2549	808		
43	350	579	9349			0	0	19	450	0	0		
43	370	94	1106			0	0	0	0	0	0		
43	390	34169	527868			47	1200	4	113	29	8		
43	430	208	5240			0	0	5	135	0	0		
43	470	18523	202521			82	798	34	602	5706	1310		
43	490	4083	65385			7	120	21	647	0	0		
43	490	175	2475			1	40	2	60	0	0		
43	530	2314	26641			3	55	9	69	52	23		
43	550	10	125			0	0	0	0	0	0		
43	570	6317	101637			17	95	126	2698	15	4		
43	590	23367	290592			36	402	44	320	8788	2723		
43	630	71555	935960			129	1640	3	60	21753	5619		
43	650	32605	364257			257	3515	0	0	6443	1200		
43	670	9085	75721			7	70	1	15	573	125		
43	690	1394	15940			0	0	0	0	93	31		
43	710	0	0			1	30	5	95	0	0		
43	730	32356	339176			40	800	1	28	9708	2050		
43	750	16788	159295			60	600	1	6	928	199		
43	770	3551	44389			0	0	3	60	12	3		
43	790	29780	311220			85	690	1	8	5650	1185		
43	810	944	11075			0	0	24	366	0	0		
43	830	22364	290675			12	90	10	162	103	19		
43	870	0	0			0	0	0	0	0	0		
43	890	3192	44342			0	0	5	124	5	3		
43	910	13071	151583			19	140	27	229	2416	685		
43	930	299	4467			0	0	0	0	0	0		
43	950	648	9080			0	0	0	0	6	2		
43	970	1084	16641			0	0	0	0	0	0		
43	990	500	13327			0	0	2	36	0	0		
43	1010	2105	27050			0	0	0	0	22	4		
43	1030	66	1211			0	0	0	5	0	0		
43	1050	6701	96663			0	0	11	114	0	0		
43	1070	3888	46757			0	0	2	35	14	4		
43	1090	6380	145953			0	0	0	0	11	5		
43	1110	30	905			0	0	0	0	0	0		
43	1130	13707	226787			0	0	18	307	5054	1742		
43	1150	57	580			0	0	1	15	0	0		
43	1170	294	4024			0	0	0	0	59	18		
43	1190	9779	93513			0	0	0	0	197	77		
43	1210	27976	300080			0	0	17	245	4159	836		
43	1230	6334	64620			0	0	0	0	119	33		
43	1250	15735	130305			22	250	29	342	74	13		
43	1270	2634	29960			0	0	0	0	260	77		
43	1290	8456	69515			0	0	0	0	142	40		
43	1310	13085	169637			3	25	20	410	2788	796		
43	1330	18674	239501			63	945	83	1709	1236	355		
43	0	581166	6902661	65	735	1064	14069	674	11589	88181	21794	12349	
		0	0	65	735	0	0	0	0	0	0	12349	0
													
44	10	25431	288891	0	0	21	210	67	606	9695	3397	255	
44	30	12364	114997	0	0	65	1314	3	30	1958	618	15	
44	50	15076	150406	0	0	14	125	40	476	4977	1533	92	
44	70	23930	235071	0	0	114	1693	0	0	10569	3080	57	
44	90	16949	151360	178	1494	297	4557	0	0	7351	2705	117	
44	110	13729	171976	833	8594	483	6539	0	0	17632	8271	0	
44	130	16664	170420	1781	13054	494	4938	0	0	16465	7649	0	
44	150	25299	278287	618	4198	141	3221	0	0	35624	13947	0	
44	170	18779	181679	88	358	337	3566	4	31	11469	3959	115	
44	190	24326	266237	0	0	158	2432	33	438	5491	1745	167	
44	210	15758	160366	39	343	506	8748	0	0	8890	2528	123	
44	230	25750	265731	61	715	816	11770	0	0	14309	5179	94	
44	250	6378	86492	0	0	7	94	4	40	367	147	35	
44	270	47711	526777	64	925	533	7242	10	122	11682	3175	971	
44	290	9353	118387	30	350	18	235	26	615	1556	695	121	
44	310	61799	738722	404	3511	604	9516	21	232	55980	22270	511	
44	330	61874	693211	250	2458	232	5111	0	0	73834	29899	88	
44	350	14389	141017	1248	11830	176	3813	0	0	14670	5363	21	
44	370	18704	229180	15	150	251	4973	2	28	15957	5259	101	
44	390	1874	26422	0	0	0	0	226	6565	122	57	118	
44	410	13617	139579	63	521	156	3525	0	0	7362	3741	3	
44	430	27476	319583	0	0	662	4770	3	41	24555	9809	76	
44	450	49328	549345	785	5941	490	7664	0	0	70181	35533	0	
44	470	8724	118406	199	1799	1	8	0	0	4916	2010	0	
44	490	4475	39769	0	0	397	4870	1	11	231	60	140	
44	510	4814	86665	0	0	335	9075	105	1583	270	127	66	
44	530	9364	66949	0	0	12	208	0	0	7242	1659	4	
44	550	20874	228532	104	649	70	547	0	0	14472	6576	0	
44	570	25338	302701	922	7412	253	3194	0	0	21591	9547	0	
44	590	9244	94414	712	5474	436	6653	0	0	10300	4554	0	
44	610	18539	189544	0	0	0	0	0	0	21271	6645	11	
44	630	13365	144633	558	4342	525	10382	0	0	8850	4123	11	
44	650	5171	69075	4	60	75	1000	24	487	236	80	287	
44	670	28992	320734	919	8473	168	2474	0	0	22603	10595	0	
44	690	42893	407193	55	247	2555	18761	32	426	13901	4206	97	
44	710	50527	566471	23	305	645	11207	54	732	28718	11618	500	
44	730	19802	160109	84	704	163	2228	0	0	17586	5669	20	
44	750	21670	252682	12	100	79	1127	26	353	3510	996	199	
44	770	33399	415597	497	3633	822	13513	0	0	21324	11137	23	
44	790	18313	165823	305	2558	49	1063	0	0	12279	3443	24	
44	810	26114	260026	98	791	241	3769	2	35	15390	5980	151	
44	830	5150	80449	149	1201	62	1021	0	0	226	85	0	
44	850	9234	111492	466	2954	73	471	0	0	2794	1125	0	
44	870	44331	444448	0	0	436	4596	5	143	8028	2036	927	
44	890	20127	171174	575	3686	84	1214	0	0	7191	2786	0	
44	910	60889	474751	93	821	77	1140	0	0	45679	15988	377	
44	930	46604	494387	906	7907	1047	16636	9	120	38313	12635	324	
44	950	16137	151922	10	20	120	2580	0	0	6286	1714	82	
44	970	14482	157510	309	2568	56	1228	0	0	10644	5603	0	
44	990	38485	410331	81	705	162	2730	11	176	27867	7136	249	
44	1010	5171	41893	18	90	10	100	0	0	357	80	59	
44	1030	15935	232021	95	830	28	404	206	2835	4092	1639	440	
44	1050	24095	231703	1554	12059	1953	29374	0	0	31998	13522	7	
44	1070	62415	630451	169	1505	263	3481	26	343	55144	18835	719	
44	1090	16027	185243	32	400	29	160	25	241	12320	4558	182	
44	1110	14004	187566	126	744	6	71	0	0	0	0	1	
44	1130	19246	226352	255	1757	100	1205	0	0	17043	8439	6	
44	1150	28123	300898	181	1210	163	2185	0	0	32042	11372	0	
44	1170	20576	208841	1935	13799	322	3045	0	0	21341	9479	0	
44	1190	24935	299090	2900	27433	2096	31901	0	0	32184	15048	0	
44	1210	4416	70970	45	434	24	385	0	0	975	401	0	
44	1230	14212	198617	55	331	15	183	0	0	288	102	0	
44	1250	13020	115644	201	1387	13	309	0	0	9246	3362	88	
44	1270	1731	28490	4	60	0	0	61	1029	83	14	109	
44	1290	22394	289260	628	4292	98	1215	0	0	23299	10136	0	
44	1310	45797	577006	0	0	109	2545	6	97	5047	2013	4099	
44	1330	22072	178730	623	3648	223	2352	0	0	11968	4355	5	
44	1350	40437	355878	2823	17523	224	3112	0	0	27115	12049	0	
44	1370	14240	197208	329	3081	139	2553	0	0	4654	1943	0	
44	1390	29422	315166	2081	15806	529	6754	0	0	23856	10786	0	
44	1410	30712	239311	268	1973	78	1176	0	0	17311	5639	63	
44	1430	18826	206899	190	900	44	424	0	0	16175	6943	0	
44	1450	21631	199475	17	133	115	863	0	0	22756	6855	192	
44	1470	21464	261047	2519	26346	1927	34954	0	0	38208	18109	0	
44	1490	24230	243436	176	1390	119	2049	0	0	19821	9791	13	
44	1510	28816	250936	1743	14105	407	4731	0	0	23760	10625	1	
44	1530	28006	301965	197	1664	199	2365	0	0	19533	6456	60	
44	1550	44754	363956	7	35	1056	11788	13	143	22668	5375	104	
44	1570	24722	258790	1847	16241	784	11928	0	0	35679	16081	0	
44	1590	21841	186786	710	5757	143	2500	0	0	7843	2548	0	
44	1610	23586	231734	0	0	102	693	14	100	5509	1782	60	
44	1630	49019	529782	966	6854	900	12434	0	0	42422	16661	258	
44	1650	29687	325149	146	1520	121	2733	0	0	26065	10191	81	
44	1670	33088	282590	183	1503	93	586	0	0	24243	8215	59	
44	1690	16480	122439	34	280	9	75	0	0	5043	1293	24	
44	1710	11668	116404	546	5378	379	6306	0	0	11105	4383	13	
44	1730	10625	109884	0	0	113	2550	7	118	239	78	115	
44	1750	90770	827311	631	5335	566	11372	5	72	69948	23205	769	
44	1770	21369	234162	3	20	305	4650	0	0	6612	2055	120	
44	1790	11501	110453	0	0	64	340	382	4433	1384	429	52	
44	1810	13204	127712	303	2459	280	3687	0	0	9343	3436	0	
44	1830	7896	89837	0	0	193	1939	22	203	1721	599	98	
44	1850	28794	304572	35	200	164	1816	16	238	4961	1959	314	
44	1870	10846	119170	163	1123	17	123	0	0	1730	573	0	
44	1890	17196	163402	143	1061	218	3646	0	0	16798	6135	76	
44	1910	2175	23495	0	0	0	0	85	1181	73	13	42	
44	1930	39316	419103	18	170	233	3234	0	0	42035	14554	119	
44	1950	25263	251834	3714	32755	1420	21921	0	0	28889	13469	0	
44	1970	21125	166175	24	90	53	667	0	0	16796	3683	86	
44	1990	41951	438639	512	3929	837	16952	0	0	38020	14873	73	
44	2010	22543	233668	0	0	130	2625	4	89	11017	3026	220	
44	2030	13070	164891	420	4586	50	676	0	0	14820	7037	0	
44	2050	55055	709520	0	0	363	4244	0	0	26233	12224	270	
44	2070	16559	141149	411	3151	376	5549	0	0	14479	4797	9	
44	2090	26590	272850	131	1169	252	2667	1	20	19234	6252	231	
44	2110	22731	167531	541	4113	879	13750	0	0	13715	5712	0	
44	2130	14097	237425	767	5431	74	1370	0	0	11673	4646	0	
44	2150	5853	60136	26	309	85	980	0	0	4944	1600	32	
44	2170	23615	212315	1153	10603	269	4678	0	0	13322	6486	12	
44	2190	15301	125073	1937	13601	1324	13461	0	0	14086	6145	0	
44	2210	28306	268134	2663	19155	1788	20799	0	0	21778	9801	0	
44	2230	19319	197424	361	2741	122	1377	0	0	14409	6529	0	
44	2250	13528	235478	180	1392	126	2735	0	0	11392	4019	30	
44	2270	10321	136414	285	1906	25	225	0	0	6303	2409	0	
44	2290	15723	235150	0	0	6	25	0	0	7208	2662	81	
44	2310	22216	219215	668	6615	430	6561	0	0	26547	10832	103	
44	2330	20494	221867	862	5934	257	2849	0	0	28623	10766	0	
44	2350	26988	252994	61	391	191	2695	0	0	19108	6542	108	
44	2370	14913	105506	189	1283	312	4920	0	0	6114	1942	4	
44	2390	9415	86737	0	0	0	0	0	0	10087	2373	87	
44	2410	6694	135020	27	253	3	50	0	0	0	0	0	
44	2430	33880	378442	20	150	291	7965	0	0	41502	14117	124	
44	2450	18411	209815	318	4625	822	12756	0	0	14387	5359	46	
44	2470	11862	103008	912	6558	56	714	0	0	7697	3161	0	
44	2490	13524	135456	21	240	112	999	0	0	10924	3613	30	
44	2510	50380	561108	10	113	429	5564	7	72	44909	17168	352	
44	2530	20280	255853	0	0	336	2972	2	50	8272	2395	192	
44	2550	16754	179202	1110	11922	489	10022	0	0	18087	8425	5	
44	2570	9963	161956	699	6496	702	12390	0	0	11368	6218	0	
44	2590	21584	226931	87	751	104	1397	0	0	16362	4429	118	
44	2610	47950	580924	379	3327	1093	29315	0	0	57147	19609	174	
44	2630	14912	137794	111	1027	333	4349	0	0	9768	2582	38	
44	2650	9634	82226	170	940	251	2578	0	0	9761	3534	2	
44	2670	38003	438588	93	1300	118	1400	21	249	19050	7038	283	
44	2690	20611	219351	69	850	98	1310	0	0	21409	7739	7	
44	2710	38510	352472	7	40	110	761	8	86	23945	7934	297	
44	2730	35726	374074	111	1365	1381	25659	0	0	42239	16321	136	
44	2750	51476	577654	141	1600	122	1168	19	252	7111	2307	1348	
44	2770	23982	248766	0	0	592	7475	6	68	14111	4767	91	
44	2790	33786	333335	127	1605	382	5628	4	40	24073	8837	305	
44	2810	7960	136980	1871	17767	61	674	0	0	0	0	0	
44	2830	22574	198545	118	1262	35	460	0	0	22997	6922	195	
44	2850	27291	299792	73	635	132	2315	0	0	34589	14918	106	
44	2870	21746	214047	467	4703	321	4256	2	18	14216	5086	174	
44	2890	20446	173703	147	840	10	150	0	0	8334	2539	51	
44	2910	14296	172592	728	3626	44	420	0	0	0	0	0	
44	2930	20337	187167	214	1485	311	6161	0	0	15674	4398	103	
44	2950	22766	275147	433	3750	126	1686	0	0	8533	3272	0	
44	2970	30032	265362	4057	27439	1025	12737	0	0	32179	15979	0	
44	2990	14207	158410	52	225	30	735	0	0	3462	1157	274	
44	3010	18620	176001	124	957	316	3545	0	0	19355	8016	0	
44	3030	65780	639504	609	4819	576	8690	0	0	36689	12238	234	
44	3050	20486	236556	78	610	246	3919	20	256	10109	3514	147	
44	3070	13023	113983	13	61	101	1520	0	0	7150	1857	4	
44	3090	28055	241086	37	335	476	5660	1	30	18524	5995	126	
44	3110	10329	122820	147	1107	187	1649	0	0	2782	1145	0	
44	3130	13622	195402	232	2141	72	1760	0	0	13139	5812	0	
44	3150	31406	277632	224	1660	352	3477	4	41	27315	9860	171	
44	3170	26633	264345	1366	10180	1614	29292	0	0	20266	8285	6	
44	3190	28362	223681	110	825	0	0	0	0	7679	2282	55	
44	3210	48165	460852	149	1102	490	5866	7	100	25789	9280	408	
44	0	3793139	39776457	69003	559532	54209	799217	1682	25694	2708151	1036741	21868	
		0	0	0	0	0	0	0	0	0	0	0	
													
45	10	13541	131844	0	0	16	375	88037	3222251	27675	11563	50	447
45	30	4424	50534	0	0	0	0	6703	248775	6246	2044	195	1242
45	50	19046	252764	20	275	6	19	5524	183888	4409	2536	8242	85753
45	70	21232	571361	0	0	0	0	660	29600	297	191	28451	198183
45	90	40583	486742	4	40	28	600	530	11500	43601	20449	4585	20533
45	110	4956	58447	0	0	26	240	0	0	4319	1529	242	1072
45	130	24251	129607	12	55	27	205	0	0	58809	13085	40	197
45	150	13301	90741	29	167	45	1040	0	0	61799	18654	5	18
45	170	16197	133176	122	745	135	1150	0	0	105302	37072	11	42
45	190	4592	49280	0	0	0	0	44233	1419188	8076	3240	43	106
45	210	6087	29277	0	0	0	0	0	0	7870	2420	134	431
45	230	2546	27809	0	0	0	0	4014	126315	7605	3653	5	9
45	250	9093	72284	8	30	226	3650	0	0	16675	6822	31	84
45	270	35173	164872	11	85	70	995	0	0	69206	14601	14	42
45	290	7941	96296	0	0	135	2850	0	0	15603	7486	0	0
45	310	22046	103844	33	155	69	737	0	0	76394	14726	66	248
45	330	16658	201262	0	0	95	1765	0	0	8873	3807	2918	20778
45	350	8682	121651	28	225	485	14150	0	0	28268	17539	0	0
45	370	22442	211799	0	0	149	3515	0	0	16118	5821	36	93
45	390	39668	428826	19	155	3	60	9181	196320	45386	16521	104	478
45	410	17697	160359	93	680	455	9469	0	0	61823	20952	1	3
45	430	8141	74070	4	50	0	0	0	0	12276	5136	55	152
45	450	35495	414606	0	0	0	0	5163	132934	2127	631	26912	85251
45	470	22985	352613	0	0	0	0	3864	149200	685	402	24900	155080
45	490	12175	59816	8	35	33	225	0	0	18810	3654	70	230
45	510	1497	28665	0	0	0	0	0	0	15	10	640	2059
45	530	4105	37672	0	0	19	480	71253	2538307	11031	4473	3	14
45	550	43564	589488	3	35	4	25	7032	293940	37620	18604	11777	20869
45	570	39884	783938	0	0	0	0	730	29524	760	664	22595	208876
45	590	4085	26024	4	30	1	10	0	0	1573	488	85	142
45	610	17379	71044	100	365	6	15	0	0	38753	9134	20	96
45	630	6058	71255	0	0	0	0	0	0	2371	1101	72	262
45	650	9563	100667	0	0	235	6930	0	0	22781	13875	0	0
45	670	22041	180049	73	715	130	2830	0	0	39910	12948	14	83
45	690	22668	144819	31	141	10	100	0	0	63501	21759	85	283
45	710	382	10780	0	0	0	0	430	20000	0	0	0	0
45	730	10310	81230	27	173	296	9029	0	0	22359	7510	49	207
45	750	4117	102487	0	0	0	0	948	30914	0	0	1779	14570
45	770	31694	452764	0	0	326	4660	1613	50210	12630	7558	15334	106026
45	790	29287	383524	28	171	497	7189	716	25650	32185	16395	1692	6370
45	810	11962	70772	0	0	4	40	0	0	45623	14150	4	8
45	830	12557	112174	6	55	873	23145	0	0	53836	18371	19	42
45	850	18492	115446	45	340	17	85	0	0	36237	6978	151	510
45	870	482	14505	0	0	0	0	0	0	9	12	0	0
45	890	7917	115239	0	0	0	0	694	39868	0	0	4617	34000
45	910	14144	133239	15	100	42	230	0	0	5693	1827	76	521
45	930	10246	190824	0	0	0	0	2293	86289	277	183	15744	119281
45	950	7750	122963	0	0	0	0	2409	111796	86	51	8517	62645
45	970	70414	837186	48	460	5	45	10625	424926	74039	37221	3680	18399
45	990	35836	629562	0	0	0	0	5996	213636	18066	9905	10657	31468
45	1010	23800	352906	0	0	0	0	1373	45260	173	85	24720	157227
45	1030	7420	64144	0	0	5	100	611	16750	1004	416	207	462
45	1050	14361	151786	0	0	132	1687	24	540	5502	1915	234	504
45	1070	8982	112409	36	260	505	14487	700	31500	27991	15124	0	0
45	1090	20527	293198	0	0	0	0	20	300	733	387	17979	164408
45	1110	38228	199065	46	175	14	65	0	0	40241	9199	22	90
45	1130	33923	373362	0	0	0	0	75346	2568381	23002	8850	11597	37332
45	1150	11476	126958	0	0	14	142	5	162	6098	1953	128	1645
45	1170	28988	300939	0	0	434	5345	3	40	18378	7506	477	1075
45	1190	23169	92504	10	45	206	1552	0	0	45611	7858	114	407
45	1210	10499	138374	0	0	0	0	864	41311	175	90	12078	70675
45	1230	8752	79446	6	20	266	4985	0	0	15614	5346	9	32
45	1250	13746	175716	0	0	323	7680	0	0	5923	1661	2833	32907
45	1270	10283	62067	17	54	67	595	0	0	16578	4056	39	51
45	0	1119540	12403070	886	5836	6434	132496	351594	12289275	1434630	502197	265157	1664018
		0	0	0	0	0	0	0	0	0	0	0	0
													
46	10	11427	141111	0	0	4	80	0	0	10717	3898	1	
46	30	30902	467640	63	830	5	50	0	0	28375	10034	0	
46	50	34807	334526	0	0	211	2316	0	0	29642	9012	283	
46	70	35729	402760	0	0	320	3984	0	0	31049	9842	90	
46	90	18306	217805	10	75	0	0	0	0	13735	4350	0	
46	110	21089	216819	171	1779	1369	17822	0	0	223601	86592	0	
46	130	36803	545521	10	185	218	2359	0	0	15348	5711	21	
46	150	35661	360408	0	0	30	250	0	0	33050	11467	27	
46	170	34831	543797	0	0	22	325	0	0	37441	12808	4	
46	190	23050	274865	145	1720	315	3442	0	0	10586	3778	38	
46	210	19013	239144	0	0	761	19310	0	0	15540	5963	3	
46	230	17916	239966	0	0	20	235	0	0	13547	5115	341	
46	250	21649	262470	27	230	10	200	0	0	29161	9736	9	
46	270	20381	310061	60	895	26	365	0	0	154096	58329	0	
46	290	19697	190420	140	2055	251	2772	0	0	7188	2315	139	
46	310	21544	225103	0	0	41	522	0	0	27650	11476	283	
46	330	36151	478963	131	1755	122	1540	0	0	58036	19816	0	
46	350	9476	105126	0	0	84	1771	0	0	5752	2232	112	
46	370	19056	197479	0	0	187	2566	0	0	6336	2178	84	
46	390	9590	138135	0	0	0	0	1	10	4440	2280	228	
46	410	8565	95882	0	0	0	0	0	0	1061	427	120	
46	430	21171	271431	0	0	2	22	0	0	15693	5808	0	
46	450	2132	32850	0	0	0	0	5	66	85	44	100	
46	470	2474	40501	0	0	2	40	1	10	110	69	17	
46	490	48250	473404	173	1535	268	4845	0	0	64478	19983	77	
46	510	52234	602433	18	310	79	1705	0	0	85302	36509	34	
46	530	11322	134882	0	0	116	3200	0	0	56802	25573	0	
46	550	4890	47305	0	0	240	7400	0	0	19864	8551	0	
46	570	29809	333104	19	350	9	65	0	0	18105	5039	0	
46	590	3187	55633	0	0	5	100	20	324	238	120	90	
46	610	28526	342869	0	0	53	686	0	0	24724	8797	261	
46	630	21149	238580	33	330	135	2080	0	0	17705	6405	13	
46	650	26860	269180	0	0	96	1615	0	0	33197	12522	171	
46	670	26963	345857	0	0	361	5289	0	0	32101	12823	304	
46	690	34476	389291	0	0	13	180	0	0	35901	12016	122	
46	710	36453	427831	84	1090	55	995	0	0	23056	7287	0	
46	730	11755	123756	0	0	6	101	3	31	6567	2670	140	
46	750	29245	327886	222	1724	112	1005	0	0	24788	8620	213	
46	770	18553	159080	0	0	136	2051	0	0	18695	7119	59	
46	790	28659	279377	0	0	68	1077	0	0	34222	9791	56	
46	810	42201	725528	0	0	0	0	0	0	53029	18081	0	
46	830	26879	353995	24	304	0	0	0	0	124907	54405	5	
46	850	29414	301991	33	370	134	2690	8	230	23350	7472	129	
46	870	26908	341001	25	224	576	7829	0	0	39780	13268	2	
46	890	47539	396835	85	731	3210	59289	0	0	71264	19852	90	
46	910	20911	231310	0	0	147	2120	1	10	20729	9193	492	
46	930	40880	422172	95	913	0	0	0	0	49727	13903	0	
46	950	45860	626032	187	1510	329	6773	0	0	55062	17170	5	
46	970	23816	325044	0	0	49	797	0	0	19791	6871	18	
46	990	30426	344871	0	0	40	407	0	0	34154	12495	150	
46	1010	30990	373122	22	130	640	9651	0	0	30474	10724	236	
46	1030	29365	434571	70	836	114	1503	0	0	51067	16980	89	
46	1050	23727	332097	0	0	26	290	0	0	19542	6040	45	
46	1070	41707	488946	141	1500	0	0	0	0	52648	15658	0	
46	1090	10855	137960	0	0	7	36	5	80	708	383	72	
46	1110	9532	111563	0	0	0	0	1	10	5475	2039	165	
46	1130	24698	239749	0	0	483	5242	3	24	26011	9776	275	
46	1150	37923	544492	46	935	0	0	0	0	27565	9508	0	
46	1170	33801	568319	30	650	0	0	0	0	31962	11348	0	
46	1190	12386	134928	30	365	5	120	0	0	65602	27404	0	
46	1210	19935	145503	17	260	370	3775	0	0	15443	4547	127	
46	1230	19327	190182	60	620	637	7038	0	0	17023	5582	123	
46	1250	9651	113783	0	0	389	9303	0	0	45623	20987	0	
46	1270	22075	226125	7	105	589	8865	1	15	20509	8572	225	
46	1290	22638	296103	76	1175	889	10494	0	0	27368	11443	315	
46	1310	6164	72628	0	0	2	40	2	20	494	165	87	
46	1330	17434	236890	3	70	0	0	0	0	192049	82305	0	
46	1350	35499	457820	289	2705	30	1000	0	0	90530	39319	0	
46	1370	31966	348930	90	893	2	50	0	0	46520	12389	0	
46	1390	28382	402785	63	630	0	0	0	0	30190	10363	0	
46	1410	22589	303374	56	540	5	50	0	0	16207	5497	0	
46	1430	9987	119708	8	109	15	240	0	0	81326	31762	0	
46	1450	37307	571310	0	0	2	12	0	0	30589	9879	0	
46	1470	25860	315051	0	0	74	485	0	0	30243	12734	293	
46	1490	15714	207534	13	165	10	300	0	0	16294	6065	1	
46	1510	23953	315210	5	40	251	3655	0	0	130473	57441	0	
46	1530	20294	218781	0	0	37	380	1	10	13613	4265	265	
46	1550	24245	313217	0	0	214	2974	0	0	10883	4152	10	
46	1570	21509	240251	12	240	282	4620	0	0	13695	4883	17	
46	1590	29917	329528	5	31	69	2151	0	0	18795	5871	66	
46	1610	24931	272231	442	5335	39	530	0	0	15495	4001	0	
46	1630	53280	597240	0	0	160	1660	0	0	77248	28249	9	
46	0	2036226	24611961	3240	36249	15578	246734	52	840	3011441	1120146	6751	
		0	0	0	0	0	0	0	0	0	0	0	
													
47	10	23812	426975	11165	107991	2105	27793			5007	2409	0	0
47	30	13251	177825	6840	62929	377	4316			6697	2463	0	0
47	50	7752	135007	1053	9952	495	8185			0	0	0	0
47	70	25019	335747	2844	25297	1726	26168			48157	23414	0	0
47	90	16868	346163	2430	20424	2079	38993			29	23	0	0
47	110	5088	91177	196	1350	350	4785			0	0	0	0
47	130	29234	489657	55	1060	57	998			15959	5259	0	0
47	150	22395	408967	13	255	11	170			24268	12712	0	0
47	170	22963	233983	9	120	151	2493			15389	3916	0	0
47	190	7713	115228	16	202	34	456			894	301	0	0
47	210	20495	442274	3965	41429	664	8629			0	0	0	0
47	230	17054	313874	7077	70333	153	2062			2422	990	0	0
47	250	22157	301727	8774	104066	3680	51113			28495	13598	0	0
47	270	15303	234109	5054	46983	248	4517			1216	435	0	0
47	290	14013	183267	7	75	10	150			7170	2866	0	0
47	310	4493	72855	0	0	12	340			1544	468	0	0
47	330	13991	267378	4730	40323	143	1454			1958	813	0	0
47	350	19398	294476	11485	150849	1231	20689			25065	11260	0	0
47	370	27732	375486	10626	88664	1849	27534			19023	9827	0	0
47	390	21424	362182	805	9732	42	475			0	0	0	0
47	410	7388	161933	32	580	0	0			9001	5583	0	0
47	430	8805	127737	2105	13825	9	150			0	0	0	0
47	450	35141	519058	3468	42499	518	7395			69986	40325	0	0
47	470	32143	334161	22	235	81	1021			2465	634	0	0
47	490	17543	283457	3	60	316	4522			4694	1796	0	0
47	510	24609	289490	169	2284	33	590			38396	18517	0	0
47	530	10458	140749	73	1200	7	80			3594	1561	0	0
47	550	309	4930	7	95	0	0			13	9	0	0
47	570	22914	453847	22154	303987	4480	71522			6022	2728	0	0
47	590	13051	242437	9419	113045	1079	16108			8087	4352	0	0
47	610	28780	391790	16	171	1	20			15019	5766	0	0
47	630	8487	152197	1820	17605	86	1076			3968	1999	0	0
47	650	27551	394560	30	452	15	279			57060	31650	0	0
47	670	17332	449472	12195	185943	2879	57737			835	397	0	0
47	690	23084	330424	259	2852	11	200			38129	21448	0	0
47	710	19266	234367	4398	52761	887	14267			24117	10930	0	0
47	730	13347	241751	16	340	11	143			9363	4780	0	0
47	750	6147	78590	45	538	2	20			0	0	0	0
47	770	20325	329915	2014	15907	91	944			10224	5150	0	0
47	790	19075	297063	30	456	0	0			19306	9780	0	0
47	810	29966	588160	14389	185231	2227	37321			2208	1046	0	0
47	830	29768	390599	383	5035	0	0			64909	30379	0	0
47	850	21004	352319	598	5807	102	1875			43251	29381	0	0
47	870	13228	305984	1907	17751	689	9867			0	0	0	0
47	890	14824	313016	1222	15192	158	3250			0	0	0	0
47	910	12890	224636	33	352	26	636			16909	9072	0	0
47	930	18600	219631	483	6230	192	4338			33501	12427	0	0
47	950	14953	232878	11	94	1105	37588			5205	1449	0	0
47	970	31061	458442	15346	156883	1488	21563			35369	15259	0	0
47	990	12243	213158	1157	9588	144	2198			0	0	0	0
47	1010	47241	741798	222	3753	71	2035			85332	51657	0	0
47	1030	15778	184785	0	0	14	280			7721	1716	0	0
47	1050	10378	148065	1256	11117	88	1387			13891	7797	0	0
47	1070	28005	496942	10	125	0	0			23611	11843	0	0
47	1090	16052	220097	6032	91251	818	10091			24052	12171	0	0
47	1110	10886	181723	2256	21956	69	1266			121	34	0	0
47	1130	14213	279799	3070	29833	182	2084			0	0	0	0
47	1150	18135	422812	2964	21529	1073	13185			0	0	0	0
47	1170	16946	307441	0	0	25	480			18692	8620	0	0
47	1190	34155	333015	2992	30162	857	14120			50205	18980	0	0
47	1210	7690	159961	308	2720	430	6758			0	0	0	0
47	1230	12964	198517	4610	45286	1093	14134			12082	5603	0	0
47	1250	15340	216171	4732	38651	502	7841			13379	6529	0	0
47	1270	27149	490822	84	1214	46	1096			63532	42905	0	0
47	1290	997	17198	0	0	4	60			25	8	0	0
47	1310	20923	323341	28	506	4	70			39336	20388	0	0
47	1330	16064	169269	11	155	2	40			6412	1321	0	0
47	1350	17396	273423	6780	55872	305	3489			4113	1657	0	0
47	1370	10795	244822	10	50	0	0			6052	2933	0	0
47	1390	18257	327135	4	74	21	325			10217	4436	0	0
47	1410	10092	102195	0	0	48	725			3145	690	0	0
47	1430	15051	266682	17	175	10	207			12784	6312	0	0
47	1450	16553	333332	3498	29054	316	2724			1488	668	0	0
47	1470	37382	625134	29	314	10	250			40784	20742	0	0
47	1490	10101	142628	395	3570	41	721			8393	4048	0	0
47	1510	30862	583341	22363	268295	3677	58479			5020	1933	0	0
47	1530	17016	188862	410	3357	202	2330			36875	14618	0	0
47	1550	52046	524171	419	4496	176	4633			84887	26871	0	0
47	1570	23040	401860	9079	80344	267	3382			178	83	0	0
47	1590	24049	482668	21988	324259	5543	86763			27060	14052	0	0
47	1610	28190	406013	3236	31758	425	5195			30171	14487	0	0
47	1630	40944	679723	84	1385	13	260			61186	33367	0	0
47	1650	16611	212211	256	4881	414	11907			42923	15407	0	0
47	1670	19393	265865	17940	170822	4599	54724			17432	8541	0	0
47	1690	18202	341910	9194	84119	200	2847			19	5	0	0
47	1710	29090	541035	9192	88938	343	5734			18	7	0	0
47	1730	9047	144941	160	1256	60	779			0	0	0	0
47	1750	8167	179583	137	1795	26	295			0	0	0	0
47	1770	8836	119651	0	0	4	20			3619	905	0	0
47	1790	32940	406147	3954	32011	2027	27342			55857	24385	0	0
47	1810	11205	136485	544	5481	10	114			10849	5237	0	0
47	1830	36384	489405	805	10452	148	2130			59837	34391	0	0
47	1850	15404	156006	455	4115	9	130			28797	11877	0	0
47	1870	10716	226350	2	30	0	0			6019	2318	0	0
47	1890	8546	177566	505	4680	573	10764			0	0	0	0
47	1910	40589	639244	146	1743	20	335			45324	27737	0	0
47	1930	38510	566642	12188	103327	372	4210			749	379	0	0
47	1950	24089	433773	66	1156	34	692			43804	29372	0	0
47	1970	21410	385457	12469	126636	1249	18531			2329	826	0	0
47	1990	12402	286796	945	6455	1535	21772			0	0	0	0
47	0	1930678	30547920	336793	3688190	60009	932766	1	25	1733244	855028	0	0
		0	0	0	0	0	0	1	25	0	0	0	0
													
48	10	21339	225059	1294	11512	1351	23087	0	0	46213	20182		
48	30	68891	695783	767	6555	1151	18948	0	0	76102	31951		
48	50	31001	262066	60	500	222	4862	4	67	33561	11878		
48	70	52358	725318	5474	61998	4926	108386	0	0	121109	63279		
48	90	33522	304707	143	2285	219	4004	99	1034	36955	11930		
48	110	45220	418332	214	1874	194	3135	4	41	49271	19417		
48	130	17726	283538	0	0	196	2292	669	12594	6232	1993		
48	150	21848	265262	31	232	242	3611	193	1377	12710	4144		
48	170	24361	382308	380	6119	4758	108554	100	760	28618	10201		
48	190	20277	421703	15	120	59	1560	380	3743	7366	3198		
48	210	24148	311478	2288	26511	427	7775	0	0	44078	20191		
48	230	28733	290526	744	6832	1138	22342	0	0	53924	21265		
48	250	38979	489996	498	4866	292	7687	0	0	65214	27484		
48	270	44128	475914	153	2094	554	9721	33	261	37439	10235		
48	290	39833	441236	4	25	260	3695	1022	18729	21919	6556		
48	310	37901	566528	1345	20135	2343	47651	0	0	63254	19792		
48	330	25285	319725	142	2634	884	19864	0	0	46829	18669		
48	350	21050	257218	0	0	451	9984	188	1951	17160	5804		
48	370	27725	340951	686	7189	981	17451	0	0	30063	15369		
48	390	25522	258937	233	2295	759	13360	0	0	35608	12643		
48	410	48436	618664	378	4804	2022	50480	4	50	36779	11804		
48	430	11784	105081	5	18	36	550	133	2772	3833	1208		
48	450	50079	755725	3489	35149	1332	20770	0	0	83994	47315		
48	470	23342	238708	629	5565	1068	16971	0	0	38057	16105		
48	490	29846	369041	5	22	290	5792	543	8204	19675	7200		
48	510	40855	390754	11	140	144	2411	61	696	11120	2568		
48	530	12768	167643	76	805	15	150	462	5942	6417	2442		
48	550	39777	389876	198	1828	1067	19248	0	0	50428	18462		
48	570	23340	253977	901	8672	1185	21444	0	0	41615	14963		
48	590	35764	418915	1622	16345	2282	41491	0	0	73805	35828		
48	610	29662	377268	240	2181	1532	48059	4	19	57134	21147		
48	630	44973	520611	6543	52748	1995	32525	2	49	41689	18391		
48	650	16941	173800	211	1543	838	12587	0	0	17224	6580		
48	670	18968	264587	48	655	478	10604	0	0	21385	8830		
48	690	24051	327152	303	4078	769	25483	0	0	74503	32330		
48	710	34791	335505	4407	40592	2788	45922	0	0	45672	19739		
48	730	31176	455701	1436	16304	1105	22453	0	0	37716	19515		
48	750	82894	1122019	905	11240	6139	142472	494	4296	111524	40156		
48	770	28917	457943	1167	9302	1188	16057	0	0	39101	21373		
48	790	28116	287039	892	7252	1442	30811	1	4	31832	10273		
48	810	28527	353556	3297	29223	2921	54392	1	9	25956	11582		
48	830	61045	821150	6103	62499	1086	19282	0	0	129055	69950		
48	850	44079	512501	590	7608	1949	43379	18	163	57917	18005		
48	870	22763	270057	639	6835	653	9379	0	0	32640	13652		
48	890	46709	515416	28	252	303	6986	46	267	34987	10171		
48	910	37670	411778	3476	36541	2636	49923	0	0	66243	28454		
48	0	1547120	18651052	52070	525977	58670	1187590	4461	63028	2023926	844224	1802	
		0	0	0	0	0	0	0	0	0	0	1802	0
													
49	10	37376	392033	100	825	34	788	0	0	95308	20768	25	
49	30	850	10260	0	0	0	0	0	0	442	73	0	
49	50	14261	107569	226	1498	21	292	0	0	26261	5861	131	
49	70	43	1210	0	0	0	0	0	0	353	80	0	
49	90	627	7585	16675	316457	16046	433223	0	0	19828	5011	0	
49	110	1418	21271	19959	231300	17575	299563	0	0	8431	2066	0	
49	130	19301	353569	50	747	3	75	0	0	81455	15929	0	
49	150	35732	619955	168	1994	0	0	0	0	66465	23258	4	
49	170	1205	25775	251	2542	101	2075	0	0	17509	2949	0	
49	190	6476	122399	222	4302	11410	299869	0	0	1655	324	0	
49	210	30198	601695	214	3795	52	1548	0	0	111911	27931	98	
49	230	2915	40301	11792	268649	8627	286837	0	0	61052	18978	0	
49	250	16388	299867	0	0	5	125	0	0	57853	13858	0	
49	270	57213	1267610	1333	35413	27923	886899	0	0	226157	73202	0	
49	290	50093	1255756	759	16093	18429	693779	0	0	93274	26142	23	
49	310	9002	182543	284	2574	2418	51581	0	0	19312	4896	0	
49	330	61	549	217	2488	0	0	0	0	19274	5893	0	
49	350	23698	339372	11208	217516	32141	1002843	0	0	91724	22356	2	
49	370	41787	476977	0	0	178	3139	0	0	108050	27515	31	
49	390	14749	251968	19	320	0	0	2470	121519	24209	9428	1216	
49	410	19919	231743	153	1515	15	300	0	0	77662	20089	0	
49	430	0	0	0	0	0	0	0	0	200	130	0	
49	450	553	10175	16580	264855	3150	65225	0	0	25431	10488	0	
49	470	1070	18385	0	0	0	0	0	0	22071	3697	0	
49	490	17332	281761	4812	105164	27813	996470	0	0	79561	17678	0	
49	510	21876	274699	56	651	0	0	0	0	87654	25678	4	
49	530	19220	409417	755	15234	8988	274105	0	0	57352	13475	2	
49	550	23393	510324	64	685	17	240	0	0	149602	48569	348	
49	570	2660	46639	0	0	0	0	0	0	19325	6228	0	
49	590	5599	81347	5417	124912	7895	272681	0	0	56161	16773	0	
49	610	7514	273488	0	0	25	550	0	0	68755	31522	1	
49	630	14250	81412	0	0	13	130	0	0	32630	6024	97	
49	650	361	6035	81708	1057212	21355	333605	0	0	3800	1233	0	
49	670	42149	291045	101	718	44	454	0	0	104462	21663	102	
49	690	1277	21071	19469	235408	6638	89791	0	0	8404	1270	0	
49	710	2163	31948	0	0	0	0	9388	427349	3122	1421	29	
49	730	41304	351495	150	1900	163	3412	0	0	109719	20144	131	
49	750	387	5337	7059	102503	744	15841	0	0	91915	43023	0	
49	770	15198	180718	17043	339459	31219	894323	0	0	92535	32465	0	
49	790	310	4808	0	0	0	0	0	0	2165	333	0	
49	810	1611	20769	101	2223	1151	29866	0	0	35007	7699	0	
49	830	6032	98463	2788	65573	25895	994338	0	0	138909	41574	0	
49	850	65395	1077656	13773	302509	20337	752393	0	0	270999	95806	0	
49	870	11197	180822	3264	58627	170	4055	0	0	95376	45745	0	
49	890	22425	415907	0	0	0	0	12036	493099	61301	20484	3	
49	910	14887	278052	448	6613	3386	97129	0	0	22172	5564	0	
49	930	31739	394008	1552	27119	13319	422500	0	0	85541	18263	0	
49	950	1070	18623	2517	61514	6405	263324	0	0	48239	13872	0	
49	970	28909	399586	27042	570472	36295	1177140	0	0	112346	36271	0	
49	990	37835	698767	3571	63735	39101	1284215	0	0	135399	35438	1	
49	1010	1277	21759	2393	40938	154	4325	0	0	81289	33245	0	
49	1030	0	0	0	0	0	0	0	0	0	0	0	
49	1050	0	0	0	0	0	0	0	0	0	0	0	
49	1070	224	4810	12339	253977	439	9849	0	0	125909	39795	0	
49	1090	0	0	0	0	0	0	0	0	0	0	0	
49	1110	7418	102425	5027	52669	235	2055	0	0	629	62	0	
49	1130	42779	753190	5516	113346	27583	874488	0	0	202535	68862	0	
49	1150	1387	16767	100	1485	20	600	0	0	140787	50575	0	
49	1170	807	11594	26303	271406	10141	127075	0	0	5307	705	0	
49	1190	11689	143107	54	765	2669	56486	0	0	84860	25758	0	
49	1210	38088	456495	32219	647763	52226	1608380	0	0	158897	52784	0	
49	1230	43004	883606	56	1201	0	0	0	0	163878	50175	1	
49	1250	1127	15122	723	11620	65	1680	0	0	96575	31944	0	
49	1270	2112	41114	0	0	0	0	0	0	4707	612	0	
49	1290	5044	78880	5114	77077	835	16140	0	0	44366	16855	0	
49	1310	5053	76755	0	0	0	0	0	0	53567	7285	0	
49	1330	18424	194338	1895	30832	8142	198904	0	0	51566	11518	0	
49	1350	35	495	0	0	0	0	0	0	1415	272	0	
49	1370	566	11593	7	125	0	0	0	0	0	0	0	
49	1390	46592	747031	1853	36985	17030	520570	0	0	347057	119360	373	
49	1410	267	6706	42	1130	2	40	0	0	35303	32573	70	
49	1430	35992	435826	1781	26548	12433	326699	0	0	93728	20372	0	
49	1450	43141	854453	361	8352	6871	177270	0	0	217492	71982	116	
49	1470	68717	964624	2757	51179	17702	497467	0	0	230438	74929	0	
49	1490	53727	1082219	131	2440	14	170	0	0	116948	38966	56	
49	1510	626	7468	644	10432	506	17858	0	0	144917	34676	0	
49	1530	1318	19179	97546	1878988	9171	168984	0	0	74909	22418	0	
49	1550	1657	34074	33434	834001	4513	113280	0	0	39315	15406	0	
49	1570	34457	635184	49	805	0	0	725	21500	102909	41011	1644	
49	1590	13845	106030	36	271	303	9760	0	0	36917	8046	112	
49	1610	26760	270131	47	437	298	7881	0	0	91873	20217	8	
49	1630	22360	405018	54	1380	30	300	0	0	73333	10244	0	
49	1650	5204	63120	0	0	27	150	0	0	12608	2989	0	
49	1670	647	12564	0	0	0	0	325	8000	566	209	0	
49	1690	144	1640	316	6286	170	1679	0	0	49561	14655	0	
49	1710	18786	390647	1852	30415	9306	285000	0	0	49358	12234	0	
49	1730	0	0	0	0	0	0	0	0	4635	953	0	
49	1750	18564	361195	1	10	0	0	0	0	72013	21541	1	
49	1770	43133	912836	0	0	18	360	0	0	151392	43683	1	
49	1790	4866	86535	74822	1060860	7210	151204	0	0	10180	3650	0	
49	1810	55680	914285	16121	266894	49784	1610627	0	0	210345	70515	0	
49	1830	11087	69381	79	411	13	234	0	0	42452	7961	45	
49	1850	21201	211494	51	185	0	0	0	0	85757	21566	6	
49	1870	52236	1094163	241	3105	530	12578	0	0	162577	51439	21	
49	1890	1227	19876	68765	1220559	4130	81796	0	0	91939	28563	0	
49	1910	3673	69739	1067	16282	93	2025	0	0	114901	55899	0	
49	1930	24298	382223	3049	62496	35856	1225176	0	0	84713	16916	0	
49	1950	172	1310	62544	592864	6304	68448	0	0	882	144	0	
49	1970	1503	22885	24518	436092	1549	30643	0	0	76983	37406	0	
49	1990	2288	41817	0	0	0	0	0	0	1214	547	2	
49	2010	21519	351509	40	1000	0	0	1568	67266	29736	10682	5	
49	2030	32060	203674	25	133	45	430	0	0	108560	17185	28	
49	2050	1912	22724	9285	75266	676	5950	0	0	1859	182	0	
49	2070	1709	30123	2825	57645	8286	256130	0	0	177973	55342	0	
49	2090	16946	352379	43	1210	1024	22494	0	0	67676	17869	2	
49	2110	1927	14796	9776	137826	1587	24243	0	0	4846	1197	0	
49	2130	38030	393106	225	2568	319	7590	0	0	104012	21188	64	
49	2150	8088	317751	10	300	0	0	0	0	106660	49817	0	
49	2170	55678	1047454	1027	25470	19167	671979	0	0	302382	93324	2	
49	2190	426	4610	0	0	0	0	0	0	20613	5096	0	
49	2210	15533	172980	704	11467	3903	102297	0	0	34944	7619	0	
49	2230	41995	326491	338	5569	5865	164648	0	0	137154	27270	145	
49	2250	36047	320650	244	1860	335	9030	0	0	120699	30496	110	
49	2270	235	1770	2	16	0	0	0	0	74815	20721	0	
49	2290	0	0	0	0	0	0	0	0	8054	7558	0	
49	2310	43074	569571	722	12876	16731	451442	0	0	231754	62122	0	
49	2330	218	2295	16544	150915	3548	54890	0	0	1539	163	0	
49	2350	112	2975	15	325	80	1735	0	0	2521	806	0	
49	2370	9423	113532	4433	73686	13593	353895	0	0	27916	8035	0	
49	2390	15985	240481	31	270	0	0	5665	197268	43580	10192	0	
49	2410	6885	53973	0	0	0	0	0	0	5301	1426	0	
49	2430	139	1930	0	0	0	0	0	0	21	7	0	
49	2450	2237	25995	0	0	0	0	16871	603393	1749	657	0	
49	2470	641	9247	0	0	0	0	0	0	14259	2829	0	
49	2490	6040	122875	0	0	0	0	0	0	44429	9308	0	
49	2510	31458	482065	1325	30230	17514	605872	0	0	159298	46621	0	
49	2530	1585	36430	4472	109183	1482	44118	0	0	200740	52695	0	
49	2550	34726	779780	49	990	0	0	0	0	155615	46634	2	
49	2570	30961	377910	212	3021	9795	308071	0	0	206836	63832	0	
49	2590	7376	159697	2225	36754	14415	489917	0	0	7029	1655	0	
49	2610	21	365	0	0	0	0	0	0	1263	203	0	
49	2630	1189	9561	25	750	0	0	0	0	36033	8675	0	
49	2650	5989	119437	3603	56233	13525	443301	0	0	3509	801	0	
49	2670	2688	54449	130	1921	385	11530	0	0	6834	1562	0	
49	2690	191	2840	195	4540	90	3148	0	0	10243	3945	0	
49	2710	950	13635	0	0	20	200	0	0	2143	467	0	
49	2730	1297	29585	0	0	0	0	0	0	19237	4384	0	
49	2750	4004	52259	7519	175309	3470	90522	0	0	110515	42559	0	
49	2770	54835	725257	116	1087	4572	103109	0	0	208960	69943	0	
49	2790	905	19195	989	14227	333	4775	0	0	35099	10129	0	
49	2810	16020	252856	562	11654	12868	474628	0	0	38471	8043	0	
49	2830	4105	81045	5	100	0	0	0	0	39764	5230	0	
49	2850	43458	928253	65	1730	13	306	0	0	107311	34111	8	
49	2870	22067	297969	81	855	34	710	0	0	44325	10903	2	
49	2890	28438	301204	143	1230	4	48	0	0	78802	19782	25	
49	2910	10426	137591	16	125	0	0	8198	373273	11926	4847	27	
49	2930	46797	741380	207	3867	6805	206687	0	0	254383	62687	1	
49	2950	1313	10824	65342	885123	2121	28448	0	0	321	52	0	
49	2970	8060	175955	36	1264	0	0	0	0	36543	9263	0	
49	2990	7183	104220	8	100	140	2768	0	0	11754	2326	0	
49	3010	0	0	0	0	0	0	0	0	326	64	0	
49	3030	1174	10418	2000	30718	175	4610	0	0	136518	41110	0	
49	3050	461	5295	656	14336	153	4120	0	0	102001	34280	0	
49	3070	5914	103135	570	9451	10923	389883	0	0	84065	26009	0	
49	3090	48567	898939	2930	61098	40775	1345229	0	0	334559	100233	1	
49	3110	1548	27880	0	0	0	0	0	0	4256	982	0	
49	3130	20716	210141	0	0	13	100	0	0	57885	13657	3	
49	3150	9598	50624	12	66	9	29	0	0	29082	4027	2	
49	3170	201	2130	0	0	0	0	0	0	37135	8324	0	
49	3190	7525	98913	49	811	1021	27748	0	0	22142	4406	0	
49	3210	10582	165413	11	230	0	0	61599	2724865	27500	8863	3	
49	3230	218	2136	0	0	0	0	0	0	957	115	0	
49	3250	60056	1510231	304	7542	14193	564549	0	0	38870	7165	0	
49	3270	1736	33806	299	5935	330	10162	0	0	9534	2833	0	
49	3290	54	520	0	0	0	0	0	0	11936	3439	0	
49	3310	44872	751111	0	0	1043	31359	0	0	223418	63284	1	
49	3330	14476	232487	801	16018	13741	483220	0	0	48632	10443	0	
49	3350	308	3465	0	0	0	0	0	0	103626	31141	0	
49	3370	31763	442320	992	13922	9995	247705	0	0	95456	30546	0	
49	3390	11220	116127	0	0	0	0	0	0	25287	5919	52	
49	3410	681	9840	3613	39191	1508	19616	0	0	5041	724	0	
49	3430	13733	96892	92	885	20	200	0	0	41928	8301	47	
49	3450	912	13744	1451	29334	340	6775	0	0	42360	17586	0	
49	3470	34796	255941	108	615	89	730	0	0	65932	13360	132	
49	3490	52666	816614	529	14617	9243	236687	0	0	301117	81189	0	
49	3510	6056	53440	0	0	0	0	0	0	3853	934	111	
49	3530	771	9713	118	2908	657	19411	0	0	83497	19462	0	
49	3550	2903	89309	0	0	0	0	0	0	164187	62916	0	
49	3570	70	639	68960	890136	3169	48677	0	0	1713	164	0	
49	3590	253	4198	20669	231900	3968	56959	0	0	1556	233	0	
49	3610	1038	10180	0	0	4	60	3108	102085	490	137	55	
49	3630	12475	128661	3952	67202	8567	203306	0	0	26005	5975	0	
49	3650	20277	124940	0	0	4	60	0	0	76346	15788	13	
49	3670	30238	372660	6130	85269	11267	255017	0	0	60520	15545	0	
49	3690	2354	48975	4236	47507	4234	52376	0	0	6340	670	0	
49	3710	18	495	44	1287	256	12977	0	0	8901	2572	0	
49	3730	10570	100974	49	580	13	195	0	0	31590	10381	50	
49	3750	137	1474	11437	102363	6912	88946	0	0	1203	72	0	
49	3770	391	5175	137	1655	8	120	0	0	5411	2663	0	
49	3790	12251	101101	28	210	2167	43311	0	0	41830	6322	16	
49	3810	1010	13311	33906	394538	21203	350717	0	0	10750	1408	0	
49	3830	0	0	0	0	0	0	0	0	0	0	0	
49	3850	3351	45069	46	910	414	10599	0	0	344	53	0	
49	3870	51405	600583	173	2060	236	5843	0	0	149309	43072	9	
49	3890	22	530	130	1960	102	4030	0	0	6777	2750	0	
49	3910	6535	175350	0	0	0	0	0	0	34067	8626	0	
49	3930	179	965	30706	526403	1613	39199	0	0	1117	167	0	
49	3950	27228	306320	125	1554	194	3850	0	0	149597	35366	0	
49	3970	8431	142393	50	846	2141	65808	0	0	60515	21682	0	
49	3990	2458	38914	4398	107447	12548	499472	0	0	165373	50985	0	
49	4010	42552	271547	150	1039	49	445	0	0	132070	24209	82	
49	4030	8828	58691	17	470	0	0	0	0	16711	3025	53	
49	4050	10888	58134	0	0	7	60	0	0	30636	5991	94	
49	4070	7477	69043	22	155	0	0	0	0	18999	5804	52	
49	4090	1624	33872	0	0	0	0	0	0	101716	27139	0	
49	4110	12182	234758	288	7604	8203	352040	0	0	59958	13310	0	
49	4130	749	13466	296	5760	1042	38695	0	0	9742	3751	0	
49	4150	328	2487	622	14530	70	1089	0	0	100281	30034	0	
49	4170	609	6907	4729	120468	7107	250749	0	0	17001	5078	0	
49	4190	28613	170693	21	105	96	526	0	0	78768	15004	139	
49	4210	275	3985	39433	364881	2636	23367	0	0	286	15	0	
49	4230	41547	288893	216	1500	0	0	0	0	131860	24596	204	
49	4250	5415	52715	582	6768	1503	30728	0	0	14621	3276	0	
49	4270	1282	24433	0	0	0	0	0	0	22772	4470	0	
49	4290	2726	40198	4824	97509	12298	435463	0	0	11177	2750	0	
49	4310	98	1110	0	0	0	0	0	0	1665	223	0	
49	4330	591	7361	428	9530	482	14213	0	0	44518	10734	0	
49	4350	281	4860	0	0	34	870	0	0	564	156	0	
49	4370	385	4685	67915	880258	18636	282228	0	0	21304	4149	0	
49	4390	24868	301961	6655	120191	29496	991527	0	0	116533	37686	0	
49	4410	1465	22178	6757	138875	8569	332732	0	0	139396	41502	0	
49	4430	95	2185	0	0	0	0	0	0	30	28	0	
49	4450	13594	167639	0	0	0	0	0	0	71598	15097	0	
49	4470	1115	9980	4928	113802	7266	240538	0	0	28609	9402	0	
49	4490	23041	176479	80	690	58	890	0	0	63507	15253	112	
49	4510	296	5331	2583	51238	9067	286572	0	0	41208	10428	0	
49	4530	36405	740720	137	2695	2135	42141	0	0	156685	45948	19	
49	4550	8949	76422	8	80	10	100	0	0	23428	6073	108	
49	4570	5976	68439	0	0	15	180	0	0	6102	1935	17	
49	4590	30899	192461	75	355	4	40	0	0	87744	13880	147	
49	4610	0	0	0	0	0	0	0	0	0	0	0	
49	4630	17643	496788	22	310	12523	575029	0	0	25627	4925	0	
49	4650	190	3320	0	0	1400	43000	0	0	6	2	0	
49	4670	49986	493074	124	1272	6393	193042	0	0	159000	29354	36	
49	4690	18309	351783	56	525	0	0	0	0	68197	20782	1	
49	4710	10118	80782	61	568	0	0	0	0	37099	8929	24	
49	4730	17483	253131	0	0	0	0	335	18550	34453	11554	9	
49	4750	0	0	0	0	0	0	0	0	14161	5291	0	
49	4770	33753	581164	10	200	0	0	0	0	91180	27486	3	
49	4790	1769	29275	0	0	0	0	0	0	13060	2230	0	
49	4810	30869	549401	79	1210	0	0	23638	1244894	98049	34998	0	
49	4830	16842	212414	6395	130582	634	11266	0	0	53039	20055	0	
49	4850	3131	37077	31999	637295	12937	319379	0	0	32481	12499	0	
49	4870	9538	154586	22860	560231	11279	299554	0	0	127515	63406	0	
49	4890	794	18286	0	0	30	450	0	0	20388	5905	0	
49	4910	52771	1126217	354	6873	8064	223539	0	0	318057	105032	4	
49	4930	42251	799951	0	0	83	2550	0	0	98592	22709	0	
49	4950	0	0	0	0	0	0	0	0	0	0	0	
49	4970	33941	434500	7591	144154	12244	317316	0	0	80218	24947	6	
49	4990	38765	282969	13	105	15	158	0	0	87554	15676	191	
49	5010	2081	27335	0	0	0	0	0	0	6178	1349	0	
49	5030	6989	82262	12314	281764	16640	509227	0	0	58639	16788	0	
49	5050	1370	23090	0	0	0	0	0	0	6691	1393	0	
49	5070	2508	55778	0	0	326	9100	0	0	5983	849	0	
49	0	3615583	54143427	1311776	20881516	1212817	36052273	145926	6403061	16658356	4856142	6921	
		0	0	0	0	0	0	0	0	0	0	0	
													
51	10	36402	718859	4017	28842	526	6550	0	0	29	10	0	0
51	30	29246	534612	2158	17895	196	2368	0	0	29	8	0	0
51	50	10533	274912	594	5943	165	2784	0	0	0	0	0	0
51	70	24956	582239	2009	20091	59	1505	0	0	1378	326	0	0
51	90	44678	751175	6549	50020	569	7584	0	0	2	1	0	0
51	110	19945	537191	492	5706	205	4682	0	0	0	0	0	0
51	130	8485	171428	0	0	4	80	0	0	0	0	0	0
51	150	13143	369719	88	1023	902	21122	0	0	0	0	0	0
51	170	20769	788951	1317	15831	1048	23825	0	0	0	0	0	0
51	190	4170	95130	57	1058	11	165	0	0	0	0	0	0
51	210	14909	561639	3947	50641	392	8578	0	0	0	0	0	0
51	230	10197	283686	282	2177	218	6702	0	0	0	0	0	0
51	250	28251	454741	10	90	163	1717	0	0	0	0	0	0
51	270	41179	827968	2385	25394	443	9059	0	0	0	0	0	0
51	290	16175	375830	1613	14861	637	10053	0	0	0	0	0	0
51	310	39545	654871	802	6740	284	4608	0	0	8	3	0	0
51	330	23904	392093	881	9599	67	1547	0	0	30	17	0	0
51	350	39214	663628	1593	15653	25	320	0	0	984	305	0	0
51	370	6655	160436	335	3165	1641	40463	0	0	0	0	0	0
51	390	22219	513172	1447	15820	5	100	0	0	857	332	0	0
51	410	7724	223590	615	10326	253	6088	0	0	0	0	0	0
51	430	20059	358010	770	5396	361	4701	0	0	0	0	0	0
51	450	30893	722852	1255	10903	258	3313	0	0	0	0	0	0
51	470	55136	1286601	10765	102448	265	3808	0	0	1179	348	0	0
51	490	15906	692342	487	10074	233	5944	0	0	0	0	0	0
51	510	25890	517489	32	419	121	1604	0	0	0	0	0	0
51	530	19773	331535	1282	8631	313	3673	0	0	0	0	0	0
51	550	30305	571646	44	489	109	1580	0	0	0	0	0	0
51	570	25126	566582	266	1724	243	2671	0	0	0	0	0	0
51	590	43627	1020536	5694	71809	653	14991	0	0	0	0	0	0
51	610	25262	426633	487	4389	47	559	0	0	0	0	0	0
51	630	15514	231666	68	447	7	100	0	0	0	0	0	0
51	650	15799	401321	32	222	27	487	0	0	0	0	0	0
51	670	16592	654841	2329	35789	492	15365	0	0	0	0	0	0
51	690	20926	636473	1714	18229	576	13928	0	0	0	0	0	0
51	710	24835	457893	0	0	68	1257	0	0	0	0	0	0
51	730	10851	276267	553	9435	231	6244	0	0	0	0	0	0
51	750	20575	597144	2071	19925	305	4969	0	0	24351	7477	0	0
51	770	4538	102650	41	846	75	1709	0	0	0	0	0	0
51	790	25206	917445	1490	15172	713	14986	0	0	0	0	0	0
51	810	9439	312767	65	712	303	8663	0	0	0	0	0	0
51	830	58677	1264245	1068	11459	71	1045	0	0	489	184	0	0
51	850	47166	791357	1802	13834	479	6357	0	0	0	0	0	0
51	870	23939	545254	2683	22049	179	2158	0	0	0	0	0	0
51	890	16258	292805	190	2232	71	1225	0	0	0	0	0	0
51	910	16118	380872	1316	13469	289	6158	0	0	0	0	0	0
51	930	45186	932180	3402	26338	1297	21268	0	0	0	0	0	0
51	950	6129	107678	25	279	0	0	0	0	0	0	0	0
51	970	15800	508714	1299	14436	510	12068	0	0	0	0	0	0
51	990	33192	716351	656	5357	145	1639	0	0	0	0	0	0
51	1010	71154	1889477	3908	43805	321	6442	0	0	0	0	0	0
51	1030	17923	525429	1130	14949	916	20946	0	0	0	0	0	0
51	1050	27099	695203	2426	23709	175	3080	0	0	6024	2078	0	0
51	1070	37059	650447	2112	21134	342	5244	0	0	35	7	0	0
51	1090	16329	297297	148	924	280	2994	0	0	0	0	0	0
51	1110	14653	407091	3032	50348	890	19945	0	0	0	0	0	0
51	1130	15467	567855	1968	24061	371	9705	0	0	0	0	0	0
51	1150	17057	281999	0	0	5	50	0	0	0	0	0	0
51	1170	6217	179815	105	1047	321	7147	0	0	0	0	0	0
51	1190	15472	271850	7	100	5	48	0	0	0	0	0	0
51	1210	21951	416140	24	275	34	545	0	0	0	0	0	0
51	1230	23290	546047	3328	23720	780	8241	0	0	0	0	0	0
51	1250	21022	512594	678	6795	938	11863	0	0	0	0	0	0
51	1270	20367	326209	87	748	140	2185	0	0	0	0	0	0
51	1290	9667	183309	48	691	132	895	0	0	0	0	0	0
51	1310	14825	231368	23	330	20	160	0	0	0	0	0	0
51	1330	12132	202218	0	0	0	0	0	0	0	0	0	0
51	1350	18946	439702	785	8357	271	4101	0	0	0	0	0	0
51	1370	25569	601244	2240	22621	1345	27373	0	0	0	0	0	0
51	1390	27318	533327	516	4576	133	2411	0	0	167	46	0	0
51	1410	45838	1109766	9042	86942	232	4678	0	0	215	69	0	0
51	1430	17037	353630	194	1936	16	225	0	0	55	20	0	0
51	1450	23498	526695	1424	12642	154	2348	0	0	133	48	0	0
51	1470	6410	104828	26	176	4	30	0	0	0	0	0	0
51	1490	25430	505892	1885	18872	248	3680	0	0	0	0	0	0
51	1510	37321	1279910	220	1889	296	4797	0	0	0	0	0	0
51	1530	20435	353983	38	515	9	165	0	0	0	0	0	0
51	1550	20569	586283	1627	15364	478	7830	0	0	0	0	0	0
51	1570	26933	500952	1993	17789	135	2729	0	0	726	256	0	0
51	1590	7920	127772	0	0	0	0	0	0	0	0	0	0
51	1610	17493	658889	2367	23135	639	16346	0	0	0	0	0	0
51	1630	20041	416287	2629	20799	711	11060	0	0	0	0	0	0
51	1650	9297	140248	4	80	14	203	0	0	0	0	0	0
51	1670	20061	632462	5027	51388	753	16263	0	0	0	0	0	0
51	1690	18531	373346	2595	20398	164	2599	0	0	0	0	0	0
51	1710	30909	571111	2714	18012	385	3826	0	0	29	9	0	0
51	1730	13684	443453	422	6172	336	8428	0	0	0	0	0	0
51	1750	25365	402406	108	797	840	9020	0	0	0	0	0	0
51	1770	31296	572392	1100	9274	122	1959	0	0	0	0	0	0
51	1790	31361	940424	2749	23372	2957	58285	0	0	0	0	0	0
51	1810	11208	349132	346	4349	264	4946	0	0	0	0	0	0
51	1830	42580	730627	1359	12318	163	2032	0	0	9	4	0	0
51	1850	9584	278288	2195	33607	2787	74608	0	0	0	0	0	0
51	1870	13710	450378	531	8902	304	7168	0	0	0	0	0	0
51	1890	14880	250787	4	80	348	3680	0	0	0	0	0	0
51	1910	13702	359327	683	7241	787	17202	0	0	0	0	0	0
51	1930	15041	259560	57	580	2	35	0	0	0	0	0	0
51	1950	32182	593878	7	140	21	258	0	0	0	0	0	0
51	1970	10435	253612	5	100	4	35	0	0	0	0	0	0
51	1990	50101	1072239	3228	29182	889	12073	0	0	0	0	0	0
51	2010	4679	127019	267	2481	22	482	0	0	0	0	0	0
51	2030	21953	470269	513	5663	214	3047	0	0	0	0	0	0
51	2050	11716	196727	137	1193	32	650	0	0	0	0	0	0
51	2070	25370	507218	1946	13825	392	5880	0	0	89	20	0	0
51	2090	15710	536487	2596	35581	497	12155	0	0	0	0	0	0
51	2110	24817	808897	2239	26648	875	20493	0	0	0	0	0	0
51	2130	26857	589881	5182	50388	420	7794	0	0	140	51	0	0
51	2150	17154	459767	898	10047	364	6607	0	0	0	0	0	0
51	2170	17358	373791	3729	34648	759	10983	0	0	0	0	0	0
51	2190	32548	738897	2618	20287	90	1265	0	0	375	164	0	0
51	2210	32549	759432	2241	21899	71	1155	0	0	61	19	0	0
51	2230	9291	226251	2526	39240	643	17281	0	0	0	0	0	0
51	2250	48418	1527758	6766	79046	1336	28711	0	0	0	0	0	0
51	2270	49612	1112363	4070	48931	1034	18351	0	0	44	18	0	0
51	2290	20681	610315	1724	13237	2498	45452	0	0	0	0	0	0
51	2310	28930	508771	2313	21245	831	13101	0	0	0	0	0	0
51	2330	36361	728571	2495	24236	279	4666	0	0	25	16	0	0
51	2350	22145	395024	19	175	2	30	0	0	0	0	0	0
51	2370	14492	215577	65	312	861	6825	0	0	0	0	0	0
51	2390	13019	436530	1603	24574	578	21173	0	0	0	0	0	0
51	0	2751045	62844742	184168	1875284	49533	958354	0	0	37463	11836	0	0
		0	0	0	0	0	0	0	0	0	0	0	0
													
52	10	2688	34344	1689	17272	1586	33101	0	0	0	0	0	0
52	30	13759	322510	2063	26511	383	8437	0	0	0	0	0	0
52	50	21271	898904	20819	336232	3634	109230	0	0	0	0	0	0
52	5100	343	10438	231	4095	149	4265	0	0	0	0	0	0
52	70	9237	175451	975	11196	0	0	0	0	0	0	0	0
52	90	23588	517289	21463	307463	90	1955	0	0	0	0	0	0
52	110	33332	1400653	50748	683543	5077	160419	0	0	0	0	0	0
52	130	18681	508864	24744	495227	2953	94296	0	0	0	0	0	0
52	150	17080	376515	5795	87924	97	2493	0	0	0	0	0	0
52	170	20611	426868	20278	321333	110	3051	0	0	0	0	0	0
52	190	45665	1684255	74932	1057912	4581	122825	0	0	0	0	0	0
52	210	4213	92463	2373	35516	11017	341625	0	0	0	0	0	0
52	230	19330	795953	11610	214391	4166	135025	0	0	0	0	0	0
52	250	12386	497925	18105	313234	748	19725	0	0	0	0	0	0
52	270	23241	481593	33580	617155	963	21329	0	0	0	0	0	0
52	290	29639	1128250	40567	699479	767	19974	0	0	0	0	0	0
52	310	17132	577727	5481	68443	173	3459	0	0	0	0	0	0
52	330	31008	677514	45693	733891	375	6375	0	0	0	0	0	0
52	370	18050	388284	10747	149150	114	2182	0	0	0	0	0	0
52	350	13784	242382	3254	54251	239	5152	0	0	0	0	0	0
52	390	17999	406539	33393	578281	455	12359	0	0	0	0	0	0
52	410	30938	768877	49060	750888	2228	60959	0	0	0	0	0	0
52	430	26216	445821	1652	24906	132	3637	0	0	0	0	0	0
52	450	30610	486299	5407	76101	98	1524	0	0	0	0	0	0
52	0	480801	13345718	484659	7664394	40135	1173397	0	0	0	0	0	0
		0	0	0	0	0	0	0	0	0	0	0	0
													
53	10	19238	413108	2982	30161	2707	40376	0	0	5983	2218	0	0
53	30	31741	526087	229482	4463956	11972	389183	0	0	19	8	0	0
53	50	38844	516300	265	4063	5375	123922	0	0	47171	13474	0	0
53	70	7511	83351	196860	3118429	5167	82381	0	0	1047	193	0	0
53	90	12438	180957	28355	505285	4400	93681	0	0	88461	40081	0	0
53	110	32876	581987	133677	2191541	11531	294271	0	0	14944	5748	0	0
53	130	73092	1249685	435	9967	36825	992435	0	0	142420	45092	0	0
53	150	73245	1352132	58499	1062288	11831	347775	0	0	153889	66651	0	0
53	170	46349	885328	91702	1342629	32132	933272	0	0	19354	6909	0	0
53	190	32330	580678	1757	38651	7005	195023	0	0	64618	24014	0	0
53	210	33984	653907	2618	24650	5224	82884	0	0	28196	8567	0	0
53	230	47873	595616	141	2520	2488	52656	0	0	67352	21040	0	0
53	250	11815	146260	50377	477324	1081	10073	0	0	308	21	0	0
53	270	33437	622022	7191	107282	12169	345303	0	0	44435	16400	0	0
53	290	29856	406378	697	10094	10424	230046	0	0	41168	10882	0	0
53	310	17187	324787	29553	597123	28486	794200	0	0	63303	26366	0	0
53	330	7481	105767	45134	864151	27484	757065	0	0	69035	24814	0	0
53	350	56160	1150253	9970	75163	52260	903438	0	0	3172	833	0	0
53	370	40915	777096	1192	14861	3306	65194	0	0	55854	27347	0	0
53	390	35479	628398	117535	1875403	14699	316075	0	0	30094	9473	0	0
53	410	43914	961949	13000	110590	15415	207847	0	0	1652	383	0	0
53	430	29315	390184	82957	1210351	5349	88757	0	0	6139	1447	0	0
53	450	11439	125139	125418	1553928	4394	54490	0	0	970	180	0	0
53	470	30759	452706	256720	4023403	36347	837832	0	0	1037	250	0	0
53	490	53994	1029046	2361	33407	12076	284564	0	0	95625	35378	0	0
53	510	78873	1423082	28281	479178	12559	365906	0	0	109268	47564	0	0
53	530	50845	886607	233118	3536847	27682	635915	0	0	28	13	0	0
53	550	4238	72675	17796	377601	4800	130810	0	0	95807	46527	0	0
53	570	2515	40980	14955	294242	1461	37587	0	0	91545	45871	0	0
53	590	7081	106404	153092	2125772	2784	56557	0	0	8	1	0	0
53	610	49519	806366	389	5817	5952	115093	0	0	55808	17187	0	0
53	630	52779	791840	615	6378	9376	163541	0	0	66931	23937	0	0
53	650	6120	105701	20091	450427	6421	201620	0	0	182499	102608	0	0
53	670	12946	193805	1979	40784	13024	385052	0	0	85648	32623	0	0
53	690	35126	614939	293	5014	7236	199379	0	0	56140	17651	0	0
53	710	85478	1660936	145288	2177790	37981	826141	0	0	71	21	0	0
53	730	31011	360733	179543	2778784	23001	600885	0	0	12801	3598	0	0
53	750	6216	103714	86452	1662559	20721	605178	0	0	125323	62762	0	0
53	770	19928	302317	281	4160	1274	28975	0	0	12729	4472	0	0
53	790	58882	964764	81	850	1164	20570	0	0	83645	29125	0	0
53	810	41780	649373	4294	56689	22607	446469	0	0	95504	34403	0	0
53	830	27852	432725	40992	593606	25703	617926	0	0	44114	16851	0	0
53	850	25233	423108	291	5812	5196	155808	0	0	57423	20298	0	0
53	870	42306	822980	2934	46979	9767	277189	0	0	69175	26286	0	0
53	890	45923	660949	187	3015	44	726	0	0	83578	26764	0	0
53	910	59072	956822	506	4929	13204	194531	0	0	87589	31484	0	0
53	930	19817	306292	129772	2070604	5346	133155	0	0	612	171	0	0
53	950	24974	423371	532	12404	10310	365581	0	0	50685	17452	0	0
53	970	41552	913678	9661	72150	24281	289569	0	0	24004	7670	0	0
53	990	18126	333499	915	12874	5765	140919	0	0	28544	10057	0	0
53	1010	56455	1059224	2317	25641	22985	357868	0	0	98535	35889	0	0
53	1030	21123	347331	88993	1198031	37345	835361	0	0	4664	1446	0	0
53	1050	28410	654217	11473	107847	17025	311180	0	0	2453	555	0	0
53	1070	67310	1726597	1110	17132	16268	469837	0	0	85283	31797	0	0
53	1090	25146	467940	19915	271872	17794	452272	0	0	45215	17605	0	0
53	1110	41699	704594	3570	42066	16143	238576	0	0	47188	17450	0	0
53	1130	54118	1331808	10596	157623	9821	224248	0	0	18022	8473	0	0
53	1150	46707	1078845	14022	114320	22845	421779	0	0	422	100	0	0
53	1170	27058	597639	12302	204120	17511	397119	0	0	19890	8741	0	0
53	1190	27869	515558	9280	136674	22274	481125	0	0	37799	14814	0	0
53	1210	57379	872470	220	3018	15084	279862	0	0	76787	25158	0	0
53	1230	51280	853814	1067	12603	8595	202400	0	0	66847	21000	0	0
53	1250	46202	786869	1410	19034	9127	197086	0	0	93557	34563	0	0
53	1270	34349	476551	120	1540	57	1100	0	0	27453	9351	0	0
53	1290	21453	291436	20232	260679	2278	44134	0	0	25672	8941	0	0
53	1310	29316	566440	12922	100036	22164	291066	0	0	14212	4889	0	0
53	1330	47575	776070	691	9259	6569	160046	0	0	66141	21804	0	0
53	1350	45956	847481	311	4304	783	12173	0	0	61728	16186	0	0
53	1370	45017	727946	3440	59690	10506	284197	0	0	93929	34994	0	0
53	1390	4817	51649	222722	2789649	4218	53202	0	0	1641	192	0	0
53	1410	14447	307252	67191	1445267	19389	573716	0	0	166351	98058	0	0
53	1430	35001	844651	8240	84219	13501	231749	0	0	16812	6882	0	0
53	1450	44113	922264	6211	53285	20099	243611	0	0	58530	19652	0	0
53	1470	17031	384247	3107	32432	5463	95253	0	0	547	230	0	0
53	1490	31889	674096	110242	2148980	15223	414149	0	0	117204	59488	0	0
53	1510	20515	294003	192206	3142423	5308	127739	0	0	81	15	0	0
53	1530	24402	317397	124246	1487946	3705	66213	0	0	254	42	0	0
53	0	2666101	47575170	3509372	54502175	1019886	22984886	0	0	3812942	1511480	0	0
		0	0	0	0	0	0	0	0	0	0	0	0
													
54	10	13439	272974	1180	11056	308	3337	0	0	0	0	0	0
54	30	49330	975001	4668	44167	1944	37757	0	0	6556	2424	0	0
54	50	24710	429847	78	591	35	350	0	0	8667	2465	0	0
54	70	12749	290099	872	6552	71	1451	0	0	0	0	0	0
54	90	26367	518961	8148	81772	1186	20922	0	0	22	11	0	0
54	110	16420	288100	1878	16105	386	6399	0	0	4208	1461	0	0
54	130	17119	291488	585	6372	215	3238	0	0	0	0	0	0
54	150	26260	569875	1625	12792	460	7457	0	0	466	156	0	0
54	170	49007	932931	87	886	8	175	0	0	33828	11862	0	0
54	190	13273	339933	4182	41451	846	16900	0	0	0	0	0	0
54	210	15925	446346	1208	14411	212	4960	0	0	45	9	0	0
54	230	19698	351609	41	595	37	682	0	0	20452	7145	0	0
54	250	27838	537122	3939	38400	498	6276	0	0	0	0	0	0
54	270	23463	478845	645	4834	177	2589	0	0	79	17	0	0
54	290	27313	610220	7772	69010	754	11095	0	0	6	3	0	0
54	310	34464	617036	2335	22045	275	5233	0	0	1042	328	0	0
54	330	29334	664930	342	3529	1067	20161	0	0	40526	17415	0	0
54	350	8960	163912	117	956	10	150	0	0	0	0	0	0
54	370	36826	964610	2265	30780	1056	20658	0	0	109	34	0	0
54	390	26371	540504	533	11160	4	20	0	0	12272	471	0	0
54	410	38896	840620	2541	21069	394	6899	0	0	1649	4146	0	0
54	430	29491	691038	867	7611	549	9556	0	0	663	238	0	0
54	450	40937	1091934	1847	21649	1168	23733	0	0	58506	29444	0	0
54	470	50445	609752	125	1390	217	5005	0	0	65044	18316	0	0
54	490	11063	155583	95	804	39	567	0	0	0	0	0	0
54	510	36872	676554	4503	50131	809	17834	0	0	5414	1835	0	0
54	530	71465	1750047	331	3662	246	4546	0	0	75225	31462	0	0
54	550	75039	1598901	2324	23628	1424	25823	0	0	18784	6630	0	0
54	570	23149	465506	5040	54693	563	7293	0	0	0	0	0	0
54	590	44639	1027447	27082	225227	688	10544	0	0	28	9	0	0
54	610	5308	97802	494	5539	26	510	0	0	13	8	0	0
54	630	16836	438177	7674	98225	267	5644	0	0	0	0	0	0
54	650	25217	482522	1129	12835	196	3805	0	0	1366	503	0	0
54	670	15106	295370	2319	16991	328	3197	0	0	0	0	0	0
54	690	46556	494093	370	2633	8	57	0	0	30242	10285	0	0
54	710	39400	756105	119	2065	6	100	0	0	18600	6333	0	0
54	730	30820	694156	9002	82287	789	10961	0	0	0	0	0	0
54	750	42258	759370	189	2231	150	2584	0	0	53493	19540	0	0
54	770	41247	765974	42	735	0	0	0	0	30977	12086	0	0
54	790	42114	788672	1486	17590	334	4945	0	0	14753	5825	0	0
54	810	31449	754625	1975	18225	608	11238	0	0	645	244	0	0
54	830	8901	244245	91	2127	99	2515	0	0	28	11	0	0
54	850	33234	958413	744	9558	126	2062	0	0	953	254	0	0
54	870	41295	861500	1485	13159	916	10401	0	0	98	34	0	0
54	890	32864	863924	13325	153265	814	13027	0	0	30	11	0	0
54	910	8622	251296	2150	19918	1261	26376	0	0	0	0	0	0
54	930	25827	613104	5552	63754	503	9254	0	0	12	6	0	0
54	950	8541	251711	0	0	10	400	0	0	39672	20518	0	0
54	970	33686	700526	470	6423	257	5876	0	0	45913	20698	0	0
54	990	47531	914794	2219	22725	400	7584	0	0	25764	10406	0	0
54	1010	7288	152325	169	1917	38	844	0	0	525	174	0	0
54	1030	57464	1295437	5497	56631	1494	23495	0	0	17126	6275	0	0
54	1050	17287	365203	4928	44540	505	8020	0	0	86	47	0	0
54	1070	29735	563959	4963	41054	528	7902	0	0	2659	896	0	0
54	1090	37329	540744	68	1025	16	225	0	0	24627	8780	0	0
54	1110	32276	526577	2157	16531	486	8388	0	0	97	20	0	0
54	1130	44741	786527	403	3812	99	1971	0	0	46445	16549	0	0
54	1150	19928	436681	228	2221	57	1360	0	0	135	62	0	0
54	1170	39957	873672	5236	57610	1662	32368	0	0	1639	569	0	0
54	1190	65190	1360895	12897	149919	3979	82504	0	0	1448	752	0	0
54	1210	15879	352990	1485	13086	202	2847	0	0	1482	469	0	0
54	1230	27579	512369	5849	52637	523	7621	0	0	1794	565	0	0
54	1250	38966	993567	2824	36140	135	1966	0	0	101	36	0	0
54	1270	12441	267511	919	9204	127	2479	0	0	90	28	0	0
54	1290	5412	79855	14	134	52	878	0	0	0	0	0	0
54	1310	67108	1969528	5526	61946	1519	34771	0	0	36389	14510	0	0
54	1330	36647	542399	1031	7976	100	1103	0	0	18	4	0	0
54	1350	19960	551612	65	381	25	315	0	0	149	68	0	0
54	1370	13806	196329	394	2795	58	576	0	0	0	0	0	0
54	1390	11299	216221	972	7785	101	1057	0	0	3964	1603	0	0
54	1410	39982	683062	1094	7860	314	4574	0	0	279	66	0	0
54	1430	18549	394428	1223	11080	324	4090	0	0	124	41	0	0
54	1450	18600	428773	1856	16209	165	2051	0	0	79	26	0	0
54	1470	34083	931535	13732	141491	581	12403	0	0	88	36	0	0
54	1490	61697	1233251	2769	25983	1280	26479	0	0	39872	15423	0	0
54	1510	7022	102285	19	207	32	145	0	0	0	0	0	0
54	1530	5442	118192	71	727	0	0	0	0	0	0	0	0
54	1550	34015	756789	7957	66310	1206	15353	0	0	32	13	0	0
54	1570	50752	606081	147	1391	140	2576	0	0	68302	19753	0	0
54	1590	40866	1135763	4951	42390	1673	29815	0	0	36	12	0	0
54	1610	27785	655881	994	9137	2	50	0	0	349	100	0	0
54	1630	25731	709820	13203	142560	929	16368	0	0	0	0	0	0
54	1650	49631	1056956	6913	54204	2536	56254	0	0	78	25	0	0
54	1670	39285	541325	550	4863	510	10430	0	0	46718	18107	0	0
54	1690	15226	353688	1459	15966	687	14131	0	0	64	20	0	0
54	1710	3204	65636	413	4528	114	1397	0	0	0	0	0	0
54	1730	16873	317129	2043	16673	448	4559	0	0	0	0	0	0
54	1750	4533	78460	32	276	19	215	0	0	0	0	0	0
54	1770	41601	697979	2193	23852	176	3128	0	0	849	254	0	0
54	1790	22293	620005	14806	155719	933	15478	0	0	0	0	0	0
54	1810	25951	522924	330	2918	98	1798	0	0	2489	775	0	0
54	1830	57845	1362963	514	5587	120	2532	0	0	22621	9097	0	0
54	1850	27945	486608	640	5889	56	1089	0	0	71	31	0	0
54	1870	52402	1377689	11124	147276	2523	49937	0	0	1123	424	0	0
54	1890	53320	1249044	4866	44243	2860	56771	0	0	2214	690	0	0
54	0	2872599	60248771	287614	2892296	52176	954459	0	0	940312	358943	0	0
		0	0	0	0	0	0	0	0	0	0	0	0
													
56	10	6159	218829	1276	14623	1945	38087	0	0	0	0	0	0
56	30	13678	201850	16602	187372	1056	23030	0	0	0	0	0	0
56	50	5050	95483	0	0	26	327	0	0	0	0	0	0
56	70	12351	287190	1118	8603	784	11336	0	0	0	0	0	0
56	90	1584	49152	611	5899	1927	73777	0	0	0	0	0	0
56	110	12428	245458	579	4888	394	4848	0	0	0	0	0	0
56	130	8894	257841	280	1741	348	4649	0	0	0	0	0	0
56	150	5845	134143	122	894	290	4819	0	0	0	0	0	0
56	170	2805	92266	0	0	26	581	0	0	0	0	0	0
56	190	5178	93990	210	2591	810	14965	0	0	0	0	0	0
56	210	7056	224136	236	1702	193	2286	0	0	0	0	0	0
56	230	4635	61062	3642	45572	1134	21718	0	0	0	0	0	0
56	250	13047	382749	6224	86644	3371	84187	0	0	0	0	0	0
56	270	8143	93703	6120	63075	2871	54449	0	0	0	0	0	0
56	290	1134	28632	1108	13712	1252	43588	0	0	0	0	0	0
56	310	7126	150152	5886	77225	1576	26650	0	0	0	0	0	0
56	330	4268	177506	259	3729	289	6982	0	0	0	0	0	0
56	350	15456	387857	1921	16716	616	10549	0	0	0	0	0	0
56	370	15963	421534	24546	382159	274	6043	0	0	0	0	0	0
56	390	14906	287185	104	1228	347	5149	0	0	0	0	0	0
56	410	5598	198348	252	3666	382	8199	0	0	0	0	0	0
56	430	15282	270935	231	1724	455	5677	0	0	0	0	0	0
56	450	2561	47673	2	22	174	2997	0	0	0	0	0	0
56	470	4860	80026	0	0	171	3260	0	0	0	0	0	0
56	490	4217	114897	220	2220	535	12974	0	0	0	0	0	0
56	510	7488	250037	2153	15848	4251	110841	0	0	0	0	0	0
56	530	16002	391733	4559	47161	932	15260	0	0	0	0	0	0
56	550	7985	162259	1774	19707	809	16401	0	0	0	0	0	0
56	570	2149	25726	1714	19965	676	14298	0	0	0	0	0	0
56	590	5200	100970	0	0	3	37	0	0	0	0	0	0
56	610	4600	161835	315	4009	1467	32909	0	0	0	0	0	0
56	630	11923	343535	6331	75679	1604	35499	0	0	0	0	0	0
56	650	4432	58670	3558	29582	1393	30953	0	0	0	0	0	0
56	670	6472	170354	715	7726	1618	35431	0	0	0	0	0	0
56	690	1350	45211	404	3592	977	29112	0	0	0	0	0	0
56	710	6692	126963	5866	74048	1065	23395	0	0	0	0	0	0
56	730	3047	83449	131	1656	204	4342	0	0	0	0	0	0
56	750	3978	112577	1701	23308	2188	66419	0	0	0	0	0	0
56	770	7609	193643	2338	35628	8850	249666	0	0	0	0	0	0
56	790	12980	233986	1251	10589	698	11195	0	0	0	0	0	0
56	810	5511	101356	40	449	187	3305	0	0	0	0	0	0
56	830	4585	154876	919	13683	2435	59127	0	0	0	0	0	0
56	850	4080	110871	218	3381	295	4559	0	0	0	0	0	0
56	870	12499	280928	595	4283	518	7076	0	0	0	0	0	0
56	890	9580	202437	1605	18333	1264	24463	0	0	0	0	0	0
56	910	1787	69413	98	1441	531	12468	0	0	0	0	0	0
56	930	2383	66054	167	2376	1638	36953	0	0	0	0	0	0
56	950	3257	80882	167	1413	347	6121	0	0	0	0	0	0
56	970	5564	153091	557	7033	1365	25429	0	0	0	0	0	0
56	990	20468	331992	279	2682	279	3906	0	0	0	0	0	0
56	1010	3352	75585	30	339	102	1602	0	0	0	0	0	0
56	1030	7797	204174	992	7596	2433	46216	0	0	0	0	0	0
56	1050	5559	116438	402	2898	513	8034	0	0	0	0	0	0
56	1070	10146	260005	884	8792	609	12747	0	0	0	0	0	0
56	1090	6502	103601	7	51	61	847	0	0	0	0	0	0
56	0	403201	9375248	111319	1369253	60558	1399738	0	0	0	0	0	0
		0	0	0	0	0	0	0	0	0	0	0	0
													
61	10	1991	28600	463	6399	2350	38453	0	0	0	0	0	0
61	30	739	9099	223	4164	16	503	0	0	448	182	0	0
61	50	2495	30378	438	3662	825	16205	0	0	0	0	0	0
61	70	1415	13387	311	3111	0	0	0	0	44	30	0	0
61	90	656	16722	1883	50974	0	0	0	0	8984	6273	0	0
61	110	752	17900	673	14699	124	4925	0	0	509	191	0	0
61	130	814	11496	9460	192797	744	25406	0	0	121620	71458	0	0
61	150	48	1393	62	1060	26	565	0	0	69	19	0	0
61	170	5106	57946	253	4229	494	13707	0	0	0	0	0	0
61	190	295	3456	12405	125500	0	0	0	0	7089	5138	0	0
61	210	426	4645	5614	76943	15	450	0	0	8314	4274	0	0
61	230	1078	14878	76	930	0	0	0	0	0	0	0	0
61	250	1115	15591	34	482	244	7356	0	0	0	0	0	0
61	270	13	200	267	4950	12	500	0	0	29936	21954	0	0
61	0	16943	225691	32162	489900	4850	108070	0	0	177013	109519	0	0
		0	0	0	0	0	0	0	0	0	0	0	0
													
62	10	20692	159208	51974	558064	3206	84898	0	0	0	0	0	0
62	30	0	0	1771	37180	2086	50373	0	0	0	0	0	0
62	50	12195	80036	31328	343595	1557	40287	0	0	0	0	0	0
62	70	198	2839	628	8284	1240	24453	0	0	0	0	0	0
62	90	35124	296151	63495	439458	180	1995	0	0	0	0	0	0
62	110	15434	316505	4300	118042	946	32277	0	0	0	0	0	0
62	130	2822	40639	20683	562393	5441	169588	0	0	0	0	0	0
62	150	0	0	1179	23916	1587	49874	0	0	0	0	0	0
62	170	50996	541838	33439	317676	805	8441	0	0	0	0	0	0
62	190	0	0	0	0	0	0	0	0	0	0	0	0
62	210	10	400	5853	105866	1995	58269	0	0	0	0	0	0
62	230	18	171	2675	41651	1279	33302	0	0	0	0	0	0
62	250	6082	80107	440	10983	648	17222	0	0	0	0	0	0
62	270	437	3060	967	14958	2227	39730	0	0	0	0	0	0
62	290	1995	52550	3299	78321	2436	77006	0	0	0	0	0	0
62	310	69	1040	308	6115	160	2718	0	0	0	0	0	0
62	330	513	5855	326	2390	77	714	0	0	0	0	0	0
62	350	1476	14980	5045	75583	2982	49426	0	0	0	0	0	0
62	370	0	0	1095	34579	2434	121717	0	0	0	0	0	0
62	390	23611	190185	22942	245487	4458	54527	0	0	0	0	0	0
62	410	33143	208714	3908	46721	6371	69244	0	0	0	0	0	0
62	430	1856	30800	753	14134	564	18410	0	0	0	0	0	0
62	450	403	8136	5607	133491	2818	101543	0	0	0	0	0	0
62	470	0	0	0	0	0	0	0	0	0	0	0	0
62	490	0	0	64	1672	191	3428	0	0	0	0	0	0
62	510	5	100	195	2194	346	6858	0	0	0	0	0	0
62	530	0	0	0	0	0	0	0	0	0	0	0	0
62	550	3721	21252	3246	29231	1672	31718	0	0	0	0	0	0
62	570	0	0	0	0	29	860	0	0	0	0	0	0
62	590	947	15052	9716	231428	2668	78584	0	0	0	0	0	0
62	610	39440	517225	23239	287670	170	2475	0	0	0	0	0	0
62	630	77836	567782	97803	763387	4199	42522	0	0	0	0	0	0
62	650	0	0	0	0	0	0	0	0	0	0	0	0
62	670	1005	14786	8344	143105	4707	123407	0	0	0	0	0	0
62	690	3016	42675	22587	660490	8413	322498	0	0	0	0	0	0
62	710	7254	52622	12269	69569	1590	33490	0	0	0	0	0	0
62	730	55926	463827	56759	736700	2765	33664	0	0	0	0	0	0
62	750	92523	668052	118629	1071973	11774	278624	0	0	0	0	0	0
62	770	4375	103578	3401	82030	2114	70890	0	0	0	0	0	0
62	790	0	0	0	0	0	0	0	0	0	0	0	0
62	810	651	2576	3798	33046	2185	37893	0	0	0	0	0	0
62	830	2396	31632	4310	70752	2542	71579	0	0	0	0	0	0
62	850	2164	46931	8177	228698	4396	132751	0	0	0	0	0	0
62	870	62415	599348	22524	177777	3161	115632	0	0	0	0	0	0
62	890	6654	150945	2915	86853	3209	140345	0	0	0	0	0	0
62	910	0	0	1132	19703	1058	31096	0	0	0	0	0	0
62	930	0	0	19	175	344	4223	0	0	0	0	0	0
62	950	70411	671203	71752	695105	11650	140117	0	0	0	0	0	0
62	970	0	0	528	15391	1706	72456	0	0	0	0	0	0
62	990	21194	327761	28795	377307	1936	90489	0	0	0	0	0	0
62	1010	14213	169914	11175	139424	2132	63625	0	0	0	0	0	0
62	1030	35	400	3664	51114	2209	74218	0	0	0	0	0	0
62	1050	0	0	5808	123368	6981	196793	0	0	0	0	0	0
62	1070	0	0	6410	80156	9685	210012	0	0	0	0	0	0
62	1090	0	0	2911	47949	3565	79853	0	0	0	0	0	0
62	1110												
62	1130	294	3565	968	17208	825	18875	0	0	0	0	0	0
62	1150	32978	285893	39623	455751	9026	181745	0	0	0	0	0	0
62	1170	0	0	27	209	147	1134	0	0	0	0	0	0
62	1190	0	0	4	45	629	8454	0	0	0	0	0	0
62	1210	107155	774952	201971	1423606	7890	102090	0	0	0	0	0	0
62	1230	55485	495290	107635	1900004	26641	919373	0	0	0	0	0	0
62	1250	193584	1964416	163795	2100798	7162	119258	0	0	0	0	0	0
62	0	1062751	10024991	1306208	15342775	195214	4947043	0	0	0	0	0	0
		0	0	0	0	0	0	0	0	0	0	0	0
													
63	10	1847	52975	9699	253524	2981	108899	0	0	0	0	0	0
63	30	166	3441	2697	28237	813	24058	0	0	0	0	0	0
63	50	202	2550	60215	723200	4653	136232	0	0	0	0	0	0
63	70	0	0	14195	175686	2511	62613	0	0	0	0	0	0
63	90	12	198	12722	214830	2666	56240	0	0	0	0	0	0
63	110	172	6027	19187	489989	5682	192660	0	0	0	0	0	0
63	130	0	0	2376	30083	1258	20900	0	0	0	0	0	0
63	150	27	450	746	11324	723	27442	0	0	0	0	0	0
63	170	3	55	580	9836	629	20718	0	0	0	0	0	0
63	190	6	370	31672	630973	8256	226183	0	0	0	0	0	0
63	210	28	585	1004	27635	1518	78130	0	0	0	0	0	0
63	230	0	0	2496	41392	864	24344	0	0	0	0	0	0
63	250	0	0	22055	147033	561	5197	0	0	0	0	0	0
63	270	9210	260789	21625	623385	3785	131564	0	0	0	0	0	0
63	290	0	0	5429	58901	1446	34030	0	0	0	0	0	0
63	310	762	17715	19707	328945	1650	55001	0	0	0	0	0	0
63	330	0	0	640	3494	413	7887	0	0	0	0	0	0
63	350	438	11665	3848	69107	2269	57564	0	0	0	0	0	0
63	370	0	0	748	12050	1062	28303	0	0	0	0	0	0
63	390	206	5379	3185	23354	116	1229	0	0	0	0	0	0
63	410	10	245	27323	349781	1999	60177	0	0	0	0	0	0
63	430	1	30	46049	617761	10630	190333	0	0	0	0	0	0
63	450	1459	41757	2677	48793	1426	48532	0	0	0	0	0	0
63	470	761	21253	2214	35745	699	21812	0	0	0	0	0	0
63	490	841	18313	67985	1188391	7857	176850	0	0	0	0	0	0
63	510	3	120	8843	199377	3340	90103	0	0	0	0	0	0
63	530	1102	35676	8688	238000	759	23560	0	0	0	0	0	0
63	550	144	2675	13751	192583	4850	86354	0	0	0	0	0	0
63	570	366	8656	43036	1072875	14911	419114	0	0	0	0	0	0
63	590	4	65	1797	40420	2082	69027	0	0	0	0	0	0
63	610	231	4680	59582	1002221	4914	120452	0	0	0	0	0	0
63	630	39	995	3965	70477	590	11750	0	0	0	0	0	0
63	650	0	0	25607	297376	4810	143108	0	0	0	0	0	0
63	670	2114	47968	3523	83693	988	34538	0	0	0	0	0	0
63	690	3566	85778	59356	1079344	6128	148618	0	0	0	0	0	0
63	710	0	0	64978	740449	743	25949	0	0	0	0	0	0
63	730	1077	37605	1263	38604	427	15535	0	0	0	0	0	0
63	750	1741	64302	2841	71411	1035	38638	0	0	0	0	0	0
63	770	73	1580	62813	594356	617	17163	0	0	0	0	0	0
63	790	1	10	5	90	63	1015	0	0	0	0	0	0
63	810	0	0	25656	310349	10497	201990	0	0	0	0	0	0
63	830	8231	335719	28138	907962	2285	99030	0	0	0	0	0	0
63	850	5	110	2028	16629	6367	116319	0	0	0	0	0	0
63	870	1703	51466	12260	141641	569	20220	0	0	0	0	0	0
63	875												
63	0	36551	1121202	809204	13241306	132442	3479381	0	0	0	0	0	0
		0	0	0	0	0	0	0	0	0	0	0	0
													
64	10	0	0	2176	33487	5747	151172	0	0	0	0	0	0
64	30	4111	50106	44448	712820	7429	215563	0	0	0	0	0	0
64	50	445	7558	61948	912860	11828	282520	0	0	0	0	0	0
64	70	16	200	15428	226613	5424	193062	0	0	0	0	0	0
64	90	3388	74715	44632	915581	8239	295342	0	0	0	0	0	0
64	110	4455	53557	13862	161532	7069	153340	0	0	0	0	0	0
64	130	859	10460	106911	1431051	9518	182876	0	0	0	0	0	0
64	150	2029	25619	197144	2387352	6746	137060	0	0	0	0	0	0
64	170	4688	51564	18127	214687	6204	134129	0	0	0	0	0	0
64	190	0	0	141723	2518391	17666	544302	0	0	0	0	0	0
64	210	2221	35678	92513	1353319	22455	543883	0	0	0	0	0	0
64	230	0	0	625	12803	722	22011	0	0	0	0	0	0
64	250	3713	49128	76004	989320	10850	280630	0	0	0	0	0	0
64	270	3523	43991	198157	3344255	25369	621883	0	0	0	0	0	0
64	290	85	1762	28712	483674	7772	221072	0	0	0	0	0	0
64	310	45	511	57392	1013738	11987	453188	0	0	0	0	0	0
64	330	3296	40253	28458	330725	10614	211123	0	0	0	0	0	0
64	350	0	0	19495	250931	3632	82602	0	0	0	0	0	0
64	370	239	2105	51041	340565	5972	62987	0	0	0	0	0	0
64	390	0	0	1581	18418	1097	37613	0	0	0	0	0	0
64	410	567	9116	173752	1963262	11091	197763	0	0	0	0	0	0
64	430	20	55	6287	74545	902	19747	0	0	0	0	0	0
64	450	12	200	125558	1779062	7044	135505	0	0	0	0	0	0
64	470	291	5035	34633	384550	5393	127268	0	0	0	0	0	0
64	490	135	2490	14201	147072	3635	79988	0	0	0	0	0	0
64	510	115	965	46246	412455	2246	25322	0	0	0	0	0	0
64	530	3	55	1063	9304	918	18991	0	0	0	0	0	0
64	550	1951	34628	69223	999255	14744	316611	0	0	0	0	0	0
64	570	2	30	11598	185545	4976	170718	0	0	0	0	0	0
64	590	0	0	4743	44458	2081	41152	0	0	0	0	0	0
64	610	6	210	712	9268	283	6633	0	0	0	0	0	0
64	630	21	485	10354	104988	4476	95530	0	0	0	0	0	0
64	650	2241	20433	46721	521657	7127	126525	0	0	0	0	0	0
64	670	2	60	21727	290999	5062	157660	0	0	0	0	0	0
64	710	5320	69329	62081	800025	11985	242462	0	0	0	0	0	0
64	730	232	4860	93050	1140142	7446	154841	0	0	0	0	0	0
64	750	3547	42131	6459	89897	4767	112231	0	0	0	0	0	0
64	770	3	40	4144	47767	3011	64900	0	0	0	0	0	0
64	790	4671	60385	54160	671141	8639	200484	0	0	0	0	0	0
64	810	100	4035	6998	131573	4174	173032	0	0	0	0	0	0
64	830	5292	94080	112743	2100698	22724	762397	0	0	0	0	0	0
64	850	1854	28616	126153	2478883	20051	664790	0	0	0	0	0	0
64	870	6184	67112	40034	533682	9612	237795	0	0	0	0	0	0
64	890	84	1727	6181	69646	1509	31584	0	0	0	0	0	0
64	910	171	3110	197172	3469560	27766	909322	0	0	0	0	0	0
64	930	0	0	128	1685	212	5850	0	0	0	0	0	0
64	950	695	13585	90933	1023816	9591	173709	0	0	0	0	0	0
64	970	151	1910	28927	352709	5060	121376	0	0	0	0	0	0
64	990	87	883	114523	1175863	8832	167375	0	0	0	0	0	0
64	1010	76	1343	41909	380983	2619	51011	0	0	0	0	0	0
64	1030	1434	20625	12923	216176	2429	91377	0	0	0	0	0	0
64	1050	2348	47083	148182	2256425	19362	505182	0	0	0	0	0	0
64	1070	477	3190	37832	248312	4506	67568	0	0	0	0	0	0
64	1090	786	12165	53883	736482	12447	348437	0	0	0	0	0	0
64	1110	8129	124556	97269	1554005	12325	384430	0	0	0	0	0	0
64	1130												
64	0	80120	1121734	3102879	44058012	455385	11815924	0	0	0	0	0	0
		0	0	0	0	0	0	0	0	0	0	0	0
													
65	10	112	2787	3416	74825	74	1834	0	0	0	0	0	0
65	30	5	220	800	17176	7	180	0	0	0	0	0	0
65	50	0	0	1404	24677	331	13091	0	0	0	0	0	0
65	70	0	0	869	12249	495	10979	0	0	0	0	0	0
65	90	8	220	50	1206	5	160	0	0	0	0	0	0
65	110	0	0	24	370	2	90	0	0	0	0	0	0
65	130	0	0	21	230	10	437	0	0	0	0	0	0
65	150	0	0	116	1250	8	140	0	0	0	0	0	0
65	170	219	7945	34	1070	34	690	0	0	0	0	0	0
65	190	14	100	1354	23413	14	360	0	0	0	0	0	0
65	210	0	0	25	250	0	0	0	0	0	0	0	0
65	230	199	2908	107	1876	120	3102	0	0	0	0	0	0
65	250	0	0	76	873	0	0	0	0	0	0	0	0
65	270	0	0	3700	115302	7	320	0	0	0	0	0	0
65	290	0	0	20	460	0	0	0	0	0	0	0	0
65	310	2	50	1389	30570	159	5360	0	0	0	0	0	0
65	330	15	123	457	10141	565	19175	0	0	0	0	0	0
65	0	574	14353	13862	315938	1831	55918	0	0	0	0	0	0
		0	0	0	0	0	0	0	0	0	0	0	0
													
66	10	2289	27882	738	9460	219	2822	0	0	0	0	0	0
66	30	1916	25191	28	332	213	4219	0	0	0	0	0	0
66	50	2084	58670	108	3010	828	33353	0	0	18739	10468	0	0
66	70	10898	119661	9023	113781	7150	119797	0	0	0	0	0	0
66	90	10653	195599	66585	845209	8313	90217	0	0	2834	336	0	0
66	110	536	8046	0	0	0	0	0	0	357	46	0	0
66	130	2644	68118	466	8096	21	900	0	0	26407	21020	0	0
66	150	742	18573	45	618	122	4490	0	0	32286	21294	0	0
66	170	3027	41759	276	4782	38	354	0	0	59	15	0	0
66	190	3061	30200	75	170	5	30	0	0	36	3	0	0
66	210	15744	166185	30903	255746	348	2847	0	0	466	42	0	0
66	230	697	19205	428	10806	43	1970	0	0	244	159	0	0
66	250	1312	10391	22	76	0	0	0	0	5331	892	0	0
66	270	1442	18910	23	375	95	2131	0	0	2	1	0	0
66	290	127	3070	66	1043	0	0	0	0	490	317	0	0
66	310	2431	28429	3578	30842	2649	47355	0	0	0	0	0	0
66	330	7947	73749	6873	61438	4636	60759	0	0	0	0	0	0
66	350	1742	31098	323	7127	1620	39914	0	0	127	86	0	0
66	370	7767	98046	55670	592815	1308	13314	0	0	6223	1212	0	0
66	390	2429	45072	3233	50242	1028	21700	0	0	0	0	0	0
66	410	9422	130683	804	8877	0	0	0	0	14534	2613	0	0
66	430	3021	48528	2420	28651	557	8544	0	0	0	0	0	0
66	450	6984	166568	707	11453	305	7187	0	0	0	0	0	0
66	470	8286	118824	4146	35423	2653	43246	0	0	0	0	0	0
66	490	1346	13107	665	8103	31	431	0	0	0	0	0	0
66	510	990	18326	548	14068	6	60	0	0	309	64	0	0
66	530	1629	31793	1218	25044	3	20	0	0	3	1	0	0
66	550	970	11757	3779	59174	1010	23522	0	0	0	0	0	0
66	570	6664	66934	132	1132	29	325	0	0	0	0	0	0
66	590	42933	434923	11902	101715	1320	11164	0	0	0	0	0	0
66	610	3621	45745	2848	41978	484	7436	0	0	41	15	0	0
66	0	165354	2175042	207632	2331586	35034	548107	0	0	108488	58584	0	0
		0	0	0	0	0	0	0	0	0	0	0	0
													
67	10	82	1570	1015	18535	620	15995	0	0	0	0	0	0
67	30	126	3667	45371	579781	3236	145122	0	0	0	0	0	0
67	50	98	2517	37543	594896	4899	180738	0	0	0	0	0	0
67	70	65	1318	445	8654	381	10109	0	0	0	0	0	0
67	90	0	0	89	1268	241	5284	0	0	0	0	0	0
67	110	73	1573	4346	105458	495	20133	0	0	0	0	0	0
67	130	428	9863	3454	55028	2017	43248	0	0	0	0	0	0
67	150	777	26624	4038	78382	3544	92766	0	0	0	0	0	0
67	170	300	4857	1212	18667	2250	48051	0	0	0	0	0	0
67	190	754	25138	7	60	56	1600	0	0	0	0	0	0
67	210	551	8349	1863	35001	1345	39739	0	0	0	0	0	0
67	230	11	145	15310	201113	386	11960	0	0	0	0	0	0
67	250	374	2754	267	3472	381	5897	0	0	0	0	0	0
67	270	306	5982	6235	96089	1805	44777	0	0	0	0	0	0
67	290	0	0	1376	36723	622	24301	0	0	0	0	0	0
67	310	3	45	1390	28912	1154	35800	0	0	0	0	0	0
67	330	0	0	827	14953	1250	39848	0	0	0	0	0	0
67	350	157	4123	11668	212455	1332	53519	0	0	0	0	0	0
67	370	814	14220	3219	41608	803	15926	0	0	0	0	0	0
67	390	27	350	10712	172969	4860	142194	0	0	0	0	0	0
67	410	100	2153	5816	183243	3752	142940	0	0	0	0	0	0
67	430	0	0	1504	30849	1243	51224	0	0	0	0	0	0
67	450	99	1877	6753	76037	671	23001	0	0	0	0	0	0
67	470	899	19832	3660	77455	2655	73999	0	0	0	0	0	0
67	490	621	17786	17593	387982	4179	159646	0	0	0	0	0	0
67	510	2	70	1413	34982	1178	40216	0	0	0	0	0	0
67	530	388	7129	1703	25136	157	4452	0	0	0	0	0	0
67	550	81	1270	1031	23367	1286	35165	0	0	0	0	0	0
67	570	153	3490	4680	93189	2622	111001	0	0	0	0	0	0
67	0	7289	166702	194540	3236264	49420	1618651	0	0	0	0	0	0
		0	0	0	0	0	0	0	0	0	0	0	0
													
68	10	10	200	398	8052	1346	31266	0	0	0	0	0	0
68	30	868	21318	3399	67888	6306	184555	0	0	0	0	0	0
68	50	7648	84063	12364	130956	7594	129180	0	0	0	0	0	0
68	70	43	400	352	5381	1506	30652	0	0	0	0	0	0
68	90	1838	12247	5020	26421	4245	62108	0	0	0	0	0	0
68	110	3739	48876	8138	103069	4847	90725	0	0	0	0	0	0
68	130	158	4379	3022	67198	5409	197549	0	0	0	0	0	0
68	150	30398	316903	23543	216677	12964	276229	0	0	0	0	0	0
68	170	153	2712	533	11875	1223	42153	0	0	0	0	0	0
68	190	1923	18834	5209	83578	5028	158086	0	0	0	0	0	0
68	210	18141	139730	24346	184792	10783	116295	0	0	0	0	0	0
68	230	0	0	2773	32668	4723	99262	0	0	0	0	0	0
68	250	275	2724	22	321	126	3383	0	0	0	0	0	0
68	270	2743	21785	6320	38395	4631	53672	0	0	0	0	0	0
68	290	222	5222	3271	72278	5921	214423	0	0	0	0	0	0
68	310	11216	144285	14779	155993	8362	162689	0	0	0	0	0	0
68	330	2317	28946	15479	330047	8706	306954	0	0	0	0	0	0
68	350	0	0	0	0	137	1789	0	0	0	0	0	0
68	370	66	920	130	1481	1167	26562	0	0	0	0	0	0
68	390	0	0	547	9812	2203	47522	0	0	0	0	0	0
68	410	0	0	654	9835	1198	30747	0	0	0	0	0	0
68	430	200	6013	917	24857	3520	144669	0	0	0	0	0	0
68	450	774	8732	5037	69576	2323	36284	0	0	0	0	0	0
68	455												
68	0	82732	868289	136253	1651150	104268	2446754	0	0	0	0	0	0
		0	0	0	0	0	0	0	0	0	0	0	0
													
71	10	25	730	875	17590	635	16955	0	0	0	0	0	0
71	30	0	0	174	3777	0	0	0	0	0	0	0	0
71	50	43	1334	500	9828	447	11091	0	0	0	0	0	0
71	70	109	3372	21842	398579	1364	34880	20742	898802	0	0	0	0
71	90	30	300	245	3372	113	2274	0	0	0	0	0	0
71	110	0	0	17494	369802	80	1500	15938	834451	16	16	0	0
71	130	4153	141040	1801	44975	100	1540	0	0	0	0	0	0
71	150	8	147	0	0	91	3744	0	0	0	0	0	0
71	170	21	345	103	839	268	6301	0	0	0	0	0	0
71	190	421	7034	7962	105257	183	3080	0	0	8109	5876	0	0
71	210	464	10300	18555	260990	572	13556	8573	386220	0	0	0	0
71	230	127	3385	196	3809	567	15944	0	0	0	0	0	0
71	250	2400	42840	1490	38999	208	7935	0	0	73967	26732	0	0
71	270	781	24476	847	21135	215	5440	0	0	0	0	0	0
71	290	983	60313	17995	294683	1000	40000	17	720	20925	19891	0	0
71	310	65	935	18312	246310	20	840	0	0	7465	5192	0	0
71	330	268	5060	1506	21683	244	3528	0	0	0	0	0	0
71	350	0	0	2352	22537	415	3056	0	0	0	0	0	0
71	370	230	6136	21	245	294	4692	0	0	0	0	0	0
71	390	28	710	21787	110330	726	4018	0	0	1329	922	0	0
71	410	1	40	5	100	1202	39459	0	0	0	0	0	0
71	430	4	75	64	509	77	1073	0	0	0	0	0	0
71	450	117	1898	3228	50001	2040	62839	0	0	0	0	0	0
71	470	30	1061	3005	24802	2737	53824	0	0	151	91	0	0
71	490	0	0	1860	15458	1515	12350	0	0	0	0	0	0
71	510	7	300	20	200	4	160	0	0	0	0	0	0
71	530	72	1578	5289	58479	728	13520	0	0	0	0	0	0
71	550	212	4168	1375	25076	1914	29075	0	0	0	0	0	0
71	570	3	115	8	100	0	0	0	0	0	0	0	0
71	590	162	5957	3375	44590	250	7500	0	0	160	40	0	0
71	610	5	120	9337	117013	3675	54825	0	0	0	0	0	0
71	630	0	0	220	2996	378	11106	0	0	0	0	0	0
71	650	469	5955	15586	170002	549	9022	0	0	25960	15516	0	0
71	670	4596	110700	30028	431855	6681	127892	2406	110000	0	0	0	0
71	690	11	350	43	555	0	0	0	0	0	0	0	0
71	710	474	7650	79	1850	175	3500	0	0	0	0	0	0
71	730	929	14429	1147	11908	311	7571	0	0	0	0	0	0
71	750	0	0	0	0	0	0	0	0	0	0	0	0
71	770	14634	550216	30612	439818	11709	164418	0	0	0	0	0	0
71	790	653	6409	8789	51326	319	4821	0	0	0	0	0	0
71	810	23	355	61	913	5897	83932	0	0	0	0	0	0
71	830	152	3211	324	5670	2410	27200	0	0	0	0	0	0
71	850	45	590	10	170	301	5014	0	0	0	0	0	0
71	870	300	5307	31	503	256	6760	0	0	0	0	0	0
71	890	91	2406	3912	34429	74	910	0	0	0	0	0	0
71	910	0	0	2	10	0	0	0	0	0	0	0	0
71	930	49	1219	8341	88828	925	32619	0	0	0	0	0	0
71	950	99	4398	22278	453428	1615	27086	0	0	0	0	0	0
71	970	489	11659	919	15448	1547	40420	0	0	0	0	0	0
71	990	194	4457	8935	106186	12821	229264	65	1200	0	0	0	0
71	1010	439	7359	20824	316555	5705	105919	7485	450910	0	0	0	0
71	1030	265	6664	8534	88837	917	14219	0	0	0	0	0	0
71	1050	35	645	612	4965	70	500	0	0	0	0	0	0
71	1070	970	27990	4094	68866	169	4885	0	0	5925	4236	0	0
71	1090	2	20	715	10188	304	3918	0	0	0	0	0	0
71	1110	77	1407	30	360	0	0	0	0	40	36	0	0
71	1130	0	0	21374	399628	362	7150	14470	765133	0	0	0	0
71	1150	14	200	9414	112783	3858	64656	1945	112830	0	0	0	0
71	0	35779	1097365	358537	5129145	79037	1437781	71641	3560266	144047	78548	0	0
		0	0	0	0	0	0	0	0	0	0	0	0
													
72	10	383	13170	10956	198349	6031	185191	0	0	0	0	0	0
72	30	376	12562	9924	184973	12408	319687	0	0	0	0	0	0
72	50	1065	29896	16298	403908	23228	739294	0	0	0	0	0	0
72	70	0	0	87	2770	476	18253	0	0	0	0	0	0
72	90	18	516	899	25108	1595	63977	0	0	0	0	0	0
72	110	82	2905	139	3426	237	10300	0	0	0	0	0	0
72	130	0	0	1476	19772	634	17098	0	0	0	0	0	0
72	150	78	2072	2	35	18	719	0	0	0	0	0	0
72	170	13	50	623	11353	307	9634	0	0	0	0	0	0
72	190	2560	69944	6331	106042	8113	188201	0	0	0	0	0	0
72	210	34	1140	85096	674701	14	100	0	0	0	0	0	0
72	230	21	135	1648	24807	706	26244	0	0	0	0	0	0
72	250	0	0	991	7548	1303	18577	0	0	0	0	0	0
72	270	69	2537	93	2227	94	6349	0	0	0	0	0	0
72	290	1460	28898	8444	147395	676	17049	0	0	0	0	0	0
72	310	5	200	28422	171480	113	2435	0	0	0	0	0	0
72	330	650	16644	1430	24902	728	18321	0	0	0	0	0	0
72	350	2	35	2446	37192	1008	24104	0	0	0	0	0	0
72	370	0	0	1616	11942	149	2632	0	0	0	0	0	0
72	390	1831	52512	16572	238650	21774	477226	0	0	0	0	0	0
72	410	15	455	12	360	199	7637	0	0	0	0	0	0
72	430	1835	56735	27959	509104	48317	1080506	0	0	0	0	0	0
72	450	3426	129867	4936	139375	1321	55301	0	0	0	0	0	0
72	470	3020	95745	28444	676978	41231	1262430	0	0	0	0	0	0
72	490	161	5457	89228	651057	75	1000	0	0	0	0	0	0
72	510	102	3662	945	24168	2820	105381	0	0	0	0	0	0
72	530	554	17766	19551	399220	22015	543066	0	0	0	0	0	0
72	550	0	0	106721	1457518	155	2088	0	0	0	0	0	0
72	570	0	0	0	0	0	0	0	0	0	0	0	0
72	590	386	12232	221771	4980826	813	18949	0	0	0	0	0	0
72	610	118	2304	43738	831716	7798	214967	0	0	0	0	0	0
72	630	79	1425	26382	392153	5435	187265	0	0	0	0	0	0
72	650	69	1145	52147	879265	621	14880	0	0	0	0	0	0
72	670	272	7226	19814	508214	26157	959149	0	0	0	0	0	0
72	690	72	981	2941	43592	47	820	0	0	0	0	0	0
72	710	1111	31921	21459	480222	22988	622448	0	0	0	0	0	0
72	0	19867	600137	859541	14270348	259604	7221278	0	0	0	0	0	0
		0	0	0	0	0	0	0	0	0	0	0	0
													
73	10	13	60	202399	1605621	133	2065			0	0	0	0
73	30	160	2897	24183	228915	132	2267			0	0	0	0
73	50	1519	60184	19664	93420	161	5370			0	0	0	0
73	70	341	4280	1881	20006	144	1620			0	0	0	0
73	90	0	0	536	21558	646	33021			0	0	0	0
73	110	342	9099	2823	71339	5962	194854			0	0	0	0
73	130	221	5136	70416	1832744	312	9634			0	0	0	0
73	150	5	120	874	20308	1103	49981			0	0	0	0
73	170	15	184	112506	763489	1082	12356			0	0	0	0
73	190	379	5181	3764	32594	1154	6805			0	0	0	0
73	210	83	2960	45286	274527	0	0			0	0	0	0
73	230	88	2080	66990	1312436	88	2410			0	0	0	0
73	250	34	822	82998	363459	817	42012			0	0	0	0
73	270	1	35	618	18261	1734	93297			0	0	0	0
73	290	0	0	2822	109149	1561	75342			0	0	0	0
73	310	0	0	155	3679	258	9505			0	0	0	0
73	330	6	125	204	5409	1450	85214			0	0	0	0
73	350	4	70	127	2612	103	3371			0	0	0	0
73	370	0	0	8021	237168	6870	375127			0	0	0	0
73	390	17	116	51551	736412	1042	44463			0	0	0	0
73	410	27	1020	3768	87145	10453	368981			0	0	0	0
73	430	396	3301	327541	2698197	3118	74848			0	0	0	0
73	450	0	0	118	2522	445	16195			0	0	0	0
73	470	720	16343	20387	234036	2840	32093			0	0	0	0
73	490	0	0	14	326	232	9802			0	0	0	0
73	510	10	15	290	2761	1109	22090			0	0	0	0
73	530	1	40	200	3769	1015	32420			0	0	0	0
73	550	1	40	1065	29891	1594	61456			0	0	0	0
73	570	3	27	1787	72388	17792	1426338			0	0	0	0
73	590	98	2550	15	324	164	4932			0	0	0	0
73	610	3	78	226	7665	3786	284269			0	0	0	0
73	630	599	10601	125630	2230269	21214	426920			0	0	0	0
73	650	1915	25641	9688	138891	4930	126575			0	0	0	0
73	670	8	150	994	20075	2623	72373			0	0	0	0
73	690	0	0	0	0	0	0			0	0	0	0
73	710	758	24262	159583	3665727	521	13511			0	0	0	0
73	730	13	272	1038	26157	9062	439566			0	0	0	0
73	750	250	4543	377048	7322453	36877	1022859			0	0	0	0
73	770	7765	287898	19443	469289	3598	151166			0	0	0	0
73	0	15795	470130	1746653	24764991	146125	5635108	0	0	0	0	0	0
		0	0	0	0	0	0	0	0	0	0	0	0
													
81	3000												
81	3100												
81	3200												
81	3300												
81	0												
													
													
82	10												
82	30												
82	50												
82	70												
82	90												
82	0												
													
													
100	0	82328843	1823880173	50862230	800876659	37650155	1304599083	744033	29525543	39204319	13682699	326388	1664018
		0	0	0	0	0	0	0	0	0	0	0	0
													
100	0												
													
													
