state	county	wheat1_a	wheat1_y	wheat2_a	wheat2_y	oats_a	oats_y	rice_a	rice_y	corn_a	corn_y	cotton_a	cotton_y	scane_a	scane_y
0	0	100000000	100000000	100000000	100000000	100000000	100000000	100000000	100000000	100000000	100000000	100000000	100000000	100000000	100000000
1	10	10	182	0	0	89	2909	0	0	1150	46937	0	0	0	0
1	30	23	446	12	258	190	5731	0	0	4986	188898	0	0	0	0
1	50	23	714	6	118	990	35025	0	0	1742	84165	0	0	0	0
1	70	7	130	0	0	29	869	0	0	936	32423	0	0	0	0
1	90	50	1385	19	215	122	3544	0	0	1374	58322	0	0	0	0
1	110	6	170	0	0	36	771	0	0	1663	55310	0	0	0	0
1	130	9	212	3	75	91	2683	0	0	1174	42170	0	0	0	0
1	150	26	425	0	0	74	1940	0	0	981	33446	0	0	0	0
1	0	154	3664	40	666	1621	53472	0	0	14006	541671	0	0	0	0
		0	0	0	0	0	0	0	0	0	0	0	0	0	0
															
2	10	2	38	2	45	521	19362	0	0	151	6694	0	0	0	0
2	30	81	1554	6084	139383	78756	3134479	0	0	3	60	0	0	0	0
2	50	2	88	3	68	431	13476	0	0	239	8551	0	0	0	0
2	70	0	0	1	5	426	14334	0	0	234	8233	0	0	0	0
2	90	0	0	5	87	194	6809	0	0	27	820	0	0	0	0
2	110	1	10	13	390	2202	79833	0	0	575	20463	0	0	0	0
2	130	0	0	1	10	196	6412	0	0	71	2684	0	0	0	0
2	150	8	205	3	54	156	4934	0	0	52	1816	0	0	0	0
2	170	0	0	2	47	496	21993	0	0	554	16619	0	0	0	0
2	190	24	488	123	2714	7117	292967	0	0	205	7593	0	0	0	0
2	210	0	0	7	194	2672	106833	0	0	85	3227	0	0	0	0
2	230	4	60	5	71	455	15280	0	0	47	1897	0	0	0	0
2	250	3	57	18	491	3906	151531	0	0	724	26666	0	0	0	0
2	270	0	0	10	186	1454	59277	0	0	147	5029	0	0	0	0
2	290	0	0	34	636	711	26843	0	0	2	100	0	0	0	0
2	310	0	0	0	0	83	2547	0	0	320	11268	0	0	0	0
2	0	125	2500	6311	144381	99776	3956910	0	0	3436	121720	0	0	0	0
		0	0	0	0	0	0	0	0	0	0	0	0	0	0
															
3	10	1	25	0	0	1	60	0	0	128	2141	0	0	0	0
3	30	50	300	20	550	1463	49296	0	0	887	36004	0	0	0	0
3	50	1	6	0	0	75	3260	0	0	283	7694	0	0	0	0
3	70	0	0	0	0	3	90	0	0	26	800	0	0	0	0
3	90	1	35	0	0	9	196	0	0	166	6142	0	0	0	0
3	110	0	0	0	0	34	1045	0	0	2227	87600	0	0	0	0
3	130	5	10	0	0	94	3725	0	0	1149	50157	0	0	0	0
3	150	1	15	0	0	42	1444	0	0	2741	133726	0	0	0	0
3	170	9	165	0	0	9	215	0	0	286	11507	0	0	0	0
3	190	0	0	0	0	0	0	0	0	18	650	0	0	0	0
3	210	4	80	0	0	22	705	0	0	48	1475	0	0	0	0
3	230	0	0	0	0	12	593	0	0	96	3647	0	0	0	0
3	250	0	0	0	0	0	0	0	0	0	0	0	0	0	0
3	270	4	84	1	25	142	5933	0	0	498	15786	0	0	0	0
3	0	76	720	21	575	1906	66562	0	0	8553	357329	0	0	0	0
		0	0	0	0	0	0	0	0	0	0	0	0	0	0
															
4	10	0	0	0	0	108	3607	0	0	207	9819				
4	30	0	0	0	0	28	1060	0	0	170	6015	0	0	0	0
4	50	0	0	1	30	164	6648	0	0	700	31507	0	0	0	0
4	70	0	0	0	0	1110	47780	0	0	16	550	0	0	0	0
4	90	0	0	4	69	938	34433	0	0	837	37590	0	0	0	0
4	110	0	0	0	0	45	1206	0	0	285	11129	0	0	0	0
4	130	0	0	4	44	182	5402	0	0	554	20640	0	0	0	0
4	150	0	0	0	0	27	924	0	0	468	17828	0	0	0	0
4	170	0	0	0	0	38	1321	0	0	244	9680	0	0	0	0
4	190	0	0	0	0	238	9234	0	0	607	26441	0	0	0	0
4	0	0	0	9	143	2878	111615	0	0	4088	171199	0	0	0	0
		0	0	0	0	0	0	0	0	0	0	0	0	0	0
															
5	10	22	352	0	0	10	259	0	0	6	300	0	0	0	0
5	30	0	0	0	0	1	25	0	0	90	2328	0	0	0	0
5	50	21	600	0	0	203	6754	0	0	785	25000	0	0	0	0
5	70	11	120	0	0	8	200	0	0	499	15379	0	0	0	0
5	90	0	0	0	0	60	1466	0	0	907	29831	0	0	0	0
5	0	54	1072	0	0	282	8704	0	0	2287	72838	0	0	0	0
		0	0	0	0	0	0	0	0	0	0	0	0	0	0
															
6	10	19	395	141	2133	7749	189398	0	0	1391	45418	0	0	0	0
6	30	6	30	2	40	1452	53428	0	0	1192	52352	0	0	0	0
6	50	5	200	29	905	1889	77045	0	0	121	4374	0	0	0	0
6	70	4	111	12	435	4412	147807	0	0	1408	54179	0	0	0	0
6	90	0	0	5	75	463	19016	0	0	26	764	0	0	0	0
6	110	31	661	62	1472	7121	234680	0	0	730	24699	0	0	0	0
6	130	0	0	43	760	2307	58184	0	0	343	10717	0	0	0	0
6	150	0	0	2	65	490	18134	0	0	312	11863	0	0	0	0
6	170	2	41	12	336	1528	59833	0	0	1272	58857	0	0	0	0
6	190	31	575	17	300	5232	209208	0	0	69	2366	0	0	0	0
6	210	1	30	17	368	2059	62682	0	0	2050	72610	0	0	0	0
6	230	4	76	27	480	1148	44364	0	0	937	32464	0	0	0	0
6	250	3	58	2	52	243	7733	0	0	1249	52541	0	0	0	0
6	270	8	273	8	165	1279	40869	0	0	2008	74505	0	0	0	0
6	0	114	2450	379	7586	37372	1222381	0	0	13108	497709	0	0	0	0
		0	0	0	0	0	0	0	0	0	0	0	0	0	0
															
11	10	36340	624762	0	0	418	9493	0	0	39382	1193326	0	0	0	0
11	30	29696	616799	0	0	1438	45439	0	0	22954	765844	0	0	0	0
11	50	14205	204884	0	0	153	2947	0	0	73716	1976890	0	0	0	0
11	0	80241	1446445	0	0	2009	57879	0	0	136052	3936060	0	0	0	0
		0	0	0	0	0	0	0	0	0	0	0	0	0	0
															
98	0	0	0	0	0	0	0	0	0	71	3890	0	0	0	0
															
															
12	10	0	0	0	0	0	0	0	0	2374	75121	0	0	0	0
12	30	51	1110	0	0	39	1335	0	0	124	3679	0	0	0	0
12	50	3412	73124	0	0	246	8604	0	0	21683	756897	0	0	0	0
12	70	193	3527	0	0	23	506	0	0	2601	92549	0	0	0	0
12	90	4	190	0	0	0	0	0	0	2766	83621	0	0	0	0
12	110	2198	55205	0	0	182	5739	0	0	11903	424328	0	0	0	0
12	130	31	665	0	0	15	200	0	0	69	2825	0	0	0	0
12	150	243	5155	0	0	10	150	0	0	10917	374584	0	0	0	0
12	170	0	0	0	0	0	0	0	0	0	0	0	0	0	0
12	190	14147	265405	0	0	15542	481278	0	0	21641	831623	0	0	0	0
12	210	4737	115803	0	0	2156	67613	0	0	9071	339569	0	0	0	0
12	230	2325	58405	0	0	393	11128	0	0	5756	230009	0	0	0	0
12	250	2572	69711	0	0	172	4144	0	0	13154	403422	0	0	0	0
12	270	748	14250	0	0	2574	83302	0	0	3011	130850	0	0	0	0
12	290	107	2281	0	0	0	0	0	0	2197	58162	0	0	0	0
12	310	2	54	0	0	10	230	0	0	143	6522	0	0	0	0
12	330	6324	150397	0	0	362	10157	0	0	19429	710773	0	0	0	0
12	350	6172	120669	0	0	5240	153121	0	0	9412	299980	0	0	0	0
12	370	731	13213	0	0	3671	113489	0	0	3089	143835	0	0	0	0
12	390	15	650	0	0	4	70	0	0	102	2651	0	0	0	0
12	410	7371	146145	0	0	11566	410430	0	0	12675	557846	0	0	0	0
12	0	51383	1095959	0	0	42205	1351496	0	0	152117	5528846	0	0	0	0
		0	0	0	0	0	0	0	0	0	0	0	0	0	0
															
13	10	564	5780	104	1124	9138	216173	0	0	2679	74738	0	0	0	0
13	30	1463	20455	209	2563	14635	268566	0	0	367	13052	0	0	0	0
13	50	0	0	0	0	0	0	0	0	0	0	0	0	0	0
13	70	98	1452	67	897	9115	268863	0	0	739	25566	0	0	0	0
13	90	495	7345	67	574	15471	322071	0	0	1016	26649	0	0	0	0
13	110	17569	354400	246	4638	16669	523532	0	0	9828	336970	0	0	0	0
13	130	978	16725	159	1824	17895	381427	0	0	4652	160078	0	0	0	0
13	150	1748	25074	138	1879	7520	180943	0	0	1480	52685	0	0	0	0
13	170	143	3262	42	682	8828	312197	0	0	980	54473	0	0	0	0
13	190	5	98	198	4626	11679	366704	0	0	482	15265	0	0	0	0
13	210	418	5223	32	363	7313	201477	0	0	5387	191040	0	0	0	0
13	230	142	3069	4	61	6526	230721	0	0	433	16453	0	0	0	0
13	250	128	2540	34	418	4859	160487	0	0	434	17898	0	0	0	0
13	270	1068	20674	28	298	7900	261775	0	0	4944	245197	0	0	0	0
13	290	12572	194588	384	4939	31041	666698	0	0	4865	144897	0	0	0	0
13	310	34	538	46	737	3745	88105	0	0	1118	33561	0	0	0	0
13	330	0	0	64	1015	11093	386012	0	0	651	21628	0	0	0	0
13	350	10	198	9	82	3970	115240	0	0	889	32170	0	0	0	0
13	370	18661	342231	201	4232	14405	354855	0	0	2905	100617	0	0	0	0
13	390	737	8909	54	423	2700	69992	0	0	3668	141946	0	0	0	0
13	410	0	0	0	0	22	730	0	0	6	195	0	0	0	0
13	430	177	2231	81	1558	8798	279581	0	0	1104	36432	0	0	0	0
13	450	33	420	541	7851	45557	1244350	0	0	724	25777	0	0	0	0
13	470	0	0	0	0	0	0	0	0	0	0	0	0	0	0
13	490	0	0	61	729	10932	332324	0	0	124	3686	0	0	0	0
13	510	19055	263213	200	1868	15226	367564	0	0	1902	66635	0	0	0	0
13	530	1881	42998	122	1992	9262	276668	0	0	1895	64939	0	0	0	0
13	550	27600	580933	208	4521	22265	705055	0	0	6894	201709	0	0	0	0
13	570	135	1167	256	3463	15174	423681	0	0	2247	80070	0	0	0	0
13	590	19	512	3	90	6	100	0	0	108	3493	0	0	0	0
13	610	0	0	0	0	0	0	0	0	0	0	0	0	0	0
13	630	24123	438599	279	5479	22018	574645	0	0	7969	211238	0	0	0	0
13	650	1037	21053	120	2401	11276	367478	0	0	2517	82313	0	0	0	0
13	670	9528	202804	373	5964	14628	448215	0	0	6910	214588	0	0	0	0
13	690	22620	417151	358	6089	16190	466410	0	0	7508	266515	0	0	0	0
13	710	663	13158	31	467	1247	36317	0	0	4729	230770	0	0	0	0
13	730	17069	348898	193	4281	11548	374746	0	0	4176	139795	0	0	0	0
13	750	654	11255	71	821	11605	342755	0	0	4457	141276	0	0	0	0
13	770	102	1741	114	1927	12554	423504	0	0	2260	85738	0	0	0	0
13	790	21	785	0	0	130	4631	0	0	170	5538	0	0	0	0
13	810	0	0	0	0	0	0	0	0	0	0	0	0	0	0
13	830	227	3288	43	596	8093	214641	0	0	5470	210031	0	0	0	0
13	850	0	0	0	0	0	0	0	0	30	1065	0	0	0	0
13	870	15	325	0	0	97	3135	0	0	188	6785	0	0	0	0
13	890	0	0	111	1525	38250	1161793	0	0	1311	37416	0	0	0	0
13	910	174	1786	13	125	7907	189597	0	0	3773	124519	0	0	0	0
13	930	106	1736	41	470	3527	87990	0	0	664	19326	0	0	0	0
13	950	762	12221	107	1733	9288	241318	0	0	970	41622	0	0	0	0
13	970	4363	52277	181	2889	4471	88391	0	0	2139	76068	0	0	0	0
13	990	13960	201889	487	6152	10867	304924	0	0	5994	211042	0	0	0	0
13	1010	6637	85121	201	2396	35929	697572	0	0	2388	72836	0	0	0	0
13	1030	636	13488	38	506	867	31812	0	0	2869	82363	0	0	0	0
13	1050	32	575	8	96	2276	80621	0	0	1236	49958	0	0	0	0
13	1070	1551	25627	111	1816	11155	313686	0	0	1538	60969	0	0	0	0
13	1090	4834	72505	113	1688	6399	190225	0	0	2608	87302	0	0	0	0
13	1110	1540	25648	45	441	2382	59692	0	0	4359	161034	0	0	0	0
13	1130	0	0	1	10	455	12218	0	0	790	25655	0	0	0	0
13	1150	194	4435	51	563	11822	273354	0	0	9437	330947	0	0	0	0
13	1170	17121	368562	360	7423	18174	503256	0	0	13206	420085	0	0	0	0
13	1190	28	755	0	0	70	1833	0	0	246	9653	0	0	0	0
13	1210	8930	139345	114	1449	11484	253172	0	0	699	22091	0	0	0	0
13	1230	11543	198379	103	1688	6334	162557	0	0	4506	136036	0	0	0	0
13	0	254203	4567441	7225	112442	622787	16916379	0	0	167638	5752393	0	0	0	0
		0	0	0	0	0	0	0	0	0	0	0	0	0	0
															
14	10	33970	522789	259	3728	11704	365111	0	0	35987	1288134	0	0	0	0
14	30	5665	46021	178	2223	7859	161569	0	0	10635	345626	0	0	0	0
14	50	13242	126726	105	871	17599	409349	0	0	16394	632044	0	0	0	0
14	70	4348	27520	91	512	7854	166450	0	0	9773	329679	0	0	0	0
14	90	20410	245810	165	2491	18056	485399	0	0	22574	752559	0	0	0	0
14	110	50171	883889	453	7401	36167	1053523	0	0	52015	2140394	0	0	0	0
14	130	9821	115657	183	2264	9422	258795	0	0	11357	399133	0	0	0	0
14	150	3309	42394	324	4636	26257	639326	0	0	7343	270069	0	0	0	0
14	170	23268	496122	845	15074	16438	489406	0	0	30965	1226873	0	0	0	0
14	190	12555	98598	409	5842	22273	574578	0	0	18297	639522	0	0	0	0
14	210	4100	71673	200	3635	12686	366113	0	0	6798	188827	0	0	0	0
14	230	2	15	7	118	567	14896	0	0	507	16131	0	0	0	0
14	250	2922	41689	42	600	3588	105289	0	0	2802	78567	0	0	0	0
14	270	21710	250066	166	1688	21277	604819	0	0	21783	875833	0	0	0	0
14	290	27300	688016	30	500	16123	604804	0	0	42054	2089092	0	0	0	0
14	310	12701	150560	121	1410	18730	571021	0	0	12212	451349	0	0	0	0
14	330	4496	58677	81	1013	12499	340853	0	0	8638	258028	0	0	0	0
14	350	6487	60494	129	1552	6092	116676	0	0	6950	259985	0	0	0	0
14	370	18977	275946	222	3602	17977	498762	0	0	19122	726941	0	0	0	0
14	390	7281	119711	157	2717	31236	790452	0	0	18769	695426	0	0	0	0
14	410	37516	604490	190	2841	22666	498026	0	0	37550	1359656	0	0	0	0
14	430	21406	327443	339	5643	18404	529856	0	0	25026	963059	0	0	0	0
14	450	2106	53998	0	0	997	39409	0	0	4540	208045	0	0	0	0
14	470	87	1306	76	983	3004	71602	0	0	589	15464	0	0	0	0
14	490	4072	69724	163	2285	21418	397180	0	0	12616	441298	0	0	0	0
14	510	8230	119055	318	3555	11314	293443	0	0	16431	543475	0	0	0	0
14	530	464	6390	2	30	1284	31841	0	0	711	25604	0	0	0	0
14	550	62895	1015398	258	3983	4301	112105	0	0	47868	1727084	0	0	0	0
14	570	14946	166321	35	372	2291	49096	0	0	11701	321197	0	0	0	0
14	590	5382	58472	125	1725	6305	143021	0	0	16212	575985	0	0	0	0
14	610	15666	169236	200	2590	11332	291567	0	0	15827	549246	0	0	0	0
14	630	14886	189898	156	1760	20479	525062	0	0	20101	679723	0	0	0	0
14	650	6913	89957	210	2293	16064	444332	0	0	9258	294955	0	0	0	0
14	670	13772	189057	13	130	11365	282057	0	0	13354	501352	0	0	0	0
14	690	41	696	8	117	2622	76046	0	0	481	15792	0	0	0	0
14	710	85404	2049174	0	0	12038	406153	0	0	85401	4170850	0	0	0	0
14	730	8444	80241	88	386	13064	326569	0	0	13228	548425	0	0	0	0
14	750	24244	464229	306	6522	13841	449681	0	0	24652	1019402	0	0	0	0
14	770	23292	428816	166	3221	12664	410514	0	0	18284	726745	0	0	0	0
14	790	4779	68250	137	1646	8429	221406	0	0	7094	242004	0	0	0	0
14	810	16910	171139	121	793	21288	535190	0	0	21216	818265	0	0	0	0
14	830	17	422	6	93	2775	64125	0	0	66	1763	0	0	0	0
14	850	10993	157330	89	1337	25091	670925	0	0	22051	820129	0	0	0	0
14	870	12778	170866	151	2307	10019	261051	0	0	12524	478368	0	0	0	0
14	890	3740	54615	39	408	5161	156809	0	0	5120	186207	0	0	0	0
14	910	17916	361916	133	2193	9218	246828	0	0	23998	910186	0	0	0	0
14	930	8766	109586	28	192	8659	222293	0	0	8367	301426	0	0	0	0
14	950	20545	439002	198	3222	16677	576865	0	0	20501	823939	0	0	0	0
14	970	22350	295426	95	1014	21155	502133	0	0	21166	815501	0	0	0	0
14	990	18340	236228	207	2683	15559	450616	0	0	18239	593200	0	0	0	0
14	1010	522	10722	0	0	184	5888	0	0	1110	28420	0	0	0	0
14	1030	96	1431	1	12	397	12981	0	0	330	12106	0	0	0	0
14	1050	65	1151	21	549	9228	232988	0	0	189	5388	0	0	0	0
14	1070	14204	203527	251	3385	13902	413371	0	0	13466	481479	0	0	0	0
14	1090	14983	181813	428	6568	13159	328756	0	0	15820	559031	0	0	0	0
14	1110	10409	207071	222	3689	32707	1208287	0	0	12182	462168	0	0	0	0
14	1130	257	3335	12	148	3298	97016	0	0	1245	38266	0	0	0	0
14	1150	135	2026	10	147	9747	242582	0	0	1179	41919	0	0	0	0
14	1170	649	9447	128	1907	22005	604710	0	0	1943	67436	0	0	0	0
14	1190	14239	216240	0	0	11320	344489	0	0	12198	479330	0	0	0	0
14	1210	2898	33707	37	304	9508	263000	0	0	5876	203516	0	0	0	0
14	1230	925	14062	56	757	6883	166130	0	0	1848	50499	0	0	0	0
14	1250	11405	113487	134	1223	17711	425273	0	0	23445	872786	0	0	0	0
14	1270	42	687	18	220	3943	138726	0	0	713	28185	0	0	0	0
14	1290	19111	234688	1063	12107	25530	645013	0	0	27565	1099864	0	0	0	0
14	1310	362	5003	41	554	4758	107599	0	0	2687	91033	0	0	0	0
14	1330	74719	1606492	822	17694	23138	826682	0	0	75186	3149340	0	0	0	0
14	0	934656	15315943	11268	165465	871306	23966483	0	0	1086129	42013323	0	0	0	0
		0	0	0	0	0	0	0	0	0	0	0	0	0	0
															
21	10	43540	584929	269	2424	21777	176762	0	0	19525	94734	0	0	0	0
21	30	6574	95881	0	0	225	4624	0	0	21336	325114	4050	2903	0	0
21	50	21330	401502	21	155	9751	110463	0	0	24710	383426	0	0	0	0
21	70	701	4646	1615	10527	18031	262821	0	0	21403	447222	0	0	0	0
21	90	6832	60900	94	618	1671	10718	0	0	23287	105609	0	0	0	0
21	110	3320	45108	49	190	29200	291312	0	0	143280	3600925	0	0	0	0
21	130	8033	149858	0	0	422	6474	0	0	16062	153795	0	0	0	0
21	150	1111	14546	359	2722	34945	460196	0	0	48820	1613020	0	0	0	0
21	170	32163	575242	841	9971	11095	145042	0	0	51172	807203	0	0	0	0
21	190	19756	345639	99	752	109223	1457911	0	0	214073	5054749	0	0	0	0
21	210	59420	1308770	85	688	17308	206816	0	0	111884	2077639	0	0	0	0
21	230	20445	326518	83	769	6262	71767	0	0	53854	1625295	0	0	0	0
21	250	7203	73462	0	0	8788	77618	0	0	49082	970664	0	0	0	0
21	270	57799	1071172	0	0	24106	431440	0	0	37882	437977	0	0	0	0
21	290	23425	450235	169	1210	20165	366287	0	0	78097	1994546	0	0	0	0
21	310	295	2651	968	4696	20016	268747	0	0	24060	313031	0	0	0	0
21	330	17870	291727	12	76	4742	66434	0	0	46145	1426537	0	0	0	0
21	350	6683	74229	4	33	4608	58088	0	0	36491	1023065	0	0	0	0
21	370	803	4729	2362	12128	51366	754503	0	0	83349	2019090	0	0	0	0
21	390	8170	133666	45	324	32475	414534	0	0	80218	2271689	0	0	0	0
21	410	19346	424292	224	4839	35520	644925	0	0	78813	1946171	0	0	0	0
21	430	296	1815	280	2046	11626	213047	0	0	15036	270990	0	0	0	0
21	450	38746	863945	907	10545	56992	1227255	0	0	103244	3034600	0	0	0	0
21	470	16793	293066	0	0	5765	106226	0	0	27116	857651	0	0	0	0
21	490	17560	204845	151	918	13119	128467	0	0	42500	924549	0	0	0	0
21	510	25504	343342	825	10895	13790	146726	0	0	70219	1253807	0	0	0	0
21	530	695	6922	0	0	76261	889594	0	0	107611	2400876	0	0	0	0
21	550	12728	161243	0	0	4677	83039	0	0	36772	480789	0	0	0	0
21	570	45274	755454	442	5092	17475	203553	0	0	103784	2117476	0	0	0	0
21	590	22060	391272	0	0	3948	91675	0	0	41794	1298884	0	0	0	0
21	610	36043	757105	124	1099	4175	73990	0	0	63546	521164	0	0	0	0
21	630	0	0	30	125	47990	403145	0	0	78830	1021451	0	0	0	0
21	650	14851	195756	0	0	7724	141327	0	0	45470	962377	0	0	0	0
21	670	26428	412593	249	3282	33432	374307	0	0	54817	487978	0	0	0	0
21	690	237	3180	0	0	4	70	0	0	11615	269301	0	0	0	0
21	710	7387	110051	284	3062	9798	104766	0	0	47598	1214326	0	0	0	0
21	730	3312	47068	180	1031	36732	424373	0	0	137332	4363286	0	0	0	0
21	750	4100	40919	404	3638	197313	2432106	0	0	230024	4165813	0	0	0	0
21	770	37005	626085	0	0	6338	130810	0	0	50065	784482	0	0	0	0
21	790	12118	149274	91	705	12773	152559	0	0	54465	1364776	0	0	0	0
21	810	12225	137467	128	1202	6608	84295	0	0	53466	743857	4	1	0	0
21	830	27119	519021	0	0	3865	50223	0	0	19834	187847	0	0	0	0
21	850	143	926	764	6871	31573	469926	0	0	39613	1403012	0	0	0	0
21	870	2078	23856	0	0	321	6214	0	0	26185	514716	0	0	0	0
21	890	728	4351	707	5610	29609	537439	0	0	46520	1234063	0	0	0	0
21	910	3919	26971	99	316	90265	896279	0	0	113276	1093979	0	0	0	0
21	930	46	438	0	0	42258	465079	0	0	41872	548037	0	0	0	0
21	950	3460	27820	56	258	9949	110547	0	0	102537	3028185	0	0	0	0
21	970	475	2894	2037	11802	12409	155294	0	0	10682	163125	0	0	0	0
21	990	471	1819	0	0	67214	469149	0	0	195242	2784305	0	0	0	0
21	1010	24058	436700	220	3036	4068	60621	0	0	44293	1413240	0	0	0	0
21	1030	5727	58785	61	612	47155	678626	0	0	117040	3408977	0	0	0	0
21	1050	737	7401	538	4055	158233	1487787	0	0	236351	4344954	0	0	0	0
21	1070	58524	1393878	142	1271	47360	788917	0	0	116456	3943290	0	0	0	0
21	1090	24457	411022	355	4296	25513	275663	0	0	83631	1110083	0	0	0	0
21	1110	188	838	3007	18205	24836	322935	0	0	27472	491329	0	0	0	0
21	1130	12960	188396	244	2765	140167	1881287	0	0	259445	8363996	0	0	0	0
21	1150	33052	724052	29	178	22946	353976	0	0	109794	2907621	0	0	0	0
21	1170	60675	1146765	496	6839	13937	155391	0	0	42835	372000	0	0	0	0
21	1190	82135	1710010	1151	17552	16589	240135	0	0	44374	465682	0	0	0	0
21	1210	11517	135094	60	250	10570	110940	0	0	46975	580261	0	0	0	0
21	1230	2338	13695	8	50	22584	170391	0	0	64332	1356441	0	0	0	0
21	1250	61991	871601	148	1572	11872	127315	0	0	79229	1326811	0	0	0	0
21	1270	7105	106995	0	0	1402	22557	0	0	20760	546567	0	0	0	0
21	1290	35643	748421	113	1144	14069	197351	0	0	45352	1057332	0	0	0	0
21	1310	2913	54910	0	0	6479	65264	0	0	84102	2336804	0	0	0	0
21	1330	52418	1130864	0	0	6904	174431	0	0	28296	376454	0	0	0	0
21	1350	47871	947402	208	2115	18161	210710	0	0	59036	768189	0	0	0	0
21	1370	49052	1097700	91	1024	15701	259191	0	0	80579	945172	0	0	0	0
21	1390	18051	357959	48	570	11503	176135	0	0	60669	1495343	0	0	0	0
21	1410	1515	7979	1679	11057	68354	965997	0	0	93938	2989235	0	0	0	0
21	1430	14378	141953	504	3834	20077	193528	0	0	75348	1940604	0	0	0	0
21	1450	31997	393297	0	0	10488	145156	0	0	31533	278405	0	0	0	0
21	1470	21654	424355	240	1807	30468	378156	0	0	84827	2017454	0	0	0	0
21	1490	49905	693948	663	7087	7329	80271	0	0	39983	240800	0	0	0	0
21	1510	4165	51407	0	0	903	13056	0	0	23191	454966	0	0	0	0
21	1530	5923	88246	129	924	1312	25251	0	0	22042	498683	2057	1024	0	0
21	1550	1655	13444	106	479	2961	18637	0	0	22125	461285	0	0	0	0
21	1570	67884	1084805	63	449	6776	166488	0	0	37403	544120	0	0	0	0
21	1590	9643	123567	21	80	9203	92463	0	0	38211	881156	0	0	0	0
21	1610	2034	26977	23	107	5811	65582	0	0	52293	1513784	0	0	0	0
21	1630	84820	1798345	127	995	23062	552551	0	0	47693	382017	0	0	0	0
21	1650	20372	331304	0	0	5397	128842	0	0	41710	941121	0	0	0	0
21	1670	65543	1541852	672	13062	36462	571086	0	0	143525	3038194	0	0	0	0
21	1690	25279	311550	32	121	5553	45951	0	0	34619	464236	0	0	0	0
21	1710	23013	443576	27	114	1541	21289	0	0	31835	239498	0	0	0	0
21	1730	19198	294678	154	1422	13169	171414	0	0	100738	2439514	0	0	0	0
21	1750	245	4983	0	0	1991	14280	0	0	51284	1266030	0	0	0	0
21	1770	557	3800	1853	15669	51091	815396	0	0	64548	2199651	0	0	0	0
21	1790	41558	646175	408	3214	42165	593422	0	0	104915	3163088	0	0	0	0
21	1810	10219	174191	0	0	395	9068	0	0	29747	544452	0	0	0	0
21	1830	24703	372062	1179	14260	78601	917920	0	0	150227	2806696	0	0	0	0
21	1850	23687	462209	8	25	4601	83572	0	0	28055	1014757	0	0	0	0
21	1870	1967	21761	0	0	9152	98929	0	0	91541	2427148	0	0	0	0
21	1890	81639	1319579	97	990	8020	135291	0	0	34315	277987	0	0	0	0
21	1910	12059	156606	191	1073	5960	75625	0	0	74535	1427564	0	0	0	0
21	1930	43539	794119	0	0	9319	196025	0	0	68379	2104605	0	0	0	0
21	1950	16594	242825	426	4357	43923	522136	0	0	110436	3970566	0	0	0	0
21	1970	1146	6380	55	130	98943	1085544	0	0	93781	951797	0	0	0	0
21	1990	8630	105160	0	0	1717	28436	0	0	37135	518012	0	0	0	0
21	2010	473	2598	1639	8642	29451	356707	0	0	50024	1489417	0	0	0	0
21	2030	3855	34275	104	405	59217	544861	0	0	94121	2726091	0	0	0	0
21	0	2047881	36209694	32376	276456	2629160	33731515	0	0	6889686	152010682	6111	3928	0	0
		0	0	0	0	0	0	0	0	0	0	0	0	0	0
															
22	10	18432	350655	99	1305	24681	344509	0	0	34678	778503	0	0	0	0
22	30	28828	598367	115	1594	50309	945118	0	0	66443	2044882	0	0	0	0
22	50	36226	648333	0	0	2296	36041	0	0	45499	1533067	0	0	0	0
22	70	6674	86097	216	1695	57893	655340	0	0	81816	1647790	0	0	0	0
22	90	5698	78555	0	0	5991	77780	0	0	19395	426516	0	0	0	0
22	110	21919	419372	0	0	20200	327216	0	0	64645	2264268	0	0	0	0
22	130	686	8324	0	0	84	1418	0	0	9477	235047	0	0	0	0
22	150	27239	441881	0	0	17651	279929	0	0	55470	1871432	0	0	0	0
22	170	25789	420221	59	480	19514	333495	0	0	55931	1472390	0	0	0	0
22	190	11517	172834	0	0	1131	19489	0	0	24534	481858	0	0	0	0
22	210	22492	402108	0	0	3628	54583	0	0	36637	1257911	0	0	0	0
22	230	37490	681588	111	1335	22861	428848	0	0	65022	2390666	0	0	0	0
22	250	5420	61567	0	0	433	6609	0	0	17280	407257	0	0	0	0
22	270	26408	459890	0	0	6736	110961	0	0	51021	1623568	0	0	0	0
22	290	11288	163983	0	0	1168	17638	0	0	19918	304974	0	0	0	0
22	310	33911	576109	0	0	1619	24773	0	0	49489	1799373	0	0	0	0
22	330	22831	481474	37	525	23272	456275	0	0	30023	843878	0	0	0	0
22	350	16939	274619	30	213	12881	221576	0	0	49724	1411608	0	0	0	0
22	370	27119	456542	0	0	9521	200429	0	0	32523	1067814	0	0	0	0
22	390	27566	529746	113	1348	18815	367756	0	0	37664	624162	0	0	0	0
22	410	17153	347872	0	0	1176	26817	0	0	26696	883133	0	0	0	0
22	430	2885	44929	0	0	293	7100	0	0	8079	195286	0	0	0	0
22	450	23745	350225	0	0	16230	154379	0	0	46305	891413	0	0	0	0
22	470	22845	411420	0	0	1056	19614	0	0	35530	829995	0	0	0	0
22	490	16189	216389	158	1356	12483	163928	0	0	43219	673985	0	0	0	0
22	510	41085	733297	0	0	3183	60764	0	0	59822	2035971	0	0	0	0
22	530	15295	270689	0	0	22195	422813	0	0	51639	1725314	0	0	0	0
22	550	17679	319513	0	0	6139	120225	0	0	44147	1388394	0	0	0	0
22	570	22887	402392	0	0	15064	209656	0	0	55910	2068929	0	0	0	0
22	590	21167	403240	0	0	14160	248481	0	0	47199	1870330	0	0	0	0
22	610	17921	238450	0	0	1771	33365	0	0	29708	756991	0	0	0	0
22	630	21729	415909	0	0	9468	160710	0	0	57056	2089212	0	0	0	0
22	650	21097	459771	0	0	16609	321744	0	0	55118	1739037	0	0	0	0
22	670	16993	299655	108	1318	12704	273674	0	0	42270	1761269	0	0	0	0
22	690	14661	305018	129	1645	30254	510839	0	0	44242	1237285	0	0	0	0
22	710	26440	501859	0	0	2179	39200	0	0	43713	1155831	0	0	0	0
22	730	13019	127659	0	0	43507	517091	0	0	73801	1086074	0	0	0	0
22	750	13475	213492	0	0	18536	243142	0	0	40638	777397	0	0	0	0
22	770	8458	126647	0	0	398	7609	0	0	25731	457726	0	0	0	0
22	790	8555	113648	0	0	669	10423	0	0	25011	563330	0	0	0	0
22	810	28439	570884	25	400	3021	59147	0	0	44025	1821287	0	0	0	0
22	830	57065	1122969	0	0	7257	137662	0	0	69420	2379090	0	0	0	0
22	850	33001	565230	177	1949	20009	300369	0	0	56529	939826	0	0	0	0
22	870	27842	420477	72	604	12047	180938	0	0	32933	416319	0	0	0	0
22	890	9801	88260	489	2408	26431	347553	0	0	36395	365018	0	0	0	0
22	910	34334	367139	84	470	23972	255037	0	0	56047	698050	0	0	0	0
22	930	8029	131040	0	0	1687	30700	0	0	27330	771683	0	0	0	0
22	950	24464	458769	255	2865	21185	441936	0	0	64942	2363464	0	0	0	0
22	970	15281	299889	0	0	7284	118603	0	0	36701	1109873	0	0	0	0
22	990	24777	424732	56	537	13548	221296	0	0	46201	724325	0	0	0	0
22	1010	5109	80073	0	0	1347	26014	0	0	18954	579947	0	0	0	0
22	1030	22750	413766	117	1876	14199	237013	0	0	46231	1436494	0	0	0	0
22	1050	3755	55889	0	0	2146	39327	0	0	21093	588889	0	0	0	0
22	1070	33975	638498	0	0	25426	359899	0	0	70513	2078378	0	0	0	0
22	1090	18223	295698	0	0	4507	84512	0	0	45048	1648738	0	0	0	0
22	1110	6994	78035	0	0	42618	677790	0	0	59143	940666	0	0	0	0
22	1130	27895	485202	33	375	18088	291607	0	0	36266	831914	0	0	0	0
22	1150	2892	44975	0	0	73	992	0	0	5618	87643	0	0	0	0
22	1170	8529	125203	0	0	1938	30807	0	0	26047	669792	0	0	0	0
22	1190	6316	90166	0	0	1651	21878	0	0	22651	732950	0	0	0	0
22	1210	20294	359896	75	888	6961	89072	0	0	41882	1353954	0	0	0	0
22	1230	9975	150068	0	0	1615	33717	0	0	18914	555164	0	0	0	0
22	1250	12396	188253	0	0	881	12458	0	0	31149	857978	0	0	0	0
22	1270	15642	156100	102	526	18185	194736	0	0	24705	284150	0	0	0	0
22	1290	47107	894661	0	0	3584	77041	0	0	54339	1746036	0	0	0	0
22	1310	16488	249109	0	0	23218	382649	0	0	47419	669949	0	0	0	0
22	1330	16253	288092	0	0	5858	71820	0	0	45064	1616919	0	0	0	0
22	1350	21529	415281	0	0	21283	340908	0	0	62476	1776390	0	0	0	0
22	1370	21058	311619	0	0	1535	25496	0	0	38086	749969	0	0	0	0
22	1390	45425	825426	0	0	4838	82237	0	0	69033	2807905	0	0	0	0
22	1410	24648	436817	315	3365	13326	253582	0	0	39028	725128	0	0	0	0
22	1430	3371	53446	0	0	192	3113	0	0	14678	289348	0	0	0	0
22	1450	47345	751166	273	3664	6141	98164	0	0	65460	2479051	0	0	0	0
22	1470	30398	501992	0	0	3772	78444	0	0	39232	1026383	0	0	0	0
22	1490	9226	94145	0	0	6674	61635	0	0	25258	381987	0	0	0	0
22	1510	15858	278640	135	1526	10702	172617	0	0	21130	400497	0	0	0	0
22	1530	27366	502210	0	0	3079	56464	0	0	50838	1687557	0	0	0	0
22	1550	5224	67527	0	0	241	3816	0	0	12177	135845	0	0	0	0
22	1570	35895	540001	165	1518	26599	334712	0	0	76673	1832762	0	0	0	0
22	1590	19273	345238	154	2055	12377	305708	0	0	40536	1790733	0	0	0	0
22	1610	16359	334109	0	0	659	14004	0	0	21977	874650	0	0	0	0
22	1630	20384	445278	0	0	844	18891	0	0	23780	734238	0	0	0	0
22	1650	16437	291107	69	275	7440	124107	0	0	31326	769978	0	0	0	0
22	1670	24491	430792	0	0	2534	35034	0	0	45144	1388126	0	0	0	0
22	1690	21393	453178	35	390	24962	429906	0	0	48725	1377096	0	0	0	0
22	1710	11805	129991	0	0	32736	331691	0	0	53795	955396	0	0	0	0
22	1730	21016	378457	0	0	1774	35208	0	0	35793	982816	0	0	0	0
22	1750	13351	195077	0	0	5035	88354	0	0	34495	768494	0	0	0	0
22	1770	28765	600090	0	0	5876	92883	0	0	49922	1487425	0	0	0	0
22	1790	12126	211220	89	912	22793	300026	0	0	46490	1206780	0	0	0	0
22	1810	18406	275464	159	1910	52945	812697	0	0	81500	1745447	0	0	0	0
22	1830	14229	241679	158	1950	19221	238811	0	0	33646	752073	0	0	0	0
22	0	1840754	31767362	4212	43277	1125072	17524438	0	0	3849780	106068436	0	0	0	0
		0	0	0	0	0	0	0	0	0	0	0	0	0	0
															
23	10	1656	19104	118	1369	3207	89535	0	0	1091	30692	0	0	0	0
23	30	37	399	55	705	1761	54710	0	0	16	402	0	0	0	0
23	50	30792	487869	340	4517	29237	724888	0	0	33686	722499	0	0	0	0
23	70	2229	25682	393	5532	7534	255164	0	0	541	14145	0	0	0	0
23	90	860	8745	92	681	5781	137677	0	0	5795	114910	0	0	0	0
23	110	1112	11921	84	1216	9564	306243	0	0	6181	174409	0	0	0	0
23	130	26	288	102	1631	1488	50337	0	0	15	293	0	0	0	0
23	150	21411	327048	322	5598	17232	337526	0	0	20226	395070	0	0	0	0
23	170	7118	141754	298	6631	23362	907514	0	0	15840	590589	0	0	0	0
23	190	915	7472	7	15	917	24669	0	0	2443	47414	0	0	0	0
23	210	16906	263826	365	5032	14574	268560	0	0	27641	450089	0	0	0	0
23	230	26637	359734	395	5947	20211	228406	0	0	31929	580669	0	0	0	0
23	250	35744	451269	482	6479	23586	316394	0	0	27939	638345	0	0	0	0
23	270	20337	287395	303	3135	12212	170755	0	0	33662	596622	0	0	0	0
23	290	1102	13392	88	1155	3606	109674	0	0	2827	85262	0	0	0	0
23	310	397	3315	23	275	3583	102981	0	0	1934	43818	0	0	0	0
23	330	505	3830	1222	20505	9920	307657	0	0	37	536	0	0	0	0
23	350	852	4075	51	308	3957	73860	0	0	4066	127042	0	0	0	0
23	370	29989	417787	429	5357	31647	761974	0	0	23016	664568	0	0	0	0
23	390	23	196	0	0	173	3680	0	0	54	2295	0	0	0	0
23	410	90	1303	129	1430	6414	186650	0	0	37	862	0	0	0	0
23	430	43	618	72	672	1338	28942	0	0	6	138	0	0	0	0
23	450	31011	536428	218	3080	28666	679168	0	0	22492	599634	0	0	0	0
23	470	677	7031	260	3091	3377	119456	0	0	2763	73066	0	0	0	0
23	490	18412	200147	161	1867	32484	796157	0	0	18655	582888	0	0	0	0
23	510	728	5708	32	230	6820	153504	0	0	5828	137064	0	0	0	0
23	530	3	38	30	362	765	24112	0	0	0	0	0	0	0	0
23	550	2364	17927	58	420	6646	167315	0	0	8623	213766	0	0	0	0
23	570	15250	217893	210	3517	35917	1100595	0	0	28368	741555	0	0	0	0
23	590	27300	414768	335	5272	29056	458198	0	0	37255	815227	0	0	0	0
23	610	75	757	398	5532	5358	132309	0	0	22	272	0	0	0	0
23	630	30591	428415	362	6166	49084	1402665	0	0	11396	454891	0	0	0	0
23	650	17946	239360	251	3193	24387	484163	0	0	14044	367521	0	0	0	0
23	670	29909	443216	250	4062	27445	711422	0	0	20934	519588	0	0	0	0
23	690	361	2291	14	164	4257	94944	0	0	2134	54220	0	0	0	0
23	710	44	403	29	250	856	20314	0	0	3	33	0	0	0	0
23	730	6966	54240	185	1285	24142	611127	0	0	15959	367633	0	0	0	0
23	750	22230	277636	861	10342	19339	275932	0	0	27025	657433	0	0	0	0
23	770	24257	314883	354	3748	15238	159707	0	0	21930	383342	0	0	0	0
23	790	479	3142	11	51	1642	29433	0	0	3629	70105	0	0	0	0
23	810	20965	305540	667	9254	30246	827711	0	0	23368	529846	0	0	0	0
23	830	0	0	10	100	91	1850	0	0	0	0	0	0	0	0
23	850	430	2540	11	100	1499	26568	0	0	2134	36565	0	0	0	0
23	870	15703	162466	299	2709	33555	814380	0	0	18765	679090	0	0	0	0
23	890	3033	31778	59	501	6628	180815	0	0	5852	171218	0	0	0	0
23	910	39024	769436	437	8682	48640	1118670	0	0	48120	1396369	0	0	0	0
23	930	16145	147049	443	3698	20152	338175	0	0	16020	389049	0	0	0	0
23	950	1	14	32	362	780	17723	0	0	20	835	0	0	0	0
23	970	153	2570	181	2961	2367	72861	0	0	26	728	0	0	0	0
23	990	17128	208363	301	3228	25076	521488	0	0	19567	638157	0	0	0	0
23	1010	2136	18735	14	115	3368	90640	0	0	7671	135633	0	0	0	0
23	1030	2	22	18	214	1887	56185	0	0	5	235	0	0	0	0
23	1050	4262	44722	91	645	7840	205095	0	0	5647	121188	0	0	0	0
23	1070	2047	12239	46	300	10521	177496	0	0	12390	188189	0	0	0	0
23	1090	290	3894	142	1534	10075	287645	0	0	381	9270	0	0	0	0
23	1110	1974	33267	56	1055	12673	417564	0	0	11130	320157	0	0	0	0
23	1130	1834	11473	62	419	7892	139491	0	0	4251	60739	0	0	0	0
23	1150	30669	698441	346	6901	37682	993164	0	0	44916	1319010	0	0	0	0
23	1170	12814	125745	201	1891	25354	501896	0	0	18836	315123	0	0	0	0
23	1190	473	5846	61	777	1560	49012	0	0	723	20116	0	0	0	0
23	1210	3963	54603	56	931	8443	244273	0	0	8796	212068	0	0	0	0
23	1230	5321	64473	153	1448	10595	253332	0	0	16075	310241	0	0	0	0
23	1250	9267	76280	120	1336	21028	330184	0	0	14748	359222	0	0	0	0
23	1270	3781	41408	64	598	5836	138415	0	0	12342	245481	0	0	0	0
23	1290	676	3089	32	342	5934	132414	0	0	3357	78060	0	0	0	0
23	1310	125	1178	345	4325	3470	90763	0	0	8	253	0	0	0	0
23	1330	1428	8031	82	522	8948	180648	0	0	5738	93871	0	0	0	0
23	1350	123	949	0	0	427	8804	0	0	581	11864	0	0	0	0
23	1370	143	1168	142	1528	3579	81236	0	0	581	11237	0	0	0	0
23	1390	22181	356577	570	8560	27622	893823	0	0	23034	524371	0	0	0	0
23	1410	2159	25785	567	7212	7500	237247	0	0	668	19829	0	0	0	0
23	1430	14	128	57	469	237	5948	0	0	168	2799	0	0	0	0
23	1450	19758	328929	463	6955	42801	1405360	0	0	35829	1098122	0	0	0	0
23	1470	23636	273412	313	4071	40289	906894	0	0	20079	765482	0	0	0	0
23	1490	26053	285955	242	2394	8447	70497	0	0	34834	448943	0	0	0	0
23	1510	30523	416648	315	3587	62959	1814268	0	0	12364	433450	0	0	0	0
23	1530	15	151	9	92	1193	31295	0	0	16	715	0	0	0	0
23	1550	22545	243673	173	1507	34467	835872	0	0	21212	562457	0	0	0	0
23	1570	19869	324594	281	4571	40633	1317219	0	0	26952	830709	0	0	0	0
23	1590	13766	182145	504	5802	13015	194068	0	0	29949	454148	0	0	0	0
23	1610	27558	471812	347	5264	34119	682671	0	0	23849	663146	0	0	0	0
23	1630	6223	105766	205	3018	10260	199321	0	0	13445	344231	0	0	0	0
23	1650	1109	6047	52	256	3202	53261	0	0	6104	91778	0	0	0	0
23	0	836703	11858246	17958	241056	1229673	29814559	0	0	1030593	25212901	0	0	0	0
		0	0	0	0	0	0	0	0	0	0	0	0	0	0
															
24	10	14914	187204	0	0	271	4460	0	0	35615	923195	0	0	0	0
24	30	24366	466706	217	4162	25293	510219	0	0	42467	1254130	0	0	0	0
24	50	29513	384895	243	3191	20324	493330	0	0	26192	879845	0	0	0	0
24	70	5974	94622	138	2083	23823	471667	0	0	22265	816790	0	0	0	0
24	90	5208	76980	0	0	170	2738	0	0	13933	452784	0	0	0	0
24	110	28652	663990	214	4782	27303	578259	0	0	46356	1372552	0	0	0	0
24	130	7358	87099	237	2316	6432	130282	0	0	18776	717271	0	0	0	0
24	150	13446	161936	0	0	429	5017	0	0	46820	1282076	0	0	0	0
24	170	34804	688203	0	0	2367	44678	0	0	49703	1160965	0	0	0	0
24	190	9155	83468	56	467	11405	278758	0	0	12266	416842	0	0	0	0
24	210	28630	649900	0	0	13713	274595	0	0	48743	1355909	0	0	0	0
24	230	29667	619731	0	0	7830	139252	0	0	48735	1650466	0	0	0	0
24	250	7582	93513	0	0	411	5149	0	0	41902	935579	0	0	0	0
24	270	36192	722059	0	0	2176	44716	0	0	58343	2204391	0	0	0	0
24	290	14716	155375	157	1299	18428	493947	0	0	19395	752019	0	0	0	0
24	310	19728	258325	50	314	5525	134491	0	0	24113	886744	0	0	0	0
24	330	30910	508624	184	2879	26018	604213	0	0	38574	1477012	0	0	0	0
24	350	2096	39336	22	244	3746	97951	0	0	4727	194403	0	0	0	0
24	370	50950	1036369	50	350	24302	384356	0	0	86064	2245244	0	0	0	0
24	390	27985	613901	135	2161	31593	617680	0	0	36202	1054862	0	0	0	0
24	410	24690	411543	0	0	9355	167721	0	0	39462	1266339	0	0	0	0
24	430	17061	381947	152	3310	12858	357303	0	0	16893	657024	0	0	0	0
24	450	46166	754507	0	0	1055	17536	0	0	50899	1886409	0	0	0	0
24	470	35566	698582	0	0	7265	147409	0	0	60190	2288661	0	0	0	0
24	490	37373	722614	0	0	4895	91570	0	0	51642	1674644	0	0	0	0
24	510	28142	665745	718	18255	33888	1022587	0	0	45068	1612979	0	0	0	0
24	530	6921	97408	0	0	199	3535	0	0	19461	540088	0	0	0	0
24	550	4208	75010	125	1914	12922	284413	0	0	11026	458518	0	0	0	0
24	570	33015	694595	0	0	4686	102541	0	0	53898	1919092	0	0	0	0
24	590	7366	73976	61	470	2331	41324	0	0	16628	547293	0	0	0	0
24	610	7843	151397	0	0	380	7368	0	0	16388	314110	0	0	0	0
24	630	43114	693540	532	8189	33075	720081	0	0	62915	1829601	0	0	0	0
24	650	27597	515742	65	640	26875	531544	0	0	53777	1545181	0	0	0	0
24	670	5447	64635	90	703	5796	126481	0	0	10033	344483	0	0	0	0
24	690	32388	745743	184	3373	41773	1066946	0	0	58420	2266319	0	0	0	0
24	710	37106	523814	0	0	533	6445	0	0	58467	1960340	0	0	0	0
24	730	7736	98085	0	0	263	4058	0	0	13158	404605	0	0	0	0
24	750	26297	382279	89	1007	16492	481696	0	0	24137	926393	0	0	0	0
24	770	34121	549977	414	5667	30101	610531	0	0	35443	1131823	0	0	0	0
24	790	5712	72645	0	0	176	2658	0	0	13653	400906	0	0	0	0
24	810	3879	34112	43	266	5835	126245	0	0	8323	273530	0	0	0	0
24	830	32629	396464	0	0	6395	130830	0	0	35619	1330878	0	0	0	0
24	850	1681	36690	37	986	3324	75638	0	0	5351	229039	0	0	0	0
24	870	1294	17366	0	0	211	3823	0	0	15655	365533	0	0	0	0
24	890	35981	503172	224	1811	5746	119934	0	0	50467	1760696	0	0	0	0
24	910	21192	439332	74	1573	20312	382172	0	0	45277	1129168	0	0	0	0
24	930	19751	360723	174	2317	23129	575637	0	0	22272	938281	0	0	0	0
24	950	13289	304103	225	2178	13758	420596	0	0	23300	870942	0	0	0	0
24	970	34758	781126	0	0	19632	391592	0	0	66706	2163379	0	0	0	0
24	990	9187	111198	198	2687	13631	349608	0	0	13117	523038	0	0	0	0
24	1010	25131	452994	69	906	21599	418681	0	0	46908	1565844	0	0	0	0
24	1030	21611	385941	91	1126	23546	602078	0	0	24428	871244	0	0	0	0
24	1050	7820	121032	0	0	425	7777	0	0	15461	481675	0	0	0	0
24	1070	30354	669679	106	1543	37681	630397	0	0	52374	1407567	0	0	0	0
24	1090	37852	902081	134	2787	17716	374194	0	0	56601	1798296	0	0	0	0
24	1110	6654	82703	37	414	3711	75068	0	0	15773	440529	0	0	0	0
24	1130	30774	639528	282	5180	7190	132051	0	0	50638	1284172	0	0	0	0
24	1150	6843	106588	53	694	340	6199	0	0	12891	460552	0	0	0	0
24	1170	21194	283248	108	839	11533	236273	0	0	30835	1013248	0	0	0	0
24	1190	15318	195111	95	741	1823	35249	0	0	25738	911181	0	0	0	0
24	1210	5556	66432	26	186	551	8837	0	0	13891	492231	0	0	0	0
24	1230	18525	467059	818	11103	16182	381492	0	0	19641	597971	0	0	0	0
24	1250	17923	336646	42	663	43316	656169	0	0	50608	1435150	0	0	0	0
24	1270	14276	206405	0	0	700	12306	0	0	17455	542568	0	0	0	0
24	1290	59847	1145320	0	0	1658	32228	0	0	69784	2969387	0	0	0	0
24	1310	9561	134410	0	0	355	5415	0	0	26584	873513	0	0	0	0
24	1330	12877	211083	52	686	21060	619017	0	0	19947	785988	0	0	0	0
24	1350	39778	866924	0	0	5019	90516	0	0	57270	1778922	0	0	0	0
24	1370	42571	838644	521	7978	29673	554495	0	0	60280	1722492	0	0	0	0
24	1390	32568	423633	61	617	23906	670379	0	0	31543	1039044	0	0	0	0
24	1410	45093	804326	0	0	429	6447	0	0	62910	2399379	0	0	0	0
24	1430	36252	848747	257	5890	28942	719412	0	0	42335	1570067	0	0	0	0
24	1450	6246	103533	0	0	411	6469	0	0	28638	1027349	0	0	0	0
24	1470	51845	895203	377	7908	34764	727785	0	0	55114	1907935	0	0	0	0
24	1490	24852	561444	23	385	32573	619692	0	0	46377	1310853	0	0	0	0
24	1510	27520	362769	123	1066	29780	944123	0	0	29994	1222993	0	0	0	0
24	1530	8594	139859	96	1116	10629	270943	0	0	12932	486162	0	0	0	0
24	1550	8287	140233	170	1921	17740	420938	0	0	19188	752519	0	0	0	0
24	1570	20545	301435	151	1514	13659	378597	0	0	19571	692242	0	0	0	0
24	1590	20847	436424	39	363	18044	368477	0	0	44242	1196330	0	0	0	0
24	1610	15266	339301	123	2456	43630	853088	0	0	55322	1769850	0	0	0	0
24	1630	2944	37354	0	0	238	4414	0	0	9172	273732	0	0	0	0
24	1650	25151	455343	0	0	1292	23942	0	0	45136	1190781	0	0	0	0
24	1670	11268	176907	0	0	1425	22512	0	0	19412	609760	0	0	0	0
24	1690	49460	839468	391	5817	30420	936686	0	0	43190	1772952	0	0	0	0
24	1710	27349	650447	107	1981	32744	770647	0	0	34611	1050793	0	0	0	0
24	1730	45984	988998	987	13306	63012	1851329	0	0	87614	3646093	0	0	0	0
24	1750	35344	603210	192	3512	17729	300401	0	0	41499	1398451	0	0	0	0
24	0	1983236	36170768	10639	162292	1253895	28460303	0	0	3114743	102342186	0	0	0	0
		0	0	0	0	0	0	0	0	0	0	0	0	0	0
															
25	10	30	139	153	1276	6033	101216	0	0	18857	359879	0	0	0	0
25	30	54	462	236	3072	4988	136322	0	0	61	2064	0	0	0	0
25	50	21	216	895	10588	36477	886845	0	0	1073	18553	0	0	0	0
25	70	411	4709	757	11079	5580	143978	0	0	220	3503	0	0	0	0
25	90	199	2657	1775	31472	43701	1569334	0	0	3619	133584	0	0	0	0
25	110	296	2293	1328	16334	36457	724946	0	0	20184	586003	0	0	0	0
25	130	15	136	1002	12871	7755	212912	0	0	4271	67888	0	0	0	0
25	150	253	4043	2392	49772	24283	1035443	0	0	4987	129350	0	0	0	0
25	170	16	236	743	9789	49599	1216736	0	0	9848	205187	0	0	0	0
25	190	35	547	476	7868	52794	1844290	0	0	5674	145451	0	0	0	0
25	210	579	6406	1942	28115	45412	1121266	0	0	45252	1527876	0	0	0	0
25	230	277	2296	831	9295	16124	292476	0	0	19590	628362	0	0	0	0
25	250	865	9605	2584	33306	69956	1323189	0	0	72178	2388259	0	0	0	0
25	270	490	8424	4031	76640	81280	2848607	0	0	25388	1095392	0	0	0	0
25	290	1908	21285	3037	49170	24252	848050	0	0	304	6619	0	0	0	0
25	310	126	1652	535	10062	5167	186454	0	0	166	2041	0	0	0	0
25	330	37	385	2894	35257	48121	1063891	0	0	24056	515121	0	0	0	0
25	350	16	130	1412	17295	36839	777271	0	0	12482	226472	0	0	0	0
25	370	15	197	27	353	1709	40666	0	0	27	332	0	0	0	0
25	390	122	2328	2623	53556	58856	2189525	0	0	18904	717634	0	0	0	0
25	410	31	415	122	1578	3042	94714	0	0	354	10422	0	0	0	0
25	430	345	2599	1417	13602	66461	1074651	0	0	73395	2661044	0	0	0	0
25	450	48	524	447	4183	29640	487974	0	0	42844	1658468	0	0	0	0
25	470	269	2615	1225	15120	23442	503877	0	0	19361	712909	0	0	0	0
25	490	356	2408	745	6837	28978	415254	0	0	30164	1001806	0	0	0	0
25	510	8	142	79	1101	1063	29926	0	0	28	600	0	0	0	0
25	530	106	850	1381	21281	22830	541357	0	0	16488	433341	0	0	0	0
25	550	651	8286	2486	33938	36526	935482	0	0	20180	660453	0	0	0	0
25	570	69	690	271	3564	27253	586089	0	0	19335	577625	0	0	0	0
25	590	108	1099	1596	19074	13898	280266	0	0	3981	110386	0	0	0	0
25	610	832	10242	2625	45812	29503	1123928	0	0	263	6962	0	0	0	0
25	630	63	580	625	8428	18056	416364	0	0	16837	707220	0	0	0	0
25	650	85	693	465	4605	37787	540692	0	0	48391	1824650	0	0	0	0
25	670	24	288	134	1847	12188	419974	0	0	274	9465	0	0	0	0
25	690	4	60	118	1446	12207	380186	0	0	81	2139	0	0	0	0
25	710	360	5261	2513	53583	49021	2054201	0	0	1873	57380	0	0	0	0
25	730	79	1038	1626	24212	83138	2708781	0	0	4015	137704	0	0	0	0
25	750	622	5910	346	3020	16952	460278	0	0	4123	90113	0	0	0	0
25	770	87	678	286	2690	7791	137224	0	0	19288	562374	0	0	0	0
25	790	118	2032	634	12413	9598	354015	0	0	2013	67785	0	0	0	0
25	810	70	777	1105	13241	36584	721725	0	0	22752	667313	0	0	0	0
25	830	568	4566	800	8079	30496	841014	0	0	6620	181707	0	0	0	0
25	850	15	220	63	858	4484	112508	0	0	201	2845	0	0	0	0
25	870	74	999	1085	19550	47448	1831730	0	0	17994	742889	0	0	0	0
25	890	115	2102	1062	20836	20004	801779	0	0	3848	128553	0	0	0	0
25	910	56	517	1016	13498	12921	295681	0	0	10405	271985	0	0	0	0
25	930	74	1047	2750	32913	29931	680939	0	0	16227	415974	0	0	0	0
25	950	93	1133	1907	21643	36632	778268	0	0	3376	50882	0	0	0	0
25	970	36	604	718	8767	34741	910588	0	0	15445	429029	0	0	0	0
25	990	5	39	77	898	4183	142055	0	0	55	836	0	0	0	0
25	1010	182	3097	1842	30552	19826	528836	0	0	6002	155963	0	0	0	0
25	1030	569	6244	319	3403	14254	324476	0	0	19744	729554	0	0	0	0
25	1050	547	3049	2385	16170	28947	391990	0	0	52735	1548873	0	0	0	0
25	1070	7	88	160	1630	10594	356838	0	0	570	9515	0	0	0	0
25	1090	76	589	2637	24339	47120	672250	0	0	3821	69054	0	0	0	0
25	1110	2081	26618	1131	17594	48499	1353269	0	0	40794	1480604	0	0	0	0
25	1130	1	12	71	775	3020	79884	0	0	227	4157	0	0	0	0
25	1150	189	1917	1653	23199	39047	1130158	0	0	17481	654981	0	0	0	0
25	1170	99	2261	2756	61099	46011	2103960	0	0	5821	242307	0	0	0	0
25	1190	6	108	250	3864	15309	534527	0	0	533	9741	0	0	0	0
25	1210	360	3116	2677	37320	47509	963911	0	0	22527	674554	0	0	0	0
25	1230	400	4026	1115	15358	29138	582295	0	0	24074	971048	0	0	0	0
25	1250	1	6	33	327	881	16903	0	0	25	394	0	0	0	0
25	1270	199	1436	1752	13298	24644	357441	0	0	13415	267654	0	0	0	0
25	1290	11	66	193	1647	6339	146306	0	0	2373	23617	0	0	0	0
25	1310	360	5707	2900	48814	38848	1266478	0	0	7757	266223	0	0	0	0
25	1330	294	4597	1708	27007	39559	1293453	0	0	7403	217377	0	0	0	0
25	1350	30	371	1028	14350	37016	1079402	0	0	17887	687983	0	0	0	0
25	1370	9	93	918	9188	15522	372849	0	0	24126	589687	0	0	0	0
25	1390	99	1451	2236	38443	31241	1141038	0	0	15746	671490	0	0	0	0
25	1410	20	340	208	3335	33643	1149538	0	0	9014	242379	0	0	0	0
25	0	16676	191752	87369	1277499	2019148	55070739	0	0	999427	32461584	0	0	0	0
		0	0	0	0	0	0	0	0	0	0	0	0	0	0
															
31	10	3859	29173	165	591	25885	144915	0	0	5616	29686	0	0	0	0
31	30	4957	63385	60	555	10434	70870	0	0	8650	31231	0	0	0	0
31	50	414	3308	661	8756	35828	686239	0	0	37047	1591416	0	0	0	0
31	70	591	7193	0	0	1523	8120	0	0	8658	62170	0	0	0	0
31	90	1233	15915	76	585	42821	451811	0	0	43599	733344	0	0	0	0
31	110	1019	6296	198	761	56358	408474	0	0	100357	2719511	0	0	0	0
31	130	231	901	251	1411	45780	392958	0	0	73192	2386379	0	0	0	0
31	150	1330	10554	201	985	69715	610950	0	0	78178	1747833	0	0	0	0
31	170	137	659	114	882	48241	489002	0	0	53421	1832182	0	0	0	0
31	190	425	1461	114	487	52873	465225	0	0	82875	2606824	0	0	0	0
31	210	231	5575	130	1435	93180	1868541	0	0	111065	4685891	0	0	0	0
31	230	213	1298	74	475	65923	589488	0	0	78153	2373018	0	0	0	0
31	250	246	3248	62	450	115037	1640799	0	0	115690	4068028	0	0	0	0
31	270	1903	21521	617	5421	72310	1000201	0	0	91910	2186505	0	0	0	0
31	290	8551	120099	105	854	38030	318141	0	0	17484	102181	0	0	0	0
31	310	2165	29021	103	858	31503	321666	0	0	81999	3060779	0	0	0	0
31	330	304	2138	99	962	78100	798986	0	0	70607	1947900	0	0	0	0
31	350	71	515	133	1337	60182	1103031	0	0	99744	3113109	0	0	0	0
31	370	482	1731	241	1703	54009	471932	0	0	55603	1588739	0	0	0	0
31	390	669	4957	0	0	2691	13606	0	0	1682	6226	0	0	0	0
31	410	128	1192	163	1185	79537	1403723	0	0	94690	3214416	0	0	0	0
31	430	271	1101	791	5969	63368	913870	0	0	62208	2609163	0	0	0	0
31	450	2918	30107	272	1853	45790	587678	0	0	100276	4339987	0	0	0	0
31	470	2848	24529	1024	4853	51647	410814	0	0	95528	1329660	0	0	0	0
31	490	5338	36641	208	802	36301	204611	0	0	30683	361723	0	0	0	0
31	510	1364	16135	0	0	716	5473	0	0	6190	65811	0	0	0	0
31	530	458	3118	0	0	404	1672	0	0	9928	80704	0	0	0	0
31	550	203	1050	259	2170	58183	755308	0	0	72970	2827338	0	0	0	0
31	570	5844	125801	7	56	4948	64278	0	0	36461	658050	0	0	0	0
31	590	268	2296	277	2972	49107	849748	0	0	61419	2008355	0	0	0	0
31	610	94	664	644	5200	49250	687169	0	0	55034	2301222	0	0	0	0
31	630	158	1699	146	1822	63778	1317440	0	0	66017	2429600	0	0	0	0
31	650	414	2090	353	2481	71440	682316	0	0	79956	2996035	0	0	0	0
31	670	419	2615	149	1081	65022	542145	0	0	62475	1547965	0	0	0	0
31	690	82	538	178	1483	77353	857543	0	0	87458	2831665	0	0	0	0
31	710	11908	201803	159	1066	4964	38130	0	0	18461	118889	0	0	0	0
31	730	553	7239	133	1147	84551	1132807	0	0	104367	2720398	0	0	0	0
31	750	105	1243	70	626	44001	341943	0	0	78439	2514558	0	0	0	0
31	770	2640	15154	216	720	42540	303484	0	0	30688	324534	0	0	0	0
31	790	263	2687	267	2315	96878	992848	0	0	101175	2928687	0	0	0	0
31	810	30	520	101	1006	92548	1540309	0	0	93399	3145532	0	0	0	0
31	830	63	528	134	940	65741	548904	0	0	88650	2553010	0	0	0	0
31	850	14292	176966	3643	33299	23737	193839	0	0	92807	972659	0	0	0	0
31	870	1998	29416	0	0	6961	71305	0	0	29907	622964	0	0	0	0
31	890	68	355	216	1186	42668	252698	0	0	47057	1433551	0	0	0	0
31	910	137	2431	165	1947	79425	1443062	0	0	83433	3477757	0	0	0	0
31	930	166	884	35	275	42192	379229	0	0	68770	1210815	0	0	0	0
31	950	1905	14154	81	121	25207	164676	0	0	59583	904599	0	0	0	0
31	970	387	2454	388	2205	27267	277820	0	0	48773	1946175	0	0	0	0
31	990	5700	42757	196	1161	27416	202370	0	0	37988	627228	0	0	0	0
31	1010	2162	21792	2	10	5446	38443	0	0	11813	88778	0	0	0	0
31	1030	1924	20986	87	828	30720	285761	0	0	70577	1666939	0	0	0	0
31	1050	106	525	206	1112	24430	263848	0	0	58303	2493623	0	0	0	0
31	1070	2292	21100	100	419	13361	95126	0	0	23050	312254	0	0	0	0
31	1090	314	3153	188	2590	178014	3694372	0	0	171097	6302244	0	0	0	0
31	1110	5928	99645	0	0	7814	77520	0	0	23107	259777	0	0	0	0
31	1130	856	4142	451	1770	46915	449438	0	0	86855	2865809	0	0	0	0
31	1150	9080	116066	56	173	3643	27097	0	0	49344	1083379	0	0	0	0
31	1170	1116	11953	48	355	5032	31664	0	0	2569	10437	0	0	0	0
31	1190	31	420	330	3698	87547	1984851	0	0	104566	3418670	0	0	0	0
31	1210	6525	47038	42	166	4231	22253	0	0	825	7090	0	0	0	0
31	1230	5305	47811	31	141	7688	43304	0	0	3148	24355	0	0	0	0
31	1250	8675	66564	71	384	5264	25562	0	0	3087	14081	0	0	0	0
31	1270	1709	19290	312	2860	54390	614840	0	0	82440	2092854	0	0	0	0
31	1290	9616	168004	98	554	16117	167212	0	0	29603	202300	0	0	0	0
31	1310	201	876	762	5677	55265	465046	0	0	42216	1200382	0	0	0	0
31	1330	6460	35496	1784	6457	17723	178548	0	0	114338	1761599	0	0	0	0
31	1350	3095	27530	7	35	1325	6804	0	0	1747	6471	0	0	0	0
31	1370	15319	303549	177	1602	21809	259842	0	0	15789	106667	0	0	0	0
31	1390	3825	32176	77	355	12422	108044	0	0	57002	1600138	0	0	0	0
31	1410	37	510	155	1781	73369	1608579	0	0	99647	3646117	0	0	0	0
31	1430	173	2161	91	1037	62919	1472407	0	0	70118	2446508	0	0	0	0
31	1450	19552	402239	114	1120	18372	218460	0	0	14805	107586	0	0	0	0
31	1470	576	5736	43	363	97048	1627531	0	0	98950	3501441	0	0	0	0
31	1490	705	4253	662	3798	73320	863811	0	0	146938	2446032	0	0	0	0
31	1510	398	5280	157	1868	113865	2022846	0	0	115898	4880291	0	0	0	0
31	1530	12123	144256	139	814	27790	191471	0	0	43757	751382	0	0	0	0
31	1550	9904	145484	249	1923	59330	609032	0	0	75900	676616	0	0	0	0
31	1570	672	2253	328	952	22218	116064	0	0	22865	269284	0	0	0	0
31	1590	1274	15641	0	0	2387	16660	0	0	10168	34348	0	0	0	0
31	1610	264	2301	89	736	71644	827138	0	0	94418	2281866	0	0	0	0
31	1630	6710	83409	108	1082	28007	407146	0	0	66610	2623318	0	0	0	0
31	1650	1613	17616	385	2384	60694	639581	0	0	78179	1082311	0	0	0	0
31	1670	316	2628	346	3412	100610	2023113	0	0	128913	3706001	0	0	0	0
31	1690	1214	12347	81	378	75620	677097	0	0	96865	2282208	0	0	0	0
31	1710	1413	7900	404	1837	55763	481800	0	0	97040	2661487	0	0	0	0
31	1730	7257	116566	108	921	11506	102733	0	0	12526	72627	0	0	0	0
31	1750	941	8773	47	238	3357	20265	0	0	3481	23543	0	0	0	0
31	1770	1417	14997	25	92	1423	12370	0	0	13353	102021	0	0	0	0
31	1790	5868	80742	128	968	2106	17710	0	0	9635	113285	0	0	0	0
31	1810	11999	117197	124	525	2061	9709	0	0	2470	16987	0	0	0	0
31	1830	2053	31544	226	1546	9412	72994	0	0	61680	1324323	0	0	0	0
31	1850	382	4249	0	0	4698	23365	0	0	6794	30640	0	0	0	0
31	1870	175	1876	334	3238	131638	1836587	0	0	129057	4165149	0	0	0	0
31	1890	24	185	173	2278	58481	1309624	0	0	54452	1820972	0	0	0	0
31	1910	385	2332	725	6289	63895	708561	0	0	61556	2318913	0	0	0	0
31	1930	6480	24150	185	782	32250	298876	0	0	142601	2344689	0	0	0	0
31	1950	404	3836	264	3004	53538	863946	0	0	42314	1455852	0	0	0	0
31	1970	79	660	188	1324	94913	1185645	0	0	108472	3725899	0	0	0	0
31	0	269000	3386352	24386	182325	4434753	58126863	0	0	5981258	168405545	0	0	0	0
		0	0	0	0	0	0	0	0	0	0	0	0	0	0
															
32	10	18462	259809	88	770	20839	351716	0	0	8504	53788	0	0	0	0
32	30	14318	229570	58	510	22069	386844	0	0	4003	30750	0	0	0	0
32	50	38197	479038	7	25	6179	48380	0	0	1609	17458	0	0	0	0
32	70	121234	986780	0	0	2287	25989	0	0	747	3475	0	0	0	0
32	90	268189	2876920	1695	8502	2650	24320	0	0	122	290	0	0	0	0
32	110	18808	253985	198	1631	23334	384659	0	0	8850	51824	0	0	0	0
32	130	46226	883237	74	982	22028	362766	0	0	1529	5902	0	0	0	0
32	150	50101	887872	142	917	50210	937577	0	0	1825	10478	0	0	0	0
32	170	10070	202941	100	1240	4811	81172	0	0	380	2708	183	26	0	0
32	190	10365	163225	168	1432	12390	235052	0	0	2768	12876	0	0	0	0
32	210	52054	768453	215	3228	28909	401320	0	0	1557	4364	0	0	0	0
32	230	75724	755982	2418	10421	722	3459	0	0	7433	19788	0	0	0	0
32	250	78973	433738	0	0	0	0	0	0	0	0	0	0	0	0
32	270	78764	496076	230	804	8661	62134	0	0	379	2915	0	0	0	0
32	290	109148	821703	576	2911	8750	65664	0	0	409	2156	0	0	0	0
32	310	24028	466224	20	156	25177	461283	0	0	7079	53209	0	0	0	0
32	330	87639	451833	950	4195	202	1146	0	0	0	0	0	0	0	0
32	350	59837	1092585	55	1050	30957	665056	0	0	2241	9779	0	0	0	0
32	370	39363	605158	145	992	33074	491374	0	0	2821	11926	0	0	0	0
32	390	54326	209592	120	409	187	1441	0	0	1264	8704	0	0	0	0
32	410	149583	2121846	202	1407	27639	445869	0	0	36	139	0	0	0	0
32	430	17724	273064	114	926	6235	70989	0	0	13388	83822	0	0	0	0
32	450	26194	519224	109	834	12956	238320	0	0	3618	15668	0	0	0	0
32	470	137258	1058159	0	0	557	4380	0	0	51	540	0	0	0	0
32	490	8386	131251	95	523	14330	259879	0	0	4044	15242	0	0	0	0
32	510	165059	691118	181	842	137	923	0	0	676	3510	0	0	0	0
32	530	133879	1607921	125	800	1781	14388	0	0	711	1757	0	0	0	0
32	550	65563	256826	781	3752	116	2320	0	0	181	1726	0	0	0	0
32	570	196426	914222	810	3350	310	1842	0	0	0	0	0	0	0	0
32	590	14889	249432	79	924	21087	383203	0	0	3007	14400	0	0	0	0
32	610	20367	360790	38	132	4272	72002	0	0	152	1480	0	0	0	0
32	630	87586	552760	261	715	10	40	0	0	108	590	0	0	0	0
32	650	8312	24100	40	60	0	0	0	0	15	42	0	0	0	0
32	670	85819	536063	300	120	0	0	0	0	4899	15688	0	0	0	0
32	690	88120	323136	116	350	0	0	0	0	0	0	0	0	0	0
32	710	29106	143084	25	60	0	0	0	0	115	400	0	0	0	0
32	730	8811	144735	34	270	13106	224399	0	0	1682	10156	0	0	0	0
32	750	48235	230718	0	0	0	0	0	0	211	814	0	0	0	0
32	770	179710	2448251	133	785	14888	234663	0	0	192	604	0	0	0	0
32	790	107958	2036557	34	690	30510	562580	0	0	392	2329	0	0	0	0
32	810	55579	270341	0	0	0	0	0	0	0	0	0	0	0	0
32	830	112417	436293	0	0	983	5605	0	0	0	0	0	0	0	0
32	850	25127	204604	592	3734	4392	29091	0	0	276	627	0	0	0	0
32	870	23602	367063	305	2934	9950	138497	0	0	1347	10178	0	0	0	0
32	890	65417	320579	484	2136	1126	5513	0	0	0	0	0	0	0	0
32	910	20826	377492	170	2128	22577	450326	0	0	1354	5980	0	0	0	0
32	930	31275	108996	130	570	26	178	0	0	1426	2840	0	0	0	0
32	950	189171	2653618	320	2200	10225	156120	0	0	1198	5218	0	0	0	0
32	970	101030	529949	0	0	28	322	0	0	54	100	0	0	0	0
32	990	52847	735291	708	9243	52610	910787	0	0	4302	11805	0	0	0	0
32	1010	98866	630492	770	5465	92	1841	0	0	0	0	0	0	0	0
32	1030	27240	428650	113	938	8678	124764	0	0	4629	23157	0	0	0	0
32	1050	95690	490192	113	288	1085	9231	0	0	15	62	0	0	0	0
32	1070	21744	327915	37	460	15450	225062	0	0	7640	56668	0	0	0	0
32	1090	38828	228308	330	1600	0	0	0	0	0	0	0	0	0	0
32	1110	20568	401362	100	1046	13742	226846	0	0	1036	3912	0	0	0	0
32	1130	207157	3403914	476	4238	24710	426318	0	0	136	852	0	0	0	0
32	1150	125050	1858857	380	3666	58456	933490	0	0	0	0	0	0	0	0
32	1170	61961	700244	429	3910	13745	102107	0	0	1048	2866	0	0	0	0
32	1190	104221	599283	214	990	19	108	0	0	68	210	0	0	0	0
32	1210	17950	325012	86	1008	25368	437761	0	0	2647	20068	0	0	0	0
32	1230	118700	592305	372	2100	213	1189	0	0	110	600	0	0	0	0
32	1250	39949	554480	127	1332	38030	637266	0	0	9684	49259	1866	253	0	0
32	1270	23117	366051	90	670	11539	168332	0	0	509	2803	0	0	0	0
32	1290	57979	261025	0	0	30	300	0	0	373	750	0	0	0	0
32	1310	22567	310829	299	3387	11308	138321	0	0	859	2275	0	0	0	0
32	1330	36144	511095	107	1099	29966	468898	0	0	9788	59611	0	0	0	0
32	1350	160455	819195	140	295	226	854	0	0	0	0	0	0	0	0
32	1370	31509	102533	363	1615	53	65	0	0	506	3907	0	0	0	0
32	1390	13966	201201	103	1020	15270	285398	0	0	3618	19330	0	0	0	0
32	1410	59785	159560	200	1035	166	331	0	0	4	24	0	0	0	0
32	1430	117766	942334	223	1240	1891	14537	0	0	56	110	0	0	0	0
32	1450	240475	2074487	354	1240	1325	10831	0	0	18	330	0	0	0	0
32	1470	43086	147922	103	496	135	438	0	0	394	1333	0	0	0	0
32	1490	19489	271617	381	3586	5913	69539	0	0	48	76	0	0	0	0
32	1510	196837	1714551	377	2867	842	7513	0	0	90	145	0	0	0	0
32	1530	124332	1157355	2614	19037	411	2408	0	0	4018	15717	0	0	0	0
32	1550	306074	4850420	301	2826	15962	300190	0	0	1065	2448	0	0	0	0
32	1570	61545	613803	241	2440	14795	135722	0	0	114	970	0	0	0	0
32	1590	165821	2534957	215	1950	5097	77184	0	0	200	407	0	0	0	0
32	1610	24465	332081	46	470	7243	74544	0	0	85	405	0	0	0	0
32	1630	66428	221041	290	810	20	115	0	0	0	0	0	0	0	0
32	1650	201128	1315307	0	0	831	5656	0	0	22	130	0	0	0	0
32	1670	110238	594227	0	0	35	290	0	0	2	6	0	0	0	0
32	1690	142867	1522581	312	1776	2849	36027	0	0	45	147	0	0	0	0
32	1710	82032	512152	10	20	241	1151	0	0	208	930	0	0	0	0
32	1730	191181	3978981	277	2426	45428	985333	0	0	4163	14806	0	0	0	0
32	1750	57358	328963	295	1070	0	0	0	0	260	1150	0	0	0	0
32	1770	15774	222060	153	770	5711	101940	0	0	468	3105	0	0	0	0
32	1790	51540	232428	130	114	58	280	0	0	21	70	0	0	0	0
32	1810	59838	349760	2504	13609	398	1493	0	0	2551	5891	0	0	0	0
32	1830	43231	140999	659	2141	235	755	0	0	87	391	0	0	0	0
32	1850	207768	2492739	84	781	778	8378	0	0	155	633	0	0	0	0
32	1870	96862	495873	925	1916	6	30	0	0	5	25	0	0	0	0
32	1890	82649	593503	0	0	52	390	0	0	356	2317	0	0	0	0
32	1910	273452	4572879	123	1590	51595	1024012	0	0	4063	18360	0	0	0	0
32	1930	129923	784920	783	2700	77	327	0	0	133	1145	0	0	0	0
32	1950	105992	455090	0	0	0	0	0	0	30	50	0	0	0	0
32	1970	17002	269049	150	655	6501	87672	0	0	845	1014	0	0	0	0
32	1990	12947	99831	0	0	0	0	0	0	718	2080	0	0	0	0
32	2010	61006	581709	582	3721	20326	168246	0	0	1021	5189	0	0	0	0
32	2030	45392	193406	581	1301	80	262	0	0	113	245	0	0	0	0
32	2050	25531	381017	81	1009	25260	402570	0	0	8775	40315	0	0	0	0
32	2070	14384	208937	104	706	13459	188223	0	0	1989	12968	0	0	0	0
32	2090	2488	42724	0	0	802	11999	0	0	752	5048	0	0	0	0
32	0	8292449	82454410	31192	189089	1049789	17110125	0	0	172495	892355	2049	279	0	0
		0	0	0	0	0	0	0	0	0	0	0	0	0	0
															
33	10	126	1001	135	1664	7392	223164	0	0	740	15794	0	0	0	0
33	30	53	268	544	3144	4509	55675	0	0	8814	70632	0	0	0	0
33	50	638	7269	17518	211862	48782	1064078	0	0	503	6085	0	0	0	0
33	70	250	4184	957	16369	11766	405168	0	0	692	13626	0	0	0	0
33	90	135	793	2944	23665	23911	371802	0	0	4217	59595	0	0	0	0
33	110	229	263	7640	18008	3138	21607	0	0	79	570	0	0	0	0
33	130	12226	149932	7342	100738	65464	1475709	0	0	81189	2446946	0	0	0	0
33	150	3863	43397	14867	165867	56332	1303345	0	0	57329	1377150	0	0	0	0
33	170	22	234	209	2891	7403	231261	0	0	30	689	0	0	0	0
33	190	2621	24261	6023	61726	21203	420314	0	0	17195	297814	0	0	0	0
33	210	95	897	363	3122	10155	181227	0	0	2615	31666	0	0	0	0
33	230	41	83	8031	21556	12053	60917	0	0	8479	35134	0	0	0	0
33	250	42	377	2690	27932	17659	396462	0	0	3893	53461	0	0	0	0
33	270	473	4806	84483	1024267	75303	1607555	0	0	2619	30443	0	0	0	0
33	290	1213	20024	4368	79597	14811	449337	0	0	180	6074	0	0	0	0
33	310	0	0	5	64	50	1430	0	0	0	0	0	0	0	0
33	330	172	1015	3005	21652	54908	891022	0	0	61541	1287499	0	0	0	0
33	350	15	173	349	2912	10335	201813	0	0	4442	68087	0	0	0	0
33	370	1235	8602	7760	66696	28182	291126	0	0	26283	637388	0	0	0	0
33	390	280	1904	2305	20809	31090	359826	0	0	26394	787931	0	0	0	0
33	410	231	1165	19772	126547	31761	375473	0	0	1997	15873	0	0	0	0
33	430	1982	21449	3412	41807	85733	1995766	0	0	84718	2856400	0	0	0	0
33	450	1868	13405	2533	22123	55379	581447	0	0	43625	1454797	0	0	0	0
33	470	850	9273	4031	54913	46058	863108	0	0	54127	1620083	0	0	0	0
33	490	1037	8190	6330	63066	45801	778065	0	0	27226	660137	0	0	0	0
33	510	273	1339	17236	97519	40259	533244	0	0	6552	68884	0	0	0	0
33	530	196	827	3868	28486	8965	129217	0	0	6078	77668	0	0	0	0
33	550	548	5450	868	10421	22180	368303	0	0	26534	1153287	0	0	0	0
33	570	86	758	1380	10228	15566	256830	0	0	1570	20521	0	0	0	0
33	590	58	487	2771	25717	14957	274738	0	0	3233	33404	0	0	0	0
33	610	111	1748	378	6459	6581	228499	0	0	88	1710	0	0	0	0
33	630	688	9216	869	12160	78837	1999932	0	0	104458	3314571	0	0	0	0
33	650	22	183	344	3646	12810	304286	0	0	449	7268	0	0	0	0
33	670	177	563	7459	21117	25251	127533	0	0	2468	20155	0	0	0	0
33	690	479	7804	68637	1083228	45406	849787	0	0	42	625	0	0	0	0
33	710	171	4397	952	16770	6280	237616	0	0	24	678	0	0	0	0
33	730	159	357	16985	44096	7396	40866	0	0	4693	30400	0	0	0	0
33	750	1	12	81	1476	356	14298	0	0	1	45	0	0	0	0
33	770	295	6656	883	14170	4599	172274	0	0	47	1240	0	0	0	0
33	790	12849	151762	15516	195070	20705	489303	0	0	41039	824597	0	0	0	0
33	810	56	180	6610	20149	15601	93269	0	0	1262	8566	0	0	0	0
33	830	261	1391	11589	65992	62793	682264	0	0	24925	219012	0	0	0	0
33	850	778	5788	13515	123609	41682	691957	0	0	26413	308785	0	0	0	0
33	870	106	1525	9388	116812	19070	494906	0	0	216	2810	0	0	0	0
33	890	694	8087	60972	652172	67902	1407333	0	0	17	338	0	0	0	0
33	910	766	9233	675	8125	108144	2263761	0	0	104231	3145274	0	0	0	0
33	930	365	2896	15988	95355	35270	325463	0	0	17032	217897	0	0	0	0
33	950	9	146	599	4415	13345	309034	0	0	988	17442	0	0	0	0
33	970	123	875	11956	96055	43956	758985	0	0	9633	114506	0	0	0	0
33	990	467	2995	2335	20721	80748	821746	0	0	39900	1145215	0	0	0	0
33	1010	31	194	929	6912	54599	871813	0	0	65867	1217751	0	0	0	0
33	1030	5848	72335	9786	133397	34342	924306	0	0	42345	1085952	0	0	0	0
33	1050	80	1050	407	5143	96646	2477011	0	0	115123	3556798	0	0	0	0
33	1070	253	4003	60787	954172	93930	2740973	0	0	408	6184	0	0	0	0
33	1090	516	4112	3272	33971	38111	512414	0	0	33447	1040011	0	0	0	0
33	1110	909	6421	54229	459238	122083	2053697	0	0	7686	77294	0	0	0	0
33	1130	305	2806	8854	130656	34773	994083	0	0	11	235	0	0	0	0
33	1150	91	799	1048	12721	21349	572871	0	0	1582	24293	0	0	0	0
33	1170	10	30	370	2606	29131	294675	0	0	31522	377275	0	0	0	0
33	1190	1789	29200	150739	2412058	122922	3530192	0	0	450	7068	0	0	0	0
33	1210	113	136	6008	18532	9338	64603	0	0	1038	10370	0	0	0	0
33	1230	16	65	306	2201	1220	11578	0	0	364	3917	0	0	0	0
33	1250	225	3283	14112	234024	38964	1141263	0	0	215	4308	0	0	0	0
33	1270	838	7800	25436	238951	100498	1918995	0	0	92626	1689695	0	0	0	0
33	1290	956	9448	38426	294387	80182	1314954	0	0	38122	602561	0	0	0	0
33	1310	3592	27215	9604	96198	21936	377988	0	0	28474	731424	0	0	0	0
33	1330	257	2793	145	1341	63665	1167946	0	0	79584	2220834	0	0	0	0
33	1350	609	11304	7792	110837	31967	804701	0	0	62	620	0	0	0	0
33	1370	209	3340	799	13358	11713	412456	0	0	23	535	0	0	0	0
33	1390	6289	71342	8309	107557	17894	416243	0	0	19579	512576	0	0	0	0
33	1410	35	124	2309	11342	7018	60691	0	0	3494	20786	0	0	0	0
33	1430	5248	53416	15969	186300	53278	1243531	0	0	49809	955742	0	0	0	0
33	1450	471	1467	22548	119400	53556	437141	0	0	20663	174143	0	0	0	0
33	1470	1525	15227	3219	38837	26767	468487	0	0	34511	1073969	0	0	0	0
33	1490	184	547	9516	24536	14606	92886	0	0	3734	25487	0	0	0	0
33	1510	66	138	4278	9766	5998	25192	0	0	1433	8794	0	0	0	0
33	1530	219	2189	9522	80242	52869	995552	0	0	7693	75334	0	0	0	0
33	1550	652	2485	17553	57783	15826	108531	0	0	1810	10336	0	0	0	0
33	1570	545	4013	2830	30535	30628	561878	0	0	18147	462886	0	0	0	0
33	1590	42	312	1294	10881	18553	287500	0	0	2374	32331	0	0	0	0
33	1610	4786	44611	5552	53959	29098	402423	0	0	32494	687581	0	0	0	0
33	1630	138	633	3553	29411	15933	169069	0	0	8627	174405	0	0	0	0
33	1650	1951	21949	1137	10970	53439	1181202	0	0	52865	1411901	0	0	0	0
33	1670	331	1711	36840	256007	26998	343274	0	0	5106	31987	0	0	0	0
33	1690	875	8920	2877	34680	35213	702534	0	0	24710	938603	0	0	0	0
33	1710	746	4447	13752	103368	23346	294548	0	0	16527	192903	0	0	0	0
33	1730	647	2355	32063	128882	38030	287768	0	0	6562	42707	0	0	0	0
33	0	90832	969860	1065640	11412124	3094256	58747110	0	0	1789907	44058368	0	0	0	0
		0	0	0	0	0	0	0	0	0	0	0	0	0	0
															
34	10	553	5595	0	0	798	7688	0	0	26717	96768	0	0	0	0
34	30	8883	145397	79	765	7720	108630	0	0	25054	100670	0	0	0	0
34	50	12243	206616	30	128	7775	87518	0	0	55262	197251	0	0	0	0
34	70	5610	43752	50	270	7495	39428	0	0	2812	8036	0	0	0	0
34	90	17424	178036	0	0	3846	54311	0	0	3632	12078	0	0	0	0
34	110	22137	377824	670	12612	21468	255860	0	0	950	3938	0	0	0	0
34	130	33340	581325	309	3994	25528	328772	0	0	4156	26406	0	0	0	0
34	150	7697	107486	49	526	6631	76274	0	0	2378	7546	0	0	0	0
34	170	10535	98751	0	0	1408	15714	0	0	20822	206017	31	9	0	0
34	190	10355	138828	89	400	1243	12739	0	0	5105	34545	0	0	0	0
34	210	23927	394222	68	782	7426	107199	0	0	13839	95991	0	0	0	0
34	230	3753	39980	0	0	312	4094	160	6129	34124	275463	10427	4950	0	0
34	250	3779	34640	136	803	10331	107614	0	0	1921	5087	0	0	0	0
34	270	15817	277074	269	2539	4466	42248	0	0	19681	149845	0	0	0	0
34	290	1214	12398	0	0	36	386	0	0	2981	20208	0	0	0	0
34	310	25282	339992	0	0	5511	99014	0	0	42259	610906	138	54	0	0
34	330	49359	889580	252	3119	19357	305061	0	0	5039	22109	0	0	0	0
34	350	800	5426	0	0	121	1056	0	0	3855	26416	0	0	0	0
34	370	24628	475990	88	1232	23579	449835	0	0	3573	19237	0	0	0	0
34	390	11357	146298	110	721	7340	76800	0	0	6956	23182	0	0	0	0
34	410	38125	643916	391	4011	14453	217676	0	0	5397	23320	0	0	0	0
34	430	11763	132370	0	0	2149	36246	0	0	414	2094	0	0	0	0
34	450	7770	127311	80	455	3347	40255	0	0	17158	97935	0	0	0	0
34	470	7807	110753	0	0	4533	77131	0	0	17484	52699	0	0	0	0
34	490	5143	75557	0	0	12289	182415	0	0	3071	13445	0	0	0	0
34	510	19004	299295	14	112	2890	35199	0	0	14789	100671	0	0	0	0
34	530	36700	500997	26	260	12271	128662	0	0	2112	12912	0	0	0	0
34	550	7005	80882	0	0	1017	12424	0	0	12163	62720	0	0	0	0
34	570	23625	356610	62	537	8153	107622	0	0	732	5327	0	0	0	0
34	590	5893	62957	0	0	2223	27173	0	0	3672	18528	0	0	0	0
34	610	4458	53144	151	880	2820	26871	0	0	3217	16798	0	0	0	0
34	630	3066	29268	40	210	6779	72646	0	0	10742	15903	0	0	0	0
34	650	6489	61002	0	0	829	9579	0	0	4526	18619	0	0	0	0
34	670	5377	38591	0	0	255	2641	0	0	703	3970	0	0	0	0
34	690	4483	65233	0	0	591	9838	0	0	79707	1247330	72854	49131	0	0
34	710	42229	633882	0	0	1676	22739	0	0	33858	266510	0	0	0	0
34	730	23831	365315	0	0	1116	11375	0	0	14602	98453	0	0	0	0
34	750	3864	52408	45	1090	3577	41443	0	0	22929	66200	0	0	0	0
34	770	18439	239882	0	0	6717	115309	0	0	1917	9117	0	0	0	0
34	790	592	6727	46	253	1843	16279	0	0	2755	13846	0	0	0	0
34	810	531	6490	27	335	1189	10624	0	0	9086	82796	0	0	0	0
34	830	15149	255481	83	1122	26074	365205	0	0	2692	11020	0	0	0	0
34	850	6561	68243	0	0	3282	27421	0	0	2875	16923	0	0	0	0
34	870	14505	295217	84	1010	4424	45350	0	0	36651	168261	0	0	0	0
34	890	20322	292346	163	1960	3128	38688	0	0	4106	27170	0	0	0	0
34	910	8043	55513	5	20	514	3801	0	0	3184	8934	794	94	0	0
34	930	2861	30264	0	0	600	8145	0	0	2620	7270	0	0	0	0
34	950	15108	278890	91	636	7285	124997	0	0	2329	9506	0	0	0	0
34	970	46880	700075	104	704	18249	265052	0	0	1022	2992	0	0	0	0
34	990	11575	181326	0	0	2170	37980	0	0	14428	148000	0	0	0	0
34	1010	30566	540492	115	1190	22747	418363	0	0	3272	23180	0	0	0	0
34	1030	747	4636	0	0	1123	6107	0	0	9888	26358	0	0	0	0
34	1050	7395	70266	0	0	1064	11872	0	0	4751	18378	0	0	0	0
34	1070	54440	1015269	64	965	16660	323950	0	0	11820	50100	0	0	0	0
34	1090	36494	467789	28	655	8998	104137	0	0	1128	3787	0	0	0	0
34	1110	10504	132745	122	793	4675	36178	0	0	6943	28796	0	0	0	0
34	1130	32523	569055	87	823	3361	33353	7	420	22430	111670	0	0	0	0
34	1150	2331	29541	27	169	5090	58111	0	0	3357	8770	0	0	0	0
34	1170	11165	156031	100	1249	10887	148729	0	0	816	2463	0	0	0	0
34	1190	6472	59115	0	0	2141	28372	0	0	2484	7928	0	0	0	0
34	1210	3476	32578	183	1130	2996	28449	0	0	16871	37921	0	0	0	0
34	1230	3731	42156	5	20	790	9801	0	0	9243	39889	0	0	0	0
34	1250	11794	128790	0	0	1089	9820	0	0	10368	45664	0	0	0	0
34	1270	16441	197734	172	1261	4569	40698	0	0	3160	16819	0	0	0	0
34	1290	567	4850	0	0	154	1920	0	0	14208	81045	0	0	0	0
34	1310	15550	199972	0	0	1068	11095	0	0	7189	54277	0	0	0	0
34	1330	17733	257591	0	0	323	6815	0	0	59561	1198953	27702	25200	0	0
34	1350	19429	281587	0	0	4846	39161	0	0	6673	44402	0	0	0	0
34	1370	3045	15373	54	345	845	3245	0	0	3422	12487	0	0	0	0
34	1390	15361	263051	73	675	7662	50868	0	0	10456	91363	0	0	0	0
34	1410	10853	166287	44	578	4184	38266	0	0	4065	19157	0	0	0	0
34	1430	16734	257194	0	0	2351	46130	31	217	95158	1860351	64752	50330	0	0
34	1450	24630	320042	183	1003	7441	80172	0	0	2243	6382	0	0	0	0
34	1470	19393	285960	344	3428	14732	155248	0	0	20326	83384	0	0	0	0
34	1490	3673	25544	0	0	645	7476	0	0	3732	14267	1314	132	0	0
34	1510	24435	345691	0	0	1359	17343	0	0	18018	119113	0	0	0	0
34	1530	8546	46185	0	0	421	2693	0	0	2937	5715	1138	175	0	0
34	1550	406	6470	0	0	125	1660	0	0	76217	1378933	94313	80324	0	0
34	1570	25942	447597	0	0	5195	127848	0	0	28173	417166	0	0	0	0
34	1590	28419	483687	206	2175	23828	312763	0	0	2528	13125	0	0	0	0
34	1610	8057	100905	0	0	1987	25598	0	0	9911	41419	0	0	0	0
34	1630	20603	293304	352	3206	1740	17949	0	0	7688	36638	0	0	0	0
34	1650	29653	517911	387	4518	10407	173417	0	0	16002	104951	0	0	0	0
34	1670	15254	195102	0	0	6391	80363	0	0	2540	14363	0	0	0	0
34	1690	3866	43113	0	0	204	2213	0	0	6324	41825	0	0	0	0
34	1710	178	2409	0	0	551	4159	0	0	14282	93041	0	0	0	0
34	1730	8363	77497	201	1810	1825	10966	0	0	487	1848	0	0	0	0
34	1750	5843	54244	81	399	1646	14208	0	0	1916	8961	0	0	0	0
34	1770	20563	339823	116	895	9936	132850	0	0	22446	75040	0	0	0	0
34	1790	1727	10811	0	0	111	720	0	0	12790	46370	0	0	0	0
34	1810	1789	15158	0	0	279	3208	0	0	8022	59373	4984	1087	0	0
34	1830	63528	1404118	54	240	2553	50058	0	0	32287	244201	0	0	0	0
34	1850	9188	123633	210	1547	14829	144030	0	0	576	1675	0	0	0	0
34	1870	7905	109179	0	0	2277	33501	0	0	3641	36553	0	0	0	0
34	1890	27854	546903	193	2244	1489	21492	0	0	17129	143371	0	0	0	0
34	5100	0	0	0	0	0	0	0	0	93	1635	0	0	0	0
34	1930	13402	175891	0	0	4692	93249	0	0	13825	201364	0	0	0	0
34	1950	58804	997479	258	1928	7857	123253	0	0	4201	22426	0	0	0	0
34	1970	1299	15188	0	0	685	6503	0	0	5070	34836	0	0	0	0
34	1990	212	1650	0	0	15	125	0	0	6737	30794	0	0	0	0
34	2010	34314	474314	0	0	3801	71785	0	0	49615	693646	14477	7743	0	0
34	2030	1465	12407	0	0	218	2022	0	0	9216	17176	0	0	0	0
34	2050	2572	16246	0	0	2052	10405	0	0	2280	8972	0	0	0	0
34	2070	30395	376422	0	0	4873	72785	0	0	91335	1178268	23076	15030	0	0
34	2090	3228	35741	0	0	927	12350	0	0	1233	8006	0	0	0	0
34	2110	318	4072	93	880	532	5383	0	0	28924	68692	0	0	0	0
34	2130	1097	7123	0	0	106	1562	0	0	1748	11065	409	60	0	0
34	2150	12591	125221	0	0	1037	10032	0	0	3800	11279	0	0	0	0
34	2170	32008	484612	0	0	27982	387621	0	0	5761	30311	0	0	0	0
34	2190	25164	429426	0	0	1610	17915	0	0	18540	134260	0	0	0	0
34	2210	8474	98396	0	0	2322	31986	0	0	8663	50660	0	0	0	0
34	2230	4006	32264	0	0	387	6296	0	0	22355	252450	33	14	0	0
34	2250	5857	63125	0	0	1205	17476	0	0	630	3602	0	0	0	0
34	2270	1349	21667	0	0	820	8141	0	0	13927	66968	0	0	0	0
34	2290	6035	49812	0	0	667	6182	0	0	3077	10688	0	0	0	0
34	0	1635647	24707599	7363	75612	598216	8061473	198	6766	1520565	14179538	316442	234333	0	0
		0	0	0	0	0	0	0	0	0	0	0	0	0	0
															
35	10	51490	179009	314	952	558	2030	0	0	250	1190	0	0	0	0
35	30	3310	14734	612	2355	14286	76110	0	0	47927	207557	0	0	0	0
35	50	93	1235	0	0	121	1326	0	0	3894	21126	0	0	0	0
35	70	34908	317384	1531	10577	1497	13075	0	0	2902	10477	0	0	0	0
35	90	35	246	12	120	50	300	0	0	408	1756	0	0	0	0
35	110	3330	15243	164	616	12276	44720	0	0	2109	16099	0	0	0	0
35	130	34916	135781	23948	76054	3499	14707	0	0	8720	17191	0	0	0	0
35	150	140	895	1504	5704	5865	32995	0	0	3026	11955	0	0	0	0
35	170	111	298	94	209	200	755	0	0	1019	2712	0	0	0	0
35	190	14760	54180	193	843	515	1814	0	0	7561	78560	0	0	0	0
35	210	4906	35425	222	718	24455	167178	0	0	33750	258727	0	0	0	0
35	230	61336	658636	48	247	22387	109862	0	0	10642	57076	0	0	0	0
35	250	25748	354654	174	2431	11957	75282	0	0	7318	31057	0	0	0	0
35	270	351	1529	332	1295	33876	197113	0	0	23139	143449	0	0	0	0
35	290	56707	386079	1827	7692	387	1914	0	0	42426	124627	0	0	0	0
35	310	532	4210	964	4982	1190	7757	0	0	12231	86729	0	0	0	0
35	330	114108	979992	43612	271001	9670	82401	0	0	22336	66290	0	0	0	0
35	350	8499	19496	10	30	25	300	0	0	162	1460	0	0	0	0
35	370	17240	209845	234	1286	34888	297378	0	0	31963	210917	0	0	0	0
35	390	1243	6128	232	1218	55231	532080	0	0	53139	398089	0	0	0	0
35	410	3735	19790	132	176	487	2494	0	0	175	2061	0	0	0	0
35	430	261	1768	283	1651	6502	55061	0	0	33521	445689	0	0	0	0
35	450	3710	22258	7794	36086	1577	14257	0	0	2731	14727	0	0	0	0
35	470	7502	65581	179	1086	763	9916	0	0	2978	24805	0	0	0	0
35	490	60145	504898	10866	51830	2369	18347	0	0	15479	59925	0	0	0	0
35	510	541	3844	76	293	28276	178376	0	0	58579	315429	0	0	0	0
35	530	25404	387064	801	9123	37930	311472	0	0	45827	332579	0	0	0	0
35	550	5723	84987	50	531	10045	75432	0	0	22881	138981	0	0	0	0
35	570	10711	56136	992	3669	34	778	0	0	40019	125052	0	0	0	0
35	590	40287	203593	152	567	0	0	0	0	0	0	0	0	0	0
35	610	26914	125831	122	220	1994	10655	0	0	887	5960	0	0	0	0
35	630	16696	73221	91	135	98	460	0	0	879	7090	0	0	0	0
35	650	25411	94201	23	63	144	1276	0	0	3069	19130	0	0	0	0
35	670	81883	900941	300	3148	3869	17388	0	0	450	4160	0	0	0	0
35	690	28689	200827	6114	37327	2445	31757	0	0	31529	243697	0	0	0	0
35	710	10	360	0	0	79	400	0	0	51	540	0	0	0	0
35	730	8509	32342	12	15	45	48	0	0	5	60	0	0	0	0
35	750	10	50	0	0	40	65	0	0	433	3805	0	0	0	0
35	770	390	1518	0	0	119	419	0	0	78	553	0	0	0	0
35	790	28670	113320	222	1241	2174	11531	0	0	2358	13512	0	0	0	0
35	810	12834	24350	30	60	744	2236	0	0	530	5150	0	0	0	0
35	830	32798	139780	223	794	583	3982	0	0	2694	21223	0	0	0	0
35	850	14580	63280	120	150	60	230	0	0	4514	21348	0	0	0	0
35	870	48209	276935	703	3110	657	5444	0	0	9151	86580	0	0	0	0
35	890	1965	12042	209	955	10363	90852	0	0	14265	58493	0	0	0	0
35	910	0	0	0	0	0	0	0	0	385	2250	0	0	0	0
35	930	6282	35340	221	852	1904	13967	0	0	1875	8730	0	0	0	0
35	950	58104	734829	0	0	1201	8087	0	0	11	25	0	0	0	0
35	970	26537	151468	309	1305	1184	6019	0	0	18	150	0	0	0	0
35	990	70903	318770	501	1698	2466	12331	0	0	478	2260	0	0	0	0
35	1010	55925	493963	4951	34377	2682	25713	0	0	23142	125786	0	0	0	0
35	1030	0	0	55	38	74	400	0	0	392	966	0	0	0	0
35	1050	101150	746184	3810	14521	1164	10366	0	0	6884	30355	0	0	0	0
35	1070	736	2344	172	551	28462	132349	0	0	7086	27330	0	0	0	0
35	1090	55131	590415	214	1812	379	1114	0	0	545	3098	0	0	0	0
35	1110	23224	95330	583	4070	602	9123	0	0	17800	112664	0	0	0	0
35	1130	380	591	0	0	0	0	0	0	60	83	0	0	0	0
35	1150	7	38	29	27	133	415	0	0	265	3760	0	0	0	0
35	1170	0	0	10	45	25	175	0	0	3042	10991	0	0	0	0
35	1190	3109	17840	91	855	36950	189795	0	0	24386	170507	0	0	0	0
35	1210	15789	113325	110	698	6940	52132	0	0	3588	21971	0	0	0	0
35	1230	21376	227661	4800	32295	5016	151628	0	0	30449	216801	0	0	0	0
35	1250	15384	88475	396	927	10618	63177	0	0	1784	11050	0	0	0	0
35	1270	27548	304765	447	5265	5965	52183	0	0	4829	50481	0	0	0	0
35	1290	25642	94390	110	261	18	87	0	0	168	1285	0	0	0	0
35	1310	34940	226748	280	1484	8795	41637	0	0	643	2337	0	0	0	0
35	1330	18099	133761	155	1148	797	4445	0	0	0	0	0	0	0	0
35	1350	106816	580423	7085	29164	1194	5374	0	0	12776	28360	0	0	0	0
35	1370	52430	235588	42	98	327	1473	0	0	157	515	0	0	0	0
35	1390	1074	5260	108	507	38941	212914	0	0	35624	133671	0	0	0	0
35	1410	17767	139457	427	2492	43014	312729	0	0	27310	163855	0	0	0	0
35	1430	34420	327701	135	1473	7981	44753	0	0	3963	18666	0	0	0	0
35	1450	28905	119194	656	1077	577	5676	0	0	4646	44167	0	0	0	0
35	1470	28325	448922	186	3895	10278	91552	0	0	1537	12623	0	0	0	0
35	1490	63	191	28	190	344	3841	0	0	1504	6494	0	0	0	0
35	1510	74496	782249	161	1358	236	1255	0	0	229	2259	0	0	0	0
35	1530	4429	63888	48	260	9648	65013	0	0	6501	54646	0	0	0	0
35	1550	45343	572040	113	832	19734	96590	0	0	35456	169809	0	0	0	0
35	1570	6618	59561	1680	25884	11836	423916	0	0	9119	165234	0	0	0	0
35	1590	65407	902561	70	371	1999	8729	0	0	4057	23532	0	0	0	0
35	1610	11400	53400	28794	124853	6462	45882	0	0	34644	237075	0	0	0	0
35	1630	2721	10167	0	0	316	1378	0	0	248	910	0	0	0	0
35	1650	524	4158	2158	10773	1757	40709	0	0	2335	28257	0	0	0	0
35	1670	1063	8938	99	621	27713	172997	0	0	26940	204791	0	0	0	0
35	1690	61771	531827	321	2102	3760	15925	0	0	311	2720	0	0	0	0
35	1710	0	0	0	0	0	0	0	0	961	3560	0	0	0	0
35	1730	403	1224	56	159	18583	130656	0	0	23039	136114	0	0	0	0
35	1750	760	2738	5	50	10	125	0	0	45	450	0	0	0	0
35	1770	12176	217868	396	2957	27323	216050	0	0	14990	124380	0	0	0	0
35	1790	302	1256	55	166	28572	161365	0	0	15491	72162	0	0	0	0
35	1810	11656	34393	20	160	14	270	0	0	423	5725	0	0	0	0
35	1830	153	880	99	329	1074	3463	0	0	1109	4667	0	0	0	0
35	1850	36070	350171	54	345	1173	4075	0	0	117	655	0	0	0	0
35	0	2084708	16614208	165561	852905	722571	5343826	0	0	999367	6145770	0	0	0	0
		0	0	0	0	0	0	0	0	0	0	0	0	0	0
															
36	10	80	520	6964	20831	282	2265	0	0	120	380	0	0	0	0
36	30	2296	9603	158272	781333	39142	334313	0	0	353	1107	0	0	0	0
36	50	1559	9014	106137	424928	10791	78348	0	0	1	35	0	0	0	0
36	70	70	267	5201	12909	88	231	0	0	0	0	0	0	0	0
36	90	40	40	19802	78224	279	2241	0	0	6	25	0	0	0	0
36	110	391	1111	7950	25924	188	925	0	0	0	0	0	0	0	0
36	130	0	0	136	412	0	0	0	0	0	0	0	0	0	0
36	150	296	480	29377	59012	950	4303	0	0	0	0	0	0	0	0
36	170	2397	30569	213031	2547198	84484	1708170	0	0	3528	33217	0	0	0	0
36	190	1624	14201	169260	1275321	26063	284803	0	0	0	0	0	0	0	0
36	210	58	92	6588	11786	474	1465	0	0	30	50	0	0	0	0
36	230	228	1841	7378	26537	329	4183	0	0	0	0	0	0	0	0
36	250	450	865	43676	122035	1415	7779	0	0	22	130	0	0	0	0
36	270	930	3247	27137	92472	6434	39437	0	0	50	320	0	0	0	0
36	290	0	0	483	1303	50	225	0	0	110	400	0	0	0	0
36	310	260	860	31644	98044	3904	21288	0	0	27	100	0	0	0	0
36	330	1314	3284	46136	256846	1030	7958	0	0	121	625	0	0	0	0
36	350	806	5949	161430	1424617	60305	970176	0	0	111	1235	0	0	0	0
36	370	120	240	7149	15939	70	141	0	0	0	0	0	0	0	0
36	390	270	1888	51485	231288	9084	70198	0	0	22	280	0	0	0	0
36	410	702	1303	31874	91026	805	4869	0	0	138	609	0	0	0	0
36	430	169	321	6590	10734	144	1100	0	0	0	0	0	0	0	0
36	450	304	474	51852	113822	4431	21347	0	0	5	25	0	0	0	0
36	470	0	0	8031	16047	168	663	0	0	0	0	0	0	0	0
36	490	170	780	53668	157473	4246	20846	0	0	80	300	0	0	0	0
36	510	0	0	524	818	2	10	0	0	5	100	0	0	0	0
36	530	0	0	31921	126496	1659	53757	0	0	106	2397	0	0	0	0
36	550	2025	5542	92309	252429	6520	32111	0	0	102	1537	0	0	0	0
36	570	1970	6099	67183	199536	3439	17119	0	0	582	3076	0	0	0	0
36	590	531	1041	49974	142754	3347	18349	0	0	68	895	0	0	0	0
36	610	0	0	3600	10550	35	1430	0	0	0	0	0	0	0	0
36	630	591	2784	93048	566470	18435	170577	0	0	40	70	0	0	0	0
36	650	262	717	46977	153950	4137	26648	0	0	86	317	0	0	0	0
36	670	1598	19907	130940	1483143	44412	759728	0	0	20	835	0	0	0	0
36	690	265	1204	61124	170156	4672	20766	0	0	29	175	0	0	0	0
36	710	1599	8567	177009	1093314	25247	236255	0	0	17	170	0	0	0	0
36	730	108	232	9708	29418	2153	16723	0	0	213	1199	0	0	0	0
36	750	0	0	7485	18273	259	762	0	0	0	0	0	0	0	0
36	770	633	3253	39798	265658	17924	208054	0	0	8849	81834	0	0	0	0
36	790	390	1252	26097	159570	1774	15000	0	0	0	0	0	0	0	0
36	810	72	224	1571	4041	327	2998	0	0	340	917	0	0	0	0
36	830	0	0	45278	104837	2133	8922	0	0	77	335	0	0	0	0
36	850	0	0	230	1055	0	0	0	0	0	0	0	0	0	0
36	870	2289	4494	18638	50740	514	2172	0	0	0	0	0	0	0	0
36	890	299	627	74331	241771	2690	15155	0	0	479	1870	0	0	0	0
36	910	602	2719	84629	515014	21196	213030	0	0	0	0	0	0	0	0
36	930	1994	4573	95923	242955	10360	52419	0	0	150	605	0	0	0	0
36	950	575	3789	80115	470431	6236	59763	0	0	0	0	0	0	0	0
36	970	1091	12744	134862	1877374	46348	1147538	0	0	532	3543	0	0	0	0
36	990	1424	9241	143892	1276283	48181	637031	0	0	40	302	0	0	0	0
36	1010	457	2494	45956	165097	2248	13176	0	0	18	70	0	0	0	0
36	1030	1575	3269	77926	262210	8413	46041	0	0	44	330	0	0	0	0
36	1050	70	210	13901	52550	414	3525	0	0	0	0	0	0	0	0
36	0	34954	181931	2906200	17832954	538231	7366333	0	0	16521	139415	0	0	0	0
		0	0	0	0	0	0	0	0	0	0	0	0	0	0
															
37	10	0	0	0	0	0	0	0	0	0	0	0	0	0	0
37	30	0	0	0	0	0	0	0	0	0	0	0	0	0	0
37	50	0	0	0	0	0	0	0	0	436	2584	0	0	0	0
37	70	10242	32398	5658	16637	60	170	0	0	1758	5651	0	0	0	0
37	90	358	1699	2300	5144	5284	20265	0	0	1701	12864	0	0	0	0
37	110	137	424	1293	4788	7523	63805	0	0	15864	114012	0	0	0	0
37	130	0	0	270	529	68	260	0	0	32	60	0	0	0	0
37	150	20	40	365	734	60	145	0	0	0	0	0	0	0	0
37	170	0	0	51	500	0	0	0	0	0	0	0	0	0	0
37	190	271	3213	3694	45447	2949	81332	0	0	2226	32064	0	0	0	0
37	210	0	0	0	0	0	0	0	0	0	0	0	0	0	0
37	230	436	1431	3183	10170	625	2810	0	0	9823	37405	0	0	0	0
37	250	20	32	245	525	5	50	0	0	137	765	0	0	0	0
37	270	1048	4033	832	3942	17595	170571	0	0	36841	230718	0	0	0	0
37	290	60	60	836	1860	226	706	0	0	1340	8168	0	0	0	0
37	310	0	0	516	2134	0	0	0	0	1	25	0	0	0	0
37	330	541	7392	663	4741	301	4391	0	0	227	2080	0	0	0	0
37	350	15	36	518	1102	742	2740	0	0	1136	5967	0	0	0	0
37	370	206	571	1553	3399	456	2985	0	0	275	1957	0	0	0	0
37	390	139	213	5283	20073	10230	59883	0	0	2439	9400	0	0	0	0
37	410	0	0	74	350	0	0	0	0	0	0	0	0	0	0
37	430	0	0	25	100	252	1498	0	0	3498	14639	0	0	0	0
37	450	0	0	160	180	0	0	0	0	0	0	0	0	0	0
37	470	744	1970	4614	15548	430	2804	0	0	4318	16614	0	0	0	0
37	490	0	0	0	0	0	0	0	0	0	0	0	0	0	0
37	510	296	959	11531	34239	3327	23140	0	0	961	4293	0	0	0	0
37	530	8	33	778	2929	4675	31423	0	0	756	2209	0	0	0	0
37	550	172	835	1480	8622	0	0	0	0	163	560	0	0	0	0
37	570	0	0	2221	5376	1863	9897	0	0	878	6055	0	0	0	0
37	590	0	0	0	0	0	0	0	0	10	200	0	0	0	0
37	610	25	65	1793	3658	1608	5739	0	0	5733	20413	0	0	0	0
37	630	8	15	1157	3860	63	400	0	0	140	390	0	0	0	0
37	650	0	0	260	570	0	0	0	0	126	1106	0	0	0	0
37	670	107	353	1527	3215	8791	44162	0	0	27750	104316	0	0	0	0
37	690	0	0	0	0	0	0	0	0	4	50	0	0	0	0
37	710	372	1473	2321	11239	93	975	0	0	210	585	0	0	0	0
37	730	0	0	0	0	0	0	0	0	8	60	0	0	0	0
37	750	3592	12976	2461	12053	40	435	0	0	70	250	0	0	0	0
37	770	0	0	331	869	690	3044	0	0	117	588	0	0	0	0
37	790	14	44	685	1835	9874	60693	0	0	18728	115874	0	0	0	0
37	810	297	2813	1907	16078	822	16613	0	0	293	4370	0	0	0	0
37	830	795	4411	181	1623	52947	616580	0	0	85375	1258623	0	0	0	0
37	850	6994	33906	3691	20066	200	2555	0	0	544	2536	0	0	0	0
37	870	124	475	268	1004	1496	8434	0	0	26124	126557	0	0	0	0
37	890	0	0	0	0	80	60	0	0	0	0	0	0	0	0
37	910	0	0	556	1479	12	100	0	0	0	0	0	0	0	0
37	930	1288	5989	16189	128613	2981	43491	0	0	3220	19313	0	0	0	0
37	950	0	0	30	120	0	0	0	0	0	0	0	0	0	0
37	970	0	0	13	58	14	30	0	0	408	1773	0	0	0	0
37	990	115	438	973	4700	47108	446941	0	0	95159	1494897	0	0	0	0
37	1010	50	290	295	2116	22231	247715	0	0	42885	494274	0	0	0	0
37	1030	518	1888	11254	67183	820	8918	0	0	284	2360	0	0	0	0
37	1050	360	1192	5081	17098	71	720	0	0	181	545	0	0	0	0
37	1070	0	0	0	0	0	0	0	0	98	280	0	0	0	0
37	1090	184	342	5880	16149	3257	21403	0	0	966	4508	0	0	0	0
37	1110	0	0	70	203	24	115	0	0	367	995	0	0	0	0
37	1130	6566	33191	1699	5868	525	1825	0	0	2062	12126	0	0	0	0
37	1150	0	0	80	160	0	0	0	0	3	15	0	0	0	0
37	1170	345	1200	585	3730	0	0	0	0	0	0	0	0	0	0
37	1190	0	0	172	445	0	0	0	0	0	0	0	0	0	0
37	1210	0	0	398	789	81	234	0	0	327	748	0	0	0	0
37	1230	165	600	593	2698	0	0	0	0	544	1153	0	0	0	0
37	1250	702	3279	196	722	27326	231904	0	0	31086	237786	0	0	0	0
37	1270	2163	17622	3086	21077	20316	258758	0	0	71617	1086420	0	0	0	0
37	1290	0	0	25	70	0	0	0	0	0	0	0	0	0	0
37	1310	385	1700	20	40	0	0	0	0	80	400	0	0	0	0
37	1330	73	400	0	0	0	0	0	0	0	0	0	0	0	0
37	1350	458	1746	437	1431	4603	26932	0	0	10499	66687	0	0	0	0
37	1370	102	520	706	2539	0	0	0	0	0	0	0	0	0	0
37	0	40515	182267	113063	542427	262744	2527651	0	0	509828	5568288	0	0	0	0
		0	0	0	0	0	0	0	0	0	0	0	0	0	0
															
40	10	201	3597	0	0	3	48	0	0	31800	718621	0	0	0	0
40	30	6787	75697	0	0	1531	30281	0	0	20441	495131	0	0	0	0
40	50	1406	17095	0	0	135	2087	0	0	3223	75361	0	0	0	0
40	70	4756	59157	0	0	442	9931	0	0	12434	199019	10	8	0	0
40	90	5389	60484	0	0	128	2498	0	0	12718	288053	0	0	0	0
40	110	5692	82363	0	0	271	3391	0	0	9473	169123	0	0	0	0
40	130	35	760	0	0	5	100	0	0	94	4325	0	0	0	0
40	150	44556	771957	0	0	1811	43209	0	0	28762	862877	0	0	0	0
40	170	2187	30196	0	0	439	11391	0	0	3710	95449	0	0	0	0
40	190	14659	164156	0	0	844	11951	0	0	22857	482810	0	0	0	0
40	210	3094	38478	0	0	269	5960	0	0	5351	161895	0	0	0	0
40	230	6925	73735	0	0	382	5848	0	0	9544	246667	0	0	0	0
40	250	4921	53162	0	0	42	605	0	0	21871	304147	9021	5166	0	0
40	270	744	6070	0	0	286	2173	0	0	15883	283725	0	0	0	0
40	290	6699	82343	0	0	374	4842	0	0	14977	242447	0	0	0	0
40	310	9964	121460	0	0	435	6403	0	0	18743	322807	0	0	0	0
40	330	7518	106890	0	0	155	2409	0	0	19722	324422	0	0	0	0
40	350	6257	57361	0	0	362	6821	0	0	19384	377517	0	0	0	0
40	360	1117	13431	0	0	261	5030	0	0	4597	85398	0	0	0	0
40	370	7394	86565	0	0	121	1318	0	0	18802	311081	999	614	0	0
40	410	1894	23474	0	0	281	5394	0	0	10397	205284	5	4	0	0
40	430	10319	165629	0	0	171	3636	0	0	9077	268148	0	0	0	0
40	450	2361	25128	0	0	244	5826	0	0	3173	88414	0	0	0	0
40	470	8971	127510	0	0	807	20626	0	0	17333	463124	0	0	0	0
40	490	3746	48136	0	0	186	3421	0	0	10654	157814	0	0	0	0
40	510	1125	7290	0	0	21	185	0	0	10109	183229	0	0	0	0
40	530	3434	46069	0	0	120	1832	0	0	16151	269585	1382	731	0	0
40	550	73	915	0	0	12	200	0	0	1289	23250	0	0	0	0
40	570	4746	58475	0	0	49	1179	0	0	13659	263678	5	4	0	0
40	590	4342	71134	0	0	406	10179	0	0	8478	252283	0	0	0	0
40	610	14497	209364	0	0	555	11854	0	0	25884	784851	0	0	0	0
40	630	6588	69359	0	0	1995	42126	0	0	11941	257474	0	0	0	0
40	650	4037	41746	0	0	218	2606	0	0	8239	176345	0	0	0	0
40	670	16255	155748	0	0	689	9648	0	0	23250	404163	0	0	0	0
40	690	12702	160536	0	0	967	17818	0	0	13230	249439	0	0	0	0
40	710	4369	43948	0	0	181	2727	0	0	9061	242877	0	0	0	0
40	730	1230	13130	0	0	115	1743	0	0	8690	162884	0	0	0	0
40	750	4159	53182	0	0	352	5513	0	0	9662	194018	0	0	0	0
40	770	5530	56290	0	0	1433	29557	0	0	13963	391947	0	0	0	0
40	790	3886	35163	0	0	420	5731	0	0	6484	188016	0	0	0	0
40	810	423	4534	0	0	21	336	0	0	12310	187207	8704	5940	0	0
40	830	14198	87594	0	0	345	3393	0	0	38116	610248	349	221	0	0
40	850	6227	84973	0	0	649	13664	0	0	18181	326086	0	0	0	0
40	870	1766	26866	0	0	602	17405	0	0	5664	117272	0	0	0	0
40	890	4472	34857	0	0	40	850	0	0	14352	228859	0	0	0	0
40	910	1535	26683	0	0	519	12206	0	0	2364	65289	0	0	0	0
40	930	7	140	0	0	28	319	0	0	16749	370340	1906	1143	0	0
40	950	163	2282	0	0	136	1551	0	0	3408	68706	1	1	0	0
40	970	2846	32184	0	0	107	1516	0	0	12029	203960	6	2	0	0
40	990	2504	39670	0	0	269	4855	0	0	7661	146202	0	0	0	0
40	1010	2979	30648	0	0	275	5252	0	0	10486	156102	0	0	0	0
40	1030	1381	22357	0	0	86	2138	0	0	5213	115893	0	0	0	0
40	1050	5736	60098	0	0	262	3052	0	0	25887	597324	0	0	0	0
40	1070	23428	416484	0	0	1232	30145	0	0	30368	921768	0	0	0	0
40	1090	7390	82698	0	0	418	7438	0	0	15122	312187	0	0	0	0
40	1110	4796	48357	0	0	93	1287	0	0	16055	251959	1769	1084	0	0
40	1130	7446	89349	0	0	592	12940	0	0	13222	419199	0	0	0	0
40	1150	259	3501	0	0	27	601	0	0	5661	131367	0	0	0	0
40	1170	9393	68491	0	0	221	2291	0	0	32306	470478	10037	6061	0	0
40	1190	1591	19213	0	0	81	1760	0	0	7186	174150	0	0	0	0
40	1210	6585	79099	0	0	577	11863	0	0	10398	294491	0	0	0	0
40	1230	60	1500	0	0	0	0	0	0	17933	480689	5504	3808	0	0
40	1250	5001	60560	0	0	306	3715	0	0	12883	272466	0	0	0	0
40	1270	609	6175	0	0	45	1035	0	0	5406	110040	157	82	0	0
40	1290	24	475	0	0	78	1320	0	0	17622	366319	957	805	0	0
40	1310	8	148	0	0	33	975	0	0	14907	390605	0	0	0	0
40	1330	4005	71834	0	0	147	3882	0	0	9993	249435	0	0	0	0
40	1350	3466	40980	0	0	143	1456	0	0	9907	157942	233	155	0	0
40	1370	8305	96472	0	0	992	22747	0	0	13198	357849	0	0	0	0
40	1390	11316	175880	0	0	333	7739	0	0	9373	214392	0	0	0	0
40	1410	4592	39127	0	0	112	1865	0	0	17834	273719	0	0	0	0
40	1430	24081	179065	0	0	296	4238	0	0	46053	675309	28	14	0	0
40	1450	2845	40771	0	0	348	7294	0	0	6878	137646	2	1	0	0
40	1470	4577	64079	0	0	135	2748	0	0	12144	202640	3	3	0	0
40	1490	1639	19560	0	0	517	7221	0	0	8885	119171	258	121	0	0
40	1530	7376	93555	0	0	192	4455	0	0	10662	297754	0	0	0	0
40	1510	223	3452	0	0	226	4983	0	0	17434	377757	190	172	0	0
40	1550	6536	91187	0	0	653	15031	0	0	10167	310167	0	0	0	0
40	1570	2810	33839	0	0	143	2901	0	0	8147	258915	0	0	0	0
40	1590	5084	83306	0	0	75	1769	0	0	7833	167690	0	0	0	0
40	1610	3905	59246	0	0	502	10477	0	0	6187	147643	0	0	0	0
40	1630	17750	218993	0	0	1302	21234	0	0	15180	402477	0	0	0	0
40	1650	38090	677221	0	0	519	13925	0	0	24056	612834	0	0	0	0
40	1670	8150	96322	0	0	358	6017	0	0	20742	546188	0	0	0	0
40	1690	6416	59297	0	0	391	4236	0	0	24554	554396	0	0	0	0
40	1710	19228	288980	0	0	519	10649	0	0	15641	455319	0	0	0	0
40	1730	6918	99489	0	0	1176	28228	0	0	13601	471312	0	0	0	0
40	1750	40	700	0	0	30	900	0	0	27479	558282	11233	7441	0	0
40	1770	4872	59118	0	0	695	14713	0	0	10699	208761	0	0	0	0
40	1790	2263	29855	0	0	693	13854	0	0	7907	187989	0	0	0	0
40	1810	41	468	0	0	164	1870	0	0	8927	209681	427	230	0	0
40	1830	357	3586	0	0	8	50	0	0	12170	191690	3580	2119	0	0
40	1850	4960	69898	0	0	660	16689	0	0	13463	428911	0	0	0	0
40	1870	7352	95170	0	0	145	2354	0	0	6958	195423	0	0	0	0
40	1875	147	3116	0	0	18	280	0	0	1017	23752	0	0	0	0
40	1910	14595	183042	0	0	841	13199	0	0	26047	814599	0	0	0	0
40	1930	6211	112282	0	0	187	4605	0	0	9762	213753	0	0	0	0
40	1950	499	4463	0	0	137	1368	0	0	10991	207955	0	0	0	0
40	1970	10614	147923	0	0	1316	33872	0	0	14657	515273	0	0	0	0
40	1990	55	1033	0	0	33	470	0	0	3259	66550	0	0	0	0
40	9999	409	6255	0	0	8	355	0	0	1531	30454	52	47	0	0
40	5100														
40	5200														
40	5300														
40	5400														
40	5600														
40	5900														
40	6300														
40	6500														
40	6600														
40	6700														
40	6800														
40	6900														
40	7000														
40	7100														
40	7300														
40	7400														
40	7500														
40	7600														
40	7700														
40	7850														
40	7900														
40	8000														
40	8300														
40	8400														
40	0	605119	7895683	0	0	38574	767678	0	0	1359935	29910532	56818	35977	0	0
		0	0	0	0	0	0	0	0	0	0	0	0	0	0
															
41	10	29	156	0	0	508	16835	11	120	43026	417742	27616	10700	307	2210
41	30	0	0	0	0	23	320	15	163	30448	460414	5183	2137	420	2041
41	50	0	0	0	0	0	0	0	0	61491	508702	35620	13286	1095	5990
41	70	0	0	0	0	0	0	0	0	23806	300076	10869	4523	202	1272
41	90	85	569	0	0	115	4609	0	0	62248	857007	30763	15698	0	0
41	110	0	0	0	0	10	200	6	77	46616	362825	29397	8725	569	1983
41	130	0	0	0	0	21	375	7	67	63919	649143	31085	11236	1480	8451
41	150	398	2455	0	0	76	1354	0	0	40529	516427	26960	12192	0	2
41	170	390	2934	0	0	702	12594	0	0	56403	541571	39986	15298	143	997
41	190	223	1380	0	0	200	3606	0	0	46181	674961	36434	20254	6	17
41	210	150	1092	0	0	94	1579	0	0	49602	621091	25596	11877	357	2775
41	230	0	0	0	0	0	0	8	159	39837	443198	15595	4760	755	7634
41	250	0	0	0	0	23	320	0	0	44928	451046	16897	5519	1022	7888
41	270	315	1631	0	0	409	7100	0	0	38098	451055	19562	8131	25	247
41	290	454	2750	0	0	75	595	0	0	27057	334019	15220	7060	0	0
41	310	0	0	0	0	0	0	1	12	70392	728741	42544	18542	1500	12273
41	330	15	185	0	0	83	1590	0	0	38478	596207	31898	15304	8	32
41	350	0	0	0	0	0	0	2	42	64881	595396	25297	10482	1643	13533
41	370	102	489	0	0	42	720	0	0	24182	283961	11227	4126	63	542
41	390	0	0	0	0	4	60	94	1903	94000	816779	38872	15838	1674	13013
41	410	0	0	0	0	0	0	0	0	73724	665878	33352	13393	744	8700
41	430	150	1155	0	0	43	788	0	0	82089	1153703	53032	30449	5	14
41	450	0	0	0	0	6	90	2	40	45974	476112	25071	10065	1124	8002
41	470	5	25	0	0	690	17183	0	0	62502	780110	63818	19198	260	1803
41	490	374	2659	0	0	110	1262	0	0	91995	1255192	46973	27760	0	0
41	510	16	142	0	0	706	23022	0	0	63342	785707	44083	19408	163	926
41	530	0	0	0	0	400	10000	401	3641	51928	514823	19878	9156	1174	10855
41	550	15	114	0	0	109	1675	0	0	52804	678431	28964	14950	0	0
41	570	19	144	0	0	0	0	0	0	43184	580665	21089	9695	104	828
41	590	24	216	0	0	2	25	0	0	50390	713568	26472	13140	6	27
41	610	0	0	0	0	10	130	20	289	79392	766972	42632	20134	1009	11602
41	630	0	0	0	0	171	4906	0	0	35046	409508	29306	9775	214	1772
41	650	10	82	0	0	1056	25425	0	0	41716	590777	35711	15304	296	1934
41	670	0	0	0	0	412	11415	0	0	47697	537728	31089	15280	664	4521
41	690	7	65	0	0	630	19557	4	81	94469	980709	52334	27207	1243	7635
41	710	188	1533	0	0	230	4057	0	0	82990	1337252	34207	17737	0	0
41	730	32	304	0	0	6	65	0	0	47084	698362	10425	4596	13	69
41	750	7	41	0	0	5	55	0	0	41844	554785	25383	11062	285	1526
41	770	1178	13880	0	0	188	2539	0	0	65564	1086567	45802	22923	0	0
41	790	75	342	0	0	0	0	0	0	71929	1051983	49542	26051	0	0
41	810	58	414	0	0	487	9019	0	0	57969	497347	38300	14205	411	1769
41	830	599	5431	0	0	60	1746	0	0	72680	1249341	64035	34872	0	0
41	850	9	100	0	0	666	15191	0	0	43041	495993	32150	8857	380	3422
41	870	0	0	0	0	360	8629	0	0	59147	548328	39791	16234	574	3101
41	890	699	8498	0	0	433	8459	0	0	88959	1623742	77759	41659	0	0
41	910	0	0	0	0	637	15281	6	131	55424	709422	46769	15931	504	2243
41	930	37	199	0	0	13	240	0	0	58932	701967	24351	11897	17	73
41	950	134	1200	0	0	52	630	0	0	81331	1317537	49376	29827	0	0
41	970	0	0	0	0	0	0	2	38	16704	226285	3682	1411	579	5057
41	990	0	0	0	0	0	0	69	1221	58954	695727	34970	15089	787	4775
41	1010	0	0	0	0	1986	51214	0	0	53689	667583	33511	11253	488	3687
41	1030	784	5564	0	0	110	1432	0	0	68213	1062634	42975	23432	0	0
41	1050	34	271	0	0	897	23180	0	0	45216	490217	34401	10090	397	4987
41	1070	0	0	0	0	155	3600	0	0	56530	735930	37625	15153	198	1739
41	1090	0	0	0	0	0	0	0	0	71521	689252	41721	15999	860	6619
41	1110	1562	8811	0	0	308	4909	0	0	57291	620331	31377	14326	70	474
41	1130	2	17	0	0	174	4145	2	23	51669	409145	31074	11343	648	1895
41	1150	96	487	0	0	47	505	0	0	42310	510878	17013	6929	14	119
41	1170	148	934	0	0	151	2293	0	0	36095	440538	13898	5646	59	549
41	1190	0	0	0	0	197	4572	0	0	46671	670588	34204	10635	460	3103
41	1210	521	4112	0	0	642	14710	0	0	55673	666442	37620	14431	54	457
41	1230	113	745	0	0	401	7016	0	0	47626	515016	28496	10566	354	2841
41	1250	0	0	0	0	35	464	0	0	61125	810782	37153	16850	314	2266
41	1270	2	21	0	0	0	0	0	0	54274	688495	17368	7900	4	12
41	1290	0	0	0	0	0	0	1	15	22779	230859	4861	1675	407	3145
41	1310	5	55	0	0	114	2283	1	7	40625	457367	25112	7540	501	3112
41	1330	11	52	0	0	0	0	0	0	33371	382604	14686	7675	0	0
41	0	9075	71254	0	0	15084	353569	652	8029	3629604	44343543	2130062	934396	26653	196559
		0	0			0	0	0	0	0	0	0	0	0	0
															
42	10	490	5446	0	0	14777	505096	67451	2905979	20351	165302	14210	4263	0	0
42	30	0	0	0	0	60	970	0	0	33521	379738	37123	16965	237	950
42	50	1006	5178	0	0	95	448	0	0	3371	16107	3611	507	0	0
42	70	7709	64461	0	0	4670	73500	0	0	4277	16490	8	0	0	0
42	90	4987	34623	0	0	1792	23482	0	0	1966	8770	954	170	0	0
42	110	0	0	0	0	0	0	0	0	20924	155079	17016	4612	4	18
42	130	0	0	0	0	13	250	0	0	19411	117312	13921	3359	10	29
42	150	5382	41328	0	0	953	11504	0	0	3936	16241	0	0	0	0
42	170	0	0	0	0	314	10440	0	0	42829	558374	43878	21949	26	106
42	190	0	0	0	0	47	815	0	0	31498	272647	25636	7706	0	0
42	210	5393	59344	0	0	402	6002	341	15824	63524	689764	36989	18128	0	0
42	230	2	10	0	0	0	0	0	0	14553	59674	14098	2511	0	0
42	250	5	50	0	0	0	0	0	0	19016	102406	22382	5066	0	0
42	270	0	0	0	0	48	1290	0	0	53983	298423	54995	13076	245	749
42	290	26	132	0	0	43	1420	0	0	25772	136421	40636	10058	0	0
42	310	1442	12150	0	0	416	8337	3543	196115	68093	737856	63867	32028	0	0
42	330	24	180	0	0	0	0	0	0	14809	135665	9737	3523	0	0
42	350	235	3062	0	0	553	7845	0	0	59509	1015201	103200	60839	0	0
42	370	30	236	0	0	1012	23258	4601	250835	33371	362869	40942	21165	0	0
42	390	2	20	0	0	0	0	0	0	18698	72478	11869	2267	0	0
42	410	10	160	0	0	425	11755	0	0	29925	441025	36898	17578	31	131
42	430	0	0	0	0	195	5150	0	0	28227	177455	27050	8468	135	618
42	450	40	269	0	0	340	4302	0	0	39249	149204	46171	9688	0	0
42	470	337	2714	0	0	3147	50781	0	0	22225	100248	12998	3060	0	0
42	490	1466	7187	0	0	67	555	0	0	4544	21271	8675	986	0	0
42	510	316	1468	0	0	292	3382	0	0	8698	38858	3806	787	0	0
42	530	6	40	0	0	0	0	0	0	15302	61329	10392	1924	0	0
42	550	1431	10143	0	0	366	4028	0	0	47068	335195	32689	14418	0	0
42	570	37	358	0	0	267	5289	0	0	47063	396254	45294	13066	39	79
42	590	215	1658	0	0	224	3521	80	3200	21006	103229	12569	2644	0	0
42	610	2	3	0	0	0	0	0	0	23545	156860	20838	4952	0	0
42	630	3123	26725	0	0	254	3290	0	0	29307	244996	25186	5802	0	0
42	650	703	3749	0	0	16	284	0	0	11595	26216	14778	2050	0	0
42	670	1347	12209	0	0	251	3061	1971	107422	40997	301550	53688	15885	0	0
42	690	0	0	0	0	1002	22360	0	0	43155	395301	92153	37404	0	0
42	710	32	151	0	0	152	1433	0	0	19541	84813	9977	2471	0	0
42	730	0	0	0	0	196	6685	0	0	25387	194611	35003	11608	44	122
42	750	208	2101	0	0	32	394	10	200	26566	149580	35375	7938	0	0
42	770	0	0	0	0	139	3470	2121	87880	50989	539676	54125	25846	0	0
42	790	2	30	0	0	80	1400	0	0	31298	265229	48510	16983	15	89
42	810	0	0	0	0	20	400	0	0	21538	157762	26273	8205	21	48
42	830	929	7605	0	0	1618	30026	0	0	23198	143990	27195	7317	0	0
42	850	62	680	0	0	1424	39607	12968	655372	47971	380527	72085	29122	0	0
42	870	2903	19384	0	0	1888	27109	0	0	10356	35525	0	0	0	0
42	890	1635	10351	0	0	330	2993	0	0	6330	29864	4179	816	0	0
42	910	0	0	0	0	5	15	0	0	25672	195094	38624	12028	42	48
42	930	45	595	0	0	478	7257	0	0	122782	2319514	156693	125944	0	0
42	950	0	0	0	0	691	22210	1321	69656	20027	136197	40878	14125	0	0
42	970	820	3296	0	0	533	8883	0	0	14213	58720	7815	1531	0	0
42	990	4	45	0	0	86	1861	0	0	40257	193596	32228	6333	3	6
42	1010	949	5686	0	0	316	4087	0	0	5748	14121	898	198	0	0
42	1030	0	0	0	0	5	48	0	0	25210	124376	16975	3693	24	45
42	1050	16	98	0	0	3	20	0	0	8987	39303	10887	2913	0	0
42	1070	89	1290	0	0	465	12482	0	0	51595	702279	67389	33602	0	0
42	1090	21	119	0	0	38	290	0	0	18908	159662	12873	3384	0	0
42	1110	348	4428	0	0	454	9018	13154	710980	42351	554115	46897	29607	0	0
42	1130	373	1757	0	0	114	1185	0	0	12737	40556	7720	1526	0	0
42	1150	58	388	0	0	35	500	0	0	25721	158961	33437	7454	0	0
42	1170	71	688	0	0	5345	163898	23683	1192850	20034	130002	17734	5420	0	0
42	1190	284	4277	0	0	209	5712	0	0	31002	342390	39231	18829	0	0
42	1210	914	8926	0	0	45	945	0	0	26530	175588	21733	4795	0	0
42	1230	219	1981	0	0	199	5905	3383	147880	50293	665015	69176	35307	0	0
42	1250	79	752	0	0	195	4864	0	0	13522	53393	4788	876	0	0
42	1270	3	25	0	0	10	20	0	0	16839	79627	11125	2416	0	0
42	1290	1870	12157	0	0	894	13145	0	0	7428	26686	2727	704	0	0
42	1310	75	479	0	0	1073	16078	0	0	20293	106473	15228	2662	0	0
42	1330	0	0	0	0	2	25	0	0	16353	88007	12650	2796	0	0
42	1350	248	1375	0	0	5	41	0	0	7942	20908	12968	1348	0	0
42	1370	1371	7734	0	0	586	6549	0	0	9211	43867	3453	566	0	0
42	1390	0	0	0	0	9	48	0	0	33954	182813	25553	7614	61	157
42	1410	58	274	0	0	31	270	0	0	20917	69839	13280	2043	0	0
42	1430	10380	85933	0	0	5856	95161	0	0	16279	71679	27	3	0	0
42	1450	11	66	0	0	65	1081	10	650	36412	212257	52652	13948	0	0
42	1470	0	0	0	0	135	4760	1136	58512	31697	253885	42620	15270	0	0
42	1490	262	1585	0	0	216	2489	0	0	37145	205915	33676	9726	0	0
42	0	60105	477159	0	0	56018	1294779	135773	6403355	2038551	17672223	2162914	843871	937	3195
		0	0			0	0	0	0	0	0	0	0	0	0
															
43	10	0	0	0	0	0	0	0	0	36760	302942	775	192	367	2198
43	30	0	0	0	0	0	0	2	50	8413	44856	224	57	152	496
43	50	0	0	0	0	0	0	16	340	1657	13569	146	41	69	639
43	70	0	0	0	0	0	0	0	0	9488	63793	9	1	184	905
43	90	0	0	0	0	0	0	0	0	27	440	0	0	1	4
43	110	0	0	0	0	0	0	0	0	160	3324	0	0	0	0
43	130	0	0	0	0	7	100	24	491	14831	131598	953	274	324	3479
43	150	0	0	0	0	0	0	0	0	0	0	0	0	3	17
43	170	0	0	0	0	0	0	0	0	52	437	12	2	74	224
43	190	0	0	0	0	0	0	0	0	1357	13207	0	0	48	206
43	210	0	0	0	0	0	0	0	0	6	150	0	0	55	1021
43	230	0	0	0	0	0	0	3	64	31364	246463	3408	616	342	1792
43	250	0	0	0	0	0	0	0	0	67	910	0	0	6	60
43	270	0	0	0	0	0	0	2	25	705	7890	0	0	24	264
43	290	0	0	0	0	0	0	0	0	1570	18299	47	15	48	572
43	310	0	0	0	0	0	0	0	5	2233	29040	0	0	92	508
43	330	0	0	0	0	2	30	11	147	13772	152113	4173	1763	352	3139
43	350	0	0	0	0	0	0	0	0	1033	8000	3	2	0	0
43	370	0	0	0	0	0	0	0	0	0	0	0	0	0	0
43	390	0	0	0	0	3	78	2	40	35280	503804	572	146	1197	16047
43	410	0	0	0	0	0	0	0	0	12041	79921	311	47	81	483
43	430	0	0	0	0	0	0	0	0	237	5148	0	0		
43	450	0	0	0	0	0	0	42	700	804	8191	32	7	26	200
43	470	0	0	0	0	0	0	0	0	16667	123868	4090	879	193	911
43	490	0	0	0	0	0	0	10	256	3772	50777	0	0	60	310
43	510	0	0	0	0	0	0	0	0	40	750	0	0		
43	530	0	0	0	0	0	0	1	10	1745	17192	0	0	59	467
43	550	0	0	0	0	0	0	4	93	87	822	0	0	20	188
43	570	0	0	0	0	0	0	6	70	6777	105747	0	0	126	609
43	590	0	0	0	0	14	215	49	700	36998	309652	9529	4507	754	6033
43	610	0	0	0	0	0	0	0	0	0	0	0	0		
43	630	0	0	0	0	124	2450	27	475	87158	737718	18393	6437	1750	18206
43	650	0	0	0	0	40	600	1	8	35353	298175	4688	750	457	2141
43	670	0	0	0	0	0	0	0	0	9957	59510	1024	174	99	572
43	690	0	0	0	0	0	0	0	0	962	7482	3	1	57	280
43	710	0	0	0	0	1	30	0	0	31	1081	0	0	0	0
43	730	0	0	0	0	3	75	0	0	26809	240261	7517	1718	566	2379
43	750	0	0	0	0	0	0	0	0	20556	163617	283	59	150	928
43	770	0	0	0	0	0	0	0	0	3553	28898	20	8	79	742
43	790	0	0	0	0	83	468	0	0	36098	293331	7203	1463	381	1948
43	810	0	0	0	0	0	0	1	43	1078	16389	0	0	4	17
43	830	0	0	0	0	55	325	2	38	28464	211512	12	7	308	1377
43	850	0	0	0	0	0	0	0	0	0	0	0	0	0	0
43	870	0	0	0	0	0	0	0	0	1	7	0	0	5	5
43	890	0	0	0	0	0	0	1	15	3003	37659	0	0	212	1529
43	910	0	0	0	0	0	0	44	655	16683	137557	4761	1653	474	2918
43	930	0	0	0	0	0	0	1	36	460	5472	0	0	27	211
43	950	0	0	0	0	0	0	0	0	1577	43018	1	1	6	30
43	970	0	0	0	0	0	0	0	0	452	11156	0	0	15	41
43	990	0	0	0	0	0	0	0	0	110	3130	0	0		
43	1010	0	0	0	0	0	0	3	95	2713	39842	2	1	72	340
43	1030	0	0	0	0	0	0	1	27	119	2522	0	0	14	67
43	1050	0	0	0	0	0	0	0	0	5867	75794	0	0	81	546
43	1070	0	0	0	0	0	0	0	2	4481	37970	0	0	98	598
43	1090	0	0	0	0	0	0	11	340	5424	71965	0	0	68	156
43	1110	0	0	0	0	0	0	0	0	0	0	0	0	0	0
43	1130	0	0	0	0	0	0	6	105	21009	196698	10423	3780	674	7057
43	1150	0	0	0	0	0	0	0	0	52	927	0	0	8	9
43	1170	0	0	0	0	0	0	0	0	2341	47461	0	0	2	6
43	1190	0	0	0	0	0	0	0	0	7747	53581	45	18	163	1163
43	1210	0	0	0	0	0	0	13	145	49761	304228	5051	1075	392	1929
43	1230	0	0	0	0	24	290	0	0	8226	65677	187	36	153	1337
43	1250	0	0	0	0	2	30	0	0	13207	81860	98	19	415	2409
43	1270	0	0	0	0	0	0	0	0	1632	32978	5	6	40	132
43	1290	0	0	0	0	0	0	0	0	6788	49989	160	28	104	919
43	1310	0	0	0	0	3	55	27	493	22620	158303	4248	1465	649	5144
43	1330	0	0	0	0	0	0	48	782	22976	170306	3221	1084	774	6645
43	0	0	0	0	0	361	4746	358	6250	685211	5928977	91629	28332	32436	487123
		0	0			0	0	0	0	0	0	0	0	19482	384570
															
44	10	31	255	0	0	6	170	4	42	28512	181897	8364	2796	473	3475
44	30	13	140	0	0	16	275	14	137	15281	121837	3395	953	219	2059
44	50	2	25	0	0	6	50	4	24	17153	107611	4648	1302	289	1979
44	70	0	0	0	0	53	555	4	15	25704	239628	9184	2949	463	2659
44	90	394	4621	0	0	370	7832	0	0	21617	141891	9132	4307	153	742
44	110	2124	17173	0	0	917	14088	0	0	16569	181962	11357	4927	0	0
44	130	3012	26916	0	0	1181	22636	0	0	19102	192988	17772	10506	0	0
44	150	1219	10336	0	0	359	7187	0	0	26094	329172	29101	14619	0	0
44	170	46	461	0	0	18	250	28	229	21427	165921	10369	4316	180	1421
44	190	2	15	0	0	66	1248	10	153	39900	395313	8203	2901	600	7291
44	210	235	3589	0	0	371	10628	0	0	12845	121610	4579	2001	106	418
44	230	39	491	0	0	347	5523	0	0	35637	302753	15387	6502	140	244
44	250	0	0	0	0	0	0	1	16	9340	60202	178	57	287	2854
44	270	0	0	0	0	283	4273	10	143	55603	596594	16198	6174	960	9812
44	290	2	20	0	0	17	229	113	1175	7332	53079	1211	422	111	589
44	310	317	3182	0	0	227	2429	35	417	79250	580944	36547	15889	685	3968
44	330	1254	10261	0	0	2111	46447	0	0	77851	436725	53337	23047	197	1100
44	350	2051	19016	0	0	676	12284	0	0	15508	143789	10247	5730	28	199
44	370	6	48	0	0	25	395	0	0	22391	249624	9649	4831	429	2978
44	390	0	0	0	0	8	36	53	1071	1859	18219	23	9	73	339
44	430	43	367	0	0	55	300	5	104	29938	177793	12572	5376	315	1534
44	450	3269	22711	0	0	731	15531	0	0	60449	710305	44373	23600	9	62
44	470	85	778	0	0	34	589	0	0	10840	168282	5528	3139	0	0
44	490	0	0	0	0	0	0	0	0	3938	27349	39	11	116	1111
44	510	0	0	0	0	1	13	42	585	4571	59408	156	89	112	950
44	530	6	50	0	0	12	350	0	0	7456	49447	3172	934	45	279
44	550	68	448	0	0	98	2161	0	0	19490	254016	11866	5998	0	0
44	570	1680	12187	0	0	162	2867	0	0	25279	295307	16089	8167	0	0
44	590	1884	16279	0	0	640	13452	0	0	8993	85233	8409	3557	0	0
44	610	3	60	0	0	13	175	0	0	15712	144450	7733	3791	295	3144
44	630	1456	12158	0	0	264	4149	0	0	13403	135134	7551	3651	9	80
44	650	0	0	0	0	0	0	2	20	4383	40030	190	65	129	1014
44	670	1898	14302	0	0	164	2622	0	0	29696	329103	21721	11332	0	0
44	690	33	365	0	0	260	4313	17	170	51078	402129	14194	4412	665	7337
44	710	14	199	0	0	76	2240	4	91	72253	745462	29715	15521	990	7538
44	730	1120	7936	0	0	447	5695	0	0	19036	113821	11656	4750	30	79
44	750	0	0	0	0	67	1179	3	65	27401	297488	6262	2216	571	5773
44	770	2413	16339	0	0	1362	24453	0	0	36596	309777	20815	10161	16	109
44	790	635	5208	0	0	45	789	2	10	18295	153525	7777	3093	190	707
44	810	397	4368	0	0	746	11516	3	73	29285	285658	16375	6421	266	2005
44	830	774	6802	0	0	46	868	0	0	5417	85789	1163	613	22	15
44	850	676	3534	0	0	84	794	0	0	9986	98989	2962	1402	0	0
44	870	4	26	0	0	333	5475	1	35	54158	472358	8335	2125	1108	9295
44	890	1591	12050	0	0	336	4070	0	0	18875	190164	9631	4509	1	3
44	910	52	946	0	0	16	130	2	23	84804	528626	33474	13038	926	3469
44	930	1526	18994	0	0	1405	37806	0	0	51461	490069	31679	14252	473	2102
44	950	4	73	0	0	90	2194	0	0	14398	139711	5114	1828	153	466
44	970	611	4662	0	0	87	955	0	0	15909	156227	9766	4540	0	0
44	990	0	0	0	0	10	285	4	55	49679	464357	25122	11963	886	6011
44	1010	0	0	0	0	0	0	0	0	4973	34110	378	110	71	545
44	1030	14	112	0	0	9	90	88	827	18090	146436	4332	1701	390	2204
44	1050	3758	27077	0	0	2710	45546	0	0	24171	196325	22339	8929	0	0
44	1070	261	2521	0	0	11	156	44	357	80189	430504	39754	14709	910	3699
44	1090	4	15	0	0	61	875	7	65	17439	141393	6575	2692	212	1183
44	1110	211	1309	0	0	2	10	0	0	14342	194265	0	0	0	0
44	1130	1772	12856	0	0	274	5762	0	0	19742	177929	12904	6195	34	210
44	1150	492	4259	0	0	331	10140	0	0	30222	399539	23452	12191	12	11
44	1170	2599	16096	0	0	276	3624	0	0	21693	240001	16688	9254	0	0
44	1190	5704	44851	0	0	4487	64397	0	0	23705	246136	23591	10852	0	0
44	1210	2159	19351	0	0	485	8389	0	0	33527	387242	19783	10360	7	22
44	1230	127	840	0	0	2	24	0	0	13056	165113	532	199	0	0
44	1250	883	7455	0	0	30	515	0	0	15556	89478	8744	3967	6	55
44	1270	0	0	0	0	8	130	12	105	1158	14353	20	9	54	285
44	1290	970	7648	0	0	101	1671	0	0	26143	428739	20952	12567	0	0
44	1310	2	67	0	0	222	6357	0	0	48565	544901	7895	3138	3854	51549
44	1330	3780	25516	0	0	998	10617	0	0	22272	166747	11838	5564	2	12
44	1350	4685	35370	0	0	539	8989	0	0	44977	455807	30292	16358	0	0
44	1370	1000	7381	0	0	133	1614	0	0	15427	186521	3223	1512	0	0
44	1390	3865	24970	0	0	519	6706	0	0	29859	335307	20900	10310	0	0
44	1410	1630	11060	0	0	360	6385	0	0	32075	165118	15353	7074	186	496
44	1430	540	3298	0	0	62	470	2	53	20622	228223	12775	6900	0	0
44	1450	224	1665	0	0	108	1366	0	0	25251	216445	10370	3324	159	467
44	1470	5114	42488	0	0	4045	77275	0	0	24568	268391	28818	12460	0	0
44	1490	632	3593	0	0	126	1920	0	0	24473	245143	14628	6360	34	180
44	1510	5647	50161	0	0	1108	24826	0	0	35655	322360	27597	15308	29	219
44	1530	2908	36688	0	0	1331	28589	0	0	31653	315460	16476	6767	204	1494
44	1550	57	762	0	0	250	7210	6	85	39072	385273	17661	7830	470	4111
44	1570	5140	48674	0	0	2292	39003	0	0	30488	303966	28018	13337	0	0
44	1590	2297	22668	0	0	407	10736	0	0	17702	137266	11008	5298	31	185
44	1610	2	10	0	0	10	50	0	0	18056	118502	4077	1390	312	3660
44	1630	3633	31732	0	0	526	7981	2	15	66279	322507	34000	13194	374	725
44	1650	37	620	0	0	522	12546	1	9	37264	189927	21784	9646	241	1132
44	1670	173	1616	0	0	488	3436	0	0	53636	298728	23102	10246	261	795
44	1690	416	3522	0	0	34	645	0	0	17114	131043	5701	2418	78	543
44	1710	1985	16891	0	0	799	17083	0	0	16216	150438	9310	4748	7	36
44	1730	5	16	0	0	28	287	2	6	10911	124097	1666	661	246	3565
44	1750	520	6104	0	0	1572	25466	0	0	111434	744154	54765	22644	813	3433
44	1770	85	746	0	0	808	18689	0	0	17903	163807	5504	2163	37	175
44	1790	0	0	0	0	22	265	370	3905	8231	46903	744	202	198	1336
44	1810	2465	15749	0	0	1440	16154	0	0	17409	135292	11797	4800	4	3
44	1830	0	0	0	0	9	32	0	0	7452	44575	1122	424	194	1730
44	1850	5	52	0	0	158	1599	11	130	36446	400703	7705	2909	600	5652
44	1870	264	1440	0	0	31	299	0	0	9281	89211	1566	723	0	0
44	1890	1069	7845	0	0	234	3724	0	0	21752	111277	14363	6154	48	193
44	1910	0	0	0	0	4	80	30	508	1202	11742	15	4	54	279
44	1930	1735	23247	0	0	1636	33456	0	0	45327	388462	28098	13330	193	881
44	1950	8301	70281	0	0	3659	64987	2	18	27722	267607	25075	11832	0	0
44	1970	130	1214	0	0	98	2043	0	0	23739	149829	10298	3378	147	780
44	1990	1961	13601	0	0	944	18715	0	0	44504	359861	24638	9775	67	309
44	2010	0	0	0	0	52	707	0	0	30617	285625	10448	4258	382	2666
44	2050	20	244	0	0	208	3870	0	0	64171	651312	23484	11334	950	7026
44	2070	1681	14471	0	0	778	13242	0	0	16928	152866	8576	3788	124	480
44	2090	123	1353	0	0	103	1556	5	40	32445	237298	12673	5307	340	1982
44	2110	3132	28035	0	0	1537	27306	0	0	25793	207953	20308	11259	0	0
44	2130	717	6215	0	0	24	541	0	0	16017	280868	9719	5364	0	0
44	2150	36	434	0	0	57	1775	0	0	11422	94893	3450	928	86	405
44	2170	2504	22692	0	0	1059	20038	0	0	23102	187989	16886	9275	16	28
44	2190	3814	35693	0	0	1082	21178	2	18	19046	164744	15443	7820	0	0
44	2210	5902	50674	0	0	2995	51966	8	113	27238	249176	20919	9326	0	0
44	2230	661	4563	0	0	50	745	0	0	22821	250663	15563	8349	0	0
44	2250	2677	41015	0	0	783	19738	0	0	17332	231557	10506	5257	45	229
44	2270	343	2169	0	0	5	36	0	0	10009	124912	5696	2735	0	0
44	2290	10	68	0	0	0	0	0	0	29107	230481	5165	1991	721	10941
44	2310	2357	17771	0	0	960	21826	0	0	23863	227906	16022	7926	122	566
44	2330	797	5053	0	0	189	2220	0	0	21744	283953	18181	10482	0	0
44	2350	181	1899	0	0	173	2356	0	0	24056	214504	13856	5654	183	811
44	2370	1275	9077	0	0	371	7851	0	0	13611	107432	7472	3769	37	147
44	2390	0	0	0	0	10	120	0	0	7179	59770	3678	1302	76	864
44	2410	40	421	0	0	0	0	0	0	6630	110288	0	0	0	0
44	2430	195	2471	0	0	421	10080	0	0	37967	387944	21859	9446	352	2727
44	2450	973	8654	0	0	1563	35965	0	0	18413	116341	9544	3971	47	90
44	2470	842	7339	0	0	160	2237	0	0	12472	100300	8638	4393	0	0
44	2490	291	2982	0	0	252	5126	0	0	16831	118631	8790	3736	68	696
44	2510	443	3203	0	0	635	10107	44	438	76841	410348	32780	14054	707	5129
44	2530	0	0	0	0	493	9825	3	18	26048	283198	7727	2965	377	3876
44	2550	2358	19940	0	0	1181	27514	0	0	16071	144468	11454	6316	13	94
44	2570	1514	12010	0	0	620	9808	0	0	11012	124695	7061	3178	0	0
44	2590	32	164	0	0	798	19352	0	0	23693	205410	11301	3933	197	1304
44	2610	2772	31226	0	0	1382	37124	0	0	44193	478207	25752	11881	590	4643
44	2630	362	2466	0	0	43	983	0	0	17645	114846	7201	2201	57	235
44	2650	1226	6155	0	0	227	2585	0	0	10212	61051	8252	3448	5	18
44	2670	76	662	0	0	34	365	18	171	43923	355522	11377	4490	474	1785
44	2690	848	9440	0	0	360	7242	0	0	33396	251412	16014	6909	224	1216
44	2710	53	903	0	0	18	155	1	8	48445	285074	14912	5588	728	4475
44	2730	738	8431	0	0	531	12768	0	0	34160	395894	19874	10864	303	2291
44	2750	0	0	0	0	140	2974	7	72	52318	608492	13498	4722	1525	17903
44	2770	89	969	0	0	367	7341	5	73	25266	223619	11005	4402	359	2081
44	2790	113	1210	0	0	68	1467	0	5	38397	280436	18035	6557	531	2267
44	2810	935	7529	0	0	4	75	0	0	7760	106340	0	0	0	0
44	2830	16	130	0	0	8	120	0	0	24306	128406	11713	4023	285	1588
44	2850	268	2131	0	0	295	4759	0	0	29027	262323	17367	5392	272	1689
44	2870	205	1854	0	0	308	5630	1	2	27047	241239	13799	5317	123	1601
44	2890	18	135	0	0	76	285	0	0	22917	172623	9140	3387	153	528
44	2910	743	5203	0	0	10	110	0	0	13633	159834	0	0	0	0
44	2930	1015	7656	0	0	293	6002	0	0	21763	187861	8006	3454	124	856
44	2950	405	2784	0	0	168	2303	0	0	24458	376506	11019	5367	0	0
44	2970	5366	52890	0	0	2495	52536	0	0	39423	344767	34391	20571	0	0
44	2990	0	0	0	0	37	145	3	47	16400	130896	2043	757	486	2818
44	3010	1743	10459	0	0	164	1884	0	0	26741	132267	20613	10455	42	140
44	3030	1945	24583	0	0	1502	20795	0	0	80337	439236	31222	13525	288	1129
44	3050	0	0	0	0	19	430	2	33	24395	196224	5697	2592	282	2623
44	3070	89	666	0	0	24	680	0	0	15695	127918	5703	1965	136	1562
44	3090	100	992	0	0	93	755	1	5	33325	212510	13926	5833	427	2003
44	3110	725	3840	0	0	130	1448	8	33	11841	118427	2638	1281	0	0
44	3130	475	3556	0	0	50	755	0	0	20239	299609	10860	5647	0	0
44	3150	341	3543	0	0	374	4699	19	240	43236	318479	25392	9368	517	4003
44	3170	4445	29697	0	0	2398	37729	0	0	29619	218159	19996	8510	1	7
44	3190	158	1101	0	0	68	1331	0	0	33223	167846	8352	3042	313	1087
44	3210	91	952	0	0	175	3734	7	43	60193	546486	27557	11096	786	5064
44	0	168528	1430601	0	0	77370	1428729	1072	12095	4356309	38036956	2157099	971468	37133	291037
		0	0			0	0	0	0	0	0	0	0	0	0
															
45	10	0	0	0	0	10	80	91823	3731879	25498	310808	24652	10368	442	3335
45	30	0	0	0	0	0	0	8739	344155	9179	89062	3848	1495	223	1922
45	50	0	0	0	0	0	0	2695	93767	14360	59479	401	133	4834	52112
45	70	0	0	0	0	0	0	352	18015	15708	143898	20	7	22531	303792
45	90	0	0	0	0	117	3800	1008	38852	54191	771791	36755	16029	5339	81016
45	110	0	0	0	0	7	80	0	0	9014	90674	4030	1633	139	1119
45	130	0	0	0	0	50	1140	0	0	42997	162422	44359	11440	543	2026
45	150	0	0	0	0	89	3310	0	0	29924	251955	44710	19289	184	1324
45	170	0	0	0	0	97	1610	0	0	44347	445366	75915	33099	255	883
45	190	0	0	0	0	6	150	35044	1233114	13296	132562	4167	1491	186	1013
45	210	0	0	0	0	0	0	0	0	12565	124445	9711	5408	358	3217
45	230	0	0	0	0	0	0	6662	219255	6159	67860	5265	2407	78	884
45	250	0	0	0	0	150	3000	40	1350	21005	251409	16213	8475	257	3096
45	270	0	0	0	0	220	2791	0	0	59325	188588	55638	14777	710	2901
45	290	0	0	0	0	519	13900	0	0	15885	156018	16371	7852	36	165
45	310	10	15	0	0	47	400	0	0	35562	137836	45770	11542	258	884
45	330	0	0	0	0	1	20	333	12560	18728	160216	6288	1580	853	9934
45	350	0	0	0	0	360	7900	0	0	23135	334555	30510	18021	24	285
45	370	2	50	0	0	116	1840	42	262	27250	229574	13913	2294	344	3212
45	390	0	0	0	0	0	0	11354	326262	55840	659885	34667	13226	536	3870
45	410	0	0	0	0	829	22915	0	0	54275	670892	58552	29727	254	2094
45	430	0	0	0	0	98	2452	0	0	14292	126397	10439	5939	583	5019
45	450	0	0	0	0	0	0	3299	120368	22507	220205	515	81	31299	350288
45	470	0	0	0	0	0	0	1569	93172	16668	144122	779	169	21148	281339
45	490	0	0	0	0	144	2456	0	0	15614	91643	14041	5055	345	1792
45	510	0	0	0	0	0	0	0	0	70	4300	15	12	0	0
45	530	0	0	0	0	0	0	79038	3329159	13831	158663	7196	2853	131	673
45	550	0	0	0	0	0	0	7201	329598	50284	507399	28681	8031	16208	188304
45	570	0	0	0	0	0	0	280	4000	29355	334934	960	383	15820	231186
45	590	0	0	0	0	0	0	0	0	5135	47740	2673	1062	320	1706
45	610	0	0	0	0	54	1040	0	0	35946	169726	36574	11784	196	905
45	630	0	0	0	0	0	0	39	510	9186	79313	569	159	530	6450
45	650	0	0	0	0	1900	79030	0	0	19461	307169	21478	11171	59	447
45	670	0	0	0	0	259	5860	0	0	38086	491435	36779	19953	179	973
45	690	0	0	0	0	42	860	0	0	49488	391188	52062	27840	867	5088
45	710	0	0	0	0	0	0	0	0	234	4877	0	0	0	0
45	730	0	0	0	0	320	5319	0	0	24743	245886	22632	11427	304	2289
45	750	0	0	0	0	0	0	0	0	1203	23105	0	0	3	20
45	770	0	0	0	0	7	210	0	0	34273	386893	15363	5074	11456	176176
45	790	0	0	0	0	596	9946	226	6108	41537	657473	31090	18818	4369	68011
45	810	0	0	0	0	64	1155	0	0	24227	138062	34625	14230	144	522
45	830	0	0	0	0	1050	26114	0	0	40913	445108	49407	23205	281	2347
45	850	0	0	0	0	0	0	0	0	28312	189350	22044	7253	598	2984
45	870	0	0	0	0	0	0	0	0	104	1134	0	0	0	0
45	890	0	0	0	0	0	0	0	0	773	10990	0	0	1941	22720
45	910	0	0	0	0	0	0	2	14	15534	119179	4610	764	348	3451
45	930	0	0	0	0	0	0	4317	215519	10318	107515	30	8	8532	120083
45	950	0	0	0	0	0	0	1007	75248	6836	75288	8	4	9492	131938
45	970	0	0	0	0	18	180	8962	314977	89094	1070898	58966	20638	4076	58331
45	990	0	0	0	0	0	0	2680	79348	35961	407376	9764	1066	19175	211419
45	1010	0	0	0	0	0	0	2784	84696	12253	81344	139	29	27197	313623
45	1030	0	0	0	0	0	0	105	2297	6847	76758	759	284	302	3612
45	1050	0	0	0	0	104	1787	35	601	20960	217118	5610	1640	687	7628
45	1070	1	15	0	0	2205	75381	0	0	21741	295245	25354	13882	31	158
45	1090	0	0	0	0	0	0	8	122	16845	126286	0	0	19284	279122
45	1110	0	0	0	0	40	2105	0	0	43206	201453	34372	10202	287	1161
45	1130	0	0	0	0	0	0	89123	3823415	33875	323158	17248	4685	16167	160723
45	1150	0	0	0	0	3	24	0	0	16358	142049	8959	3313	345	1550
45	1170	0	0	0	0	19	123	35	516	41681	420690	21362	7402	1433	8527
45	1190	0	0	0	0	75	1430	0	0	40084	131439	37310	9009	732	2291
45	1210	0	0	0	0	0	0	0	0	10854	104001	968	282	11372	161522
45	1230	0	0	0	0	896	22427	0	0	26971	329952	25505	11724	162	1231
45	1250	60	500	0	0	176	2920	2	5	15383	177944	5435	766	3001	61696
45	1270	0	0	0	0	11	77	0	0	16020	95719	10412	3852	412	1763
45	0	73	580	0	0	10699	303832	358804	14499144	1585306	15119819	1186488	474342	268200	3358152
		0	0			0	0	0	0	0	0	0	0	0	0
															
46	10	0	0	0	0	8	120	0	0	12166	160276	10083	3713	78	575
46	30	0	0	0	0	0	0	0	0	33245	563423	21256	9325	0	2
46	50	0	0	0	0	85	1395	24	395	42612	415585	24548	5539	736	9997
46	70	0	0	0	0	240	1487	0	0	51898	605905	27609	9899	724	8903
46	90	3	40	0	0	0	0	0	0	23230	301278	13927	6553	0	0
46	110	160	2028	0	0	910	18315	0	0	85252	1159323	176998	87384	10	30
46	130	0	0	0	0	25	304	0	0	44776	704239	19923	8826	33	401
46	150	9	34	0	0	0	0	0	0	41593	491260	25892	10275	354	1932
46	170	0	0	0	0	0	0	0	0	36328	555645	25848	8765	13	102
46	190	5	24	0	0	127	1424	0	0	24486	312566	10441	3289	215	2246
46	210	0	0	0	0	156	4625	0	0	18271	246488	12430	4581	163	1963
46	230	0	0	0	0	21	523	11	125	29613	370751	13815	5107	856	11687
46	250	0	0	0	0	40	600	0	0	28822	382235	20693	6297	7	47
46	270	69	971	0	0	360	7310	0	0	60978	1010818	105951	58448	0	0
46	290	0	0	0	0	8	55	1	3	37852	542274	19935	5257	828	8144
46	310	0	0	0	0	13	225	2	37	33439	379056	19771	8575	948	13860
46	330	0	0	0	0	2	47	0	0	40730	639324	49003	25284	0	0
46	350	0	0	0	0	125	2895	13	162	13196	151684	4977	1961	550	8872
46	370	0	0	0	0	92	1467	6	68	19293	201786	9791	2175	448	4861
46	390	0	0	0	0	3	15	19	265	13330	167614	4160	1645	723	10130
46	410	0	0	0	0	17	221	30	288	12555	155209	3180	1141	543	6010
46	430	0	0	0	0	11	140	0	0	27892	362354	18351	7755	24	249
46	450	0	0	0	0	0	0	18	251	2503	35464	306	104	267	967
46	470	0	0	0	0	0	0	9	152	3273	47733	175	79	198	2516
46	490	2	31	0	0	343	8275	1	18	60467	642273	53142	17477	768	6529
46	510	0	0	0	0	62	1850	0	0	60208	719835	58399	25660	268	2071
46	530	0	0	0	0	301	6310	0	0	36217	598385	57500	29589	12	36
46	550	10	250	0	0	584	19040	0	0	12517	219817	14756	7598	6	63
46	570	4	55	0	0	0	0	0	0	40958	596196	21348	8856	24	132
46	590	0	0	0	0	0	0	7	155	3219	50276	238	103	285	3871
46	610	0	0	0	0	108	1905	0	0	43261	535709	20148	7150	1171	13245
46	630	0	0	0	0	8	128	0	0	23071	288632	13730	3923	222	2275
46	650	0	0	0	0	95	1566	2	30	41369	460721	25181	11254	1225	18354
46	670	0	0	0	0	11	200	1	12	44489	575570	26508	10764	1729	25664
46	690	0	0	0	0	2	15	0	5	50163	598861	27423	9257	777	8711
46	710	0	0	0	0	0	0	0	0	45830	618369	21056	9627	6	55
46	730	0	0	0	0	12	154	30	345	17876	219428	9158	3833	646	11107
46	750	0	0	0	0	24	213	1	20	37738	478382	19751	7650	1084	12035
46	770	0	0	0	0	0	0	2	27	28141	290274	17862	6753	732	10855
46	790	0	0	0	0	35	733	0	0	40190	522162	28279	10645	804	12490
46	810	0	0	0	0	5	25	0	0	49018	958613	41207	19332	0	0
46	830	50	1050	0	0	379	9165	0	0	63769	895527	95648	48862	25	161
46	850	0	0	0	0	114	3210	2	14	41521	450712	24445	7958	841	11824
46	870	0	0	0	0	65	1500	0	0	40051	548871	32571	11692	47	643
46	890	0	0	0	0	2030	47388	0	0	63493	680611	53419	18043	983	6941
46	910	0	0	0	0	52	1050	52	678	35168	404623	21979	7655	1594	22334
46	930	2	40	0	0	4	70	0	0	44464	528526	37786	17221	0	0
46	950	0	0	0	0	201	4257	0	0	63297	853527	42520	17004	25	261
46	970	1	4	0	0	8	555	0	0	27187	356313	17058	6663	142	1565
46	990	0	0	0	0	69	898	0	8	48714	678189	34161	12189	1029	13466
46	1010	2	50	0	0	106	2361	1	6	46088	648379	25018	9720	1011	16359
46	1030	0	0	0	0	14	300	0	0	42843	636651	37050	13950	290	1823
46	1050	0	0	0	0	4	125	0	0	34011	499259	16189	4886	144	2135
46	1070	3	12	0	0	0	0	0	0	52953	725231	52281	23212	11	103
46	1090	0	0	0	0	313	3408	40	402	14859	184853	2651	989	863	11141
46	1110	0	0	0	0	0	0	88	1353	13654	155036	4707	1660	684	9431
46	1130	0	0	0	0	137	2220	3	40	34202	376798	22880	7292	1141	13979
46	1150	6	60	0	0	3	30	0	0	46843	783674	29953	13147	73	285
46	1170	0	0	0	0	0	0	0	0	36540	626045	22863	9681	1	8
46	1190	0	0	0	0	0	0	0	0	40116	556458	59010	32587	23	147
46	1210	0	0	0	0	317	7038	23	399	35000	420479	20151	7124	861	9919
46	1230	18	45	0	0	124	2436	1	26	37455	485422	22089	8813	819	13798
46	1250	17	385	0	0	445	12270	0	0	26744	445818	35556	21562	70	163
46	1270	0	0	0	0	7	95	12	329	35689	415477	20571	7282	1058	12033
46	1290	0	0	0	0	148	1972	8	165	37608	519719	22107	8793	1134	15039
46	1310	0	0	0	0	2	15	61	701	6460	79887	1019	362	379	5301
46	1330	465	7050	0	0	2882	97090	0	0	95576	1380748	172645	82389	50	321
46	1350	0	0	0	0	39	1250	0	0	53986	785144	67009	35434	9	51
46	1370	0	0	0	0	0	0	0	0	31919	445314	32919	17765	2	13
46	1390	0	0	0	0	0	0	0	0	37936	595010	24220	10741	0	0
46	1410	3	17	0	0	4	25	0	0	27627	383743	16660	6689	1	3
46	1430	0	0	0	0	0	0	0	0	36530	569016	60288	35614	1	4
46	1450	0	0	0	0	0	0	0	0	43807	777445	25251	11598	2	11
46	1470	0	0	0	0	32	610	1	6	44039	508888	28504	12483	1548	20665
46	1490	0	0	0	0	4	45	0	0	15896	216263	13276	4953	38	242
46	1510	7	100	0	0	859	25485	0	0	63690	1224284	100537	56480	25	58
46	1530	0	0	0	0	0	0	30	315	32342	360752	13377	5292	836	11689
46	1550	0	0	0	0	25	700	0	0	32132	454149	16031	7288	59	483
46	1570	0	0	0	0	124	2170	0	6	21259	216523	10413	2416	149	1681
46	1590	1	10	0	0	124	2170	1	20	43522	565419	20828	7713	441	4804
46	1610	0	0	0	0	0	0	0	0	32427	421276	16890	7319	3	11
46	1630	0	0	0	0	152	3420	0	0	61025	795730	61153	26044	424	4581
46	0	837	12256	0	0	12620	314910	500	6826	3014507	40991582	2528432	1120013	34313	434463
		0	0			0	0	0	0	0	0	0	0	0	0
															
47	10	12107	130104	0	0	1566	29765	0	0	22575	376148	1553	1056	0	0
47	30	8830	82215	0	0	464	7001	0	0	15099	237193	4450	2594	0	0
47	50	1384	12414	0	0	417	7173	0	0	7825	188530	0	0	0	0
47	70	8814	70377	0	0	2750	39083	0	0	32458	390481	31731	19658	0	0
47	90	4215	33985	0	0	672	11632	0	0	18846	433544	0	0	0	0
47	110	359	2118	0	0	191	2703	0	0	6581	113193	0	0	0	0
47	130	119	1594	0	0	771	18655	0	0	40386	901895	5004	3432	0	0
47	150	31	242	0	0	42	235	0	0	26121	533304	9585	6439	0	0
47	170	49	288	0	0	20	404	0	0	31221	478283	7853	4801	0	0
47	190	0	0	0	0	30	1000	15	370	11457	156348	399	198	0	0
47	210	5770	59413	0	0	394	7263	0	0	24023	505971	0	0	0	0
47	230	7693	79066	0	0	286	6153	0	0	16705	303651	1464	908	0	0
47	250	12372	99508	0	0	4512	74158	0	0	21624	309160	16586	8726	0	0
47	270	5778	55734	0	0	259	4719	0	0	15290	268207	406	256	0	0
47	290	28	327	0	0	0	0	0	0	16472	354583	2576	2076	0	0
47	310	0	0	0	0	0	0	0	0	4852	59641	587	356	0	0
47	330	7914	61267	0	0	57	829	0	0	17425	270757	164	82	0	0
47	350	16050	199316	0	0	1993	35479	0	0	21801	372940	16532	10997	0	0
47	370	17565	146778	0	0	960	15066	0	0	27965	413372	6213	3692	0	0
47	390	658	4916	0	0	57	409	0	0	19821	280534	0	0	0	0
47	410	0	0	0	0	0	0	0	0	10938	285092	4257	3311	0	0
47	430	1687	14189	0	0	6	120	0	0	9042	132997	0	0	0	0
47	450	15080	177760	0	0	1777	39105	0	0	44875	657488	50775	40188	0	0
47	470	48	580	0	0	4	80	12	148	40509	839000	3194	2198	0	0
47	490	0	0	0	0	2	30	0	0	22286	439676	2450	1435	0	0
47	510	917	12101	0	0	240	5597	0	0	35962	513806	23554	14549	0	0
47	530	4	30	0	0	11	314	0	0	14035	260936	1260	1075	0	0
47	550	0	0	0	0	0	0	0	0	166	2538	0	0	0	0
47	570	18191	195124	0	0	3992	74373	0	0	22192	407777	3807	2188	0	0
47	590	8858	91398	0	0	2956	52204	0	0	14428	275508	5896	3442	0	0
47	610	50	1133	0	0	8	199	0	0	53148	1040946	10139	6520	0	0
47	630	4190	35301	0	0	199	3290	0	0	12744	186401	1014	546	0	0
47	650	342	4105	0	0	80	1230	0	0	39118	719992	26976	18001	0	0
47	670	11237	138871	0	0	4392	97594	0	0	19712	447514	674	390	0	0
47	690	2094	16388	0	0	31	692	0	0	30823	423787	19966	13332	0	0
47	710	9076	96080	0	0	1382	25786	0	0	22913	310904	14715	8299	0	0
47	730	0	0	0	0	2	30	0	0	13949	327068	5066	3768	0	0
47	750	53	237	0	0	0	0	0	0	5653	70266	0	0	0	0
47	770	7273	49187	0	0	70	676	0	0	24709	384871	2046	1206	0	0
47	790	43	711	0	0	27	747	0	0	27676	503616	9548	5901	0	0
47	810	13797	160432	0	0	3030	60216	0	0	31391	563862	865	578	0	0
47	830	3390	47612	0	0	243	7068	0	0	42875	732160	38605	26818	0	0
47	850	3096	35933	0	0	106	2126	0	0	35132	638846	25665	17628	0	0
47	870	3077	37570	0	0	338	6153	0	0	17181	407593	0	0	0	0
47	890	1487	18540	0	0	21	496	0	0	18629	356363	0	0	0	0
47	910	21	254	0	0	0	0	0	0	14999	288395	5484	4035	0	0
47	930	2194	30471	0	0	368	10702	0	0	20053	283252	18603	12273	0	0
47	950	4	17	0	0	583	14269	0	0	17552	222498	2690	1886	0	0
47	970	26349	290478	0	0	4257	74885	0	0	34183	539882	25943	15461	0	0
47	990	1959	18346	0	0	70	1205	0	0	12629	194409	0	0	0	0
47	1010	474	6821	0	0	126	4278	0	0	65909	1223939	52019	31683	0	0
47	1030	0	0	0	0	0	0	0	0	19563	320523	3376	1940	0	0
47	1050	2713	25931	0	0	176	3515	0	0	12335	187091	5841	3743	0	0
47	1070	46	724	0	0	27	1236	0	0	38582	781274	9856	5816	0	0
47	1090	14361	180457	0	0	1689	35824	0	0	21757	353981	20398	15175	0	0
47	1110	2759	26287	0	0	55	913	0	0	11418	209853	29	11	0	0
47	1130	2834	26838	0	0	90	1933	0	0	14062	228095	0	0	0	0
47	1150	6950	54411	0	0	581	6064	0	0	20925	461628	0	0	0	0
47	1170	0	0	0	0	123	3632	0	0	22067	568216	7275	5032	0	0
47	1190	8042	80808	0	0	1456	28445	0	0	33993	471309	29588	14651	0	0
47	1210	1779	12548	0	0	234	3417	0	0	8853	176801	0	0	0	0
47	1230	8565	67162	0	0	999	14063	0	0	12135	156474	4445	2495	0	0
47	1250	8308	57973	0	0	376	5857	0	0	18464	241027	2709	1458	0	0
47	1270	1725	23029	0	0	56	995	0	0	41276	769724	26709	19718	0	0
47	1290	6	150	0	0	0	0	6	250	2396	32785	16	10	0	0
47	1310	258	3692	0	0	192	4360	0	0	29036	520700	23700	19126	0	0
47	1330	6	75	0	0	6	180	0	0	24560	436552	3050	1882	0	0
47	1350	8648	65990	0	0	447	8320	0	0	15764	199237	1353	903	0	0
47	1370	5	40	0	0	39	265	0	0	18247	384827	1947	1487	0	0
47	1390	36	596	0	0	87	2381	1	21	21217	514061	2278	1438	0	0
47	1410	0	0	0	0	25	625	0	0	17501	291641	1525	816	0	0
47	1430	12	132	0	0	96	2100	0	0	17127	359855	6294	4653	0	0
47	1450	7591	46418	0	0	149	1435	0	0	19211	284938	13	8	0	0
47	1470	56	890	0	0	72	1952	0	0	54769	1105863	15126	9189	0	0
47	1490	1688	13878	0	0	140	1764	0	0	11739	154301	6203	3792	0	0
47	1510	24421	262919	0	0	2994	55349	0	0	32632	540171	1709	1007	0	0
47	1530	3426	26745	0	0	512	7103	0	0	20311	235114	14797	8944	0	0
47	1550	2183	29651	0	0	333	5857	2	36	85806	1452844	60177	45053	0	0
47	1570	8154	72325	0	0	274	5035	0	0	22666	360971	0	0	0	0
47	1590	23480	271837	0	0	7729	144749	0	0	24955	427630	19899	11836	0	0
47	1610	11116	108940	0	0	754	12286	0	0	36019	465481	26842	17478	0	0
47	1630	289	4635	0	0	37	609	0	0	60204	1079456	43503	29376	0	0
47	1650	2561	35284	0	0	1032	18380	0	0	20830	266886	24886	18932	0	0
47	1670	24082	189359	0	0	4943	87264	0	0	23074	364727	12282	7503	0	0
47	1690	10480	86144	0	0	374	6512	0	0	21708	364407	0	0	0	0
47	1710	10606	93340	0	0	358	6612	0	0	32610	535938	0	0	0	0
47	1730	342	2238	0	0	6	64	0	0	10331	139991	0	0	0	0
47	1750	94	1090	0	0	7	160	0	0	9274	209885	0	0	0	0
47	1770	0	0	0	0	3	75	0	0	8606	119234	462	222	0	0
47	1790	15816	144051	0	0	4928	76600	0	0	44501	657085	38980	23456	0	0
47	1810	2508	20222	0	0	31	433	0	0	14776	213893	5690	3797	0	0
47	1830	4839	48473	0	0	165	2498	0	0	43159	643009	20466	12764	0	0
47	1850	4146	33951	0	0	98	1545	0	0	22355	273645	17501	12272	0	0
47	1870	0	0	0	0	22	555	0	0	12457	275789	2336	1660	0	0
47	1890	1096	11211	0	0	668	13156	0	0	9772	223124	0	0	0	0
47	1910	281	4681	0	0	179	5061	0	0	54472	984095	28119	18349	0	0
47	1930	9899	91086	0	0	319	5288	0	0	37575	590696	152	74	0	0
47	1950	250	4160	0	0	68	780	0	0	36118	697476	19343	12435	0	0
47	1970	11983	119505	0	0	1585	27412	0	0	20782	386916	521	316	0	0
47	1990	2639	18174	0	0	473	5842	0	0	12171	257354	0	0	0	0
47	0	495806	4887381	0	0	74769	1363693	36	825	2398119	41605690	969710	640799	0	0
		0	0	0	0	0	0	0	0	0	0	0	0	0	0
															
48	10	4998	39737	0	0	3948	72309	0	0	25650	251967	27511	9716	0	1
48	30	4574	40177	0	0	2024	47692	0	0	67348	452460	37322	19421	202	889
48	50	21	194	0	0	760	9458	4	47	30459	194427	14308	5952	56	194
48	70	13995	137740	0	0	13676	280363	0	0	59120	680405	82891	35999	0	0
48	90	624	7802	0	0	1206	25368	38	263	37624	228625	21837	9790	378	1673
48	110	1038	11512	0	0	1576	36889	1	20	51844	282198	28935	12793	280	925
48	130	3	14	0	0	38	297	380	4674	13433	107220	2668	767	94	161
48	150	0	0	0	0	100	3700	208	2405	25600	256687	7265	3176	29	75
48	170	1631	18305	0	0	3117	58679	22	180	30263	288006	23662	14703	71	281
48	190	4	4	0	0	6	60	323	5212	19046	233113	2317	827	29	238
48	210	6975	63602	0	0	936	19377	0	0	25571	278540	28678	15111	0	0
48	230	2950	25204	0	0	1651	27493	0	0	28217	254986	27276	13479	0	0
48	250	2947	27416	0	0	908	20697	0	0	50824	523643	43809	25276	3	14
48	270	262	3403	0	0	849	13446	78	591	55713	625847	27711	15832	114	416
48	290	50	533	0	0	363	5116	422	4156	41075	294818	17610	8184	269	1128
48	310	4093	53177	0	0	2532	34514	14	155	48956	705076	32410	19754	161	1008
48	330	1060	14189	0	0	672	12448	8	57	32187	495308	27357	21900	130	1016
48	350	26	183	0	0	278	5540	166	1490	23457	239541	12846	6638	114	694
48	370	4055	34777	0	0	2335	52834	0	0	28983	242226	21120	12315	19	56
48	390	2231	15029	0	0	909	11810	0	0	22525	144577	18203	7570	50	124
48	410	548	6617	0	0	620	7365	70	831	67771	1003508	26869	17454	396	2028
48	430	0	4	0	0	5	50	329	8275	12313	153548	1461	723	20	107
48	450	8798	78806	0	0	2279	45197	3	31	54942	680836	51566	28076	1	3
48	470	4761	35793	0	0	3352	42266	0	0	22663	164456	22619	8879	18	23
48	490	45	275	0	0	488	7051	215	2027	26976	144800	11888	4983	25	64
48	510	12	123	0	0	302	8143	68	757	53115	1021963	3638	2228	214	1559
48	530	0	5	0	0	53	1040	872	9237	13228	103497	3106	1177	144	616
48	550	1059	9569	0	0	1435	22844	1	12	40550	327150	33310	15092	4	19
48	570	1603	12751	0	0	773	12674	0	6	28705	314746	22725	12853	4	12
48	590	7545	66306	0	0	4562	88588	0	0	38831	327109	47472	20998	62	148
48	610	3970	54179	0	0	2946	48964	48	367	39760	514849	39211	25825	250	964
48	630	9338	67133	0	0	1970	33886	5	73	43303	326657	22162	11720	120	955
48	650	1890	11007	0	0	1397	23632	0	0	14919	82552	12730	4984	5	9
48	670	458	5405	0	0	222	4173	3	21	24344	415238	12276	9271	96	776
48	690	1877	28244	0	0	1627	32504	0	0	32009	416303	51903	41186	44	200
48	710	8254	67063	0	0	5439	80120	0	0	34754	264728	28064	13329	68	207
48	730	4164	37597	0	0	3909	81195	0	0	34665	418812	25626	12052	0	0
48	750	4349	51106	0	0	4844	96862	519	3644	101978	810615	84579	44392	440	2589
48	770	4304	35026	0	0	1887	35256	0	0	33229	456704	25239	12374	0	0
48	790	2120	15579	0	0	2272	39815	2	24	30893	249540	19068	9123	16	111
48	810	8535	64002	0	0	5104	83740	0	0	29942	268655	20656	11785	35	270
48	830	18204	151138	0	0	2860	48828	1	12	69001	712422	78500	40814	119	195
48	850	1877	24196	0	0	3128	52223	80	443	57563	728303	40365	26616	126	667
48	870	3797	25950	0	0	498	5360	0	0	25897	193620	21691	8912	0	0
48	890	45	558	0	0	262	6025	97	853	58417	797045	26186	14561	141	591
48	910	7185	57786	0	0	3804	61062	0	0	42968	436911	43180	22270	57	99
48	0	156275	1399216	0	0	93922	1706953	3977	45863	1750631	18114237	1281826	680880	4404	21105
		0	0	0	0	0	0	0	0	0	0	0	0	0	0
															
49	10	0	0	0	0	38	640	0	0	38827	183466	46143	9762	103	260
49	30	0	0	0	0	0	0	0	0	50	25	306	30	0	0
49	50	0	0	0	0	1	10	0	0	23469	163611	21248	7067	564	2119
49	70	0	0	0	0	0	0	0	0	218	2260	2128	385	0	0
49	90	20686	164430	0	0	14660	212873	0	0	637	3070	10246	937	0	0
49	110	98090	1124987	0	0	1121	17662	0	0	153	765	3199	333	0	0
49	130	0	0	0	0	0	0	0	0	32128	210787	42396	7106	0	0
49	150	0	0	0	0	0	0	0	0	41739	473614	39295	15762	1	12
49	170	10148	63263	0	0	45	450	0	0	811	3466	38782	4693	0	0
49	190	294	2695	0	0	7622	150882	0	0	6463	29019	272	50	7	6
49	210	0	0	0	0	15	154	0	0	35165	276177	56543	13300	0	0
49	230	30691	285130	75	450	13910	302341	0	0	1754	7702	39273	3020	0	0
49	250	0	0	0	0	0	0	0	0	23237	179066	42338	8940	0	0
49	270	7540	80240	0	0	26010	695400	0	0	88304	848717	133719	42497	0	0
49	290	2684	34034	0	0	9495	199687	0	0	63944	562840	38366	9543	0	0
49	310	326	3120	0	0	2930	65427	0	0	11192	85843	7041	1273	0	0
49	330	876	6507	0	0	0	0	0	0	13	48	4027	459	0	0
49	350	9954	105919	0	0	45878	1310166	0	0	25094	191586	45908	7367	0	0
49	370	0	0	0	0	874	19366	0	0	51630	451283	63285	15897	128	536
49	390	0	0	0	0	0	0	1580	73400	32425	386999	20975	7341	268	2654
49	410	2	20	0	0	276	4550	0	0	25999	195984	39332	12647	6	6
49	430	37	457	0	0	0	0	0	0	114	716	96	52	0	0
49	450	45701	423635	0	0	260	2715	0	0	3	10	21322	1236	0	0
49	470	0	0	0	0	0	0	0	0	2240	13237	11796	2510	0	0
49	490	14242	151159	77	979	29898	889005	0	0	12839	69010	36959	6269	0	0
49	510	0	0	0	0	175	1900	0	0	32998	289853	57916	19020	58	43
49	530	981	8523	0	0	10338	293149	0	0	26726	188952	23938	3955	2	2
49	550	0	0	0	0	6	12	0	0	39097	537041	69768	22825	2	8
49	570	0	0	0	0	0	0	0	0	6884	73251	22572	3780	0	0
49	590	8811	84402	0	0	13319	333121	0	0	6842	37929	27470	5792	0	0
49	610	0	0	0	0	0	0	0	0	14576	423102	48551	23252	0	0
49	630	0	0	0	0	2	5	0	0	9452	37676	16286	3029	208	1322
49	650	179220	2033972	0	0	2612	31689	0	0	0	0	637	91	0	0
49	670	0	0	0	0	0	0	0	0	54469	320944	68576	13235	404	1473
49	690	174864	1193903	0	0	98	775	0	0	40	29	7878	899	0	0
49	710	0	0	0	0	0	0	9968	526333	3663	45817	1756	748	0	0
49	730	0	0	0	0	11	45	0	0	46776	213111	64627	11852	326	1306
49	750	10017	75673	0	0	128	2473	0	0	164	1135	41270	4100	0	0
49	770	21066	142633	0	0	38882	568871	0	0	11010	59043	51225	5246	0	0
49	790	770	5551	0	0	0	0	0	0	544	1382	17557	1413	0	0
49	810	387	1930	0	0	2902	61044	0	0	1954	9514	22200	2625	0	0
49	830	10484	98568	0	0	42345	1290717	0	0	9016	49041	82243	13131	0	0
49	850	34754	342699	0	0	42596	858110	0	0	83329	1074582	141732	40088	6	20
49	870	3913	27266	0	0	246	3845	0	0	4600	8995	86598	10300	0	0
49	890	0	0	0	0	0	0	9025	519460	28897	366233	34147	11213	0	0
49	910	1060	11220	0	0	4524	95639	0	0	17805	189605	8756	2235	0	0
49	930	7138	69085	23	213	17744	485261	0	0	23000	164613	35152	6014	0	0
49	950	5040	46248	0	0	13534	280872	0	0	1522	9546	44308	7304	0	0
49	970	33749	418462	48	767	38656	867825	0	0	18557	78840	52561	7851	0	0
49	990	7874	91722	91	1390	45668	1320373	0	0	51232	371030	69230	12562	0	0
49	1010	643	4620	0	0	30	300	0	0	183	970	45848	3484	0	0
49	1030	0	0	0	0	0	0	0	0	0	0	0	0	0	0
49	1050	0	0	0	0	0	0	0	0	10	100	0	0	0	0
49	1070	30046	268296	0	0	40	95	0	0	823	2632	43021	4690	0	0
49	1090	0	0	0	0	0	0	0	0	0	0	0	0	0	0
49	1110	4600	28575	0	0	0	0	0	0	90	514	0	0	0	0
49	1130	18513	188844	80	1995	37307	903974	0	0	48216	515911	85098	23224	5	27
49	1150	4232	35035	0	0	40	300	0	0	1207	4777	38332	4923	0	0
49	1170	58813	295145	0	0	43	880	0	0	44	390	289	39	0	0
49	1190	695	5859	0	0	3243	63705	0	0	24938	216602	54384	14448	0	0
49	1210	50682	483022	0	0	57362	1490841	0	0	29153	176910	76581	13510	0	0
49	1230	0	0	0	0	0	0	0	0	51126	390672	76420	17520	3	3
49	1250	7606	57187	0	0	0	0	0	0	463	1618	42400	3894	0	0
49	1270	0	0	0	0	0	0	0	0	4120	44611	831	183	0	0
49	1290	9811	106490	0	0	95	1423	0	0	2914	13157	42940	7208	0	0
49	1310	0	0	0	0	0	0	0	0	9495	74346	39196	8124	0	0
49	1330	3279	31279	0	0	6377	133047	0	0	12069	52986	16966	3200	0	0
49	1350	0	0	0	0	0	0	0	0	25	82	290	59	0	0
49	1370	0	0	0	0	0	0	0	0	12	250	0	0	0	0
49	1390	9616	94658	0	0	43438	1001684	0	0	71837	610148	194822	59888	0	0
49	1410	62	967	0	0	60	600	0	0	2562	53262	29330	39408	0	0
49	1430	2239	18333	0	0	15965	317896	0	0	26461	135272	44497	6550	0	0
49	1450	514	6059	0	0	6029	116205	0	0	73059	592912	138379	44500	22	24
49	1470	7060	71234	41	422	17199	295894	0	0	83044	1021942	122444	34234	0	0
49	1490	0	0	0	0	13	77	0	0	67610	746002	75095	22417	33	32
49	1510	5932	38713	0	0	2560	35455	0	0	1634	5005	106395	13784	0	0
49	1530	185143	1722665	0	0	166	1070	0	0	71	1195	27893	2853	0	0
49	1550	36367	407059	0	0	5535	131780	0	0	740	4525	37272	3586	0	0
49	1570	0	0	0	0	0	0	5414	310088	53682	660140	89040	37136	42	140
49	1590	8	42	0	0	910	16671	0	0	12507	75548	22504	3508	322	1621
49	1610	0	0	0	0	199	3809	0	0	35089	154501	56455	11098	64	227
49	1630	0	0	0	0	0	0	0	0	23757	166849	6056	713	0	0
49	1650	0	0	0	0	0	0	0	0	6256	29259	3373	459	0	0
49	1670	0	0	0	0	0	0	0	0	794	10325	232	77	0	0
49	1690	533	4880	0	0	0	0	0	0	739	2096	23336	2368	0	0
49	1710	3463	33952	0	0	15565	390410	0	0	19453	149202	16635	2877	0	0
49	1730	0	0	0	0	0	0	0	0	176	392	3328	551	0	0
49	1750	0	0	0	0	0	0	0	0	23993	194396	31836	6431	0	0
49	1770	0	0	0	0	0	0	0	0	54253	417507	80462	19958	0	0
49	1790	114877	1004900	0	0	308	3655	0	0	504	1968	7570	657	0	0
49	1810	33211	313487	55	424	62198	1140080	0	0	56732	529331	99072	20300	0	0
49	1830	0	0	0	0	24	155	0	0	8518	45231	13622	2823	18	42
49	1850	0	0	0	0	0	0	0	0	34375	354851	51732	17375	38	69
49	1870	217	2523	0	0	869	15541	0	0	72730	869703	86799	27100	26	50
49	1890	189648	2167809	0	0	489	7090	0	0	158	803	63196	6582	0	0
49	1910	390	2390	0	0	0	0	0	0	211	627	75416	6985	0	0
49	1930	8456	87728	18	175	45168	1284433	0	0	29086	279730	45006	8267	0	0
49	1950	204981	1614074	0	0	229	1830	0	0	20	125	0	0	0	0
49	1970	37640	363406	0	0	1645	25614	0	0	1176	6958	71953	8101	0	0
49	1990	0	0	0	0	2	14	0	0	4087	35691	854	275	5	24
49	2010	0	0	0	0	0	0	8246	398534	32016	355560	22442	7464	12	22
49	2030	0	0	0	0	13	120	0	0	46754	245295	72954	14503	164	426
49	2050	2620	14330	0	0	0	0	0	0	895	7340	0	0	0	0
49	2070	25584	256566	0	0	8947	182100	0	0	1053	4970	127087	14004	0	0
49	2090	10	50	0	0	958	10420	0	0	20466	252884	30190	8624	2	8
49	2110	19414	121344	0	0	144	1400	0	0	331	1099	7449	521	0	0
49	2130	0	0	0	0	296	4515	0	0	46201	281826	56552	11423	129	391
49	2150	0	0	0	0	0	0	0	0	16794	310997	55375	21729	0	0
49	2170	3271	32451	0	0	33046	782893	0	0	78474	616648	162524	47561	0	0
49	2190	231	1343	0	0	0	0	0	0	868	3420	70576	5576	0	0
49	2210	899	6451	0	0	5277	108567	0	0	10138	53218	12754	1710	0	0
49	2230	165	1288	0	0	11834	249478	0	0	37965	333954	89893	15781	163	1290
49	2250	10	300	0	0	4	43	0	0	56330	331194	70585	20324	468	1710
49	2270	1875	12214	0	0	222	3517	0	0	1521	6093	60495	10482	0	0
49	2290	0	0	0	0	0	0	0	0	124	2320	8088	7218	0	0
49	2310	3526	36538	0	0	31349	623933	0	0	62296	904185	148227	36689	4	9
49	2330	35303	162011	0	0	120	650	0	0	0	0	25	3	0	0
49	2350	7	175	0	0	225	4000	0	0	193	3665	1210	160	0	0
49	2370	7696	79727	0	0	12411	209500	0	0	6782	25803	14091	1534	0	0
49	2390	0	0	0	0	0	0	783	39720	26076	284768	38648	10570	9	12
49	2410	0	0	0	0	10	25	0	0	12815	104036	7686	2726	213	849
49	2430	0	0	0	0	0	0	0	0	34	202	10	8	0	0
49	2450	0	0	0	0	0	0	28331	1384346	6222	72952	3060	1096	75	714
49	2470	0	0	0	0	0	0	0	0	2023	15965	10679	2316	0	0
49	2490	0	0	0	0	0	0	0	0	12838	131096	53440	11845	0	0
49	2510	3115	30542	0	0	38114	898951	0	0	28853	196113	74404	15972	0	0
49	2530	16690	138850	0	0	10253	153419	0	0	3013	12156	164087	22049	0	0
49	2550	0	0	0	0	0	0	0	0	48718	401564	113483	24880	2	3
49	2570	1033	11725	0	0	22621	509334	0	0	51872	635294	135068	36834	1	3
49	2590	4249	39838	179	1508	11076	263171	0	0	8200	62972	1298	253	0	0
49	2610	0	0	0	0	0	0	0	0	0	0	220	49	0	0
49	2630	391	2185	0	0	22	143	0	0	210	773	21493	1709	0	0
49	2650	2384	19794	488	5077	8655	219001	0	0	3916	21498	533	84	0	0
49	2670	0	0	0	0	164	3358	0	0	1547	12492	2302	300	0	0
49	2690	771	7890	0	0	540	6775	0	0	165	905	10155	835	0	0
49	2710	0	0	0	0	0	0	0	0	48	235	0	0	0	0
49	2730	0	0	0	0	0	0	0	0	2974	30692	16222	4748	0	0
49	2750	11673	123115	0	0	5017	103763	0	0	2221	9319	87398	9632	0	0
49	2770	432	3128	0	0	5007	91590	0	0	78843	751620	109149	28198	11	16
49	2790	34912	318739	0	0	15	230	0	0	2113	8286	100682	12334	0	0
49	2810	1555	16143	0	0	14990	404949	0	0	17851	147543	16825	2524	0	0
49	2830	0	0	0	0	0	0	0	0	9286	72193	13100	1258	0	0
49	2850	0	0	0	0	0	0	0	0	57654	591736	70902	19345	0	0
49	2870	0	0	0	0	0	0	0	0	26300	160736	35417	8148	74	70
49	2890	0	0	0	0	0	0	0	0	34154	171186	47229	11358	29	101
49	2910	0	0	0	0	0	0	8791	408711	20519	209513	11826	5342	59	190
49	2930	37	300	0	0	7185	183277	0	0	64458	397039	134945	35167	25	209
49	2950	104441	553506	0	0	30	300	0	0	35	55	955	88	0	0
49	2970	0	0	0	0	0	0	0	0	19330	147563	45093	8911	0	0
49	2990	4	21	0	0	79	1573	0	0	6886	25628	4286	692	0	0
49	3010	0	0	0	0	0	0	0	0	0	0	0	0	0	0
49	3030	6213	25731	0	0	9	80	0	0	38	179	69447	4909	0	0
49	3050	2281	15292	0	0	0	0	0	0	695	2073	82526	8860	0	0
49	3070	2776	23818	0	0	16462	427727	0	0	6509	31662	49337	9294	0	0
49	3090	10169	104862	96	1125	40347	1022071	0	0	66261	465583	144580	39137	2	5
49	3110	0	0	0	0	0	0	0	0	1854	11190	4460	702	0	0
49	3130	0	0	0	0	120	3050	0	0	23329	110648	34851	8683	42	144
49	3150	0	0	0	0	3	57	0	0	10497	57028	15512	2976	131	447
49	3170	1261	7946	0	0	0	0	0	0	658	2962	34284	5482	0	0
49	3190	6	26	0	0	436	8820	0	0	8394	37371	8192	1500	0	0
49	3210	0	0	0	0	0	0	13778	656945	17978	195087	21394	4684	10	116
49	3230	0	0	0	0	0	0	0	0	262	4586	128	55	0	0
49	3250	1342	13964	0	0	10260	177184	0	0	45041	217708	5986	832	20	48
49	3270	145	1051	0	0	1162	33927	0	0	2541	22112	4622	944	0	0
49	3290	8	8	0	0	15	150	0	0	167	504	15586	2131	0	0
49	3310	39	622	0	0	858	15659	0	0	69892	754179	130543	44110	0	0
49	3330	2612	23561	0	0	17102	480908	0	0	14828	123854	23782	4218	0	0
49	3350	724	6938	0	0	300	2537	0	0	691	3170	79725	12060	0	0
49	3370	1537	11388	45	257	7707	109648	0	0	12859	56652	32230	4146	0	0
49	3390	0	0	0	0	0	0	0	0	13568	107708	12039	3590	54	187
49	3410	15317	54730	0	0	0	0	0	0	0	0	0	0	0	0
49	3430	0	0	0	0	11	110	0	0	14268	100401	18202	3935	59	265
49	3450	1189	6528	0	0	0	0	0	0	355	873	29941	2353	0	0
49	3470	0	0	0	0	1	5	0	0	49824	247085	52873	13711	345	1165
49	3490	627	7071	0	0	11562	327500	0	0	90381	710931	176610	49902	16	34
49	3510	0	0	0	0	0	0	0	0	10644	81999	5043	1680	228	934
49	3530	7675	61864	40	240	4074	96275	0	0	847	3425	51887	7847	0	0
49	3550	0	0	0	0	0	0	0	0	8371	96290	168718	54492	0	0
49	3570	239446	1945751	16	50	1091	5760	0	0	0	0	100	15	0	0
49	3590	7742	37399	0	0	0	0	0	0	0	0	0	0	0	0
49	3610	0	0	0	0	0	0	51	2835	3726	44663	984	350	23	72
49	3630	7088	67265	0	0	10441	211205	0	0	9014	29095	11605	1466	0	0
49	3650	0	0	0	0	2	15	0	0	34264	143876	48888	10758	276	979
49	3670	5120	42129	0	0	12982	274625	0	0	11988	63804	25330	2915	0	0
49	3690	88076	511019	0	0	24	70	0	0	769	3632	13344	1553	0	0
49	3710	133	2554	0	0	918	36148	0	0	349	1925	2622	940	0	0
49	3730	0	0	0	0	0	0	0	0	23570	212374	19219	9607	332	1491
49	3750	23857	188592	0	0	153	760	0	0	0	0	0	0	0	0
49	3770	556	5284	0	0	0	0	0	0	840	10853	3741	2200	0	0
49	3790	121	1016	0	0	3043	59945	0	0	13073	122194	21860	4752	81	220
49	3810	89152	518015	0	0	104	815	0	0	16	35	30	1	0	0
49	3830	0	0	0	0	0	0	0	0	0	0	0	0	0	0
49	3850	5	30	0	0	0	0	0	0	287	1890	6	2	0	0
49	3870	43	433	0	0	909	19280	0	0	55648	426778	73932	17249	10	25
49	3890	47	635	0	0	191	6488	0	0	146	1602	4644	2997	0	0
49	3910	0	0	0	0	0	0	0	0	9550	134745	25055	5813	0	0
49	3930	30994	318750	0	0	51	370	0	0	35	80	20	2	0	0
49	3950	0	0	0	0	358	9800	0	0	31963	259465	73916	23465	8	20
49	3970	550	6379	4	67	8364	182855	0	0	13186	190591	32288	11622	0	0
49	3990	6074	58749	0	0	17899	455323	0	0	2944	17118	120214	19853	0	0
49	4010	0	0	0	0	51	385	0	0	44915	229409	67992	14580	380	2089
49	4030	0	0	0	0	0	0	0	0	14229	96649	13027	4254	387	3217
49	4050	0	0	0	0	0	0	0	0	23046	158063	22951	7596	313	1686
49	4070	0	0	0	0	2	50	0	0	13976	106264	12702	5301	121	215
49	4090	0	0	0	0	0	0	0	0	9001	134391	111818	41066	0	0
49	4110	838	8413	0	0	8316	239806	0	0	13842	87635	24401	4994	0	0
49	4130	226	1223	0	0	816	16278	0	0	144	2964	7545	1110	0	0
49	4150	4689	43899	0	0	767	11106	0	0	187	782	72930	7846	0	0
49	4170	7224	72604	45	700	7102	172127	0	0	439	1969	11341	1567	0	0
49	4190	0	0	0	0	8	50	0	0	41646	254167	47611	15343	725	4024
49	4210	119001	589381	0	0	60	600	0	0	0	0	0	0	0	0
49	4230	3	6	0	0	14	233	0	0	51879	299749	77561	16656	315	2225
49	4250	406	3569	0	0	1461	28998	0	0	3611	19541	5831	745	0	0
49	4270	0	0	0	0	0	0	0	0	11300	70119	28762	7967	0	0
49	4290	13103	121250	31	400	13117	274186	0	0	1849	7413	5710	697	0	0
49	4310	173	1757	0	0	96	1604	0	0	34	641	672	118	0	0
49	4330	4489	39760	0	0	1131	19992	0	0	327	1680	42704	4950	0	0
49	4350	0	0	0	0	0	0	0	0	24	305	78	4	0	0
49	4370	186521	1397538	0	0	436	3264	0	0	28	256	7572	688	0	0
49	4390	12723	123382	0	0	48149	1288279	0	0	18522	100672	32231	5881	0	0
49	4410	12432	107057	0	0	20901	471793	0	0	1432	8431	83040	15607	0	0
49	4430	0	0	0	0	0	0	0	0	80	515	0	0	0	0
49	4450	205	2280	0	0	0	0	0	0	28517	118495	58547	10874	0	0
49	4470	12880	154063	0	0	11764	302071	0	0	646	3198	17452	1963	0	0
49	4490	0	0	0	0	12	171	0	0	22445	147851	28860	5906	349	1251
49	4510	2094	14126	0	0	13280	352019	0	0	1073	12187	41463	7692	0	0
49	4530	51	473	0	0	2962	38231	0	0	45169	559233	79727	25532	0	0
49	4550	0	0	0	0	0	0	0	0	17541	120273	16176	5866	204	981
49	4570	0	0	0	0	0	0	0	0	10636	54985	6282	2720	128	629
49	4590	0	0	0	0	20	315	0	0	31438	152064	47092	8744	398	2936
49	4610	0	0	0	0	0	0	0	0	2	60	0	0	0	0
49	4630	28	257	0	0	1475	22980	0	0	1694	11695	3803	398	0	0
49	4650	0	0	0	0	0	0	0	0	31	440	0	0	0	0
49	4670	89	702	0	0	10676	202806	0	0	60613	431319	93183	17144	236	1182
49	4690	0	0	0	0	0	0	0	0	33500	378360	47274	11954	0	0
49	4710	0	0	0	0	6	50	0	0	16934	113517	22092	6972	142	420
49	4730	0	0	0	0	0	0	1160	43150	18656	128214	19332	6194	0	0
49	4750	0	0	0	0	0	0	0	0	0	0	4198	954	0	0
49	4770	0	0	0	0	0	0	0	0	48786	531899	60526	23126	1	6
49	4790	0	0	0	0	0	0	0	0	3756	21500	7178	1280	0	0
49	4810	0	0	0	0	0	0	23373	1133998	51713	541867	84832	31972	4	12
49	4830	7659	29764	0	0	90	150	0	0	6023	20641	56905	6973	0	0
49	4850	36978	329960	0	0	19897	400360	0	0	3806	27240	36194	7587	0	0
49	4870	23233	223599	0	0	17122	401533	0	0	10533	73827	97092	17560	0	0
49	4890	0	0	0	0	0	0	0	0	2957	66320	34509	21000	0	0
49	4910	1511	14629	7	134	9263	198287	0	0	93713	1168620	170072	58534	3	5
49	4930	0	0	0	0	12	80	0	0	41404	307473	45704	10621	0	0
49	4950	0	0	0	0	0	0	0	0	0	0	0	0	0	0
49	4970	12316	122020	0	0	17484	395607	0	0	14485	57662	25380	3366	0	0
49	4990	0	0	0	0	2	15	0	0	30899	202439	43045	9078	373	2217
49	5010	0	0	0	0	0	0	0	0	5166	22065	5081	723	0	0
49	5030	25640	263690	0	0	20983	425187	0	0	9155	48818	39313	4834	0	0
49	5050	0	0	0	0	0	0	0	0	3494	19906	6191	1040	0	0
49	5070	0	0	0	0	50	2550	0	0	2186	24922	836	74	0	0
49	0	3090411	26282050	1459	16373	1373035	32012907	110500	5497520	4479780	38017875	10015375	2306424	9817	47296
		0	0	0	0	0	0	0	0	0	0	0	0	0	0
															
51	10	4945	39959	0	0	310	4236	0	0	36357	788560	0	0	0	0
51	30	4978	43253	0	0	310	2979	0	0	34871	748397	0	0	0	0
51	50	2582	26096	0	0	5	77	0	0	7832	206999	0	0	0	0
51	70	4020	47710	0	0	112	990	0	0	31815	587790	31	12	0	0
51	90	8166	77408	0	0	393	4492	0	0	54543	1269963	0	0	0	0
51	110	2741	41521	0	0	0	0	0	0	16963	407989	0	0	0	0
51	130	1	10	0	0	9	155	0	0	11337	207663	0	0	0	0
51	150	1281	14010	0	0	112	1083	0	0	13755	253078	0	0	0	0
51	170	7220	124706	0	0	16	550	0	0	14825	592258	0	0	0	0
51	190	86	631	0	0	4	120	0	0	6014	151176	0	0	0	0
51	210	6532	93327	0	0	76	1193	0	0	11283	437751	0	0	0	0
51	230	2996	37958	0	0	20	221	0	0	9630	238071	0	0	0	0
51	250	8	40	0	0	28	875	0	0	36771	488811	0	0	0	0
51	270	4802	52122	0	0	308	4554	0	0	41053	893739	0	0	0	0
51	290	2591	35130	0	0	58	1123	0	0	20431	532931	0	0	0	0
51	310	2313	24027	0	0	403	6211	0	0	36364	680923	0	0	0	0
51	330	968	14277	0	0	61	979	0	0	27556	513964	0	0	0	0
51	350	3871	45734	0	0	64	901	0	0	35564	643832	3470	1388	0	0
51	370	1373	16805	0	0	530	8074	0	0	6630	107727	0	0	0	0
51	390	2019	18081	0	0	0	0	0	0	19688	381998	886	509	0	0
51	410	1061	16058	0	0	55	1217	0	0	8287	138411	0	0	0	0
51	430	1507	13257	0	0	108	1259	0	0	25541	398329	0	0	0	0
51	450	2210	19820	0	0	81	1081	0	0	31117	760625	0	0	0	0
51	470	13109	167231	0	0	438	6249	0	0	54703	1262957	0	0	0	0
51	490	3038	48490	0	0	7	100	0	0	11999	465901	0	0	0	0
51	510	694	4026	0	0	24	54	0	0	28945	514116	0	0	0	0
51	530	1865	14317	0	0	112	1530	0	0	19187	321201	0	0	0	0
51	550	740	8250	0	0	107	1228	0	0	31211	601281	0	0	0	0
51	570	436	3067	0	0	25	380	0	0	23536	491200	0	0	0	0
51	590	11414	196882	0	0	366	6446	0	0	49206	1290405	0	0	0	0
51	610	1128	9194	0	0	68	359	0	0	26494	434210	0	0	0	0
51	630	1131	5568	0	0	156	1006	0	0	15426	243225	0	0	0	0
51	650	0	0	0	0	2	15	0	0	19014	417849	0	0	0	0
51	670	5359	99069	0	0	335	8193	0	0	11466	388896	0	0	0	0
51	690	3728	49348	0	0	19	150	0	0	18899	488622	0	0	0	0
51	710	11	105	0	0	9	150	0	0	25929	520649	0	0	0	0
51	730	2410	35433	0	0	38	860	0	0	8095	226500	0	0	0	0
51	750	5188	65604	0	0	120	1861	0	0	23478	568307	10768	7759	0	0
51	770	207	3332	0	0	0	0	0	0	5771	92328	0	0	0	0
51	790	3974	48150	0	0	25	145	0	0	18314	630455	0	0	0	0
51	810	1720	22680	0	0	30	539	0	0	11141	232474	0	0	0	0
51	830	3845	44655	0	0	35	568	0	0	60021	1114779	1708	872	0	0
51	850	3647	28239	0	0	336	2371	0	0	45583	739031	0	0	0	0
51	870	3676	31648	0	0	258	2713	0	0	27889	650885	0	0	0	0
51	890	634	7512	0	0	8	87	0	0	17137	269629	0	0	0	0
51	910	2334	41135	0	0	368	6256	0	0	15419	386344	0	0	0	0
51	930	6115	59431	0	0	1017	14371	0	0	49884	1142477	0	0	0	0
51	950	6	75	0	0	0	0	0	0	9341	170132	0	0	0	0
51	970	6542	95777	0	0	61	1276	0	0	13351	337388	0	0	0	0
51	990	1728	16604	0	0	25	295	0	0	35123	693117	0	0	0	0
51	1010	9982	165400	0	0	217	3653	0	0	69910	2117951	0	0	0	0
51	1030	4366	59720	0	0	121	2374	0	0	15896	293258	0	0	0	0
51	1050	5294	60781	0	0	86	1325	0	0	28260	526681	5162	3246	0	0
51	1070	6157	87558	0	0	289	3997	0	0	44201	967257	0	0	0	0
51	1090	647	4096	0	0	62	592	0	0	17717	278123	0	0	0	0
51	1110	5240	98754	0	0	568	12322	0	0	24277	598050	0	0	0	0
51	1130	7569	113086	0	0	131	3537	0	0	9844	342234	0	0	0	0
51	1150	829	4217	0	0	5	40	0	0	20449	328165	0	0	0	0
51	1170	662	7916	0	0	34	514	0	0	7276	106198	0	0	0	0
51	1190	0	0	0	0	0	0	0	0	18452	349686	0	0	0	0
51	1210	89	691	0	0	11	61	0	0	27293	452836	0	0	0	0
51	1230	3804	37519	0	0	581	7406	0	0	23771	614788	0	0	0	0
51	1250	2376	16149	0	0	190	1442	0	0	23889	352552	0	0	0	0
51	1270	277	1992	0	0	2	25	0	0	25945	391341	0	0	0	0
51	1290	63	349	0	0	30	278	0	0	11011	239104	0	0	0	0
51	1310	0	0	0	0	2	20	0	0	15369	230611	0	0	0	0
51	1330	55	288	0	0	6	22	0	0	16007	264594	0	0	0	0
51	1350	613	6309	0	0	16	184	0	0	20327	420394	0	0	0	0
51	1370	5908	59137	0	0	350	4564	0	0	25538	711319	0	0	0	0
51	1390	735	9412	0	0	211	3874	0	0	27398	510220	0	0	0	0
51	1410	13028	214767	0	0	700	12108	0	0	45810	1102412	1	1	0	0
51	1430	410	5079	0	0	38	754	0	0	17285	350905	0	0	0	0
51	1450	1200	12837	0	0	54	713	0	0	22796	397139	4	3	0	0
51	1470	7	50	0	0	2	40	0	0	7766	96143	0	0	0	0
51	1490	6837	102312	0	0	585	8519	0	0	27322	704390	0	0	0	0
51	1510	2673	32241	0	0	33	385	0	0	34127	1090962	0	0	0	0
51	1530	193	1018	0	0	4	30	0	0	24782	384299	0	0	0	0
51	1550	3967	41541	0	0	254	3256	0	0	22314	679121	0	0	0	0
51	1570	3017	31833	0	0	88	1174	0	0	31779	518781	1371	617	0	0
51	1590	0	0	0	0	0	0	0	0	7597	111540	0	0	0	0
51	1610	7372	113562	0	0	53	1540	0	0	13422	254775	0	0	0	0
51	1630	5421	59121	0	0	682	9588	0	0	20582	470058	0	0	0	0
51	1650	46	302	0	0	5	59	0	0	8692	122907	0	0	0	0
51	1670	10517	145484	0	0	39	585	0	0	13975	477291	0	0	0	0
51	1690	3525	30093	0	0	37	508	0	0	22453	502800	0	0	0	0
51	1710	2962	22822	0	0	114	1311	0	0	30848	599947	0	0	0	0
51	1730	1272	17677	0	0	2	30	0	0	11326	334958	0	0	0	0
51	1750	706	3660	0	0	9	86	0	0	27727	427038	0	0	0	0
51	1770	5293	65566	0	0	191	3573	0	0	35257	689921	0	0	0	0
51	1790	9091	112124	0	0	757	10902	0	0	27191	823702	0	0	0	0
51	1810	2402	35055	0	0	13	233	0	0	8911	210554	0	0	0	0
51	1830	3632	43108	0	0	506	7724	0	0	50085	1048794	0	0	0	0
51	1850	3469	59835	0	0	884	15257	0	0	11603	275600	0	0	0	0
51	1870	2198	26124	0	0	79	1225	0	0	12313	263057	0	0	0	0
51	1890	137	1243	0	0	0	0	0	0	14229	262168	0	0	0	0
51	1910	2722	36305	0	0	73	1132	0	0	15218	372586	0	0	0	0
51	1930	0	0	0	0	9	29	0	0	19502	299892	0	0	0	0
51	1950	38	557	0	0	21	190	0	0	35117	675354	0	0	0	0
51	1970	14	190	0	0	0	0	0	0	9007	228308	0	0	0	0
51	1990	7001	56202	0	0	336	3420	0	0	56288	1064440	0	0	0	0
51	2010	965	13125	0	0	0	0	0	0	3773	81864	0	0	0	0
51	2030	1278	10252	0	0	62	1235	0	0	27199	488920	0	0	0	0
51	2050	164	1011	0	0	25	442	0	0	12406	201603	0	0	0	0
51	2070	2530	20904	0	0	223	2988	0	0	25602	547743	0	0	0	0
51	2090	6259	104452	0	0	250	6335	0	0	11519	403946	0	0	0	0
51	2110	15206	193884	0	0	122	1563	0	0	22845	623376	0	0	0	0
51	2130	9711	132180	0	0	708	12923	0	0	24483	631165	0	0	0	0
51	2150	3276	38368	0	0	221	3488	0	0	11220	300331	0	0	0	0
51	2170	5255	54158	0	0	922	13711	0	0	24346	587395	0	0	0	0
51	2190	5804	87461	0	0	189	2826	0	0	33358	800693	0	0	0	0
51	2210	3232	36992	0	0	20	270	0	0	30034	729981	3	2	0	0
51	2230	2506	40284	0	0	178	3466	0	0	8600	143994	0	0	0	0
51	2250	12727	202807	0	0	2071	36474	0	0	45651	1539514	0	0	0	0
51	2270	5892	83126	0	0	781	10360	0	0	54204	1345896	0	0	0	0
51	2290	6434	69652	0	0	162	2998	0	0	16724	408556	0	0	0	0
51	2310	2010	21729	0	0	326	5070	0	0	28449	568560	0	0	0	0
51	2330	6577	83288	0	0	115	1386	0	0	35144	789484	0	0	0	0
51	2350	0	0	0	0	3	15	0	0	25984	396451	0	0	0	0
51	2370	99	554	0	0	14	180	0	0	16577	228239	0	0	0	0
51	2390	6214	109990	0	0	48	420	0	0	6993	205831	0	0	0	0
51	0	402905	5216061	0	0	21972	336323	0	0	2838054	62084089	23404	14409	0	0
		0	0			0	0	0	0	0	0	0	0	0	0
															
52	10	2346	30023	56	328	2198	40846	0	0	4656	106682	0	0	0	0
52	30	1281	17570	0	0	58	1816	0	0	9742	239839	0	0	0	0
52	50	16248	342790	71	936	4621	158017	0	0	20662	901744	0	0	0	0
52	5100	50	1700	0	0	12	235	0	0	171	9412	0	0	0	0
52	70	710	10619	0	0	0	0	0	0	7709	174501	0	0	0	0
52	90	21023	327196	0	0	229	4681	0	0	22605	605238	0	0	0	0
52	110	42576	840849	0	0	4157	148705	0	0	33810	1300171	0	0	0	0
52	130	20395	419997	0	0	2023	64804	0	0	17134	602500	0	0	0	0
52	150	5055	66333	0	0	96	1713	0	0	14549	308596	0	0	0	0
52	170	18785	317074	0	0	66	2065	0	0	20249	571197	0	0	0	0
52	190	61861	1144578	0	0	2301	65214	0	0	45586	1275970	0	0	0	0
52	210	3155	65528	6	46	10422	330563	0	0	6352	143747	0	0	0	0
52	230	10282	240837	130	2420	4002	165715	0	0	16492	802478	0	0	0	0
52	250	15436	317008	76	912	484	14298	0	0	12781	406755	0	0	0	0
52	270	30261	593482	0	0	528	9894	0	0	21268	603473	0	0	0	0
52	290	24787	504536	0	0	540	16489	0	0	23891	850854	0	0	0	0
52	310	5316	70822	0	0	219	4598	0	0	15669	420410	0	0	0	0
52	330	37979	653999	0	0	494	9368	0	0	27643	710663	0	0	0	0
52	370	8433	121096	0	0	119	3964	0	0	13721	298985	0	0	0	0
52	350	2917	49126	19	243	378	9900	0	0	14281	375193	0	0	0	0
52	390	28161	560554	51	670	304	6320	0	0	14265	398262	0	0	0	0
52	410	42856	805086	65	679	812	21509	0	0	31242	823989	0	0	0	0
52	430	1803	28947	0	0	132	3467	0	0	27071	552744	0	0	0	0
52	450	5862	84176	11	130	81	1535	0	0	29658	621553	0	0	0	0
52	0	407578	7613926	485	6364	34276	1085716	0	0	451207	13104956	0	0	0	0
		0	0	0	0	0	0	0	0	0	0	0	0	0	0
															
53	10	4173	33237	0	0	2740	36703	0	0	11185	31591	624	111	0	0
53	30	217606	3131277	32	565	11023	207422	0	0	1848	8679	324	54	0	0
53	50	107	1026	0	0	4679	55751	0	0	28892	193966	18635	2480	0	4
53	70	125330	537294	80	400	98	865	0	0	0	0	0	0	0	0
53	90	14382	91840	15	160	2243	27815	0	0	3518	14121	84276	10840	0	0
53	110	127421	1512633	10	150	16927	346848	0	0	15533	69729	44655	5574	0	0
53	130	1160	9291	0	0	33139	422368	0	0	59745	448492	55824	8224	15	17
53	150	50641	470978	0	0	19491	353441	0	0	31085	210679	135606	18203	0	0
53	170	104927	1229789	50	1000	41521	871089	0	0	12794	62173	41389	5195	0	0
53	190	399	3429	0	0	6993	76772	0	0	14343	59669	23597	2298	10	18
53	210	3692	30923	0	0	5765	90272	0	0	24925	129960	10032	1184	0	0
53	230	316	2223	0	0	2354	34794	0	0	40147	258748	33260	5748	2	4
53	250	90064	462649	0	0	10	50	0	0	259	673	0	0	0	0
53	270	7263	82099	0	0	15533	331853	0	0	18205	146919	26038	4144	0	0
53	290	687	4806	0	0	7077	86930	0	0	20410	140929	18054	2314	0	0
53	310	43675	356320	0	0	35099	638650	0	0	7726	46925	55290	4683	0	0
53	330	59363	536544	16	176	40357	781783	0	0	3724	21637	58329	3663	0	0
53	350	7408	84230	0	0	54661	831072	0	0	4730	19329	1697	230	0	0
53	370	130	981	0	0	2254	38882	0	0	30351	189596	43087	7570	0	0
53	390	99197	902938	0	0	14010	201757	0	0	5318	48742	43610	4576	0	0
53	410	14099	134762	0	0	12886	154834	0	0	11021	36845	484	51	0	0
53	430	82041	724379	0	0	4361	52469	0	0	2153	9345	26257	3332	0	0
53	450	113092	561062	0	0	1018	6250	0	0	1116	3763	5239	438	0	0
53	470	269295	3948427	20	400	31543	586601	0	0	338	1283	1773	166	0	0
53	490	1790	24030	0	0	9675	176719	0	0	33219	242711	60163	8170	0	0
53	510	28131	305230	5	137	28243	587919	0	0	38025	303817	107042	14473	0	0
53	530	267431	4343174	0	0	19219	330880	0	0	728	3740	112	18	0	0
53	550	24867	220808	15	100	5291	80602	0	0	2072	12038	74517	7136	0	0
53	570	34396	321473	10	140	1148	18657	0	0	762	4488	52189	5700	0	0
53	590	41865	146427	0	0	136	1190	0	0	0	0	20	2	0	0
53	610	35	175	0	0	3670	40555	0	0	37006	141128	27561	3350	0	0
53	630	109	1170	0	0	3607	46770	0	0	44933	350351	33476	6430	0	0
53	650	61389	644602	0	0	21871	455643	0	0	2490	11343	106589	7918	0	0
53	670	2318	13379	0	0	20465	283419	0	0	4142	15091	53162	4811	0	0
53	690	1155	13631	0	0	5225	80640	0	0	24278	188086	20309	3139	0	0
53	710	139587	2310352	47	248	36648	645608	0	0	1753	5271	1430	185	0	0
53	730	184592	2507759	47	1668	27972	628691	0	0	4567	12631	13834	1236	0	0
53	750	118759	967388	52	620	19671	296165	0	0	848	4760	103472	7035	0	0
53	770	80	409	0	0	1077	10649	0	0	13002	63531	6729	843	0	0
53	790	52	286	0	0	500	4524	0	0	51196	219094	45608	6995	2	10
53	810	2103	25490	0	0	14742	222217	0	0	19786	136372	55926	7175	0	0
53	830	41408	443177	65	1350	26715	387697	0	0	8489	32023	32387	2518	0	0
53	850	816	7633	0	0	6646	108599	0	0	14698	71984	25606	3436	0	0
53	870	2229	26811	0	0	12293	246401	0	0	30601	268455	62527	9056	0	0
53	890	0	0	0	0	68	730	0	0	46338	368910	43847	9664	15	25
53	910	83	574	0	0	6538	93032	0	0	54965	335056	52181	8924	0	0
53	930	129556	1600909	0	0	8279	143414	0	0	1660	6059	7483	832	0	0
53	950	1208	10277	0	0	14589	231915	0	0	18346	122485	20671	3184	0	0
53	970	11193	124415	0	0	35443	543778	0	0	19473	112585	11407	1568	0	0
53	990	899	7925	0	0	3888	56748	0	0	10680	67576	14359	2082	0	0
53	1010	1734	18563	0	0	16504	238369	0	0	56145	333903	70004	9516	0	0
53	1030	81668	879754	82	1000	26353	340070	0	0	3479	14774	9492	948	0	0
53	1050	8521	100712	98	1240	24637	450307	0	0	5673	23880	3836	508	0	0
53	1070	160	847	0	0	4991	79257	0	0	43747	367535	48022	9804	0	0
53	1090	22582	241187	26	395	22494	431883	0	0	8822	54751	23648	3288	0	0
53	1110	278	2240	0	0	7812	141017	0	0	35585	203528	40664	7715	0	0
53	1130	7118	80776	37	185	14710	289714	0	0	14988	53368	15066	2268	0	0
53	1150	12040	150009	0	0	19873	266855	0	0	3446	10487	122	12	0	0
53	1170	5145	58705	0	0	11928	187573	0	0	12056	46621	14515	1844	0	0
53	1190	6128	63651	0	0	18229	267891	0	0	12430	58466	27713	2893	0	0
53	1210	240	1595	0	0	11145	111872	0	0	53230	323081	40976	6398	0	0
53	1230	432	4354	0	0	5114	74643	0	0	37637	291284	31380	4804	0	0
53	1250	296	3117	0	0	5906	110850	0	0	32356	310819	45866	7859	0	0
53	1270	0	0	0	0	2112	19570	0	0	26467	132406	12008	1594	0	0
53	1290	22357	131371	15	257	769	6749	0	0	2754	11538	42714	4826	0	0
53	1310	6687	69058	0	0	32031	548001	0	0	15832	80840	14688	1912	0	0
53	1330	104	602	0	0	3066	43233	0	0	36424	294959	33027	5620	0	0
53	1350	17	136	0	0	336	6052	0	0	33595	220241	27816	4782	0	0
53	1370	3290	26261	0	0	17281	258712	0	0	12123	78092	54940	4436	0	0
53	1390	352903	2514291	0	0	109	885	0	0	131	440	0	0	0	0
53	1410	101831	1218775	118	3224	29538	802378	0	0	5768	35694	131086	14739	0	0
53	1430	2673	26606	0	0	20809	361219	0	0	19743	144981	15159	2469	0	0
53	1450	2500	24139	0	0	21138	330483	0	0	35637	246775	42607	7013	0	0
53	1470	3824	50999	0	0	11073	207459	0	0	4622	18208	648	122	0	0
53	1490	101053	581942	0	0	15054	167310	0	0	4786	29580	116104	10896	0	0
53	1510	168017	1335351	0	0	3011	41677	0	0	486	1328	79	5	0	0
53	1530	95876	574450	0	0	1455	12352	0	0	1890	6004	3801	356	0	0
53	0	3539993	37080132	840	13415	1046879	17754814	0	0	1353275	8646961	2626668	333585	44	78
		0	0	0	0	0	0	0	0	0	0	0	0	0	0
															
54	10	1135	10812	0	0	155	1999	0	0	11827	272287	1	1	0	0
54	30	13014	113055	0	0	1935	27774	0	0	45245	1112557	3757	2090	0	0
54	50	217	2468	0	0	0	0	0	0	27357	550072	7206	3220	0	0
54	70	2244	18181	0	0	115	1684	0	0	17938	415877	0	0	0	0
54	90	8952	88135	0	0	1905	34742	0	0	26552	575847	0	0	0	0
54	110	3038	30113	0	0	379	5087	0	0	21098	410888	4829	2552	0	0
54	130	1319	13504	0	0	5	170	0	0	16996	337370	0	0	0	0
54	150	3418	29482	0	0	290	3592	0	0	22373	488650	44	38	0	0
54	170	203	1849	0	0	0	0	0	0	51263	957818	27441	13522	0	0
54	190	4009	46284	0	0	435	6727	0	0	12011	271845	0	0	0	0
54	210	3140	46189	0	0	12	71	0	0	14704	393332	0	0	0	0
54	230	55	391	0	0	0	0	0	0	21539	441702	14026	7261	0	0
54	250	5649	58443	0	0	127	1937	0	0	27831	609121	0	0	0	0
54	270	984	6692	0	0	118	926	0	0	22360	437343	0	0	0	0
54	290	9370	87743	0	0	288	4293	0	0	25125	564916	0	0	0	0
54	310	5039	46295	0	0	294	4341	0	0	33199	635804	1660	861	0	0
54	330	536	5895	0	0	192	3489	0	0	31584	678760	28937	17082	0	0
54	350	218	1218	0	0	9	74	0	0	7912	153336	0	0	0	0
54	370	2929	37728	0	0	632	9972	0	0	28669	716335	28	16	0	0
54	390	0	0	0	0	0	0	0	0	22635	474743	8563	3469	0	0
54	410	5321	41489	0	0	108	1070	0	0	34931	801966	44	22	0	0
54	430	2760	22045	0	0	261	2765	0	0	26137	626198	15	11	0	0
54	450	1630	17176	0	0	568	8423	0	0	56987	1338090	39974	25727	0	0
54	470	29	235	0	0	38	637	0	0	63280	633882	60138	25252	0	0
54	490	456	3568	0	0	57	1001	0	0	11732	168110	0	0	0	0
54	510	6678	75462	0	0	1278	27019	0	0	37069	835028	6734	3911	0	0
54	530	837	9305	0	0	125	1935	0	0	68879	1450088	47005	27597	0	0
54	550	6168	59311	0	0	1056	18737	0	0	64970	1610205	17814	9618	0	0
54	570	4722	46399	0	0	382	4165	0	0	22716	473889	0	0	0	0
54	590	27689	263630	0	0	679	9316	0	0	45549	1131047	0	0	0	0
54	610	1414	15259	0	0	43	739	0	0	6259	139481	105	64	0	0
54	630	6361	72864	0	0	376	6712	0	0	16156	415177	0	0	0	0
54	650	1571	15614	0	0	145	2760	0	0	30797	658966	2153	1187	0	0
54	670	3118	26563	0	0	83	1510	0	0	15704	363241	0	0	0	0
54	690	19	154	0	0	0	0	0	0	40950	508811	27539	11600	0	0
54	710	34	243	0	0	0	0	0	0	36649	778662	16946	7055	0	0
54	730	10299	96905	0	0	303	4149	0	0	31242	720975	0	0	0	0
54	750	212	1941	0	0	23	365	0	0	46806	617540	44099	21330	0	0
54	770	0	0	0	0	2	20	0	0	42580	819933	25798	12912	0	0
54	790	2582	26321	0	0	208	2762	0	0	43641	941044	12601	6226	0	0
54	810	1210	11175	0	0	248	3634	0	0	26194	719088	62	45	0	0
54	830	326	3286	0	0	11	228	0	0	8494	198456	0	0	0	0
54	850	3164	34349	0	0	41	520	0	0	27537	767980	163	85	0	0
54	870	2144	13736	0	0	78	686	0	0	33134	699397	1	1	0	0
54	890	11283	115578	0	0	1057	15232	0	0	28098	608283	0	0	0	0
54	910	3569	37317	0	0	499	8506	0	0	9754	282537	0	0	0	0
54	930	4618	52040	0	0	931	17089	0	0	28410	614681	13	7	0	0
54	950	65	1950	0	0	50	1500	0	0	18677	422956	28962	19606	0	0
54	970	792	8180	0	0	206	2910	0	0	42067	808930	33436	21358	0	0
54	990	3442	31093	0	0	395	7017	0	0	52082	936141	24891	15709	0	0
54	1010	480	4799	0	0	0	0	0	0	7352	158025	453	228	0	0
54	1030	11320	106055	0	0	576	7992	0	0	60660	1512439	16386	9593	0	0
54	1050	5334	48684	0	0	596	10013	0	0	18917	406601	22	10	0	0
54	1070	6936	68005	0	0	686	13652	0	0	30209	628464	5531	2830	0	0
54	1090	0	0	0	0	0	0	0	0	37835	687698	23907	11659	0	0
54	1110	2256	17108	0	0	95	1130	0	0	31607	649975	1	1	0	0
54	1130	77	657	0	0	42	830	0	0	45022	755557	39921	18025	0	0
54	1150	554	5134	0	0	73	1159	0	0	15083	321368	442	185	0	0
54	1170	10802	92145	0	0	1706	25780	0	0	31506	705949	1010	619	0	0
54	1190	16766	197136	0	0	2674	49924	0	0	56751	1407396	861	448	0	0
54	1210	2553	20768	0	0	208	3321	0	0	14505	298443	1072	504	0	0
54	1230	7757	60417	0	0	930	14869	0	0	31075	555652	1325	555	0	0
54	1250	7953	107836	0	0	275	4236	0	0	36370	956534	0	0	0	0
54	1270	1695	15629	0	0	27	409	0	0	10935	290050	205	99	0	0
54	1290	222	2279	0	0	65	966	0	0	7222	116913	1	1	0	0
54	1310	6850	83476	0	0	544	9744	0	0	70916	1788299	20246	11223	0	0
54	1330	2702	17187	0	0	332	3365	0	0	36676	587080	18	7	0	0
54	1350	75	654	0	0	0	0	0	0	16104	432470	368	160	0	0
54	1370	1596	10829	0	0	72	596	0	0	10782	185388	0	0	0	0
54	1390	1205	10832	0	0	49	677	0	0	11151	214591	4941	3061	0	0
54	1410	2499	17315	0	0	222	2543	0	0	40198	714114	4	1	0	0
54	1430	1812	18418	0	0	218	3717	0	0	16916	309706	28	9	0	0
54	1450	2474	23164	0	0	360	4995	0	0	19963	389321	3	1	0	0
54	1470	20510	303672	0	0	588	10976	0	0	34269	857664	0	0	0	0
54	1490	10426	96994	10	125	1234	17396	0	0	54133	1181963	18350	11766	0	0
54	1510	2	65	0	0	4	30	0	0	10017	159874	0	0	0	0
54	1530	857	6580	0	0	33	528	0	0	5856	124511	15	6	0	0
54	1550	9185	77155	0	0	640	8461	0	0	27597	560467	1	1	0	0
54	1570	159	2468	0	0	92	2925	0	0	60402	690500	67223	28950	0	0
54	1590	9041	71835	0	0	738	12176	0	0	34460	993650	0	0	0	0
54	1610	2778	30233	0	0	30	173	0	0	25269	634739	43	24	0	0
54	1630	14651	167210	0	0	517	6755	0	0	26242	719066	0	0	0	0
54	1650	19246	201145	0	0	3340	56968	0	0	44169	1133694	0	0	0	0
54	1670	246	3170	0	0	129	2587	0	0	42920	681705	46288	25963	0	0
54	1690	3464	27999	0	0	280	4772	0	0	12624	342481	0	0	0	0
54	1710	1473	26113	0	0	168	3369	0	0	6154	156705	0	0	0	0
54	1730	2644	26444	0	0	109	1431	0	0	16670	359715	1	1	0	0
54	1750	62	678	0	0	0	0	0	0	6093	93470	10	5	0	0
54	1770	3417	31719	0	0	468	6411	0	0	41780	691588	830	400	0	0
54	1790	15942	197560	0	0	528	7620	0	0	22687	597407	0	0	0	0
54	1810	541	4527	14	156	14	300	0	0	23350	494228	4613	2257	0	0
54	1830	621	6910	0	0	111	1655	0	0	63906	1440661	18566	9050	0	0
54	1850	1916	16969	0	0	268	4506	0	0	28903	523855	130	72	0	0
54	1870	15605	175306	0	0	1300	20594	0	0	43590	1113933	560	320	0	0
54	1890	13563	104531	0	0	2135	30570	0	0	41431	1036928	229	130	0	0
54	0	418249	4255475	24	281	38618	618406	0	0	2835976	60250222	758589	397599	0	0
		0	0	0	0	0	0	0	0	0	0	0	0	0	0
															
56	10	2695	33872	16	168	1621	32951	0	0	9060	290716	0	0	0	0
56	30	12917	191507	0	0	385	7591	0	0	13178	362829	0	0	0	0
56	50	99	692	0	0	10	92	0	0	6979	129050	0	0	0	0
56	70	3599	28857	0	0	331	4572	0	0	18258	433292	0	0	0	0
56	90	339	3173	0	0	695	15562	0	0	1766	52819	0	0	0	0
56	110	1658	15060	0	0	96	876	0	0	13589	279091	0	0	0	0
56	130	795	5478	0	0	129	1079	0	0	11486	246015	0	0	0	0
56	150	904	5964	0	0	75	617	0	0	8203	181562	0	0	0	0
56	170	484	3923	0	0	68	1022	0	0	5618	135237	0	0	0	0
56	190	708	9379	0	0	693	11597	0	0	6053	134578	0	0	0	0
56	210	919	7333	0	0	42	541	0	0	10249	309367	0	0	0	0
56	230	3571	45897	25	180	1070	20828	0	0	4932	112732	0	0	0	0
56	250	8325	128702	0	0	1907	38072	0	0	14939	399414	0	0	0	0
56	270	5080	59991	0	0	1974	42766	0	0	7634	174410	0	0	0	0
56	290	353	3193	0	0	650	14097	0	0	1281	41536	0	0	0	0
56	310	5224	71079	0	0	1372	26251	0	0	7252	198622	0	0	0	0
56	330	851	10625	0	0	255	4658	0	0	9376	309616	0	0	0	0
56	350	4029	35218	0	0	146	1604	0	0	16456	394353	0	0	0	0
56	370	21478	361422	0	0	335	7853	0	0	15827	536167	0	0	0	0
56	390	854	6204	0	0	78	745	0	0	18610	352163	0	0	0	0
56	410	1048	14238	0	0	193	3170	0	0	7750	240086	0	0	0	0
56	430	2461	16097	2	14	193	1868	0	0	18331	302437	0	0	0	0
56	450	23	222	0	0	5	19	0	0	6685	125954	0	0	0	0
56	470	5	66	0	0	46	607	0	0	8021	132956	0	0	0	0
56	490	1022	11072	0	0	560	9748	0	0	8192	225060	0	0	0	0
56	510	3529	30612	0	0	3717	70549	0	0	10668	339128	0	0	0	0
56	530	5928	73785	0	0	220	2280	0	0	16801	418273	0	0	0	0
56	550	4925	54887	0	0	413	7403	0	0	12602	233950	0	0	0	0
56	570	1798	24460	0	0	774	16982	0	0	3952	93637	0	0	0	0
56	590	0	0	0	0	2	10	0	0	6176	133267	0	0	0	0
56	610	964	12045	0	0	832	15222	0	0	7250	206269	0	0	0	0
56	630	8844	110987	0	0	573	10419	0	0	12053	306313	0	0	0	0
56	650	2975	30424	0	0	628	12853	0	0	4076	96049	0	0	0	0
56	670	1684	21755	0	0	1225	23710	0	0	9555	254349	0	0	0	0
56	690	724	7654	0	0	893	20439	0	0	2377	73064	0	0	0	0
56	710	5185	78935	18	129	757	17097	0	0	6248	155341	0	0	0	0
56	730	358	3862	0	0	162	2431	0	0	3532	81071	0	0	0	0
56	750	2022	39247	0	0	2451	73945	0	0	5391	133311	0	0	0	0
56	770	3632	63578	0	0	8678	241454	0	0	10568	377529	0	0	0	0
56	790	2604	18986	0	0	94	1037	0	0	12752	230780	0	0	0	0
56	810	334	3521	0	0	59	647	0	0	8592	175354	0	0	0	0
56	830	1270	20997	0	0	2039	58282	0	0	7119	250066	0	0	0	0
56	850	1212	10668	5	22	157	2453	0	0	8811	172974	0	0	0	0
56	870	2732	18731	0	0	204	1978	0	0	16267	328299	0	0	0	0
56	890	3915	42382	0	0	553	6708	0	0	10113	223512	0	0	0	0
56	910	478	5959	0	0	489	11217	0	0	3446	100550	0	0	0	0
56	930	277	4166	0	0	1422	36457	0	0	2866	84330	0	0	0	0
56	950	726	6360	0	0	226	3122	0	0	6697	169762	0	0	0	0
56	970	1786	24052	0	0	1198	26462	0	0	8722	274830	0	0	0	0
56	990	1373	11331	0	0	75	825	0	0	22783	414231	0	0	0	0
56	1010	208	1862	0	0	234	4177	0	0	5844	130167	0	0	0	0
56	1030	2792	23011	0	0	1407	24051	0	0	11722	318821	0	0	0	0
56	1050	553	4374	0	0	76	731	0	0	6397	129915	0	0	0	0
56	1070	2278	27900	0	0	167	2207	0	0	12307	334056	0	0	0	0
56	1090	72	690	0	0	287	1768	0	0	9381	166877	0	0	0	0
56	0	144619	1846485	66	513	42941	945702	0	0	514793	12506137	0	0	0	0
		0	0	0	0	0	0	0	0	0	0	0	0	0	0
															
61	10	58	811	934	10401	2220	44506	0	0	9642	133111	0	0	0	0
61	30	219	5721	115	1555	0	0	0	0	628	11172	0	0	0	0
61	50	70	969	980	8848	1472	19816	0	0	2821	34258	0	0	0	0
61	70	0	0	5	35	0	0	0	0	1034	9121	0	0	0	0
61	90	1819	44080	0	0	10	200	0	0	387	11222	8335	10545	0	0
61	110	129	1936	131	2841	66	2767	0	0	450	7654	566	346	0	0
61	130	25954	608640	0	0	1201	34743	0	0	380	10408	84386	67353	0	0
61	150	10	315	41	731	6	480	0	0	124	1350	10	3	0	0
61	170	35	331	186	3668	537	13392	0	0	5379	61719	0	0	0	0
61	190	594	3860	0	0	39	1300	0	0	480	3110	5762	4848	0	0
61	210	6690	125317	0	0	53	1089	0	0	624	6883	22712	18274	0	0
61	230	7	26	0	0	402	1809	0	0	548	3593	4	2	0	0
61	250	53	1045	43	1077	36	1040	0	0	505	8712	46	5	0	0
61	270	2424	50442	0	0	20	185	0	0	70	1453	12970	12253	0	0
61	0	38062	843493	2435	29156	6062	121327	0	0	23072	303766	134791	113629	0	0
		0	0	0	0	0	0	0	0	0	0	0	0	0	0
															
62	10	28166	226490	8853	81234	2103	41055	0	0	6319	24127	0	0	0	0
62	30	35	450	2642	38908	1423	30296	0	0	0	0	0	0	0	0
62	50	21928	148991	3903	25301	943	16953	0	0	2909	11612	0	0	0	0
62	70	157	2348	639	7715	271	6432	0	0	348	4149	0	0	0	0
62	90	24645	74575	300	1453	0	0	0	0	740	1595	0	0	0	0
62	110	3593	53010	389	4358	390	8128	0	0	1380	13711	0	0	0	0
62	130	11250	160595	11175	204348	4538	135920	0	0	1250	26581	0	0	0	0
62	150	13	200	1259	22386	1333	37814	0	0	4	100	0	0	0	0
62	170	4737	24790	844	3510	0	0	0	0	6643	12894	0	0	0	0
62	190	0	0	0	0	0	0	0	0	0	0	0	0	0	0
62	210	85	899	6141	81126	2759	54822	0	0	2	5	0	0	0	0
62	230	90	1373	3830	50624	550	13384	0	0	56	658	0	0	0	0
62	250	79	398	10	24	0	0	0	0	161	1130	0	0	0	0
62	270	256	4530	334	2690	804	10372	0	0	6	35	0	0	0	0
62	290	432	9551	2775	64278	1265	49208	0	0	3738	103527	0	0	0	0
62	310	15	91	99	591	2	12	0	0	136	747	0	0	0	0
62	330	2591	17167	0	0	8	20	0	0	360	3250	0	0	0	0
62	350	6449	87333	691	4976	1620	11850	0	0	318	2135	0	0	0	0
62	370	8	240	917	27817	952	46566	0	0	0	0	0	0	0	0
62	390	8435	62956	5489	17269	322	1848	0	0	3795	13798	0	0	0	0
62	410	1240	14730	1453	3326	852	6836	0	0	2676	9508	0	0	0	0
62	430	480	1946	243	4066	389	11289	0	0	1717	31537	0	0	0	0
62	450	601	5897	3236	73135	1128	38025	0	0	659	11383	0	0	0	0
62	470	0	0	15	110	0	0	0	0	0	0	0	0	0	0
62	490	43	524	0	0	219	5068	0	0	0	0	0	0	0	0
62	510	8	253	108	1243	176	3511	0	0	1	60	0	0	0	0
62	530	0	0	0	0	0	0	0	0	0	0	0	0	0	0
62	550	1618	11022	661	5659	831	15488	0	0	762	5990	0	0	0	0
62	570	0	0	0	0	0	0	0	0	0	0	0	0	0	0
62	590	6679	131915	5254	86027	3703	97973	0	0	412	6024	0	0	0	0
62	610	3062	13150	117	440	0	0	0	0	2725	7459	0	0	0	0
62	630	22027	85880	3140	7276	186	648	0	0	3706	7882	0	0	0	0
62	650	0	0	0	0	0	0	0	0	0	0	0	0	0	0
62	670	2571	44333	5468	74209	2282	50226	0	0	1219	16008	0	0	0	0
62	690	17670	278143	13742	249571	6507	206300	0	0	1689	26677	0	0	0	0
62	710	948	7310	1012	8815	1232	25336	0	0	1835	10599	0	0	0	0
62	730	5947	24029	2894	4367	0	0	0	0	14972	38412	0	0	0	0
62	750	44477	321612	8696	48190	4524	130837	0	0	35313	164753	0	0	0	0
62	770	2390	47461	2793	53771	2222	74370	0	0	7597	192824	0	0	0	0
62	790	0	0	0	0	0	0	0	0	0	0	0	0	0	0
62	810	2255	23631	809	4969	1010	14292	0	0	508	2165	0	0	0	0
62	830	2834	28579	5089	65061	2363	50712	0	0	3869	35894	0	0	0	0
62	850	955	19178	7763	214097	3423	111411	0	0	5131	148026	0	0	0	0
62	870	7077	40995	5943	28420	1899	66571	0	0	19321	165019	0	0	0	0
62	890	1190	19847	735	10355	1052	26908	0	0	1592	24657	0	0	0	0
62	910	191	1667	486	8147	275	6237	0	0	23	540	0	0	0	0
62	930	0	0	11	140	80	984	0	0	0	0	0	0	0	0
62	950	69186	396549	4977	19398	991	5159	0	0	28060	111229	0	0	0	0
62	970	26	600	612	20054	892	39136	0	0	0	0	0	0	0	0
62	990	11170	131278	234	2658	1216	33052	0	0	2104	11859	0	0	0	0
62	1010	5885	51704	356	2421	914	19155	0	0	2448	34486	0	0	0	0
62	1030	1413	15186	1250	17046	1760	57679	0	0	7	115	0	0	0	0
62	1050	214	2557	6319	97014	3279	76330	0	0	0	0	0	0	0	0
62	1070	4590	74559	3527	35390	7169	147733	0	0	8	118	0	0	0	0
62	1090	0	0	2490	26431	2304	36680	0	0	0	0	0	0	0	0
62	1110														
62	1130	549	6916	326	2624	194	3899	0	0	310	1896	0	0	0	0
62	1150	45883	248839	3057	12100	1762	37228	0	0	13217	71017	0	0	0	0
62	1170	5	25	6	100	29	751	0	0	0	0	0	0	0	0
62	1190	0	0	34	129	36	381	0	0	0	0	0	0	0	0
62	1210	12281	53986	2480	6872	274	13497	0	0	15352	45210	0	0	0	0
62	1230	68306	625017	36004	415531	13848	362632	0	0	13991	78317	0	0	0	0
62	1250	60019	297904	5712	19006	165	1331	0	0	38696	96865	0	0	0	0
62	0	516754	3903209	187342	2266776	88469	2242345	0	0	248085	1576583	0	0	0	0
		0	0	0	0	0	0	0	0	0	0	0	0	0	0
															
63	10	388	13972	15582	563487	2910	138458	0	0	728	24167	0	0	0	0
63	30	1575	17869	1011	24491	1018	36606	0	0	77	2635	0	0	0	0
63	50	31666	531277	22875	349379	2340	83287	0	0	22	542	0	0	0	0
63	70	1994	23599	8059	96292	1417	31626	0	0	0	0	0	0	0	0
63	90	11095	303074	3408	59622	3254	102349	0	0	20	465	0	0	0	0
63	110	556	13150	14929	477214	4248	180584	0	0	247	6824	0	0	0	0
63	130	1091	7177	2111	40306	1386	47017	0	0	1	4	0	0	0	0
63	150	651	11782	465	10032	413	13102	0	0	21	1100	0	0	0	0
63	170	470	7727	834	9906	1971	57794	0	0	4	69	0	0	0	0
63	190	21290	339192	27670	689209	4557	175122	0	0	1	65	0	0	0	0
63	210	4417	148367	6922	174107	1496	82659	0	0	24	628	0	0	0	0
63	230	50	1467	652	20485	394	15103	0	0	0	0	0	0	0	0
63	250	25378	304972	4219	37481	316	7559	0	0	0	0	0	0	0	0
63	270	902	33457	29068	1108360	5175	240767	0	0	4104	168730	0	0	0	0
63	290	1749	33720	5830	101376	1736	46665	0	0	0	0	0	0	0	0
63	310	8346	80776	8092	254196	1027	45175	0	0	76	1599	0	0	0	0
63	330	120	1875	222	4697	518	16600	0	0	0	0	0	0	0	0
63	350	2191	52772	2565	49666	4025	125367	0	0	399	9190	0	0	0	0
63	370	26	593	702	15589	568	14646	0	0	0	0	0	0	0	0
63	390	3999	49461	1732	42292	621	18484	0	0	494	18566	0	0	0	0
63	410	16177	242093	5105	104048	580	24858	0	0	2	80	0	0	0	0
63	430	7118	130353	36144	563365	9311	213172	0	0	15	335	0	0	0	0
63	450	1306	19436	2948	91672	2661	98807	0	0	1582	53825	0	0	0	0
63	470	237	8493	9526	314192	2288	103813	0	0	1279	42396	0	0	0	0
63	490	52238	1465555	9150	149463	4925	144075	0	0	254	4470	0	0	0	0
63	510	134	3810	9512	251910	2813	87700	0	0	12	345	0	0	0	0
63	530	249	8459	11246	455448	1855	97791	0	0	957	32636	0	0	0	0
63	550	17802	330137	3038	49993	8059	197294	0	0	165	3599	0	0	0	0
63	570	51069	1361599	12852	274181	20275	718241	0	0	338	8101	0	0	0	0
63	590	59	1120	2778	75021	1455	57279	0	0	14	285	0	0	0	0
63	610	44823	1349574	6499	129788	4351	142525	0	0	74	1585	0	0	0	0
63	630	564	13793	7952	262628	992	49856	0	0	53	1370	0	0	0	0
63	650	19379	293294	16075	277880	1706	57063	0	0	3	80	0	0	0	0
63	670	129	3373	3340	96915	954	39388	0	0	272	6160	0	0	0	0
63	690	49568	1328241	11165	232597	5624	197196	0	0	1064	25274	0	0	0	0
63	710	58962	1043611	3557	59189	389	16933	0	0	0	0	0	0	0	0
63	730	647	27130	3228	129024	1143	58377	0	0	957	39596	0	0	0	0
63	750	335	10298	4322	140133	877	34921	0	0	1057	46208	0	0	0	0
63	770	59081	674017	6436	94330	752	23691	0	0	20	720	0	0	0	0
63	790	0	0	11	275	67	2880	0	0	0	0	0	0	0	0
63	810	12542	164362	6171	63430	2082	38459	0	0	1	50	0	0	0	0
63	830	859	21807	24651	996483	4369	231749	0	0	3395	137099	0	0	0	0
63	850	845	15230	2118	30980	4189	138634	0	0	0	0	0	0	0	0
63	870	6660	94752	6907	178515	795	30375	0	0	689	28184	0	0	0	0
63	875														
63	0	518737	10586816	361679	9149647	121902	4284047	0	0	18421	666982	0	0	0	0
		0	0	0	0	0	0	0	0	0	0	0	0	0	0
															
64	10	95	935	1407	35419	1984	74310	0	0	0	0	0	0	0	0
64	30	15599	118419	4619	58301	3693	98868	0	0	1031	16487	0	0	0	0
64	50	1050	11222	62741	595190	8355	178045	0	0	1198	14649	0	0	0	0
64	70	3796	34784	2630	23519	2863	102589	0	0	0	0	0	0	0	0
64	90	5176	58369	21115	300121	6154	219305	0	0	818	24180	0	0	0	0
64	110	35	160	20	46	16	80	0	0	22	80	0	0	0	0
64	130	72880	1318000	35905	468269	5950	129471	0	0	705	9715	0	0	0	0
64	150	118774	1861989	88682	928902	3271	64488	0	0	1389	11455	0	0	0	0
64	170	50	645	103	654	278	8019	0	0	89	1417	0	0	0	0
64	190	212	850	85004	320150	3308	21171	0	0	0	0	0	0	0	0
64	210	140	570	28672	95540	941	6136	0	0	0	0	0	0	0	0
64	230	45	350	377	11978	285	10945	0	0	0	0	0	0	0	0
64	250	1007	2926	3780	11154	71	563	0	0	7	90	0	0	0	0
64	270	110569	1292113	78928	636912	10813	167638	0	0	1766	23168	0	0	0	0
64	290	9740	254861	15124	280121	6639	213085	0	0	61	1304	0	0	0	0
64	310	29629	595278	21035	264772	10874	376969	0	0	2	60	0	0	0	0
64	330	123	575	3229	15955	242	1250	0	0	125	630	0	0	0	0
64	350	0	0	27041	357089	1929	58077	0	0	0	0	0	0	0	0
64	370	4538	26096	3629	15915	794	6764	0	0	76	925	0	0	0	0
64	390	1043	13917	1121	19641	758	31390	0	0	0	0	0	0	0	0
64	410	3733	25417	164393	1389498	5392	90777	0	0	464	5756	0	0	0	0
64	430	2603	29232	886	11655	519	14391	0	0	8	152	0	0	0	0
64	450	45916	452529	44547	261933	3196	41206	0	0	50	340	0	0	0	0
64	470	16860	302339	6161	90426	3995	130209	0	0	142	3291	0	0	0	0
64	490	4488	39010	4849	60288	6409	104239	0	0	28	955	0	0	0	0
64	510	2900	47853	63475	670862	1694	38352	0	0	64	785	0	0	0	0
64	530	659	9381	855	11070	775	24081	0	0	10	115	0	0	0	0
64	550	1332	3807	16785	51310	1181	7141	0	0	72	360	0	0	0	0
64	570	2020	26705	4462	72992	2225	76968	0	0	11	265	0	0	0	0
64	590	345	2220	1660	8045	761	23612	0	0	0	0	0	0	0	0
64	610	406	7767	383	6538	236	6440	0	0	20	501	0	0	0	0
64	630	5348	100530	4146	72907	3307	113695	0	0	30	1516	0	0	0	0
64	650	3390	16434	3745	12002	255	3481	0	0	99	389	0	0	0	0
64	670	4454	77164	10115	106622	3478	79628	0	0	0	0	0	0	0	0
64	690	290	1110	3054	15381	371	3065	0	0	486	2980	0	0	0	0
64	710	700	3030	37062	242658	4757	91740	0	0	831	8895	0	0	0	0
64	730	363	7055	110222	2279453	9194	323288	0	0	50	700	0	0	0	0
64	750	394	1502	101	430	2	42	0	0	74	320	0	0	0	0
64	770	690	8997	2379	44059	2246	71067	0	0	0	0	0	0	0	0
64	790	60	112	357	825	60	75	0	0	26	50	0	0	0	0
64	810	1435	25179	5492	121090	3345	148063	0	0	139	3873	0	0	0	0
64	830	400	1045	41355	177555	4543	150423	0	0	584	5454	0	0	0	0
64	850	1044	3613	80071	285671	2187	12509	0	0	361	1672	0	0	0	0
64	870	459	2110	354	5148	1112	25669	0	0	476	9386	0	0	0	0
64	890	3893	67465	1550	24215	1427	41973	0	0	36	990	0	0	0	0
64	910	440	1820	51848	214438	1288	9002	0	0	42	240	0	0	0	0
64	930	26	520	30	780	6	35	0	0	0	0	0	0	0	0
64	950	34540	287293	13310	125444	3598	101189	0	0	309	3590	0	0	0	0
64	970	1987	25288	5089	36900	3231	78506	0	0	48	795	0	0	0	0
64	990	4351	95250	113928	2407405	8600	263059	0	0	38	580	0	0	0	0
64	1010	2271	17582	64731	646231	2935	63129	0	0	80	2543	0	0	0	0
64	1030	230	425	430	7965	722	26086	0	0	234	4356	0	0	0	0
64	1050	1292	11267	67712	303142	2445	31020	0	0	197	3785	0	0	0	0
64	1070	880	5175	3603	22895	1630	36815	0	0	29	195	0	0	0	0
64	1090	1062	2886	14989	65489	224	1885	0	0	0	0	0	0	0	0
64	1110	27636	238528	15130	247247	10012	370381	0	0	879	17028	0	0	0	0
64	1130														
64	0	553398	7539699	1444421	14540217	166576	4372404	0	0	13206	186017	0	0	0	0
		0	0	0	0	0	0	0	0	0	0	0	0	0	0
															
65	10	2042	57747	2260	54922	14	217	0	0	104	3614	0	0	0	0
65	30	615	15356	67	1610	15	357	0	0	58	1537	0	0	0	0
65	50	0	0	1515	46225	487	25683	0	0	0	0	0	0	0	0
65	70	37	638	772	13942	546	16151	0	0	2	100	0	0	0	0
65	90	2	60	0	0	0	0	0	0	0	0	0	0	0	0
65	110	0	0	0	0	0	0	0	0	0	0	0	0	0	0
65	130	56	1242	114	1971	67	1405	0	0	0	0	0	0	0	0
65	150	0	0	9	307	2	30	0	0	0	0	0	0	0	0
65	170	0	0	38	995	35	1460	0	0	429	13309	0	0	0	0
65	190	12	410	1948	50892	101	5292	0	0	15	490	0	0	0	0
65	210	0	0	377	3115	0	0	0	0	2	34	0	0	0	0
65	230	22	375	42	497	143	2986	0	0	77	1984	0	0	0	0
65	250	0	0	102	1546	5	150	0	0	0	0	0	0	0	0
65	270	0	0	14	495	0	0	0	0	0	0	0	0	0	0
65	290	0	0	18	451	0	0	0	0	0	0	0	0	0	0
65	310	77	1764	1754	43497	119	2490	0	0	0	0	0	0	0	0
65	330	136	3263	133	3837	160	5267	0	0	8	356	0	0	0	0
65	0	2999	80855	9163	224302	1694	61488	0	0	695	21424	0	0	0	0
		0	0	0	0	0	0	0	0	0	0	0	0	0	0
															
66	10	170	2142	501	8050	162	4347	0	0	1173	15871	0	0	0	0
66	30	0	0	71	790	326	3097	0	0	1622	13437	0	0	0	0
66	50	112	2180	18	150	1315	62956	0	0	3911	107512	18956	17242	0	0
66	70	1164	13383	974	16685	2616	81556	0	0	1182	24060	0	0	0	0
66	90	81039	401459	1111	6310	5	35	0	0	5759	21052	992	171	0	0
66	110	0	0	0	0	0	0	0	0	562	16267	27	16	0	0
66	130	166	2942	500	11307	257	10968	0	0	6519	143798	34471	48135	0	0
66	150	243	4933	0	0	632	28137	0	0	1430	29794	22343	18055	0	0
66	170	45	1458	12	226	151	5000	0	0	2971	52663	0	0	0	0
66	190	11	72	52	472	0	0	0	0	566	3005	0	0	0	0
66	210	2172	7928	0	0	0	0	0	0	0	0	0	0	0	0
66	230	0	0	160	3001	92	2450	0	0	263	3890	106	100	0	0
66	250	4	10	0	0	0	0	0	0	275	1755	435	80	0	0
66	270	12	120	0	0	0	0	0	0	775	15073	0	0	0	0
66	290	15	293	0	0	1	35	0	0	297	9828	326	361	0	0
66	310	800	7315	468	3823	582	12808	0	0	6779	66493	0	0	0	0
66	330	276	2083	2117	11351	879	7158	0	0	1459	6350	0	0	0	0
66	350	23	370	21	359	75	2961	0	0	915	19145	686	409	0	0
66	370	14235	47711	0	0	0	0	0	0	119	545	26	4	0	0
66	390	909	10161	3933	51040	719	9606	0	0	5004	65172	0	0	0	0
66	410	4631	34776	0	0	0	0	0	0	5957	21970	10315	1593	0	0
66	430	147	2824	1528	18423	262	4311	0	0	3324	44188	0	0	0	0
66	450	507	10751	1138	21157	197	6925	0	0	8684	211755	0	0	0	0
66	470	101	699	804	5933	394	3064	0	0	999	9772	0	0	0	0
66	490	87	1162	473	4471	15	91	0	0	873	8168	0	0	0	0
66	510	127	2072	146	2392	21	715	0	0	659	10647	430	532	0	0
66	530	178	2120	831	10058	16	128	0	0	1804	12489	0	0	0	0
66	550	1565	14563	3337	36390	533	8548	0	0	2830	21791	0	0	0	0
66	570	0	0	0	0	0	0	0	0	290	331	0	0	0	0
66	590	37	115	0	0	0	0	0	0	543	1236	0	0	0	0
66	610	1540	20866	1291	17484	282	5121	0	0	2422	24932	0	0	0	0
66	0	110316	594508	19486	229872	9532	260017	0	0	69966	982989	89113	86698	0	0
		0	0	0	0	0	0	0	0	0	0	0	0	0	0
															
67	10	63	1639	301	7479	313	9476	0	0	221	6089	0	0	0	0
67	30	71846	1078667	4859	158900	1260	70892	0	0	65	988	0	0	0	0
67	50	21196	381140	10882	274761	1943	84930	0	0	10	315	0	0	0	0
67	70	43	1120	887	18897	402	10136	0	0	15	320	0	0	0	0
67	90	0	0	100	1679	182	3524	0	0	4	22	0	0	0	0
67	110	879	12364	1503	43217	284	10470	0	0	21	555	0	0	0	0
67	130	219	4824	2602	47905	1548	45166	0	0	582	6888	0	0	0	0
67	150	277	5711	2544	43593	1072	21835	0	0	219	5918	0	0	0	0
67	170	3	100	662	14574	1830	52702	0	0	110	1025	0	0	0	0
67	190	0	0	0	0	10	350	0	0	739	14720	0	0	0	0
67	210	183	4969	450	12213	301	10870	0	0	225	5028	0	0	0	0
67	230	13087	115003	251	2814	101	3200	0	0	7	105	0	0	0	0
67	250	91	1304	202	1742	329	5602	0	0	475	6345	0	0	0	0
67	270	4423	59666	940	20926	239	7810	0	0	131	2031	0	0	0	0
67	290	132	2116	1034	25073	296	14527	0	0	0	0	0	0	0	0
67	310	13	325	666	15820	637	21789	0	0	4	120	0	0	0	0
67	330	220	2575	591	7512	219	9095	0	0	0	0	0	0	0	0
67	350	8864	77765	5971	133742	929	29720	0	0	41	800	0	0	0	0
67	370	2383	25473	42	505	140	3625	0	0	601	11032	0	0	0	0
67	390	2338	23923	4951	83344	1596	39655	0	0	11	121	0	0	0	0
67	410	173	4155	4054	126007	1202	46816	0	0	78	706	0	0	0	0
67	430	417	4643	519	11281	471	14894	0	0	0	0	0	0	0	0
67	450	3840	29170	195	3621	176	3941	0	0	40	679	0	0	0	0
67	470	434	9360	2090	45185	1360	38396	0	0	779	9054	0	0	0	0
67	490	5134	51467	9884	291228	1922	69669	0	0	280	7224	0	0	0	0
67	510	33	960	1169	31727	548	20918	0	0	0	0	0	0	0	0
67	530	1469	22270	463	9189	281	10629	0	0	473	5362	0	0	0	0
67	550	29	488	1010	21086	911	27287	0	0	150	2672	0	0	0	0
67	570	466	8042	4081	98535	1432	62092	0	0	47	1096	0	0	0	0
67	0	138255	1929239	62903	1552555	21934	750016	0	0	5328	89215	0	0	0	0
		0	0	0	0	0	0	0	0	0	0	0	0	0	0
															
68	10	50	500	126	1938	496	7571	0	0	0	0	0	0	0	0
68	30	286	8035	3971	85123	7394	223005	0	0	861	17490	0	0	0	0
68	50	5567	29619	3801	21484	789	5827	0	0	1879	8326	0	0	0	0
68	70	707	6932	109	2172	1794	48045	0	0	0	0	0	0	0	0
68	90	1005	4261	1278	5405	2528	47503	0	0	755	2801	0	0	0	0
68	110	3591	33521	487	2961	129	2819	0	0	54	510	0	0	0	0
68	130	73	1379	4513	93521	7436	230830	0	0	762	18250	0	0	0	0
68	150	7767	67505	2696	16255	4365	120899	0	0	8468	56035	0	0	0	0
68	170	9	100	824	8516	1259	30128	0	0	93	1189	0	0	0	0
68	190	309	2392	2840	36605	2790	77331	0	0	737	7011	0	0	0	0
68	210	21058	166032	11516	51824	7807	87285	0	0	20779	127403	0	0	0	0
68	230	301	3006	1171	17397	2259	55766	0	0	0	0	0	0	0	0
68	250	9	225	49	489	506	16209	0	0	106	1245	0	0	0	0
68	270	463	2863	3188	11917	1188	6817	0	0	1645	8278	0	0	0	0
68	290	98	2385	4038	88323	5747	219720	0	0	479	9987	0	0	0	0
68	310	4285	46977	2937	17834	1260	18460	0	0	1889	14325	0	0	0	0
68	330	4302	50183	8007	100938	5303	139726	0	0	213	2141	0	0	0	0
68	350	0	0	9	85	273	3876	0	0	0	0	0	0	0	0
68	370	0	0	92	1279	547	10239	0	0	0	0	0	0	0	0
68	390	74	1270	119	2240	1093	32463	0	0	0	0	0	0	0	0
68	410	33	275	253	5727	528	11477	0	0	0	0	0	0	0	0
68	430	205	3978	675	15737	2470	85216	0	0	111	3206	0	0	0	0
68	450	2544	24576	127	1240	221	2464	0	0	196	1030	0	0	0	0
68	455														
68	0	52736	456014	52826	589010	58182	1483676	0	0	39027	279227	0	0	0	0
		0	0	0	0	0	0	0	0	0	0	0	0	0	0
															
71	10	2439	34007	4281	54443	1851	32688	0	0	8	188	0	0	0	0
71	30	0	0	186	8354	36	1326	0	0	0	0	0	0	0	0
71	50	521	9284	30	800	319	7392	0	0	41	745	0	0	0	0
71	70	36834	498933	2634	49353	3609	102160	31370	2028267	92	2977	0	0	0	0
71	90	204	2628	0	0	117	1251	0	0	1	20	0	0	0	0
71	110	11172	206667	2252	38214	261	6286	15539	1103762	32	587	0	0	0	0
71	130	6484	109997	686	13506	644	12360	0	0	2404	56840	0	0	0	0
71	150	0	0	3	25	77	1380	0	0	1	4	0	0	0	0
71	170	155	2060	14	60	50	1006	0	0	1	20	0	0	0	0
71	190	24558	470971	4090	65462	2329	49404	1165	69726	383	8012	44605	49313	0	0
71	210	17764	253505	2218	19649	2340	61191	14921	988765	586	12840	0	0	0	0
71	230	71	742	45	824	626	10763	0	0	221	6800	0	0	0	0
71	250	13705	388775	739	14680	754	19300	0	0	711	16390	5945	2765	0	0
71	270	10	335	83	2867	75	1250	0	0	317	9402	0	0	0	0
71	290	9542	148498	5577	111148	86	3199	0	0	1117	36692	50134	67963	0	0
71	310	32762	984800	704	12382	574	16387	0	0	642	28856	22575	29812	0	0
71	330	1974	35210	159	3281	515	14845	0	0	240	5382	0	0	0	0
71	350	2961	39867	1981	33009	180	4135	0	0	8	280	0	0	0	0
71	370	11191	130107	1708	27491	262	6565	0	0	1089	22258	0	0	0	0
71	390	19601	273060	7073	44632	334	9050	0	0	60	1928	22359	25351	0	0
71	410	5	120	449	11181	1775	69099	0	0	20	1108	0	0	0	0
71	430	0	0	0	0	127	1602	0	0	10	25	0	0	0	0
71	450	2048	37274	760	10424	2134	60654	0	0	252	5680	5	3	0	0
71	470	20745	354968	1891	19546	3928	82987	3095	197000	1062	39381	11891	11910	0	0
71	490	934	14042	3638	71464	7384	467873	0	0	0	0	0	0	0	0
71	510	0	0	237	4765	20	1274	0	0	0	0	0	0	0	0
71	530	16667	276788	1111	17353	1302	25491	0	0	116	2497	0	0	0	0
71	550	2504	61067	759	13146	3869	91768	0	0	220	7526	0	0	0	0
71	570	56	750	0	0	0	0	0	0	3	105	0	0	0	0
71	590	651	11520	180	1540	300	4180	0	0	178	6085	0	0	0	0
71	610	9290	96785	460	3444	4342	81942	0	0	0	0	0	0	0	0
71	630	237	980	569	7560	489	20637	0	0	0	0	0	0	0	0
71	650	14504	145927	2371	28040	2353	48100	0	0	283	6129	10699	8746	0	0
71	670	28885	392400	1712	17117	9493	185742	2832	255294	1768	73261	4	1	0	0
71	690	2827	34390	120	1365	846	38180	0	0	82	955	0	0	0	0
71	710	283	4860	559	7036	668	5545	0	0	190	4945	4	4	0	0
71	730	862	6783	63	963	542	6909	0	0	767	9773	0	0	0	0
71	750	0	0	0	0	0	0	0	0	0	0	0	0	0	0
71	770	35628	528142	5233	97440	10869	225728	381	26516	21221	952820	0	0	0	0
71	790	34462	375331	29759	405301	2543	61227	0	0	627	7553	0	0	0	0
71	810	20	255	2	33	6089	159827	0	0	90	4027	0	0	0	0
71	830	1162	21445	1090	12082	1818	13624	0	0	97	1329	0	0	0	0
71	850	525	10210	84	761	408	9801	0	0	46	445	0	0	0	0
71	870	48	560	15	300	644	12127	0	0	429	9515	0	0	0	0
71	890	5737	90755	579	10282	1104	23585	0	0	283	8580	0	0	0	0
71	910	10	150	28	315	20	220	0	0	0	0	0	0	0	0
71	930	7935	112992	4789	144908	3935	234211	0	0	63	1739	0	0	0	0
71	950	19656	317742	1215	22049	1920	42387	0	0	32	308	0	0	0	0
71	970	1260	18125	491	8080	14021	434393	0	0	558	15274	0	0	0	0
71	990	21082	293910	3714	52291	5271	180874	2549	125282	271	8826	1090	790	0	0
71	1010	37165	667177	5818	92953	3075	65703	12150	979014	84	2853	0	0	0	0
71	1030	5663	60206	761	9797	2650	57375	0	0	207	4627	0	0	0	0
71	1050	108	660	143	1727	82	1654	0	0	29	472	0	0	0	0
71	1070	17864	178914	2513	26561	1251	26978	0	0	1142	36655	46866	54402	0	0
71	1090	217	3200	57	628	102	1795	0	0	0	0	0	0	0	0
71	1110	862	9251	522	5804	442	10271	0	0	159	2533	0	0	0	0
71	1130	20530	407602	841	17459	1415	41405	8223	635636	205	3810	0	0	0	0
71	1150	5327	73695	133	3015	3317	76060	1763	61810	2	36	0	0	0	0
71	0	507707	8198422	107129	1626910	115587	3233166	93988	6471072	38450	1429093	216177	251060	0	0
		0	0	0	0	0	0	0	0	0	0	0	0	0	0
															
72	10	1571	33670	11034	274966	3619	139338	0	0	233	6533	0	0	0	0
72	30	4421	47545	3668	39139	15380	311202	0	0	462	15269	0	0	0	0
72	50	9048	97107	2222	19743	24165	492315	0	0	2466	74530	0	0	0	0
72	70	26	625	27	421	344	11852	0	0	3	70	0	0	0	0
72	90	1777	31494	425	7588	2723	104742	0	0	14	308	0	0	0	0
72	110	33	313	73	1487	145	3156	0	0	126	4588	0	0	0	0
72	130	145	3458	2390	67157	867	38649	0	0	0	0	0	0	0	0
72	150	0	0	6	190	9	300	0	0	56	1759	0	0	0	0
72	170	50	977	2128	59110	1757	68120	0	0	2	70	0	0	0	0
72	190	4524	59542	3881	39879	11679	232346	0	0	2999	86145	0	0	0	0
72	210	85151	742586	12718	107004	50	641	0	0	26	230	0	0	0	0
72	230	681	13514	1066	20659	753	24049	0	0	95	793	0	0	0	0
72	250	87	1361	1066	12827	2781	95230	0	0	0	0	0	0	0	0
72	270	59	649	11	232	189	6869	0	0	70	3817	0	0	0	0
72	290	5356	123743	3575	82636	2606	89837	0	0	2167	39211	0	0	0	0
72	310	4339	22162	468	2190	53	1725	0	0	0	0	0	0	0	0
72	330	593	9660	1136	16710	994	28463	0	0	637	17362	0	0	0	0
72	350	406	5722	8272	190694	3826	153852	0	0	6	270	0	0	0	0
72	370	370	7351	2394	51628	381	12967	0	0	0	0	0	0	0	0
72	390	6651	55305	9141	70175	22465	369690	0	0	2370	63755	0	0	0	0
72	410	8	105	34	525	282	6669	0	0	3	210	0	0	0	0
72	430	14605	163293	9276	102709	51163	843995	0	0	2479	78972	0	0	0	0
72	450	372	6429	7694	249642	2030	93345	0	0	2123	90867	0	0	0	0
72	470	14461	164377	4180	35099	42430	862642	0	0	4608	144566	0	0	0	0
72	490	100319	779060	5223	31395	38	1012	0	0	562	16749	0	0	0	0
72	510	484	8245	126	1276	1859	46779	0	0	8	406	0	0	0	0
72	530	12284	132092	2442	25877	21728	471003	0	0	537	14562	0	0	0	0
72	550	75952	1068248	32882	449636	229	2341	0	0	4	100	0	0	0	0
72	570	0	0	0	0	25	513	0	0	1	50	0	0	0	0
72	590	151747	2971551	59438	1388579	1179	40584	0	0	856	22360	0	0	0	0
72	610	28183	698557	13641	316057	6238	217321	0	0	176	4634	0	0	0	0
72	630	13790	269823	8018	181308	3859	155987	0	0	145	3518	0	0	0	0
72	650	50078	773013	8140	83475	532	9835	0	0	35	323	0	0	0	0
72	670	11680	148047	1220	18020	20845	654219	0	0	1086	32514	0	0	0	0
72	690	2431	30103	602	7621	200	5268	0	0	55	1730	0	0	0	0
72	710	13877	171181	876	8543	24318	545097	0	0	1417	40221	0	0	0	0
72	0	615559	8640908	219493	3964197	271741	6141953	0	0	25827	766492	0	0	0	0
		0	0	0	0	0	0	0	0	0	0	0	0	0	0
															
73	10	41192	799963	218500	2967885	100	1365	0	0	20	425	0	0	0	0
73	30	27298	475010	1521	27685	408	14028	0	0	97	1772	0	0	0	0
73	50	14983	174944	13882	152909	476	22557	0	0	1541	50757	0	0	0	0
73	70	466	6130	614	5941	134	2522	0	0	401	6554	0	0	0	0
73	90	170	8106	11	310	526	24133	0	0	0	0	0	0	0	0
73	110	971	12246	472	4924	7684	194823	0	0	313	7307	0	0	0	0
73	130	60748	1422611	8481	189623	986	27956	0	0	107	2695	0	0	0	0
73	150	113	1500	60	1192	1215	35449	0	0	27	835	0	0	0	0
73	170	82771	1313429	61261	657723	2256	45301	0	0	40	180	0	0	0	0
73	190	600	13694	2055	23215	622	14278	0	0	528	10052	0	0	0	0
73	210	38493	611954	49089	660568	20	600	0	0	3	50	0	0	0	0
73	230	62340	1658338	2355	66092	136	3513	0	0	43	945	0	0	0	0
73	250	4930	38976	105051	860073	1042	54347	0	0	16	405	0	0	0	0
73	270	112	2476	390	8157	1997	84241	0	0	3	95	0	0	0	0
73	290	1768	41888	0	0	1251	46371	0	0	2	90	0	0	0	0
73	310	18	250	5	78	77	3397	0	0	2	25	0	0	0	0
73	330	20	640	26	558	1244	50346	0	0	7	41	0	0	0	0
73	350	18	412	3	54	92	3325	0	0	0	0	0	0	0	0
73	370	1039	23147	11691	376253	11223	591236	0	0	14	333	0	0	0	0
73	390	45094	711016	11116	147745	1328	51167	0	0	54	825	0	0	0	0
73	410	2130	45398	1960	35692	14347	453204	0	0	47	1486	0	0	0	0
73	430	61926	1718825	255442	4216911	4089	149276	0	0	147	1898	0	0	0	0
73	450	47	830	52	755	282	10515	0	0	1	10	0	0	0	0
73	470	8172	150506	10305	98986	3501	65623	0	0	494	11016	0	0	0	0
73	490	12	201	0	0	101	2723	0	0	0	0	0	0	0	0
73	510	475	7241	470	4819	2044	45554	0	0	10	250	0	0	0	0
73	530	168	2388	62	952	1152	36069	0	0	47	565	0	0	0	0
73	550	403	5781	19	218	815	21431	0	0	0	0	0	0	0	0
73	570	188	5346	308	9384	15964	1008759	0	0	24	508	0	0	0	0
73	590	6	73	2	13	173	3611	0	0	96	3572	0	0	0	0
73	610	22	670	41	1089	3267	201476	0	0	0	0	0	0	0	0
73	630	112377	2452907	15065	252834	16439	562088	0	0	443	8847	0	0	0	0
73	650	9928	226369	9575	132067	8280	268756	0	0	1985	32194	0	0	0	0
73	670	195	3177	295	4867	3978	106435	0	0	12	285	0	0	0	0
73	690	0	0	1	30	5	230	0	0	1	30	0	0	0	0
73	710	162190	3492333	12492	239232	1027	32203	0	0	417	11906	0	0	0	0
73	730	191	6260	854	18769	12486	549188	0	0	88	897	0	0	0	0
73	750	268543	7175346	98810	2530511	20507	762081	0	0	115	2743	0	0	0	0
73	770	3811	96137	27703	707311	9025	389381	0	0	5017	160305	0	0	0	0
73	0	1013928	22706518	920039	14405425	150299	5939558	0	0	12162	319898	0	0	0	0
		0	0	0	0	0	0	0	0	0	0	0	0	0	0
															
81	3000														
81	3100														
81	3200														
81	3300														
81	0														
															
															
82	10														
82	30														
82	70														
82	90														
82	0														
															
															
100	0	34062385	431078583	7881002	82134287	24588766	458779570	705858	32957745	62247152	1169437531	26753697	9472022	413937	4839008
		0	0	0	0	0	0	0	0	0	0	0	0	0	0
															
101	0														
															
															
															
