state	county	name	var1	var2	var42	var99	var169	var170	var171	var173	var174	var175	var229	var236	var238	var249	var269	var273
1	0	CONNECTICUT	1380631	23240	1832110	11616377	34063	352	33711	874	34	840	49813	290	2577	0	0	0
1	10	FAIRFIELD	320936	3426	205750	1687545	4398	30	4368	92	6	86	6389	72	427	0	0	0
1	30	HARTFORD	336027	4663	273633	2968592	7815	42	7773	349	3	346	12561	41	124	0	0	0
1	50	LITCHFIELD	76262	3445	385948	1665310	6293	145	6148	107	7	100	9446	33	1403	0	0	0
1	70	MIDDLESEX	47550	1856	131026	688575	2133	18	2115	65	8	57	2754	27	119	0	0	0
1	90	NEW HAVEN	415214	2761	195280	1623853	4189	23	4166	81	7	74	7125	102	124	0	0	0
1	110	NEW LONDON	104611	2834	267399	1093049	3620	38	3582	54	3	51	5111	7	137	0	0	0
1	130	TOLLAND	27216	1985	163081	971063	2674	19	2655	42	0	42	3322	3	57	0	0	0
1	150	WINDHAM	52815	2270	209993	918390	2941	37	2904	84	0	84	3105	5	186	0	0	0
2	0	MAINE	768014	50033	5161428	24491256	82096	1237	80859	568	81	487	11329	3506	103898	0	0	0
2	10	ANDROSCOGGIN	65796	2722	212700	1219065	4222	81	4141	9	4	5	631	11	746	0	0	0
2	30	AROOSTOOK	81728	6337	809789	7030590	18363	296	18067	80	18	62	102	3167	73763	0	0	0
2	50	CUMBERLAND	124376	3454	233130	1276327	4452	59	4393	11	2	9	716	5	584	0	0	0
2	70	FRANKLIN	19825	1958	247783	816426	3398	75	3323	39	8	31	899	125	767	0	0	0
2	90	HANCOCK	30361	2679	232595	689322	2317	23	2294	8	1	7	71	5	543	0	0	0
2	110	KENNEBEC	63844	4473	419895	1849091	7028	80	6948	50	9	41	1491	22	3581	0	0	0
2	130	KNOX	26245	1821	131360	513415	2120	23	2097	13	0	13	159	2	285	0	0	0
2	150	LINCOLN	15976	2416	197888	669896	2736	37	2699	24	0	24	252	7	579	0	0	0
2	170	OXFORD	37700	2921	376126	1206749	4797	60	4737	31	5	26	945	4	525	0	0	0
2	190	PENOBSCOT	87684	5255	588126	2597024	9001	109	8892	74	5	69	1464	87	9448	0	0	0
2	210	PISCATAQUIS	20554	1529	206301	822463	2565	19	2546	43	0	43	502	0	2889	0	0	0
2	230	SAGADAHOC	23021	1074	111298	369367	1409	10	1399	8	0	8	213	1	448	0	0	0
2	250	SOMERSET	37171	3548	469613	1643458	6780	114	6666	53	14	39	1261	42	5669	0	0	0
2	270	WALDO	21328	3202	335494	1136470	4751	147	4604	52	8	44	763	18	2645	0	0	0
2	290	WASHINGTON	41709	2844	268756	811898	2948	42	2906	33	3	30	77	2	1283	0	0	0
2	310	YORK	70696	3800	320574	1839695	5209	62	5147	40	4	36	1783	8	143	0	0	0
3	0	MASSACHUSETTS	3852356	33454	2367629	17043842	43537	564	42973	525	25	500	39454	215	2250	0	0	0
3	10	BARNSTABLE	26670	788	35885	352028	555	18	537	12	0	12	347	0	3	0	0	0
3	30	BERKSHIRE	113033	2731	358503	1317678	4998	11	4987	57	4	53	4843	137	1661	0	0	0
3	50	BRISTOL	359005	3045	139188	1239497	3376	9	3367	27	3	24	4985	9	113	0	0	0
3	70	DUKES	4372	117	20779	42990	190	2	188	0	0	0	105	0	7	0	0	0
3	90	ESSEX	482156	2305	114038	1290222	2878	19	2859	128	1	127	1545	0	22	0	0	0
3	110	FRANKLIN	49361	3139	278440	1446069	4500	57	4443	34	4	30	4685	21	53	0	0	0
3	130	HAMPDEN	300305	2510	201607	1121653	3200	11	3189	68	4	64	3611	6	49	0	0	0
3	150	HAMPSHIRE	69599	3169	251647	1808353	4508	71	4437	24	3	21	5665	1	80	0	0	0
3	170	MIDDLESEX	778352	4567	241669	3272569	5975	69	5906	34	0	34	3192	8	46	0	0	0
3	190	NANTUCKET	2797	25	4953	36500	56	0	56	0	0	0	79	0	2	0	0	0
3	210	NORFOLK	219081	1334	63165	843971	1688	85	1603	8	2	6	1314	0	23	0	0	0
3	230	PLYMOUTH	156968	2614	127509	1255849	2132	34	2098	16	4	12	1576	16	31	0	0	0
3	250	SUFFOLK	835522	16	264	23700	158	8	150	0	0	0	1	0	0	0	0	0
3	270	WORCESTER	455135	7094	529982	2992763	9323	170	9153	117	0	117	7506	17	160	0	0	0
4	0	NEW HAMPSHIRE	443083	21065	2262064	8988419	31457	449	31008	283	23	260	12998	72	4092	0	0	0
4	10	BELKNAP	21178	1361	163858	608245	1962	24	1938	13	0	13	661	2	129	0	0	0
4	30	CARROLL	15017	1419	151293	500243	1891	18	1873	24	1	23	263	13	79	0	0	0
4	50	CHESHIRE	30975	1802	191278	636907	2634	27	2607	29	5	24	1540	0	263	0	0	0
4	70	COOS	36093	1356	217895	765626	3387	122	3265	12	0	12	332	33	1667	0	0	0
4	90	GRAFTON	40572	2698	378682	1515045	5084	74	5010	23	1	22	2542	8	1143	0	0	0
4	110	HILLSBOROUGH	135512	2954	294545	1522058	4019	61	3958	32	4	28	1920	5	95	0	0	0
4	130	MERRIMACK	51770	2785	312954	1066081	3970	42	3928	71	9	62	1982	2	280	0	0	0
4	150	ROCKINGHAM	52498	3744	248101	1191802	4131	24	4107	56	3	53	1674	0	76	0	0	0
4	170	STRAFFORD	38546	1511	123672	616062	1953	14	1939	7	0	7	560	0	21	0	0	0
4	190	SULLIVAN	20922	1435	179786	566350	2426	43	2383	16	0	16	1524	9	339	0	0	0
5	0	RHODE ISLAND	604397	3911	309013	2063716	5368	56	5312	93	3	90	8077	18	449	0	0	0
5	10	BRISTOL	23113	213	8825	93871	277	5	272	10	0	10	542	1	35	0	0	0
5	30	KENT	38269	450	36101	203435	553	8	545	14	0	14	848	2	18	0	0	0
5	50	NEWPORT	42893	905	41183	411935	1329	2	1327	16	0	16	2704	13	327	0	0	0
5	70	PROVIDENCE	475190	1532	119879	789537	2025	16	2009	23	0	23	2287	0	0	0	0	0
5	90	WASHINGTON	24932	811	103025	564938	1184	25	1159	30	3	27	1696	2	69	0	0	0
6	0	VERMONT	352428	27786	3925683	18129968	62819	1448	61371	685	74	611	79495	1307	51368	0	0	0
6	10	ADDISON	18666	2245	364836	1930782	6338	252	6086	54	11	43	11557	732	12789	0	0	0
6	30	BENNINGTON	21577	1322	179071	708587	2782	170	2612	48	1	47	3699	40	2370	0	0	0
6	50	CALEDONIA	25762	2072	298191	1368832	4918	99	4819	73	14	59	2098	57	2932	0	0	0
6	70	CHITTENDEN	43708	2025	282168	1622763	4974	113	4861	93	11	82	10625	74	5137	0	0	0
6	90	ESSEX	7364	741	142293	447947	1713	38	1675	19	1	18	447	6	1221	0	0	0
6	110	FRANKLIN	30026	2253	335886	1568996	6007	118	5889	19	4	15	8908	130	7680	0	0	0
6	130	GRAND ISLE	3784	496	45102	287748	1286	33	1253	4	0	4	2627	84	3180	0	0	0
6	150	LAMOILLE	11858	1459	188143	851047	3181	30	3151	41	0	41	3025	10	1020	0	0	0
6	170	ORANGE	17279	2635	379810	1402433	5347	76	5271	65	12	53	5610	65	2505	0	0	0
6	190	ORLEANS	23913	2375	344423	1951203	5859	128	5731	28	0	28	3468	37	5720	0	0	0
6	210	RUTLAND	46213	2571	335833	1683143	5356	100	5256	89	8	81	11251	16	2640	0	0	0
6	230	WASHINGTON	38921	2391	297429	1515948	5185	59	5126	56	1	55	4694	14	2090	0	0	0
6	250	WINDHAM	26373	2091	313024	1092087	3768	55	3713	37	1	36	3489	8	439	0	0	0
6	270	WINDSOR	36984	3110	419474	1698452	6105	177	5928	59	10	49	7997	34	1645	0	0	0
11	0	DELAWARE	223003	10257	899641	5906223	22496	833	21663	9451	114	9337	136214	96703	2084	0		
11	10	KENT	31023	3043	300576	1827815	8019	299	7720	2527	67	2460	44068	42300	238			
11	30	NEW CASTLE	148239	1967	211008	1862993	7656	394	7262	634	35	599	25056	37048	1544	0		
11	50	SUSSEX	43741	5247	388057	2215415	6821	140	6681	6290	12	6278	67090	17355	302	0		
12	0	NEW JERSEY	3155900	29671	1924545	23452261	57137	796	56341	4966	137	4829	190549	53311	41060	0	0	0
12	10	ATLANTIC	83914	1674	50815	742055	1211	4	1207	154	4	150	2663	7	1	0	0	0
12	30	BERGEN	210703	1190	29693	978392	1242	4	1238	12	0	12	715	40	29	0	0	0
12	50	BURLINGTON	81770	2132	183940	2628844	5118	40	5078	1442	6	1436	24037	3015	236	0	0	0
12	70	CAMDEN	190508	758	33564	414512	1294	20	1274	231	11	220	3535	257	58	0	0	0
12	90	CAPE MAY	19460	682	48356	287860	762	8	754	53	0	53	3235	41	26	0	0	0
12	110	CUMBERLAND	61348	3340	144342	1982458	4434	30	4404	524	5	519	13045	2082	346	0	0	0
12	130	ESSEX	652089	686	17840	488911	745	6	739	19	0	19	963	29	4	0	0	0
12	150	GLOUCESTER	48224	2324	122166	2216383	4594	6	4588	575	26	549	12115	248	109	0	0	0
12	170	HUDSON	629154	48	427	157150	82	0	82	2	0	2	0	0	0	0	0	0
12	190	HUNTERDON	32885	2605	201109	1999934	5802	228	5574	179	13	166	24198	14407	13687	0	0	0
12	210	MERCER	159881	1129	92936	1209642	3034	17	3017	230	8	222	11833	4706	2355	0	0	0
12	230	MIDDLESEX	162334	1667	92735	1361254	3421	22	3399	161	0	161	7764	2846	797	0	0	0
12	250	MONMOUTH	104925	2672	172308	2062657	6444	73	6371	479	10	469	18214	2247	127	0	0	0
12	270	MORRIS	82694	944	88825	717275	1830	69	1761	43	1	42	6546	1096	2455	0	0	0
12	290	OCEAN	22155	665	26222	320072	536	21	515	48	2	46	1458	90	39	0	0	0
12	310	PASSAIC	259174	505	17821	587457	600	4	596	8	0	8	796	13	7	0	0	0
12	330	SALEM	36572	1909	148563	1750278	5644	99	5545	466	13	453	21797	4763	643	0	0	0
12	350	SOMERSET	47991	1246	100255	840416	2531	35	2496	112	10	102	9347	5641	4617	0	0	0
12	370	SUSSEX	24905	1397	184316	1106074	3077	30	3047	105	14	91	10842	1359	4345	0	0	0
12	390	UNION	200157	525	10750	463305	863	0	863	15	0	15	387	384	63	0	0	0
12	410	WARREN	45057	1573	157562	1137332	3873	80	3793	108	14	94	17059	10040	11116	0	0	0
13	0	NEW YORK	10385227	188754	19269926	169385252	440203	7417	432786	7062	482	6580	652716	313792	869166	0	0	0
13	10	ALBANY	186106	2661	246145	2504918	5924	69	5855	104	8	96	7024	1864	11166	0	0	0
13	30	ALLEGANY	36842	4203	545479	3278902	10324	239	10085	152	6	146	8958	1341	32924	0	0	0
13	50	BRONX	732016	41	738	14150	57	0	57	10	0	10	63	0	0	0	0	0
13	70	BROOME	113610	3515	363919	2396466	6914	126	6788	162	4	158	7454	240	10375	0	0	0
13	90	CATTARAUGUS	71323	5353	631254	4098266	11393	193	11200	136	2	134	15145	537	27940	0	0	0
13	110	CAYUGA	65221	4412	371994	4076207	11934	263	11671	229	27	202	21599	19528	25760	0	0	0
13	130	CHAUTAUQUA	115348	7354	581597	5651723	13795	213	13582	281	15	266	21301	1204	28122	0	0	0
13	150	CHEMUNG	65872	1925	207991	1452205	4247	62	4185	150	9	141	7074	2127	10243	0	0	0
13	170	CHENANGO	34969	3698	478496	3128809	8773	155	8618	162	6	156	10381	286	10411	0	0	0
13	190	CLINTON	43898	3385	413560	2585224	8516	263	8253	22	1	21	11637	372	17312	0	0	0
13	210	COLUMBIA	38930	2589	314822	2643823	6173	69	6104	189	5	184	14758	708	10426	0	0	0
13	230	CORTLAND	29625	2192	267211	2029765	5766	75	5691	132	15	117	7014	227	10553	0	0	0
13	250	DELAWARE	42774	4293	698217	3844355	10096	109	9987	170	13	157	5986	66	6579	0	0	0
13	270	DUTCHESS	91747	2303	325020	2581916	5782	77	5705	138	8	130	15722	1280	8516	0	0	0
13	290	ERIE	634688	7899	523268	7761425	16266	241	16025	232	14	218	24941	16077	37273	0	0	0
13	310	ESSEX	31871	1873	282744	1193485	4037	69	3968	33	1	32	3659	119	5603	0	0	0
13	330	FRANKLIN	43541	3103	351605	1857524	7206	246	6960	34	0	34	8986	326	15062	0	0	0
13	350	FULTON	44927	1922	175258	1023172	3417	106	3311	18	0	18	4051	61	5768	0	0	0
13	370	GENESEE	37976	3055	271357	3396218	9447	182	9265	113	10	103	11827	26857	16247	0	0	0
13	390	GREENE	25796	2328	263577	1576837	4013	39	3974	51	0	51	5464	826	3667	0	0	0
13	410	HAMILTON	3970	316	33019	130210	408	10	398	22	0	22	105	7	116	0	0	0
13	430	HERKIMER	64962	2739	324926	2863210	6851	47	6804	74	5	69	12039	282	12235	0	0	0
13	450	JEFFERSON	82250	5007	658061	5023140	13861	282	13579	118	9	109	23339	1400	65560	0	0	0
13	470	KINGS	2018356	40	300	36350	32	0	32	0	0	0	16	0	0	0	0	0
13	490	LEWIS	23704	2974	441553	2361480	6921	145	6776	54	0	54	7097	89	18953	0	0	0
13	510	LIVINGSTON	36830	2686	339487	3182995	10002	305	9697	148	20	128	11079	23905	20204	0	0	0
13	530	MADISON	39535	3632	348162	3012367	8811	162	8649	161	15	146	15117	1198	14669	0	0	0
13	550	MONROE	352034	5004	343823	6752270	13999	192	13807	145	13	132	19898	37746	24540	0	0	0
13	570	MONTGOMERY	57928	2024	218148	2215704	5681	107	5574	59	0	59	11809	607	17995	0	0	0
13	590	NASSAU	126120	766	42991	1277038	1780	30	1750	32	0	32	1197	25	0	0	0	0
13	610	NEW YORK	2284103	5	72	5450	8	0	8	2	0	2	0	0	0	0	0	0
13	630	NIAGARA	118705	4303	287108	5430735	9976	122	9854	227	14	213	19270	26707	20486	0	0	0
13	650	ONEIDA	182833	5822	569745	4916992	12575	139	12436	149	17	132	21076	744	16672	0	0	0
13	670	ONONDAGA	241465	5538	408319	5064064	13359	210	13149	253	21	232	23605	10131	22997	0	0	0
13	690	ONTARIO	52652	3685	340265	4352263	11360	205	11155	221	8	213	14350	25891	21006	0	0	0
13	710	ORANGE	119844	3706	310780	2885524	7425	118	7307	99	6	93	12736	1223	1893	0	0	0
13	730	ORLEANS	28619	2767	222157	3880907	7819	85	7734	140	8	132	10298	22292	11630	0	0	0
13	750	OSWEGO	71045	5815	446645	3752302	10565	138	10427	226	18	208	17671	781	14929	0	0	0
13	770	OTSEGO	46200	4887	547428	3615160	10733	184	10549	144	17	127	14673	177	19865	0	0	0
13	790	PUTNAM	10802	385	53560	321270	744	14	730	10	1	9	1710	1	131	0	0	0
13	810	QUEENS	469042	191	5840	630350	464	0	464	0	0	0	220	0	0	0	0	0
13	830	RENSSELAER	113129	3130	315992	2295544	6732	79	6653	71	7	64	12410	172	9951	0	0	0
13	850	RICHMOND	116531	159	3507	239951	259	0	259	2	0	2	194	6	7	0	0	0
13	870	ROCKLAND	45548	889	39424	572190	878	8	870	28	10	18	1110	40	190	0	0	0
13	890	ST LAWRENCE	88121	7583	1012449	6302680	19063	431	18632	144	14	130	30121	509	47003	0	0	0
13	910	SARATOGA	60029	3298	318198	2013592	6361	81	6280	85	0	85	11961	409	9199	0	0	0
13	930	SCHENECTADY	109363	1092	94455	986498	2348	27	2321	29	0	29	3472	153	5408	0	0	0
13	950	SCHOHARIE	21303	2889	332629	2277200	6607	92	6515	51	8	43	9173	610	17068	0	0	0
13	970	SCHUYLER	13098	1600	173165	1434331	3826	56	3770	154	13	141	4187	4590	9087	0	0	0
13	990	SENECA	24735	1902	179722	2144925	5573	102	5471	82	8	74	10086	16872	12724	0	0	0
13	1010	STEUBEN	80627	5786	725391	5148643	14982	346	14636	321	26	295	15231	7008	51398	0	0	0
13	1030	SUFFOLK	110246	2222	111762	3161700	4609	15	4594	119	8	111	9580	1070	650	0	0	0
13	1050	SULLIVAN	33163	3163	298303	1759594	5010	63	4947	135	5	130	4094	37	2473	0	0	0
13	1070	TIOGA	24212	2506	267641	1820071	5565	124	5441	196	17	179	8988	1075	13672	0	0	0
13	1090	TOMPKINS	35285	2363	233938	1968671	5814	119	5695	150	12	138	8691	6209	14256	0	0	0
13	1110	ULSTER	74979	4036	352596	2889567	6120	48	6072	125	11	114	9026	2226	3594	0	0	0
13	1130	WARREN	31673	1504	181835	629111	2315	50	2265	7	1	6	1653	11	795	0	0	0
13	1150	WASHINGTON	44888	3389	423820	2780717	8561	150	8411	75	7	68	21213	217	16855	0	0	0
13	1170	WAYNE	48827	4814	331007	5344014	11708	99	11609	203	7	196	21510	19120	21081	0	0	0
13	1190	WESTCHESTER	344436	782	72703	1210985	1640	32	1608	37	0	37	2491	119	223	0	0	0
13	1210	WYOMING	30314	3254	350074	3515400	9513	128	9385	102	7	95	9719	11927	24940	0	0	0
13	1230	YATES	16641	1997	194674	2084697	5265	76	5189	144	5	139	7457	14160	10764	0	0	0
14	0	PENNSYLVANIA	8720017	200443	16296468	140652293	409565	10961	398604	53133	2009	51124	1280222	1113818	954176	0	0	0
14	10	ADAMS	34583	3557	268249	2250001	7550	187	7363	3296	110	3186	35704	43985	11865	0	0	0
14	30	ALLEGHENY	1185808	4236	237096	2759221	6804	136	6668	302	13	289	13131	8808	11997	0	0	0
14	50	ARMSTRONG	75568	3569	286843	1874410	6850	225	6625	289	22	267	16822	13554	18223	0	0	0
14	70	BEAVER	111621	2415	192495	1477661	4789	106	4683	113	4	109	9867	7892	9855	0	0	0
14	90	BEDFORD	38277	3570	440770	2099357	7331	241	7090	688	49	639	25487	23826	17666	0	0	0
14	110	BERKS	200854	5965	383002	5170320	12173	160	12013	3302	162	3140	54481	58972	39034	0	0	0
14	130	BLAIR	128334	1824	158219	1244964	3811	87	3724	321	12	309	13104	12684	9674	0	0	0
14	150	BRADFORD	53166	5104	588087	3840030	11518	220	11298	221	16	205	24490	4542	28951	0	0	0
14	170	BUCKS	82476	5808	307619	5155047	11959	78	11881	410	29	381	40908	26607	19813	0	0	0
14	190	BUTLER	77270	4177	324778	2401397	8421	372	8049	276	27	249	19509	15014	21731	0	0	0
14	210	CAMBRIA	197839	2392	178790	1665453	4491	110	4381	233	2	231	8166	3974	16277	0	0	0
14	230	CAMERON	6297	183	14304	142190	313	18	295	15	3	12	197	83	528	0	0	0
14	250	CARBON	62565	934	81273	826360	1702	6	1696	57	7	50	3435	3498	3969	0	0	0
14	270	CENTRE	44304	2105	239797	1827651	6151	220	5931	446	47	399	23624	27100	19205	0	0	0
14	290	CHESTER	115120	5249	395346	5020039	13800	395	13405	1448	111	1337	53796	35674	21389	0	0	0
14	310	CLARION	36170	2978	247230	1843275	5799	254	5545	146	11	135	15407	14708	20165	0	0	0
14	330	CLEARFIELD	103236	3600	220137	1559409	4690	60	4630	386	32	354	9676	4247	14087	0	0	0
14	350	CLINTON	33555	1148	104164	704758	2381	69	2312	108	8	100	8829	8749	6377	0	0	0
14	370	COLUMBIA	48349	2648	203383	2044946	5549	42	5507	472	11	461	21994	22907	18615	0	0	0
14	390	CRAWFORD	60667	6578	548755	4029617	14065	654	13411	348	43	305	24981	8688	32764	0	0	0
14	410	CUMBERLAND	58578	3022	240670	2353882	7760	358	7402	2736	66	2670	45328	48615	22370	0	0	0
14	430	DAUPHIN	153116	2607	196311	1688095	5075	78	4997	1977	31	1946	27273	24628	18832	0	0	0
14	450	DELAWARE	173084	910	53304	761312	2331	36	2295	96	12	84	6606	2272	1514	0	0	0
14	470	ELK	34981	1017	74326	609153	1401	14	1387	68	4	64	1896	206	5766	0	0	0
14	490	ERIE	153536	5698	425331	4246486	11397	288	11109	229	16	213	21677	4811	27048	0	0	0
14	510	FAYETTE	188104	3557	270250	1632068	5931	202	5729	178	10	168	13813	6204	12516	0	0	0
14	530	FOREST	7477	450	45281	145591	708	12	696	17	0	17	869	681	1874	0	0	0
14	550	FRANKLIN	62275	3877	347936	3011004	12543	858	11685	1481	138	1343	54028	78406	7458	0	0	0
14	570	FULTON	9617	1284	162849	713416	2959	194	2765	349	28	321	11439	15934	2802	0	0	0
14	590	GREENE	30804	2915	319998	1385862	6604	197	6407	161	17	144	10717	4303	7501	0	0	0
14	610	HUNTINGDON	39848	2014	294824	1449206	4376	91	4285	1001	35	966	18749	19465	11154	0	0	0
14	630	INDIANA	80910	4062	348904	2187399	7963	282	7681	622	26	596	21347	13817	22030	0	0	0
14	650	JEFFERSON	62104	3161	226129	1924177	5554	307	5247	305	8	297	12121	7614	19926	0	0	0
14	670	JUNIATA	14464	1509	151880	1132066	3104	45	3059	1033	13	1020	14447	16380	11997	0	0	0
14	690	LACKAWANNA	286311	1717	121572	1272100	2927	52	2875	142	7	135	4000	56	4456	0	0	0
14	710	LANCASTER	173797	11457	520764	9364526	19103	327	18776	8831	297	8534	92436	101640	14610	0	0	0
14	730	LAWRENCE	85545	2604	178825	1903276	5661	327	5334	166	2	164	12944	10667	11560	0	0	0
14	750	LEBANON	63152	2429	163566	1632599	4789	68	4721	2251	89	2162	26682	30824	16533	0	0	0
14	770	LEHIGH	148101	2638	155889	2643039	6285	32	6253	204	12	192	18172	26282	10760	0	0	0
14	790	LUZERNE	390991	2842	189048	2050698	4263	48	4215	427	18	409	9424	5511	8877	0	0	0
14	810	LYCOMING	83100	3230	312463	2856012	7565	162	7403	255	21	234	27060	22362	22035	0	0	0
14	830	MCKEAN	48934	1683	148172	667509	2315	35	2280	23	1	22	1352	72	4994	0	0	0
14	850	MERCER	93788	4556	359272	3045273	10210	447	9763	232	15	217	20833	12683	23078	0	0	0
14	870	MIFFLIN	31439	1076	127959	1014627	3084	101	2983	824	40	784	13987	15421	10451	0	0	0
14	890	MONROE	24295	1498	132805	1008585	2427	22	2405	75	1	74	6077	3553	5648	0	0	0
14	910	MONTGOMERY	199310	4250	204528	3851302	8685	109	8576	324	24	300	29782	19952	11827	0	0	0
14	930	MONTOUR	14080	767	70477	622556	2190	23	2167	90	0	90	9091	10082	8166	0	0	0
14	950	NORTHAMPTON	153506	3146	164160	2665632	6716	61	6655	116	0	116	21928	25994	17243	0	0	0
14	970	NORTHUMBERLAND	122079	2527	195564	2149410	5436	55	5381	867	16	851	24287	27134	20781	0	0	0
14	990	PERRY	22875	2030	210312	1179980	3898	76	3822	1884	33	1851	21956	22135	16130	0	0	0
14	1010	PHILADELPHIA	1823779	381	15971	126650	909	6	903	12	0	12	1537	820	63	0	0	0
14	1030	PIKE	6818	713	121284	365155	846	9	837	62	0	62	906	168	856	0	0	0
14	1050	POTTER	21089	1815	260603	1033828	4013	142	3871	68	7	61	3360	74	12618	0	0	0
14	1070	SCHUYLKILL	217754	2701	183779	2770012	5067	39	5028	806	23	783	13859	15711	13167	0	0	0
14	1090	SNYDER	17129	1713	139360	1010589	3637	36	3601	592	40	552	16738	19601	14149	0	0	0
14	1110	SOMERSET	82112	3896	429173	2777933	8281	316	7965	271	7	264	20247	8369	33666	0	0	0
14	1130	SULLIVAN	9520	821	84108	534743	1577	50	1527	30	2	28	2666	441	3920	0	0	0
14	1150	SUSQUEHANNA	34763	3451	420003	2453509	7487	111	7376	148	1	147	12062	227	11666	0	0	0
14	1170	TIOGA	37118	3696	429206	2604907	8365	274	8091	166	3	163	14105	510	24912	0	0	0
14	1190	UNION	15850	1370	99918	1027576	3639	28	3611	263	4	259	14706	17920	12051	0	0	0
14	1210	VENANGO	59184	2373	196167	1219834	4154	114	4040	53	3	50	7255	3255	10639	0	0	0
14	1230	WARREN	40024	2544	241174	1327135	4552	157	4395	103	2	101	5878	908	9889	0	0	0
14	1250	WASHINGTON	188992	4441	445874	2775726	10228	351	9877	289	18	271	22847	13215	20424	0	0	0
14	1270	WAYNE	27435	3155	319761	1852570	5493	139	5354	157	12	145	6063	77	4967	0	0	0
14	1290	WESTMORELAND	273568	5258	428908	2720109	10656	413	10243	551	31	520	29996	21148	28316	0	0	0
14	1310	WYOMING	14101	1639	152972	1096979	2818	52	2766	144	3	141	6341	468	4908	0	0	0
14	1330	YORK	144521	7903	494501	5852091	14436	177	14259	9577	154	9423	77727	87690	25843	0	0	0
21	0	ILLINOIS	6485280	225601	30731947	147103640	1029909	62129	967780	167760	22055	145705	8778334	2250385	4074839	0	15631	0
21	10	ADAMS	62188	3432	473536	1913162	14021	722	13299	3173	416	2757	101537	52340	38912	0	0	0
21	30	ALEXANDER	23980	868	63774	196608	949	40	909	1656	44	1612	17426	2088	40	0	8077	0
21	50	BOND	16045	1606	202308	544672	6260	281	5979	1362	278	1084	30767	10755	21840	0	0	0
21	70	BOONE	15322	1213	164635	1216582	6113	321	5792	92	3	89	43587	844	28755	0	0	0
21	90	BROWN	9336	1226	174621	533988	5439	306	5133	850	157	693	39322	10678	10783	0	0	0
21	110	BUREAU	42648	2985	489814	3249803	19035	1384	17651	921	118	803	174734	23819	83814	0	0	0
21	130	CALHOUN	8245	1095	150331	480519	3073	120	2953	1415	120	1295	18159	7435	1813	0	0	0
21	150	CARROLL	19345	1742	263458	1444177	9119	637	8482	300	43	257	65512	1919	39661	0	0	0
21	170	CASS	17896	1100	202668	818834	5754	317	5437	1590	200	1390	58698	39575	13416	0	0	0
21	190	CHAMPAIGN	56959	3457	597147	3629238	22687	1544	21143	2944	365	2579	267878	30228	144630	0	0	0
21	210	CHRISTIAN	38458	2695	421997	2153822	15015	854	14161	3943	639	3304	160694	42269	53208	0	0	0
21	230	CLARK	21165	2552	269151	816904	8398	348	8050	983	198	785	54920	9200	14601	0	13	0
21	250	CLAY	17684	2311	247430	506178	8040	521	7519	1343	272	1071	39609	1842	14910	0	0	0
21	270	CLINTON	22947	1800	263881	1241916	7384	206	7178	1960	167	1793	40593	60423	30196	0	0	0
21	290	COLES	35108	2306	293781	1469819	10378	532	9846	2045	264	1781	106010	19080	27698	0	0	0
21	310	COOK	3053017	4593	289326	3925587	11921	173	11748	303	46	257	59166	5808	52889	0	0	0
21	330	CRAWFORD	22771	2023	221802	568568	6730	276	6454	733	88	645	45649	11739	5582	0	0	0
21	350	CUMBERLAND	12858	1897	190349	498368	6874	362	6512	948	196	752	42142	916	9339	0	0	0
21	370	DE KALB	31339	2416	387501	3545034	15032	1060	13972	513	90	423	146275	7906	72721	0	0	0
21	390	DE WITT	19252	1508	242119	1210987	9684	801	8883	1103	188	915	102017	19238	47027	0	0	0
21	410	DOUGLAS	19604	1579	233764	1433077	9218	476	8742	1058	248	810	103038	21769	38747	0	0	0
21	430	DU PAGE	42120	1477	159171	1310445	5698	175	5523	150	21	129	39831	5562	28045	0	0	0
21	450	EDGAR	25769	2352	366068	1309174	12316	773	11543	2372	239	2133	129600	29636	58178	0	0	0
21	470	EDWARDS	9431	1137	131431	445233	3993	262	3731	1181	177	1004	30366	11694	6760	0	0	0
21	490	EFFINGHAM	19556	2139	257958	665029	8171	407	7764	1281	265	1016	47563	11156	27553	0	0	0
21	510	FAYETTE	26187	3470	385273	934768	13022	946	12076	2126	425	1701	80583	16139	33007	0	0	0
21	530	FORD	16466	1606	298188	1595532	11912	1158	10754	657	143	514	129062	2329	93931	0	0	0
21	550	FRANKLIN	57293	2392	184603	445783	5009	215	4794	2163	277	1886	26177	2375	4037	0	0	0
21	570	FULTON	48163	3083	454493	2301516	15694	946	14748	1446	206	1240	110408	56700	33977	0	0	0
21	590	GALLATIN	12856	1142	158220	364290	3775	246	3529	3045	284	2761	51449	21021	3210	0	4	0
21	610	GREENE	22883	1911	297365	942842	9431	431	9000	2524	250	2274	85411	25826	11393	0	0	0
21	630	GRUNDY	18580	1397	246207	1414423	9389	723	8666	540	50	490	98667	10899	64378	0	0	0
21	650	HAMILTON	15920	2623	234472	430927	6429	405	6024	2742	511	2231	41850	5751	6029	0	0	0
21	670	HANCOCK	28523	3117	412885	2252546	14936	972	13964	1758	456	1302	112042	37613	37379	0	0	0
21	690	HARDIN	7533	756	91670	103179	1556	175	1381	1413	166	1247	13361	262	67	0	0	0
21	710	HENDERSON	9770	1134	207870	923665	6859	455	6404	764	88	676	66218	20139	18634	0	0	0
21	730	HENRY	45162	2986	467483	2803896	18069	1284	16785	1016	127	889	162852	13782	76484	0	0	0
21	750	IROQUOIS	34841	3775	670957	3648684	25756	2304	23452	2071	216	1855	272232	10191	217385	0	0	0
21	770	JACKSON	37091	2496	298142	804866	6193	289	5904	3443	291	3152	42881	29636	5862	0	110	0
21	790	JASPER	16064	2621	282521	847921	9843	659	9184	1318	265	1053	56843	2687	17302	0	0	0
21	810	JEFFERSON	28480	3533	316732	580641	8328	366	7962	2580	436	2144	51769	5602	10023	0	0	0
21	830	JERSEY	12682	1446	213013	756505	6028	254	5774	1086	156	930	35510	19551	10515	0	0	0
21	850	JO DAVIESS	21917	2115	342777	1641784	9912	598	9314	222	54	168	52728	1184	35835	0	0	0
21	870	JOHNSON	12022	1690	182603	295542	2803	183	2620	2368	341	2027	18417	204	63	0	549	0
21	890	KANE	99499	2150	296137	2453645	10257	365	9892	355	36	319	85582	11884	46790	0	0	0
21	910	KANKAKEE	44940	2395	389797	2387926	13544	889	12655	473	43	430	140050	17236	105455	0	0	0
21	930	KENDALL	10074	1077	188826	1484375	7034	439	6595	160	26	134	70275	7196	49135	0	0	0
21	950	KNOX	46727	2586	405867	2103725	14791	1002	13789	1200	238	962	124412	28318	52628	0	0	0
21	970	LAKE	74285	2010	223459	2017190	7691	256	7435	118	8	110	36564	2731	27662	0	0	0
21	990	LA SALLE	92925	3998	660187	3896111	29317	1858	27459	1109	151	958	257593	26862	164985	0	0	0
21	1010	LAWRENCE	21380	1504	183886	484990	4853	288	4565	1217	169	1048	42159	15012	7085	0	0	0
21	1030	LEE	28004	2535	432973	2508102	15313	1171	14142	555	139	416	148662	16150	87409	0	0	0
21	1050	LIVINGSTON	39070	3747	633014	3999230	24846	1979	22867	2132	318	1814	273499	10475	219891	0	0	0
21	1070	LOGAN	29562	2146	367957	1925462	13073	669	12404	2385	277	2108	130785	78328	50655	0	0	0
21	1090	MCDONOUGH	27074	2597	350801	1954389	13337	865	12472	1420	153	1267	113678	44778	32163	0	0	0
21	1110	MCHENRY	33164	2744	354789	2297541	12696	379	12317	201	40	161	84553	3599	49295	0	0	0
21	1130	MCLEAN	70107	4188	707262	4607557	29499	2110	27389	3429	388	3041	320533	30000	172306	0	0	0
21	1150	MACON	65175	2441	338016	1813912	12710	708	12002	2162	256	1906	143139	35250	48361	0	0	0
21	1170	MACOUPIN	57274	3374	455534	1505500	16134	713	15421	2611	434	2177	108689	32683	40493	0	0	0
21	1190	MADISON	106895	3430	389312	2092311	10828	324	10504	4208	291	3917	62194	82454	30494	0	0	0
21	1210	MARION	37497	2894	302205	661995	8504	505	7999	1893	385	1508	40450	5982	15147	0	0	0
21	1230	MARSHALL	14760	1162	211389	1415485	7803	607	7196	472	62	410	73727	11306	48148	0	0	0
21	1250	MASON	16634	1484	295512	1265875	8117	435	7682	1982	158	1824	86955	82761	20672	0	0	0
21	1270	MASSAC	13559	1162	125870	234494	2068	119	1949	2220	127	2093	20048	4978	1471	0	445	0
21	1290	MENARD	11694	1024	182552	763949	6333	497	5836	1288	169	1119	57876	42851	14725	0	0	0
21	1310	MERCER	18800	1826	300215	1445532	10589	674	9915	1356	183	1173	101458	4779	34684	0	0	0
21	1330	MONROE	12839	1407	207213	825987	3202	87	3115	2945	62	2883	22148	60003	6361	0	0	0
21	1350	MONTGOMERY	41403	2945	392742	1503879	13279	662	12617	2731	522	2209	95168	17998	47751	0	0	0
21	1370	MORGAN	33567	2326	327228	1122870	11159	543	10616	2417	272	2145	109084	59065	25149	0	0	0
21	1390	MOULTRIE	14839	1403	200858	922437	8637	587	8050	997	217	780	89550	12794	26078	0	0	0
21	1410	OGLE	26830	2622	449925	2361873	15754	1096	14658	586	103	483	133685	4244	101731	0	0	0
21	1430	PEORIA	111710	2418	323189	1896608	11918	720	11198	638	62	576	91273	24206	46854	0	0	0
21	1450	PERRY	22901	1999	222193	577618	5963	292	5671	1696	236	1460	28177	24799	11062	0	0	0
21	1470	PIATT	15714	1340	253686	1559997	10127	763	9364	1452	251	1201	106247	28307	46960	0	0	0
21	1490	PIKE	26866	3063	447932	1307423	13661	792	12869	2904	474	2430	104807	42765	22072	0	0	0
21	1510	POPE	9625	1525	191921	236846	2796	184	2612	2600	283	2317	24396	1722	1999	0	97	0
21	1530	PULASKI	14629	1175	98641	339654	2013	99	1914	2308	180	2128	17982	3855	715	0	5326	0
21	1550	PUTNAM	7579	445	79688	479782	2966	226	2740	212	36	176	24084	7588	11690	0	0	0
21	1570	RANDOLPH	29109	2228	312667	951272	7738	361	7377	2723	384	2339	34713	71952	8496	0	0	0
21	1590	RICHLAND	14044	1897	197356	545266	6070	402	5668	1090	225	865	35138	4540	12990	0	0	0
21	1610	ROCK ISLAND	92297	1857	224804	1403511	8450	420	8030	543	104	439	64744	5588	23931	0	0	0
21	1630	ST CLAIR	136520	3032	338335	1707893	8591	182	8409	4737	207	4530	46415	98109	21210	0	0	0
21	1650	SALINE	38353	2097	193998	589695	4837	250	4587	3168	408	2760	38514	9441	4996	0	0	0
21	1670	SANGAMON	100262	3232	478160	1748630	16919	829	16090	3292	530	2762	178365	62574	57514	0	0	0
21	1690	SCHUYLER	13285	1436	230407	848068	7009	510	6499	867	118	749	46262	36279	11892	0	0	0
21	1710	SCOTT	9489	1028	146860	653669	4791	160	4631	1281	119	1162	47314	28150	4184	0	0	0
21	1730	SHELBY	29601	3685	448473	1654597	16789	881	15908	2690	461	2229	132457	3469	48128	0	0	0
21	1750	STARK	9693	1013	169946	938681	7196	704	6492	526	80	446	64043	3325	34026	0	0	0
21	1770	STEPHENSON	37743	2817	342093	2169685	13018	727	12291	330	74	256	83043	1748	66537	0	0	0
21	1790	TAZEWELL	38540	2273	349083	2302492	13677	1282	12395	1255	150	1105	106726	63379	47790	0	0	0
21	1810	UNION	20249	1996	206741	718402	3779	167	3612	3225	219	3006	25599	9653	713	0	928	0
21	1830	VERMILION	86162	3185	506777	1938795	17111	1072	16039	2453	351	2102	187314	25533	116294	0	0	0
21	1850	WABASH	14034	1036	127277	480228	3358	112	3246	1153	98	1055	33740	17193	6785	0	7	0
21	1870	WARREN	21488	1833	315024	1676898	11491	978	10513	1062	145	917	123044	20154	42001	0	0	0
21	1890	WASHINGTON	18035	2218	307259	1145012	7926	344	7582	2690	375	2315	35223	86171	10784	0	0	0
21	1910	WAYNE	22772	3635	382149	869781	9812	650	9162	3236	739	2497	73369	3580	6927	0	0	0
21	1930	WHITE	20081	2292	282693	680903	6326	327	5999	4362	349	4013	81115	38709	7950	0	60	0
21	1950	WHITESIDE	36174	2671	404920	2330329	15213	950	14263	556	111	445	133338	26835	63282	0	0	0
21	1970	WILL	92911	3147	459721	3018055	15745	803	14942	489	68	421	147674	18292	124924	0	0	0
21	1990	WILLIAMSON	61092	2818	219616	508007	4656	163	4493	3244	256	2988	32472	2705	979	0	15	0
21	2010	WINNEBAGO	90929	2169	284206	1676280	9891	495	9396	161	48	113	71962	1833	52593	0	0	0
21	2030	WOODFORD	19340	2062	309111	1876187	12458	950	11508	694	103	591	112715	8404	81208	0	0	0
22	0	INDIANA	2930390	195786	19915120	79739572	556078	22931	533147	100976	9717	91259	4361021	1605117	1627247	0	14	0
22	10	ADAMS	20503	2127	199542	1083966	6910	457	6453	294	18	276	31970	16296	32714	0		0
22	30	ALLEN	114303	4038	371972	2283793	12299	577	11722	568	109	459	58042	25085	58871	0		0
22	50	BARTHOLOMEW	23887	2005	237369	1033352	5780	226	5554	2669	161	2508	54471	40599	5311	0		0
22	70	BENTON	12206	1223	252709	1045074	8047	602	7445	887	77	810	101527	13040	76306	0		0
22	90	BLACKFORD	14084	976	95353	416842	3124	140	2984	130	20	110	21861	1839	14099	0		0
22	110	BOONE	23575	2482	233680	991824	8689	461	8228	501	114	387	75954	9151	32004	0		0
22	130	BROWN	7019	1323	147672	191929	2167	70	2097	596	44	552	12047	1565	544	0		0
22	150	CARROLL	16315	1996	224817	1522200	6560	273	6287	846	78	768	67720	23993	25501	0		0
22	170	CASS	38333	2405	238525	1100608	7491	323	7168	919	102	817	62238	23669	26866	0		0
22	190	CLARK	29381	2155	202504	539442	4048	135	3913	1670	154	1516	27642	11222	2364	0		0
22	210	CLAY	29447	2539	202483	634824	5713	134	5579	1338	125	1213	36867	19140	8698	0		0
22	230	CLINTON	27737	2136	229479	1283084	7849	397	7452	482	59	423	73182	30598	27244	0		0
22	250	CRAWFORD	11201	1714	169297	296101	2830	87	2743	1180	75	1105	19007	4327	1054	0		0
22	270	DAVIESS	26856	2550	242237	742928	6644	301	6343	2827	316	2511	54876	17085	8832	0		0
22	290	DEARBORN	20033	2065	179237	726963	4586	123	4463	1004	56	948	18667	8367	4772	0		0
22	310	DECATUR	17813	1645	203587	855477	5662	208	5454	1610	204	1406	53867	33769	2147	0		0
22	330	DE KALB	25600	2265	206472	1402272	6401	173	6228	138	24	114	27946	20718	24249	0		0
22	350	DELAWARE	56377	2786	226574	1038376	8002	428	7574	444	50	394	63107	8939	27581	0		0
22	370	DUBOIS	19915	2158	253584	755342	5526	216	5310	1966	112	1854	32866	29402	7778	0		0
22	390	ELKHART	56384	3083	256383	1311175	8317	360	7957	324	34	290	41942	25442	22429	0		0
22	410	FAYETTE	17142	989	123003	609367	3164	162	3002	734	52	682	31464	18147	2727	0		0
22	430	FLOYD	30661	1311	80925	396219	1932	25	1907	497	9	488	8504	3169	664	0		0
22	450	FOUNTAIN	18823	1668	221647	677893	6234	295	5939	834	147	687	55435	22384	29494	0		0
22	470	FRANKLIN	14806	2075	226493	1011415	4329	80	4249	781	54	727	39681	23557	1884	0		0
22	490	FULTON	16478	2228	223174	949889	6394	336	6058	486	80	406	52081	14560	20181	0		0
22	510	GIBSON	29201	2394	246277	887802	6625	247	6378	3272	191	3081	73257	35639	4066	0		0
22	530	GRANT	51353	2795	240451	1127299	7654	296	7358	568	53	515	58253	13171	32579	0		0
22	550	GREENE	36770	3266	286220	658368	6394	175	6219	2391	303	2088	49628	12842	7822	0		0
22	570	HAMILTON	24222	2627	217359	971961	7820	413	7407	502	65	437	64573	18609	23199	0		0
22	590	HANCOCK	17210	1855	177510	864007	6302	285	6017	472	38	434	58157	15871	19561	0		0
22	610	HARRISON	18656	2900	269981	665728	6044	195	5849	1059	45	1014	31570	17656	1840	0		0
22	630	HENDRICKS	20291	2648	240723	955178	7985	227	7758	1523	90	1433	72588	17417	21335	0		0
22	650	HENRY	34682	2355	220386	1279703	7512	358	7154	548	93	455	67045	15094	24147	0		0
22	670	HOWARD	43965	2058	174618	795146	6092	298	5794	416	74	342	52602	12369	22758	0		0
22	690	HUNTINGTON	31671	2610	230232	1234352	7207	320	6887	598	135	463	45856	9631	41567	0		0
22	710	JACKSON	24228	2451	263629	983967	4616	91	4525	3889	212	3677	45101	28272	4396	0		0
22	730	JASPER	13961	1745	299833	1070762	7991	426	7565	686	106	580	90231	13524	56747	0		0
22	750	JAY	23318	2482	219913	1002270	7474	388	7086	475	90	385	36013	8212	33272	0		0
22	770	JEFFERSON	20709	2445	215475	689629	5255	127	5128	1488	113	1375	26020	9751	2162	0		0
22	790	JENNINGS	13280	1947	215452	388145	4478	225	4253	1337	136	1201	27039	8711	1725	0		0
22	810	JOHNSON	20739	2009	175413	841537	6180	209	5971	1758	78	1680	49439	32659	1422	0		0
22	830	KNOX	46195	2367	284961	980722	7077	263	6814	4219	389	3830	81532	40293	10117	0		0
22	850	KOSCIUSKO	27120	3225	305856	1557233	8991	357	8634	627	116	511	57664	24583	28683	0		0
22	870	LAGRANGE	14009	1845	214996	1130494	6314	396	5918	351	55	296	39595	20872	15191	0		0
22	890	LAKE	159957	1784	205590	1354881	6880	399	6481	119	26	93	46033	10917	35314	0		0
22	910	LA PORTE	50443	2300	313299	1399366	8404	320	8084	438	54	384	66507	30999	34776	0		0
22	930	LAWRENCE	28228	2231	240854	420569	3792	111	3681	1963	147	1816	29379	5771	4292	0		0
22	950	MADISON	69151	2957	258118	1182530	9272	421	8851	512	74	438	78950	20773	31309	0		0
22	970	MARION	348061	2452	164219	1180290	5723	163	5560	770	42	728	42026	15335	13790	0		0
22	990	MARSHALL	23744	2569	250129	1095033	7346	243	7103	436	78	358	49156	22479	19321	0		0
22	1010	MARTIN	11865	1569	181765	281520	3120	87	3033	1366	140	1226	21388	4451	2111	0		0
22	1030	MIAMI	28668	2223	219502	1048617	6596	301	6295	863	163	700	49644	25154	19977	0		0
22	1050	MONROE	24519	2284	218321	279849	3889	76	3813	992	64	928	20170	3672	2968	0		0
22	1070	MONTGOMERY	28490	2614	285340	1203006	8996	358	8638	1063	141	922	87305	18565	33111	0		0
22	1090	MORGAN	20010	2334	218808	486800	5750	242	5508	1063	81	982	46647	17397	5295	0		0
22	1110	NEWTON	10144	1078	224655	866456	5774	322	5452	906	118	788	73041	8229	53099	0		0
22	1130	NOBLE	22470	2367	235028	1102143	6484	308	6176	490	93	397	39644	21015	23828	0		0
22	1150	OHIO	4024	555	49246	133655	1195	22	1173	238	23	215	5560	966	592	0		0
22	1170	ORANGE	16974	1875	202058	442065	3868	136	3732	1318	203	1115	28116	7260	2734	0		0
22	1190	OWEN	12760	1683	194440	336564	4079	127	3952	784	122	662	22743	6481	3168	0		0
22	1210	PARKE	18875	2129	240646	664221	7189	278	6911	998	99	899	44444	16568	13123	0		0
22	1230	PERRY	16692	1731	209827	425618	3591	132	3459	1636	116	1520	23136	10472	1509	0		0
22	1250	PIKE	18684	2029	161990	398590	4320	107	4213	1429	89	1340	33777	6097	1223	0		0
22	1270	PORTER	20256	1729	214768	1184196	6358	377	5981	253	43	210	43959	17361	33614	0		0
22	1290	POSEY	19334	2041	221742	628417	4376	107	4269	4249	121	4128	62082	47022	3003	0		0
22	1310	PULASKI	12385	1578	246250	900918	6480	338	6142	407	64	343	58914	14674	33151	0		0
22	1330	PUTNAM	19880	2412	263962	640068	6436	214	6222	1303	120	1183	53175	13542	11778	0		0
22	1350	RANDOLPH	26484	3334	277646	1204896	10097	473	9624	445	116	329	77876	19700	38356	0		0
22	1370	RIPLEY	18694	2956	264049	948671	6873	254	6619	1424	128	1296	36205	22724	3772	0		0
22	1390	RUSH	19241	1775	226519	1341015	7707	339	7368	849	99	750	81084	34880	8958	0		0
22	1410	ST JOSEPH	103304	2392	236080	1254414	7027	238	6789	195	29	166	34880	21116	18619	0		0
22	1430	SCOTT	7424	1040	98627	273354	2470	55	2415	875	102	773	15603	4346	1537	0		0
22	1450	SHELBY	25982	2478	242685	1493963	9289	337	8952	754	122	632	79900	47062	8637	0		0
22	1470	SPENCER	18400	2267	207660	614802	5279	198	5081	2897	217	2680	39218	23677	2089	0		0
22	1490	STARKE	10278	1417	159472	692792	3970	143	3827	266	91	175	28392	6300	14359	0		0
22	1510	STEUBEN	13360	1661	171074	826735	4563	115	4448	132	26	106	28157	10862	14978	0		0
22	1530	SULLIVAN	31630	2905	237409	780606	7158	282	6876	1562	174	1388	50215	17821	6551	0		0
22	1550	SWITZERLAND	9311	1828	138982	471735	3659	116	3543	613	48	565	13613	1973	1785	0		0
22	1570	TIPPECANOE	42813	2349	299183	1266476	9146	379	8767	1261	108	1153	94432	33190	43410	0		0
22	1590	TIPTON	16152	1825	160882	845355	5867	317	5550	379	90	289	51377	16966	14516	0		0
22	1610	UNION	6021	752	98775	527038	2531	60	2471	423	45	378	26368	17843	1197	0		0
22	1630	VANDERBURGH	92293	1598	116356	783384	2558	37	2521	2654	43	2611	27438	19777	829	0		0
22	1650	VERMILLION	27625	994	130005	378790	3658	194	3464	793	139	654	31920	12009	14734	0		0
22	1670	VIGO	100212	2428	185783	578952	5497	125	5372	1577	111	1466	38984	21881	8719	0		0
22	1690	WABASH	27231	2350	244827	1070931	7089	380	6709	801	92	709	51734	20621	31546	0		0
22	1710	WARREN	9699	1288	209709	489270	6123	261	5862	1023	95	928	63447	13649	45057	0		0
22	1730	WARRICK	19862	2380	210535	530147	4823	139	4684	3547	250	3297	36487	18911	1725	0		0
22	1750	WASHINGTON	16645	2643	302699	663137	5794	141	5653	2411	343	2068	42238	13839	7557	0		0
22	1770	WAYNE	48136	2203	218438	1051500	6416	319	6097	571	108	463	60155	25319	10735	0		0
22	1790	WELLS	20509	2386	211923	997272	6849	258	6591	506	32	474	44176	6871	34456	0		0
22	1810	WHITE	17351	1849	293533	1095878	8686	440	8246	1107	164	943	100362	15600	63982	0		0
22	1830	WHITLEY	15660	2198	203709	918429	6322	257	6065	411	68	343	31837	11741	29154	0		0
23	0	MICHIGAN	3668412	192327	18035290	96252746	482441	14182	468259	6979	645	6334	1560789	792965	1443063	0	0	0
23	10	ALCONA	5912	915	121570	360347	2382	92	2290	10	0	10	2178	733	5454	0	0	0
23	30	ALGER	9983	572	43067	222771	756	9	747	9	0	9	30	58	1527	0	0	0
23	50	ALLEGAN	37540	5589	415455	2713153	12629	257	12372	260	25	235	49787	29778	30567	0	0	0
23	70	ALPENA	17869	1207	147681	437792	2785	88	2697	13	2	11	1896	2262	8035	0	0	0
23	90	ANTRIM	11543	1356	152181	442206	2837	42	2795	42	2	40	8190	970	4420	0	0	0
23	110	ARENAC	9460	1281	129892	471165	3557	105	3452	9	0	9	7310	487	10914	0	0	0
23	130	BARAGA	7662	817	59392	365360	966	7	959	1	0	1	94	132	1952	0	0	0
23	150	BARRY	21383	3047	313423	1515461	8328	168	8160	134	9	125	31607	23118	21690	0	0	0
23	170	BAY	69548	3459	228727	1869529	8269	277	7992	102	7	95	20084	6391	24750	0	0	0
23	190	BENZIE	6947	809	78075	293548	1407	43	1364	58	1	57	4784	594	1303	0	0	0
23	210	BERRIEN	62653	5811	316471	3304184	10903	227	10676	369	56	313	30232	17871	16589	0	0	0
23	230	BRANCH	23997	3127	291818	1250011	8281	251	8030	212	17	195	43030	21913	29297	0	0	0
23	250	CALHOUN	72918	3427	369462	1635784	9622	280	9342	138	13	125	46072	33410	30908	0	0	0
23	270	CASS	20395	2503	264153	1132620	6961	170	6791	147	20	127	38017	22155	17676	0	0	0
23	290	CHARLEVOIX	15788	1322	121255	386536	2459	68	2391	33	4	29	5398	612	4837	0	0	0
23	310	CHEBOYGAN	13991	1127	102647	368521	2119	44	2075	13	0	13	3283	944	5185	0	0	0
23	330	CHIPPEWA	24818	1730	196280	702811	3754	211	3543	11	0	11	165	1916	18324	0	0	0
23	350	CLARE	8250	1123	164904	298212	2969	121	2848	29	4	25	6581	838	7198	0	0	0
23	370	CLINTON	23110	3316	341824	2146055	10873	370	10503	104	15	89	38997	30898	36584	0	0	0
23	390	CRAWFORD	4049	188	41756	64040	356	4	352	3	0	3	722	42	346	0	0	0
23	410	DELTA	30909	1468	142845	724995	2721	41	2680	18	0	18	1599	108	7955	0	0	0
23	430	DICKINSON	19456	479	43477	162970	802	9	793	32	1	31	516	76	1991	0	0	0
23	450	EATON	29377	3622	336201	2091281	10479	322	10157	150	30	120	37123	29449	31066	0	0	0
23	470	EMMET	15639	1226	114997	427206	2314	65	2249	25	3	22	5299	1203	5227	0	0	0
23	490	GENESEE	125668	3819	342740	1907511	10100	260	9840	91	8	83	30302	22523	34591	0	0	0
23	510	GLADWIN	8827	1312	143247	462608	3596	122	3474	64	1	63	7714	462	8999	0	0	0
23	530	GOGEBIC	33225	808	37569	399266	1009	15	994	4	1	3	158	75	641	0	0	0
23	550	GRAND TRAVERSE	19518	1615	150029	828816	3460	48	3412	60	9	51	12530	1722	7354	0	0	0
23	570	GRATIOT	33914	3702	322712	1974477	11073	459	10614	149	18	131	37009	11188	34190	0	0	0
23	590	HILLSDALE	28161	4092	357644	1989036	10546	318	10228	240	46	194	48984	20044	37470	0	0	0
23	610	HOUGHTON	71930	1971	143495	775551	2512	31	2481	18	0	18	776	950	7581	0	0	0
23	630	HURON	32786	4593	479218	2991463	15235	666	14569	116	23	93	22674	25840	54642	0	0	0
23	650	INGHAM	81554	3447	319316	1578750	9541	335	9206	101	9	92	34941	15012	29406	0	0	0
23	670	IONIA	33087	3085	332263	2134762	9876	424	9452	130	13	117	39737	29700	32304	0	0	0
23	690	IOSCO	8199	715	110387	305868	2066	127	1939	9	1	8	3332	234	5817	0	0	0
23	710	IRON	22107	783	57961	401403	1219	18	1201	6	0	6	116	93	1600	0	0	0
23	730	ISABELLA	22610	3138	309310	1555991	9061	344	8717	46	1	45	23306	6463	28645	0	0	0
23	750	JACKSON	72539	3550	401432	1830402	10059	279	9780	242	27	215	45040	17789	26030	0	0	0
23	770	KALAMAZOO	71225	2611	249146	1136348	6448	116	6332	151	16	135	29802	21789	19847	0	0	0
23	790	KALKASKA	5577	668	77574	231565	1453	45	1408	50	0	50	5635	578	1888	0	0	0
23	810	KENT	183041	5606	434904	2750372	12550	273	12277	96	13	83	42328	21333	34067	0	0	0
23	830	KEWEENAW	6322	188	10165	26240	85	0	85	0	0	0	7	44	152	0	0	0
23	850	LAKE	4437	680	85081	217619	1571	57	1514	49	5	44	4832	493	2146	0	0	0
23	870	LAPEER	25782	3536	370089	1837169	10444	361	10083	70	9	61	28271	17446	37246	0	0	0
23	890	LEELANAU	9061	1255	146172	548348	2687	49	2638	47	0	47	7547	2730	7510	0	0	0
23	910	LENAWEE	47767	4904	448726	2900540	14060	465	13595	319	36	283	85341	27355	57925	0	0	0
23	930	LIVINGSTON	17522	2489	310411	1443941	7659	198	7461	69	4	65	27264	16448	24380	0	0	0
23	950	LUCE	6149	195	22570	107773	332	4	328	7	0	7	316	46	1255	0	0	0
23	970	MACKINAC/MICHILIM	8026	593	60388	198224	1029	28	1001	7	0	7	41	483	3259	0	0	0
23	990	MACOMB	38103	3246	226606	1776219	7493	87	7406	95	16	79	28055	19155	27452	0	0	0
23	1010	MANISTEE	20899	1412	136126	456396	2869	46	2823	65	0	65	10200	1965	3509	0	0	0
23	1030	MARQUETTE	45786	1108	93879	474628	1762	11	1751	11	0	11	155	56	2797	0	0	0
23	1050	MASON	19831	1976	179322	841173	4468	125	4343	81	10	71	11011	5047	9353	0	0	0
23	1070	MECOSTA	17765	2552	258179	777785	5529	194	5335	41	3	38	19893	1196	17638	0	0	0
23	1090	MENOMINEE	23778	1978	236072	1001675	4002	151	3851	34	3	31	5290	433	10697	0	0	0
23	1110	MIDLAND	17237	2105	188387	902795	5498	220	5278	89	7	82	13233	726	13029	0	0	0
23	1130	MISSAUKEE	9004	1254	160385	480125	3233	85	3148	67	7	60	8115	2007	9426	0	0	0
23	1150	MONROE	37115	4216	305947	2348596	10803	264	10539	165	22	143	54613	28170	39064	0	0	0
23	1170	MONTCALM	30441	4000	372895	1769920	10054	326	9728	115	10	105	30977	10090	32782	0	0	0
23	1190	MONTMORENCY	4089	469	53777	182113	1015	34	981	18	0	18	1131	599	2900	0	0	0
23	1210	MUSKEGON	62362	1929	155372	811075	3401	58	3343	76	1	75	12552	3016	9079	0	0	0
23	1230	NEWAYGO	17378	2644	275664	945034	5961	207	5754	152	4	148	21198	3782	13556	0	0	0
23	1250	OAKLAND	90050	4059	402548	2180598	9448	149	9299	188	16	172	34213	9641	33174	0	0	0
23	1270	OCEANA	15601	2432	217839	960706	4897	121	4776	153	0	153	16933	3250	8322	0	0	0
23	1290	OGEMAW	7786	1148	148001	350232	3113	149	2964	24	5	19	5485	1191	8089	0	0	0
23	1310	ONTONAGON	12428	1124	91947	401105	1327	15	1312	10	1	9	90	383	3594	0	0	0
23	1330	OSCEOLA	15221	2014	242811	673046	5138	158	4980	148	4	144	13706	1466	13685	0	0	0
23	1350	OSCODA	1783	214	36118	96915	638	33	605	15	0	15	671	205	1354	0	0	0
23	1370	OTSEGO	6043	515	70783	186912	1120	22	1098	8	0	8	2212	361	3566	0	0	0
23	1390	OTTAWA	47660	4353	297481	2760917	9579	130	9449	103	3	100	36711	25745	26934	0	0	0
23	1410	PRESQUE ISLE	12131	993	144977	538626	2238	94	2144	2	0	2	1431	2412	8960	0	0	0
23	1430	ROSCOMMON	2032	238	45126	65161	437	24	413	15	0	15	503	25	518	0	0	0
23	1450	SAGINAW	100286	5298	428110	3285663	14286	468	13818	166	8	158	42920	20860	44851	0	0	0
23	1470	ST CLAIR	58009	4296	377949	2022116	10971	378	10593	96	16	80	25439	26979	39001	0	0	0
23	1490	ST JOSEPH	26818	2175	257929	1072153	6403	223	6180	171	9	162	38744	21049	15418	0	0	0
23	1510	SANILAC	31237	5076	539876	2593651	15943	778	15165	114	17	97	24152	27156	65082	0	0	0
23	1530	SCHOOLCRAFT	9977	458	51339	193060	809	11	798	10	2	8	131	43	2405	0	0	0
23	1550	SHIAWASSEE	35924	3323	317785	2158975	9826	305	9521	103	4	99	30328	24313	33622	0	0	0
23	1570	TUSCOLA	33320	4690	421496	2682727	14249	433	13816	170	4	166	30788	18833	42673	0	0	0
23	1590	VAN BUREN	30715	4398	303376	2093757	8926	156	8770	193	8	185	35485	11166	13995	0	0	0
23	1610	WASHTENAW	49520	3467	398067	2929870	11358	284	11074	112	13	99	49875	25873	39166	0	0	0
23	1630	WAYNE	1177645	2963	190346	1937260	6605	63	6542	65	2	63	23863	7946	20647	0	0	0
23	1650	WEXFORD	18207	1328	148673	381161	2842	67	2775	41	1	40	9689	1028	3985	0	0	0
24	0	OHIO	5759394	244703	22219248	97892575	630012	25179	604833	32831	3441	29390	3362926	1818522	1513446	0	0	0
24	10	ADAMS	22403	3087	309704	663891	6613	205	6408	753	101	652	38414	12998	2797	0	0	0
24	30	ALLEN	68223	2722	228249	1213667	7449	309	7140	326	37	289	42638	17939	29464	0	0	0
24	50	ASHLAND	24627	2341	233904	1033315	6703	272	6431	143	24	119	23629	28220	19387	0	0	0
24	70	ASHTABULA	65545	4588	356648	1562334	8911	264	8647	184	34	150	23380	5221	24402	0	0	0
24	90	ATHENS	50430	2406	238946	426024	4464	184	4280	338	39	299	13442	2720	1113	0	0	0
24	110	AUGLAIZE	29527	2575	237035	1311195	8129	417	7712	318	19	299	52139	28355	32174	0	0	0
24	130	BELMONT	93193	3798	283951	1002766	6928	247	6681	293	23	270	22835	7514	10312	0	0	0
24	150	BROWN	22621	3544	294212	834179	8555	250	8305	884	82	802	54979	12812	3322	0	0	0
24	170	BUTLER	87025	2457	257327	1364380	7116	164	6952	945	33	912	58074	39585	6116	0	0	0
24	190	CARROLL	15942	1926	217224	577589	4668	162	4506	108	5	103	10426	9939	10443	0	0	0
24	210	CHAMPAIGN	25071	2356	254385	1003370	8178	448	7730	628	81	547	64108	30873	19667	0	0	0
24	230	CLARK	80728	2418	216108	951135	7087	374	6713	397	35	362	55148	29195	13002	0	0	0
24	250	CLERMONT	28291	3632	263854	971930	6887	137	6750	1041	62	979	46583	5299	5116	0	0	0
24	270	CLINTON	23036	2199	242233	898718	8283	368	7915	745	102	643	74697	24832	9154	0	0	0
24	290	COLUMBIANA	83131	3525	261885	1140432	7147	238	6909	260	31	229	17184	17667	16418	0	0	0
24	310	COSHOCTON	29595	3011	321635	823878	6654	262	6392	299	40	259	23815	18037	7518	0	0	0
24	330	CRAWFORD	36054	2370	238849	1500910	7438	259	7179	343	46	297	41666	28923	26750	0	0	0
24	350	CUYAHOGA	943495	2715	131209	1026159	4536	67	4469	81	10	71	7098	3938	8281	0	0	0
24	370	DARKE	42911	5301	365942	2634301	14985	524	14461	933	81	852	90987	52840	33957	0	0	0
24	390	DEFIANCE	24549	2259	234656	1212589	6707	306	6401	171	29	142	29723	23963	33844	0	0	0
24	410	DELAWARE	26013	2917	271791	1073397	8061	429	7632	353	60	293	45281	21801	13904	0	0	0
24	430	ERIE	39789	1828	136203	908455	4550	110	4440	126	11	115	17113	17465	13704	0	0	0
24	450	FAIRFIELD	40484	3278	290849	1436495	9085	306	8779	225	24	201	54140	44208	4254	0	0	0
24	470	FAYETTE	21518	1637	235639	815720	7914	508	7406	402	61	341	77659	18782	15035	0	0	0
24	490	FRANKLIN	283951	3669	264914	1426299	8893	274	8619	315	68	247	56821	32737	12333	0	0	0
24	510	FULTON	23445	2926	237176	1353802	8133	392	7741	227	44	183	49853	22612	30198	0	0	0
24	530	GALLIA	23311	2658	241267	420079	5206	238	4968	319	34	285	17962	4471	606	0	0	0
24	550	GEAUGA	15036	2534	221243	995422	5868	162	5706	105	8	97	14186	3917	14929	0	0	0
24	570	GREENE	31221	2401	239663	1115500	8211	350	7861	534	21	513	69909	35762	11649	0	0	0
24	590	GUERNSEY	45352	2966	285869	566495	5899	225	5674	168	27	141	14384	5237	5165	0	0	0
24	610	HAMILTON	493678	3569	164008	1398113	5529	79	5450	1229	26	1203	22924	8853	2689	0	0	0
24	630	HANCOCK	38394	3067	311740	1754823	9560	333	9227	245	31	214	69191	39492	35569	0	0	0
24	650	HARDIN	29167	2727	278473	1175086	8098	425	7673	345	34	311	59504	15815	35997	0	0	0
24	670	HARRISON	19625	2097	232253	553046	4099	200	3899	124	12	112	8716	5263	6686	0	0	0
24	690	HENRY	23362	2619	247697	1631230	8457	543	7914	163	15	148	61844	30467	44856	0	0	0
24	710	HIGHLAND	27610	3181	334171	1102710	9701	420	9281	719	112	607	71860	26955	7197	0	0	0
24	730	HOCKING	23291	1567	189335	394502	3322	80	3242	158	28	130	12914	6648	1391	0	0	0
24	750	HOLMES	16965	2442	243802	995173	7502	392	7110	181	10	171	23019	27702	16222	0	0	0
24	770	HURON	32424	2753	277435	1135455	7519	235	7284	249	20	229	29490	31984	29275	0	0	0
24	790	JACKSON	27342	1725	199121	435040	3339	99	3240	355	54	301	13353	5236	1237	0	0	0
24	810	JEFFERSON	77580	1810	190138	542294	3858	97	3761	115	1	114	7935	5856	7430	0	0	0
24	830	KNOX	29580	3067	306666	1018020	7530	268	7262	348	58	290	38438	30734	8128	0	0	0
24	850	LAKE	28667	1913	107740	797104	2852	36	2816	51	2	49	7331	1994	5613	0	0	0
24	870	LAWRENCE	39540	2544	187398	542513	3807	128	3679	516	26	490	14168	945	467	0	0	0
24	890	LICKING	56426	4210	396640	1534143	10169	245	9924	320	29	291	52641	28580	10823	0	0	0
24	910	LOGAN	30104	2723	264765	1054528	7888	372	7516	460	71	389	50814	12434	30432	0	0	0
24	930	LORAIN	90612	3355	260028	1652958	7802	134	7668	61	3	58	19549	19156	23355	0	0	0
24	950	LUCAS	275721	2144	125204	827686	4833	70	4763	75	5	70	25143	13094	16019	0	0	0
24	970	MADISON	19662	1705	278528	998337	9241	678	8563	350	68	282	84187	31045	26098	0	0	0
24	990	MAHONING	186310	2588	196709	995170	5442	188	5254	206	20	186	11641	10877	8933	0	0	0
24	1010	MARION	42004	1811	229339	818624	6376	329	6047	447	57	390	50716	16623	27150	0	0	0
24	1030	MEDINA	26067	3069	241824	1478684	7359	149	7210	200	17	183	19592	20938	21527	0	0	0
24	1050	MEIGS	26189	2710	237748	516312	4917	189	4728	272	17	255	15003	6054	1435	0	0	0
24	1070	MERCER	26872	2961	274664	1368050	9692	563	9129	336	26	310	49179	28545	48716	0	0	0
24	1090	MIAMI	48428	3180	236136	1594867	9389	511	8878	703	67	636	59651	37667	21303	0	0	0
24	1110	MONROE	20660	2813	247332	526981	5380	217	5163	94	13	81	14321	5928	5693	0	0	0
24	1130	MONTGOMERY	209532	3972	238183	1901496	9594	253	9341	983	79	904	52386	36141	9863	0	0	0
24	1150	MORGAN	14555	2191	235883	519290	4726	187	4539	209	38	171	12107	4993	1994	0	0	0
24	1170	MORROW	15570	2421	232241	894758	6536	302	6234	338	76	262	32168	18604	14141	0	0	0
24	1190	MUSKINGUM	57980	3618	358322	971995	7384	217	7167	383	30	353	26171	12460	4623	0	0	0
24	1210	NOBLE	17849	2467	233080	411005	5040	238	4802	80	11	69	12361	3850	2081	0	0	0
24	1230	OTTAWA	22193	1982	137808	958796	4921	192	4729	66	0	66	22966	15817	18841	0	0	0
24	1250	PAULDING	18736	2046	239609	1143203	6756	327	6429	346	41	305	49178	10866	56626	0	0	0
24	1270	PERRY	36098	2110	189333	682720	4591	160	4431	170	16	154	17724	12355	2046	0	0	0
24	1290	PICKAWAY	25788	2066	292221	1241614	9918	726	9192	399	96	303	78693	57850	4882	0	0	0
24	1310	PIKE	14151	1786	215180	400159	4258	182	4076	520	77	443	29171	9232	2436	0	0	0
24	1330	PORTAGE	36269	3192	253807	1248584	6864	109	6755	68	11	57	20459	14039	18859	0	0	0
24	1350	PREBLE	23238	2803	253567	1608736	8215	237	7978	1151	70	1081	69139	41349	9275	0	0	0
24	1370	PUTNAM	27751	2954	275953	1514173	9585	570	9015	303	84	219	59245	39625	35621	0	0	0
24	1390	RICHLAND	55178	2835	260820	1412783	7893	289	7604	326	74	252	30859	31333	23603	0	0	0
24	1410	ROSS	41556	2856	371189	1090694	9752	565	9187	500	87	413	72718	38418	3662	0	0	0
24	1430	SANDUSKY	37109	2759	239889	1586955	7714	286	7428	188	18	170	48703	35148	32182	0	0	0
24	1450	SCIOTO	62850	2825	247040	642859	4173	111	4062	1088	52	1036	24754	6522	1824	0	0	0
24	1470	SENECA	43176	3000	320596	1738014	10366	364	10002	276	23	253	56581	51324	33292	0	0	0
24	1490	SHELBY	25923	2489	240653	1270829	8484	432	8052	360	42	318	52336	26635	41138	0	0	0
24	1510	STARK	177218	4511	300796	1794478	9563	184	9379	336	10	326	28819	33095	29073	0	0	0
24	1530	SUMMIT	286065	2304	170983	971142	4651	68	4583	112	7	105	14740	12661	14570	0	0	0
24	1550	TRUMBULL	83920	3928	298307	1713065	7512	195	7317	173	18	155	16729	7867	14197	0	0	0
24	1570	TUSCARAWAS	63578	2995	293787	1138410	7100	297	6803	223	14	209	18382	18412	15093	0	0	0
24	1590	UNION	20918	2469	248573	941605	7947	568	7379	315	61	254	51803	18090	24871	0	0	0
24	1610	VAN WERT	28210	2586	248493	1293555	8184	521	7663	470	62	408	55017	8029	57533	0	0	0
24	1630	VINTON	12075	1589	190912	237585	2803	122	2681	285	34	251	11095	2579	1161	0	0	0
24	1650	WARREN	25716	2493	237046	1325186	7564	233	7331	1021	47	974	54472	27495	6086	0	0	0
24	1670	WASHINGTON	43049	4232	359280	931693	7666	465	7201	421	57	364	22594	10646	3079	0	0	0
24	1690	WAYNE	41346	3964	324648	1759777	11260	363	10897	492	26	466	40924	50881	27901	0	0	0
24	1710	WILLIAMS	24627	2701	246703	1274616	7697	360	7337	230	35	195	37904	23092	32090	0	0	0
24	1730	WOOD	44892	4018	354351	2946004	11578	376	11202	408	20	388	97565	33548	70658	0	0	0
24	1750	WYANDOT	19481	2147	238531	1220921	6798	249	6549	305	31	274	43766	28819	20890	0	0	0
25	0	WISCONSIN	2632067	193155	21850853	146882620	604270	24271	579999	6396	1078	5318	2142064	115438	2460425	0	0	0
25	10	ADAMS	9287	1388	268774	699946	4455	118	4337	76	0	76	25218	273	9477	0	0	0
25	30	ASHLAND	24538	1380	117638	530376	2414	83	2331	28	4	24	736	411	5097	0	0	0
25	50	BARRON/DALLAS	34281	4452	435410	2771891	12801	588	12213	150	11	139	28535	257	44553	0	0	0
25	70	BAYFIELD/LA POINT	17201	2275	196269	792659	3517	102	3415	42	7	35	2654	1646	6657	0	0	0
25	90	BROWN	61889	3401	295112	2666582	9829	545	9284	75	33	42	21027	1415	41341	0	0	0
25	110	BUFFALO	15615	2076	406520	2049185	10002	582	9420	70	8	62	34670	3423	55679	0	0	0
25	130	BURNETT	10735	1835	218791	739656	4387	144	4243	40	4	36	13227	1159	9962	0	0	0
25	150	CALUMET	17228	2090	190323	2496976	7040	303	6737	38	14	24	16560	5898	25718	0	0	0
25	170	CHIPPEWA	36482	3706	449686	2500194	11756	648	11108	102	14	88	34055	670	50464	0	0	0
25	190	CLARK	35120	5299	490128	3812974	14398	647	13751	95	20	75	30581	565	42752	0	0	0
25	210	COLUMBIA	30468	3189	455912	2695610	12945	514	12431	146	6	140	73822	1839	58220	0	0	0
25	230	CRAWFORD	16772	2016	337945	1176408	7709	396	7313	160	31	129	27411	2582	23773	0	0	0
25	250	DANE	89432	6086	707672	5576480	24081	887	23194	244	42	202	122416	3141	102357	0	0	0
25	270	DODGE	49742	4599	500620	5586909	17561	626	16935	87	18	69	72341	4237	97654	0	0	0
25	290	DOOR	19073	2246	238595	1804357	5584	242	5342	130	2	128	11959	3024	25334	0	0	0
25	310	DOUGLAS	49771	2366	184595	591988	3019	65	2954	52	2	50	2241	641	5833	0	0	0
25	330	DUNN	26970	3731	483206	2534297	12675	492	12183	139	24	115	50483	2348	62627	0	0	0
25	350	EAU CLAIRE	35771	2407	299508	1517805	8763	473	8290	43	10	33	25612	1989	46123	0	0	0
25	370	FLORENCE	3602	461	43652	225000	796	20	776	14	3	11	915	55	1866	0	0	0
25	390	FOND DU LAC	56119	4070	425096	4128565	14644	620	14024	117	26	91	58060	2237	71568	0	0	0
25	410	FOREST	9850	638	66679	331570	1747	148	1599	21	5	16	282	37	2727	0	0	0
25	430	GRANT	39044	4113	674141	3200859	19959	1371	18588	523	152	371	102352	1923	81539	0	0	0
25	450	GREEN	21568	2403	350763	2373841	10762	458	10304	70	17	53	61005	718	44888	0	0	0
25	470	GREEN LAKE	14875	1617	208822	1361010	5957	403	5554	28	0	28	29507	1883	28691	0	0	0
25	490	IOWA	21504	2369	422275	2017545	10709	651	10058	46	18	28	43170	1003	38288	0	0	0
25	510	IRON	10261	590	42580	206041	863	14	849	5	0	5	256	32	1114	0	0	0
25	530	JACKSON	17746	2468	370445	1422476	8518	328	8190	55	11	44	29785	2624	48074	0	0	0
25	550	JEFFERSON	35022	3325	325992	3121319	10658	178	10480	155	19	136	51387	3241	53560	0	0	0
25	570	JUNEAU	19209	2256	301014	1352301	7147	438	6709	93	12	81	26913	1090	29324	0	0	0
25	590	KENOSHA	51284	1356	145535	1296881	5185	206	4979	49	8	41	23642	1191	19497	0	0	0
25	610	KEWAUNEE	16091	2028	204215	1864257	6395	352	6043	21	5	16	9517	3429	27242	0	0	0
25	630	LA CROSSE	44355	1682	258574	1493519	6440	225	6215	70	1	69	26703	1454	28552	0	0	0
25	650	LAFAYETTE	20002	2368	376038	1716621	10798	578	10220	253	76	177	64302	522	47480	0	0	0
25	670	LANGLADE	21471	1958	168542	1093634	4463	67	4396	35	0	35	2542	119	12071	0	0	0
25	690	LINCOLN	21084	1894	181846	1022736	3809	79	3730	34	3	31	2787	70	10165	0	0	0
25	710	MANITOWOC	51644	3887	352674	4452410	11090	416	10674	32	9	23	22166	3637	54284	0	0	0
25	730	MARATHON	65259	6717	668333	4720777	16775	573	16202	89	19	70	25123	1415	63374	0	0	0
25	750	MARINETTE	34361	2893	295110	1526207	5915	152	5763	125	22	103	15619	647	17306	0	0	0
25	770	MARQUETTE	10443	1412	257783	867629	4783	248	4535	90	8	82	24910	498	9981	0	0	0
25	790	MILWAUKEE	539449	2153	92555	1754231	4361	40	4321	31	3	28	9876	600	12918	0	0	0
25	810	MONROE	28666	3545	467684	2609977	11702	561	11141	191	45	146	39656	1840	55422	0	0	0
25	830	OCONTO	27104	3111	311302	1792409	7981	268	7713	17	3	14	19548	1499	25238	0	0	0
25	850	ONEIDA	13996	745	72850	373706	1403	75	1328	9	0	9	1941	12	4619	0	0	0
25	870	OUTAGAMIE	55113	3829	346069	3669870	11564	482	11082	88	6	82	44783	1354	49451	0	0	0
25	890	OZAUKEE	16335	1741	136925	1931437	4857	175	4682	68	12	56	13684	890	24329	0	0	0
25	910	PEPIN	7481	1043	139187	732028	3726	154	3572	21	1	20	13867	2490	17496	0	0	0
25	930	PIERCE	21663	3073	342163	2394710	10808	377	10431	82	17	65	36647	6096	47791	0	0	0
25	950	POLK	26870	4224	437832	2251429	11918	374	11544	77	8	69	37934	1464	47051	0	0	0
25	970	PORTAGE	33649	3216	400568	1978067	8508	291	8217	93	1	92	21912	469	35461	0	0	0
25	990	PRICE	18517	2343	192388	733526	3370	67	3303	60	13	47	1112	27	4402	0	0	0
25	1010	RACINE	78961	2215	192784	2087043	7026	247	6779	26	0	26	32057	731	25728	0	0	0
25	1030	RICHLAND	19823	2432	347218	1323688	8547	396	8151	217	15	202	31431	1707	23523	0	0	0
25	1050	ROCK	66150	3737	416497	2827875	14666	511	14155	264	61	203	92951	2083	53504	0	0	0
25	1070	RUSK	16403	2240	203076	760603	4614	178	4436	135	9	126	5609	79	7093	0	0	0
25	1090	ST CROIX	26106	3200	419385	2687677	13126	526	12600	162	42	120	49227	3160	75110	0	0	0
25	1110	SAUK	32548	3612	483922	3301144	13521	648	12873	179	25	154	61799	3848	58974	0	0	0
25	1130	SAWYER	8243	1184	105131	342503	2260	49	2211	61	3	58	2563	42	3881	0	0	0
25	1150	SHAWANO	33975	3891	419078	3087853	10994	362	10632	23	2	21	30764	2028	39316	0	0	0
25	1170	SHEBOYGAN	59913	3654	301248	4026927	10634	231	10403	60	15	45	35541	1407	53944	0	0	0
25	1190	TAYLOR	18045	2823	239329	1202205	5371	125	5246	47	6	41	4245	62	9738	0	0	0
25	1210	TREMPEALEAU	24506	3204	456589	2314345	12519	651	11868	90	6	84	37363	7767	68881	0	0	0
25	1230	VERNON/BAD AX	29252	4098	482017	2531488	12689	488	12201	224	39	185	33625	3607	44310	0	0	0
25	1250	VILAS	5649	473	38036	188930	956	11	945	14	0	14	432	13	1690	0	0	0
25	1270	WALWORTH	29327	2674	320858	2413015	11007	353	10654	131	38	93	62761	698	44051	0	0	0
25	1290	WASHBURN	11377	1475	189064	589833	3832	180	3652	77	4	73	9281	218	8020	0	0	0
25	1310	WASHINGTON	25713	2795	262530	3347602	9093	350	8743	25	2	23	28803	2334	45100	0	0	0
25	1330	WAUKESHA	42612	3580	320323	3816426	8907	155	8752	45	7	38	46531	1281	47991	0	0	0
25	1350	WAUPACA	34200	3569	398681	3055124	10393	181	10212	52	9	43	33999	853	40886	0	0	0
25	1370	WAUSHARA	16712	2374	332547	1473301	6735	248	6487	74	5	69	33360	347	19480	0	0	0
25	1390	WINNEBAGO	63897	2705	250084	2713588	8495	304	8191	53	10	43	33444	2765	37106	0	0	0
25	1410	WOOD	34643	3150	316120	2230569	8338	233	8105	58	7	51	20827	324	22709	0	0	0
31	0	IOWA	2404021	213490	33280813	227282362	1180139	98352	1081787	96691	15695	80996	10906696	446128	5702250	0	0	0
31	10	ADAIR	14259	2088	339277	1635501	12052	1296	10756	1281	196	1085	109304	4290	43118	0	0	0
31	30	ADAMS	10521	1719	276483	1692437	10036	1132	8904	1151	222	929	83101	4404	28504	0	0	0
31	50	ALLAMAKEE	17285	2156	370632	2260372	10328	860	9468	124	25	99	49496	1866	41439	0	0	0
31	70	APPANOOSE	30535	2216	300875	1268510	8517	719	7798	1380	297	1083	57934	1923	18256	0	0	0
31	90	AUDUBON	12520	1768	277639	1817062	10638	832	9806	671	132	539	95752	1441	45545	0	0	0
31	110	BENTON	24080	2525	434953	2862971	15678	1587	14091	916	168	748	145768	2106	87421	0	0	0
31	130	BLACK HAWK	56570	2406	339677	2650547	12118	1051	11067	437	73	364	109520	742	64190	0	0	0
31	150	BOONE	29892	2514	348704	2835238	13642	1227	12415	1233	163	1070	139834	1803	79256	0	0	0
31	170	BREMER	16728	2050	262376	2724217	10422	801	9621	190	30	160	73004	355	55972	0	0	0
31	190	BUCHANAN	19890	2357	347509	2000985	12526	1383	11143	541	87	454	111032	766	64692	0	0	0
31	210	BUENA VISTA	18556	2033	349380	3209852	12600	721	11879	656	63	593	141646	211	93725	0	0	0
31	230	BUTLER	17845	2268	354102	2648556	13176	1098	12078	348	117	231	114477	540	78640	0	0	0
31	250	CALHOUN	17783	2008	347605	2823809	12841	1089	11752	1157	154	1003	144294	232	110753	0	0	0
31	270	CARROLL	21549	2113	345776	2883526	12733	846	11887	1052	203	849	133018	1827	74548	0	0	0
31	290	CASS	19421	2158	343189	1941831	12133	979	11154	1541	189	1352	118904	12779	46460	0	0	0
31	310	CEDAR	17560	2204	342784	2571908	12584	837	11747	1117	147	970	110794	3558	49126	0	0	0
31	330	CERRO GORDO	34675	2019	347973	2301000	12044	891	11153	451	148	303	120812	334	79587	0	0	0
31	350	CHEROKEE	17760	1871	350328	2671929	11883	980	10903	658	107	551	135610	206	79069	0	0	0
31	370	CHICKASAW	15431	2050	302681	2120665	10832	1001	9831	165	59	106	80966	558	62464	0	0	0
31	390	CLARKE	10506	1514	254018	929476	7974	823	7151	1039	191	848	61854	3290	22811	0	0	0
31	410	CLAY	15660	1772	322921	2466386	11222	709	10513	481	96	385	123547	152	85248	0	0	0
31	430	CLAYTON	25032	3069	461154	3575448	15413	1357	14056	386	37	349	85152	1800	71552	0	0	0
31	450	CLINTON	43371	2719	402619	2973873	14750	899	13851	480	101	379	125167	5567	53836	0	0	0
31	470	CRAWFORD	20614	2487	434349	2976424	16192	1087	15105	1320	169	1151	153464	5238	74705	0	0	0
31	490	DALLAS	25120	2322	346420	2342260	11843	963	10880	1534	169	1365	135070	12487	60758	0	0	0
31	510	DAVIS	12574	2008	304493	1293622	8515	770	7745	1235	210	1025	55675	1723	20612	0	0	0
31	530	DECATUR	16566	2088	322122	1079939	9859	1246	8613	1450	247	1203	77461	4041	23906	0	0	0
31	550	DELAWARE	18183	2245	342604	2451217	12047	1010	11037	552	103	449	96048	567	59194	0	0	0
31	570	DES MOINES	35520	1928	241835	1808924	11660	605	11055	531	101	430	66329	14491	27052	0	0	0
31	590	DICKINSON	10241	1167	219778	1311605	7808	656	7152	500	106	394	79970	256	55565	0	0	0
31	610	DUBUQUE	58262	2324	350324	2496599	11105	937	10168	271	45	226	69896	750	51493	0	0	0
31	630	EMMET	12627	1279	237453	1458961	8309	715	7594	552	146	406	88114	188	63015	0	0	0
31	650	FAYETTE	29251	3112	439828	2879721	15254	1336	13918	425	74	351	108212	773	78319	0	0	0
31	670	FLOYD	18860	1947	301637	2278914	10850	716	10134	251	68	183	101551	823	72370	0	0	0
31	690	FRANKLIN	15807	2080	357199	2373952	13086	1020	12066	513	115	398	132442	250	82072	0	0	0
31	710	FREMONT	15447	1838	290756	1605309	9685	547	9138	2164	207	1957	138618	10618	14762	0	0	0
31	730	GREENE	16467	2050	345705	2434966	13331	1243	12088	1138	162	976	151824	278	80876	0	0	0
31	750	GRUNDY	14420	1753	314080	2876506	11281	797	10484	393	37	356	110648	776	75155	0	0	0
31	770	GUTHRIE	17596	2166	327064	1780023	11732	1185	10547	1164	218	946	108864	3050	49765	0	0	0
31	790	HAMILTON	19531	2171	350450	3106509	13469	1230	12239	908	164	744	139302	1478	98156	0	0	0
31	810	HANCOCK	14723	1865	344757	2614602	12292	1117	11175	638	126	512	122720	534	92178	0	0	0
31	830	HARDIN	23337	2134	342532	2491105	12376	907	11469	890	160	730	129870	337	80718	0	0	0
31	850	HARRISON	24488	2753	400309	2653835	14567	985	13582	2644	339	2305	166489	16413	35358	0	0	0
31	870	HENRY	18298	1894	251264	1774166	8640	810	7830	941	152	789	74168	4710	30911	0	0	0
31	890	HOWARD	13705	1735	287178	1738173	9496	833	8663	243	56	187	67251	715	59189	0	0	0
31	910	HUMBOLDT	12951	1479	265539	2136051	9394	811	8583	444	88	356	107204	438	75315	0	0	0
31	930	IDA	11689	1432	268127	2278405	9605	683	8922	929	137	792	104565	549	57738	0	0	0
31	950	IOWA	18600	2236	358937	2505157	12313	1093	11220	1412	199	1213	103224	3044	40887	0	0	0
31	970	JACKSON	19931	2264	387436	2035613	10540	883	9657	669	154	515	72107	1885	35919	0	0	0
31	990	JASPER	27855	3025	443152	3042934	17020	1547	15473	1616	230	1386	152644	9289	63746	0	0	0
31	1010	JEFFERSON	16440	1907	261407	1342617	9104	797	8307	911	191	720	69509	5217	29125	0	0	0
31	1030	JOHNSON	26462	2594	375021	2597102	13620	1074	12546	1423	193	1230	107886	3523	46712	0	0	0
31	1050	JONES	18607	2163	343844	2121248	11326	813	10513	747	122	625	87831	619	41091	0	0	0
31	1070	KEOKUK	20983	2619	357992	2007761	13998	1595	12403	1820	226	1594	105337	4538	39258	0	0	0
31	1090	KOSSUTH	25082	2985	577810	4457971	20846	2142	18704	829	175	654	212683	370	165443	0	0	0
31	1110	LEE	39676	2205	303779	1993311	9298	620	8678	1010	176	834	64778	13199	23440	0	0	0
31	1130	LINN	74004	3645	410233	2431375	14992	990	14002	964	155	809	122413	1481	66856	0	0	0
31	1150	LOUISA	12179	1542	232911	1421539	8356	585	7771	572	70	502	71711	13370	24219	0	0	0
31	1170	LUCAS	15686	1706	263236	1091084	8107	966	7141	1204	218	986	57295	1925	21620	0	0	0
31	1190	LYON/BUNCOMBE	15431	1846	355138	2736480	13029	1057	11972	236	58	178	140387	593	103628	0	0	0
31	1210	MADISON	15020	2195	337259	1670978	11359	1098	10261	1212	267	945	96389	13087	32836	0	0	0
31	1230	MAHASKA	26270	2828	342761	2063138	13252	1333	11919	1595	204	1391	112292	9172	40927	0	0	0
31	1250	MARION	24957	2326	329961	1669326	11775	1184	10591	1512	307	1205	94864	16657	31025	0	0	0
31	1270	MARSHALL	32630	2253	346122	2760254	13723	1295	12428	832	184	648	125111	2681	62506	0	0	0
31	1290	MILLS	15422	1637	250650	1586923	8672	692	7980	1633	223	1410	109091	10843	21667	0	0	0
31	1310	MITCHELL	13921	1762	286545	2580989	10044	715	9329	316	65	251	84388	614	74168	0	0	0
31	1330	MONONA	17125	2121	372609	2061871	12426	748	11678	2284	206	2078	152551	15610	30820	0	0	0
31	1350	MONROE	23467	1914	250352	1009771	6942	413	6529	1420	188	1232	50172	5553	14354	0	0	0
31	1370	MONTGOMERY	17048	1626	249992	1811967	9139	670	8469	1271	164	1107	92738	14352	26028	0	0	0
31	1390	MUSCATINE	29042	1779	247459	1731111	9212	536	8676	774	124	650	78625	8718	27105	0	0	0
31	1410	O BRIEN	19051	1814	331420	2996536	11980	1115	10865	546	161	385	128938	137	86200	0	0	0
31	1430	OSCEOLA	10223	1312	246560	1881214	8785	658	8127	293	61	232	93338	50	73520	0	0	0
31	1450	PAGE	24137	2200	323340	2221136	12045	1013	11032	2227	363	1864	123266	19272	25767	0	0	0
31	1470	PALO ALTO	15486	1812	330767	2478414	11828	974	10854	724	176	548	127113	306	89909	0	0	0
31	1490	PLYMOUTH	23584	2808	519117	4004988	17678	1242	16436	942	164	778	202989	7361	107432	0	0	0
31	1510	POCAHONTAS	15602	2009	344098	2767703	12345	924	11421	724	83	641	141141	125	106176	0	0	0
31	1530	POLK	154029	2962	314910	2085219	11487	870	10617	1400	251	1149	113022	22935	44661	0	0	0
31	1550	POTTAWATTAMIE	61550	3736	543634	4322619	20206	1186	19020	3271	453	2818	223766	14249	60543	0	0	0
31	1570	POWESHIEK	19910	2148	355536	2293579	13653	1493	12160	1255	184	1071	120144	1392	48030	0	0	0
31	1590	RINGGOLD	12919	1893	318744	1185931	12651	1309	11342	1777	388	1389	85890	3768	29997	0	0	0
31	1610	SAC	17500	1910	349368	2938322	12803	888	11915	1119	95	1024	133969	187	76891	0	0	0
31	1630	SCOTT	73952	2269	254825	2546371	10056	446	9610	560	36	524	75613	16932	34024	0	0	0
31	1650	SHELBY	16065	2078	360514	2788222	13862	1136	12726	1183	172	1011	137822	2952	62680	0	0	0
31	1670	SIOUX	26458	2860	449286	3694851	17251	1224	16027	522	52	470	183530	1426	118652	0	0	0
31	1690	STORY	26185	2263	343186	2463923	14023	1439	12584	1021	144	877	147872	2014	79254	0	0	0
31	1710	TAMA	21861	2539	435792	3340660	15830	1511	14319	764	131	633	133498	2986	72816	0	0	0
31	1730	TAYLOR	15514	2159	320381	1717712	11784	1313	10471	1505	260	1245	101970	10742	31314	0	0	0
31	1750	UNION	17268	1588	248744	1092864	8612	1061	7551	952	140	812	67847	2759	24122	0	0	0
31	1770	VAN BUREN	14060	1901	289105	1533660	8932	880	8052	919	143	776	61109	3214	23032	0	0	0
31	1790	WAPELLO	37937	2052	255314	1348634	8242	505	7737	920	109	811	61516	12609	19700	0	0	0
31	1810	WARREN	18047	2443	340936	1709577	12027	1148	10879	1271	280	991	93449	21310	29299	0	0	0
31	1830	WASHINGTON	20421	2233	335128	2345704	12031	989	11042	1523	237	1286	100743	3335	37959	0	0	0
31	1850	WAYNE	15378	1883	315635	1329588	10207	1392	8815	1908	419	1489	82167	556	28422	0	0	0
31	1870	WEBSTER	37611	2628	427331	3587714	15446	1175	14271	967	220	747	162040	592	126680	0	0	0
31	1890	WINNEBAGO	13489	1696	246959	1784777	8984	595	8389	370	61	309	80246	331	46682	0	0	0
31	1910	WINNESHIEK	22091	2954	421984	3194978	14973	1206	13767	391	88	303	92515	2190	77522	0	0	0
31	1930	WOODBURY	92171	2905	467945	3106511	13539	903	12636	1416	130	1286	201354	2460	64440	0	0	0
31	1950	WORTH	11630	1460	247461	1830683	8415	488	7927	153	39	114	70425	730	63338	0	0	0
31	1970	WRIGHT	20348	1943	349729	2851865	12833	1096	11737	721	152	569	138637	635	94414	0	0	0
32	0	KANSAS	1769257	165879	43729129	111288030	931283	63498	867785	260163	47170	212993	6020524	9716922	1250923	0	832	0
32	10	ALLEN	23509	2177	274052	728487	8299	538	7761	2063	449	1614	64995	3506	12114	0	0	0
32	30	ANDERSON	12986	1865	305562	706524	7866	622	7244	1970	514	1456	56635	6670	13871	0	0	0
32	50	ATCHISON	23411	1778	241150	967628	6791	345	6446	2290	346	1944	69335	36263	15045	0	0	0
32	70	BARBER	9739	1084	616020	909124	7746	677	7069	4409	814	3595	45626	115317	6194	0	0	0
32	90	BARTON	18422	1743	512250	2480036	12891	815	12076	3801	355	3446	33031	299662	10010	0	0	0
32	110	BOURBON	23198	2278	346590	618036	9447	748	8699	3016	843	2173	70051	3424	11982	0	0	0
32	130	BROWN	20949	2502	346383	2125083	10641	501	10140	3312	536	2776	120189	60633	22606	0	0	0
32	150	BUTLER	43842	2467	726310	1554077	13588	872	12716	3556	603	2953	85571	56646	40365	0	0	0
32	170	CHASE	7144	894	357103	623580	4963	294	4669	1410	230	1180	34278	10351	4648	0	0	0
32	190	CHAUTAUQUA	11598	1318	328301	409502	6072	400	5672	1714	434	1280	25819	9445	5237	0	47	0
32	210	CHEROKEE/MCGHEE	33609	2288	300044	765305	7730	344	7386	2981	350	2631	48993	59798	24404	0	0	0
32	230	CHEYENNE	5587	1069	585990	1111718	9665	769	8896	1630	476	1154	93225	139575	5534	0	0	0
32	250	CLARK	4989	621	570680	746350	5648	508	5140	2147	260	1887	7367	135475	2265	0	0	0
32	270	CLAY	14365	1908	393662	1585125	10052	471	9581	2390	445	1945	79726	105171	21581	0	0	0
32	290	CLOUD	17714	2069	416315	1261331	11340	852	10488	2596	455	2141	76085	133035	22116	0	0	0
32	310	COFFEY	14254	2385	365201	1274843	10215	687	9528	3254	614	2640	86039	15479	19843	0	0	0
32	330	COMANCHE	5302	555	419576	445921	5055	443	4612	2638	307	2331	13416	120116	1238	0	0	0
32	350	COWLEY	35155	2659	586138	1196771	13210	936	12274	4195	921	3274	72483	73049	24061	0	0	0
32	370	CRAWFORD	61800	2720	315856	660772	9255	556	8699	2962	495	2467	69129	38580	33350	0	0	0
32	390	DECATUR	8121	1227	470280	996600	9199	659	8540	1913	536	1377	85417	114537	1006	0	0	0
32	410	DICKINSON	25777	2491	502780	2212876	13288	1030	12258	3232	531	2701	77572	158572	29187	0	0	0
32	430	DONIPHAN	13438	1514	193529	708030	4631	180	4451	3126	357	2769	63077	20718	9183	0	0	0
32	450	DOUGLAS	23998	2054	275428	1130763	7766	442	7324	2008	359	1649	61533	24517	13211	0	0	0
32	470	EDWARDS	7057	861	333014	1033868	6872	379	6493	2178	242	1936	35028	183683	2482	0	0	0
32	490	ELK	9034	1166	323095	431708	6460	557	5903	1680	505	1175	34708	7029	7262	0	0	0
32	510	ELLIS	14138	1292	544319	1200233	12586	1031	11555	1692	298	1394	11701	229026	1539	0	0	0
32	530	ELLSWORTH	10379	1159	423193	1144018	9179	553	8626	2216	349	1867	34721	137097	6732	0	0	0
32	550	FINNEY	7674	855	622505	719947	7811	780	7031	1510	397	1113	15019	51020	2031	0	0	0
32	570	FORD	14273	1291	616255	1681795	11574	849	10725	3291	643	2648	16067	291646	8077	0	0	0
32	590	FRANKLIN	21946	2216	312280	826720	8589	575	8014	2046	378	1668	71177	4698	18983	0	0	0
32	610	GEARY	13452	797	228002	583327	3908	134	3774	887	56	831	33978	26832	5285	0	0	0
32	630	GOVE	4748	875	578563	843712	8743	832	7911	1634	547	1087	25385	113903	2454	0	0	0
32	650	GRAHAM	7624	1235	494501	792463	8626	661	7965	2772	430	2342	86494	120736	981	0	0	0
32	670	GRANT	1087	306	229026	339527	3979	612	3367	1110	389	721	13306	26111	269	0	0	0
32	690	GRAY	4711	795	456828	1067380	7658	553	7105	2039	466	1573	20894	159500	2292	0	0	0
32	710	GREELEY	1028	174	73300	200895	2329	411	1918	513	105	408	8637	17353	227	0	0	0
32	730	GREENWOOD	14715	1869	540740	981663	10817	555	10262	2876	634	2242	67907	7697	8259	0	0	0
32	750	HAMILTON	2586	371	213764	189412	4535	579	3956	904	301	603	4520	3519	35	0	0	0
32	770	HARPER	13656	1627	455591	1348876	10391	789	9602	4193	700	3493	49705	179502	22399	0	0	0
32	790	HARVEY	20744	1585	317245	1345097	8010	518	7492	2407	350	2057	45095	114437	28943	0	0	0
32	810	HASKELL	1455	360	245959	338690	4089	378	3711	769	237	532	5663	70635	618	0	0	0
32	830	HODGEMAN	3734	714	498903	962341	8296	747	7549	1488	331	1157	9491	128513	2665	0	0	0
32	850	JACKSON	15495	2393	375570	1179550	10942	689	10253	3081	654	2427	127422	17758	20680	0	0	0
32	870	JEFFERSON	14750	2244	333169	1007350	9490	597	8893	2935	583	2352	91662	21605	20093	0	0	0
32	890	JEWELL	16240	2844	548719	1660497	15736	961	14775	4379	866	3513	180102	69039	26131	0	0	0
32	910	JOHNSON	18314	2586	264280	1045321	7468	380	7088	2334	351	1983	62967	24247	22846	0	0	0
32	930	KEARNY	2617	409	233540	196325	3972	520	3452	858	297	561	7107	10638	318	0	0	0
32	950	KINGMAN	12119	1630	504844	1143150	10177	722	9455	4069	553	3516	46706	186397	17360	0	0	0
32	970	KIOWA	6164	796	435119	990240	6409	549	5860	3133	461	2672	35559	168237	1760	0	0	0
32	990	LABETTE	34047	2416	357414	994874	9104	561	8543	3364	632	2732	49666	54664	43458	0	70	0
32	1010	LANE	2848	502	409133	510340	5796	553	5243	1935	707	1228	9803	96920	1103	0	0	0
32	1030	LEAVENWORTH	38402	1986	250064	838254	6169	320	5849	2785	296	2489	54773	30958	13456	0	0	0
32	1050	LINCOLN	9894	1418	431835	1146419	9618	529	9089	2574	363	2211	49600	127071	7128	0	0	0
32	1070	LINN	13815	2214	346089	665819	9062	721	8341	2538	766	1772	78648	1875	9747	0	0	0
32	1090	LOGAN	3223	582	530105	625722	7510	867	6643	1359	518	841	30295	41477	645	0	0	0
32	1110	LYON	26154	2529	448285	1328200	11372	706	10666	2754	420	2334	89125	22867	15068	0	0	0
32	1130	MCPHERSON	21845	2411	526125	2191444	13472	791	12681	2833	381	2452	66612	215762	31528	0	0	0
32	1150	MARION	22923	2348	520923	1769176	13370	739	12631	1297	265	1032	76728	132646	50583	0	0	0
32	1170	MARSHALL	22730	2691	493267	1983665	13203	584	12619	3027	351	2676	155024	76228	26246	0	0	0
32	1190	MEADE	5542	934	575572	939291	7269	561	6708	2325	382	1943	7176	158091	2386	0	0	0
32	1210	MIAMI/LYKINS	19809	2197	317369	824996	8910	593	8317	2337	526	1811	83277	9281	22477	0	0	0
32	1230	MITCHELL	13886	1753	406948	1359345	10927	778	10149	2664	474	2190	65209	153257	13983	0	0	0
32	1250	MONTGOMERY	49645	2522	360657	876230	8464	370	8094	2365	368	1997	41325	35350	24089	0	627	0
32	1270	MORRIS	12005	1588	383571	1001732	8438	504	7934	1592	301	1291	70692	31633	12377	0	0	0
32	1290	MORTON	3177	321	189321	246380	3342	348	2994	1097	297	800	5788	19999	187	0	0	0
32	1310	NEMAHA	18487	2411	408137	1742581	12343	769	11574	2877	436	2441	157155	17208	20603	0	0	0
32	1330	NEOSHO/DORN	24000	2150	312555	761707	8991	478	8513	2626	453	2173	55137	28944	21634	0	38	0
32	1350	NESS	7490	1080	615081	984945	11182	786	10396	1563	409	1154	17829	194308	7361	0	0	0
32	1370	NORTON	11423	1717	512446	862600	10758	740	10018	3236	541	2695	148484	71366	654	0	0	0
32	1390	OSAGE	18621	2605	417321	1092085	10739	637	10102	2867	681	2186	99818	3578	16029	0	0	0
32	1410	OSBORNE	12441	1691	530157	1319471	11229	720	10509	2712	442	2270	57309	155839	3858	0	0	0
32	1430	OTTAWA	10714	1574	401275	1301592	8568	469	8099	2612	420	2192	51065	129752	12050	0	0	0
32	1450	PAWNEE	9323	1121	459763	1575895	10337	615	9722	3020	577	2443	21385	266519	4196	0	0	0
32	1470	PHILLIPS	12505	2093	535185	1070183	11131	627	10504	3896	580	3316	147297	74739	5558	0	0	0
32	1490	POTTAWATOMIE	16154	1982	441937	1075712	9549	450	9099	2437	394	2043	102028	17630	8767	0	0	0
32	1510	PRATT	12909	1260	423739	1620262	8526	623	7903	3758	425	3333	42614	207029	4338	0	0	0
32	1530	RAWLINS	6799	1132	622924	1324104	11568	996	10572	1954	667	1287	60550	173661	1979	0	0	0
32	1550	RENO	44423	3213	720932	2470310	16618	1180	15438	6418	900	5518	106195	301289	23211	0	0	0
32	1570	REPUBLIC	15855	2459	440475	1733210	12586	695	11891	3193	515	2678	149654	67931	28003	0	0	0
32	1590	RICE	14832	1586	413365	1634224	9619	629	8990	3977	606	3371	59757	184024	11178	0	0	0
32	1610	RILEY	20650	1517	349788	1057810	7043	446	6597	1699	208	1491	70372	26301	12274	0	0	0
32	1630	ROOKS	9966	1591	543804	1075585	9867	513	9354	3096	445	2651	57233	187276	3701	0	0	0
32	1650	RUSH	8360	1227	428375	1243387	10925	647	10278	1930	313	1617	6324	228436	4000	0	0	0
32	1670	RUSSELL	10748	1379	518105	1232288	11878	686	11192	2154	357	1797	20803	196784	6480	0	0	0
32	1690	SALINE	25103	1768	396323	1516630	9053	428	8625	2581	341	2240	49598	150947	8594	0	0	0
32	1710	SCOTT	3121	495	363226	384083	5538	685	4853	861	371	490	13411	49556	1727	0	0	0
32	1730	SEDGWICK	92234	3333	585318	2343568	13986	622	13364	4933	561	4372	84883	209035	49699	0	0	0
32	1750	SEWARD	6220	532	317004	550925	4375	325	4050	1805	225	1580	12992	81477	152	0	0	0
32	1770	SHAWNEE	69159	2480	310535	1252364	8859	426	8433	1932	315	1617	75014	20085	10869	0	0	0
32	1790	SHERIDAN	5484	1085	534774	1117416	9131	852	8279	2315	603	1712	53520	148307	2220	0	0	0
32	1810	SHERMAN	5592	610	426279	685005	6218	551	5667	707	280	427	33457	72809	1566	0	0	0
32	1830	SMITH	14985	2415	546884	1300836	13994	950	13044	4020	730	3290	177347	81636	8325	0	0	0
32	1850	STAFFORD	11559	1415	448211	1487539	8416	811	7605	5068	573	4495	60191	221993	3110	0	0	0
32	1870	STANTON	908	248	166081	178671	3438	409	3029	782	249	533	3179	14866	0	0	0	0
32	1890	STEVENS	3943	729	356009	535280	5828	464	5364	2060	307	1753	10978	48369	80	0	0	0
32	1910	SUMNER	29213	2972	673859	2073177	16047	886	15161	5950	976	4974	101846	220933	51234	0	37	0
32	1930	THOMAS	5517	924	603254	993824	9397	909	8488	1866	547	1319	49365	209525	2292	0	0	0
32	1950	TREGO	5880	978	532052	994010	8848	526	8322	1497	323	1174	25430	172832	4010	0	0	0
32	1970	WABAUNSEE	11424	1574	392469	1000170	7074	383	6691	2163	294	1869	62265	17167	6782	0	0	0
32	1990	WALLACE	2424	369	353411	284940	5398	643	4755	728	275	453	20476	16127	262	0	0	0
32	2010	WASHINGTON	17984	2816	539280	1763564	13100	763	12337	3444	538	2906	137784	80430	28675	0	0	0
32	2030	WICHITA	1856	330	276615	259110	4289	462	3827	462	223	239	16800	21680	417	0	0	0
32	2050	WILSON	21157	1919	318787	794990	7235	328	6907	2204	436	1768	45014	17033	12413	0	13	0
32	2070	WOODSON	8984	1220	233571	422200	5689	212	5477	1510	193	1317	32238	4961	7029	0	0	0
32	2090	WYANDOTTE	122218	1351	61621	397303	1883	32	1851	797	41	756	9373	5064	1360	0	0	0
33	0	MINNESOTA	2387125	188231	30059137	137965971	834680	45827	788853	12601	2509	10092	4594745	1643682	4546661	0	0	0
33	10	AITKIN	15043	2569	300564	789780	5120	210	4910	125	16	109	4975	239	8234	0	0	0
33	30	ANOKA	15626	1575	198649	833118	4469	76	4393	59	0	59	26996	1090	12308	0	0	0
33	50	BECKER	22851	2867	463673	1394860	10504	546	9958	80	14	66	24572	19645	51723	0	0	0
33	70	BELTRAMI	27079	2534	297806	625901	4660	167	4493	122	13	109	5107	567	9821	0	0	0
33	90	BENTON	14073	1593	221801	987555	6152	424	5728	91	7	84	22792	4576	25890	0	0	0
33	110	BIG STONE	9766	1089	290297	1229943	7620	409	7211	207	41	166	50409	51232	42338	0	0	0
33	130	BLUE EARTH	31477	3070	436023	2898393	16465	882	15583	236	97	139	124897	31838	70475	0	0	0
33	150	BROWN	22421	2008	352884	2185317	11523	832	10691	102	46	56	90045	25378	63374	0	0	0
33	170	CARLTON	19391	2287	194270	690554	3700	68	3632	38	1	37	1334	340	7246	0	0	0
33	190	CARVER	16946	2013	211497	2081563	6708	284	6424	42	2	40	32691	16437	24040	0	0	0
33	210	CASS	15897	2143	276645	635009	4741	220	4521	193	22	171	12902	519	12055	0	0	0
33	230	CHIPPEWA	15720	1568	339873	1763932	10313	637	9676	126	36	90	90463	25453	86863	0	0	0
33	250	CHISAGO	14445	2128	229612	1180446	6172	135	6037	69	2	67	22478	4366	24471	0	0	0
33	270	CLAY	21780	2032	538127	2306801	14338	741	13597	152	24	128	33631	65134	96200	0	0	0
33	290	CLEARWATER	8569	1539	223439	722788	3907	169	3738	95	16	79	3511	3348	13219	0	0	0
33	310	COOK	1841	192	23371	59442	185	7	178	6	0	6	9	3	64	0	0	0
33	330	COTTONWOOD	14570	1883	379316	1924316	12575	838	11737	324	93	231	108873	4827	95469	0	0	0
33	350	CROW WING	24566	1452	207004	522879	3771	154	3617	94	17	77	10916	694	13495	0	0	0
33	370	DAKOTA	28967	2298	301476	1633789	9217	399	8818	114	27	87	55549	17127	49922	0	0	0
33	390	DODGE	12552	1736	261431	1503867	9071	487	8584	187	55	132	53641	2545	45470	0	0	0
33	410	DOUGLAS	19039	2625	375604	1754282	10608	459	10149	72	13	59	35181	32527	40808	0	0	0
33	430	FARIBAULT	20998	2455	435182	2508436	15617	1137	14480	302	45	257	127720	10512	99421	0	0	0
33	450	FILLMORE	25330	3287	518495	2395686	17112	1178	15934	175	48	127	84227	3998	92913	0	0	0
33	470	FREEBORN	24692	2731	423441	2355442	14523	766	13757	188	20	168	97941	6396	80239	0	0	0
33	490	GOODHUE	30799	3084	449711	2818190	15033	881	14152	166	43	123	56602	16913	57877	0	0	0
33	510	GRANT	9788	1255	280122	1250839	7430	360	7070	121	11	110	42756	21470	48695	0	0	0
33	530	HENNEPIN	415419	4313	246782	2275870	9720	240	9480	115	21	94	33352	6925	20412	0	0	0
33	550	HOUSTON	14013	1964	330762	1281698	8564	515	8049	93	31	62	35725	3930	40478	0	0	0
33	570	HUBBARD	10136	1442	202488	483043	3572	138	3434	85	7	78	12408	2657	18214	0	0	0
33	590	ISANTI	13278	2097	250506	1045370	5951	93	5858	170	10	160	18762	4027	25664	0	0	0
33	610	ITASCA	23876	2148	229513	659577	3250	90	3160	59	3	56	1631	248	4130	0	0	0
33	630	JACKSON	15955	2076	396650	2064069	13173	818	12355	494	142	352	124728	1475	101949	0	0	0
33	650	KANABEC	9086	1484	177114	651067	4348	217	4131	65	1	64	9146	355	12274	0	0	0
33	670	KANDIYOHI	22060	2353	433747	2259190	12749	667	12082	155	17	138	83734	26719	77179	0	0	0
33	690	KITTSON/PEMBINA	10638	1452	425903	1591845	8438	448	7990	147	4	143	8777	49533	50056	0	0	0
33	710	KOOCHICHING	13520	1474	184512	464696	2004	70	1934	27	4	23	404	281	3588	0	0	0
33	730	LAC QUI PARLE	15554	2056	463724	2278204	13416	616	12800	220	55	165	115013	55691	90010	0	0	0
33	750	LAKE	8251	444	32394	143796	441	4	437	7	0	7	0	46	538	0	0	0
33	770	LAKE OF THE WOODS		945	139146	221072	1341	51	1290	53	3	50	646	435	3044	0	0	0
33	790	LE SUEUR	17870	2263	271345	1527815	9233	493	8740	79	16	63	55424	41722	19508	0	0	0
33	810	LINCOLN	11268	1561	315408	1575283	9666	541	9125	171	36	135	82200	2494	76760	0	0	0
33	830	LYON	18837	1849	410943	2319541	12999	930	12069	270	49	221	126502	12092	107289	0	0	0
33	850	MCLEOD	20444	2464	300319	2414653	10540	518	10022	62	8	54	52664	22624	42806	0	0	0
33	870	MAHNOMEN	6197	770	178231	464259	3573	298	3275	74	9	65	7604	7271	19845	0	0	0
33	890	MARSHALL	19443	2693	703742	1985904	14049	671	13378	302	22	280	18884	85978	83636	0	0	0
33	910	MARTIN	21085	2511	423062	2307141	15579	1085	14494	420	122	298	145617	1469	115128	0	0	0
33	930	MEEKER	18103	2505	358596	2050122	11313	457	10856	121	28	93	64679	29235	50551	0	0	0
33	950	MILLE LACS	14180	1855	170926	796975	4684	157	4527	47	3	44	11169	577	12512	0	0	0
33	970	MORRISON	25841	3163	437514	1371393	10347	660	9687	91	14	77	30178	15384	44259	0	0	0
33	990	MOWER	25993	2501	411089	2162211	13926	894	13032	301	88	213	86214	1657	102330	0	0	0
33	1010	MURRAY	13631	2027	423878	2304115	13933	1063	12870	322	76	246	126565	622	109508	0	0	0
33	1030	NICOLLET	15036	1499	261051	1745392	8454	501	7953	105	19	86	54520	27126	31155	0	0	0
33	1050	NOBLES	17917	2116	428614	1948474	14566	1194	13372	248	57	191	141568	899	121180	0	0	0
33	1070	NORMAN	14880	2106	478709	1740766	12407	630	11777	192	22	170	29062	54271	81630	0	0	0
33	1090	OLMSTED	28014	2378	388568	1793692	13668	1619	12049	162	46	116	73965	6388	62040	0	0	0
33	1110	OTTER TAIL	50818	6601	1077624	4176520	26988	1399	25589	267	53	214	102401	83339	135753	0	0	0
33	1130	PENNINGTON	12091	1184	267133	708555	4769	261	4508	166	15	151	8168	7858	31788	0	0	0
33	1150	PINE	21117	3326	335805	1420825	8287	326	7961	189	36	153	15623	1469	20604	0	0	0
33	1170	PIPESTONE	12050	1208	270544	1010868	8721	462	8259	170	31	139	87735	596	74228	0	0	0
33	1190	POLK	37090	4310	981416	3496527	23145	1233	21912	318	50	268	45230	146143	126686	0	0	0
33	1210	POPE	13631	1789	385892	1459204	9732	502	9230	115	20	95	48090	29217	64750	0	0	0
33	1230	RAMSEY	244554	1106	48611	580450	1984	20	1964	24	1	23	6764	746	3977	0	0	0
33	1250	RED LAKE	7263	918	203390	512980	4412	170	4242	127	7	120	9242	9050	33705	0	0	0
33	1270	REDWOOD	20908	2625	517149	2874298	16707	1040	15667	320	51	269	153286	27325	123688	0	0	0
33	1290	RENVILLE	23634	3016	585320	3266518	17970	1011	16959	211	64	147	148744	45736	119014	0	0	0
33	1310	RICE	28307	2454	293741	1767441	10038	536	9502	86	14	72	55317	22645	35504	0	0	0
33	1330	ROCK	10965	1269	279094	1629831	9388	654	8734	159	65	94	100694	155	80183	0	0	0
33	1350	ROSEAU	13305	2045	442215	991056	6685	311	6374	142	6	136	4133	14806	30081	0	0	0
33	1370	ST LOUIS	206391	6951	545162	2116643	7079	151	6928	67	4	63	790	1283	11336	0	0	0
33	1390	SCOTT	14245	1534	201752	1118490	6415	373	6042	70	24	46	32429	21190	18022	0	0	0
33	1410	SHERBURNE	9651	1354	218490	727148	4687	124	4563	108	29	79	39031	2481	23770	0	0	0
33	1430	SIBLEY	15635	2195	355814	2375847	11394	678	10716	67	27	40	68311	33214	46727	0	0	0
33	1450	STEARNS	55741	4533	763290	3408972	23081	1158	21923	141	18	123	89935	48816	105523	0	0	0
33	1470	STEELE	18061	1997	264061	1918205	9655	437	9218	109	16	93	53999	11068	42760	0	0	0
33	1490	STEVENS	9778	1299	333461	1124858	8993	589	8404	165	26	139	59477	33233	65554	0	0	0
33	1510	SWIFT	15093	1736	426514	1619780	11209	642	10567	136	68	68	84696	29429	97988	0	0	0
33	1530	TODD	26059	3565	475017	1882274	12555	496	12059	179	29	150	46937	12444	52802	0	0	0
33	1550	TRAVERSE	7943	975	290422	1138628	7619	405	7214	108	8	100	56023	52263	55839	0	0	0
33	1570	WABASHA	17919	1810	311664	1913953	9847	693	9154	94	27	67	42088	8354	39889	0	0	0
33	1590	WADENA	10699	1312	197001	489091	4431	217	4214	83	7	76	19420	1975	20448	0	0	0
33	1610	WASECA	14133	1702	246142	1589188	9081	533	8548	181	60	121	56691	20965	37296	0	0	0
33	1630	WASHINGTON	23761	2055	215046	1116721	6751	240	6511	64	12	52	32146	7631	32155	0	0	0
33	1650	WATONWAN	12457	1421	246160	1136823	8898	486	8412	89	27	62	77788	2859	57675	0	0	0
33	1670	WILKIN/TOOMBS	10187	1120	358810	1096645	8913	632	8281	71	17	54	41345	55803	70617	0	0	0
33	1690	WINONA	33653	2165	363212	1958282	10412	608	9804	52	13	39	42577	10375	46666	0	0	0
33	1710	WRIGHT	28685	3955	389771	2127545	13051	525	12526	118	16	102	68102	25764	40828	0	0	0
33	1730	YELLOW MEDICINE	16550	2179	463865	2231444	14345	771	13574	262	46	216	126174	46145	100502	0	0	0
34	0	MISSOURI	3404055	260473	32641893	75955231	708122	42757	665365	371568	50760	320808	6054554	1439448	1162547	1517	476234	0
34	10	ADAIR	21404	2308	296384	689528	8395	639	7756	1840	421	1419	53190	807	12056	0	0	0
34	30	ANDREW	14075	2283	254147	1213554	7730	363	7367	2809	543	2266	78857	7092	10201	0	0	0
34	50	ATCHISON	13008	1536	291188	1363186	7616	341	7275	4445	360	4085	139700	9051	9419	0	0	0
34	70	AUDRAIN	20589	2384	403258	1315412	9340	599	8741	5349	986	4363	122249	15958	44236	0	0	0
34	90	BARRY	23473	3410	352093	489012	7055	334	6721	3079	547	2532	35476	17115	11961	0	28	0
34	110	BARTON	16879	2159	319692	545652	7700	552	7148	3554	641	2913	81399	18783	26528	0	0	0
34	130	BATES	23933	3221	448533	915870	13245	1037	12208	4823	1024	3799	127517	8409	27620	0	0	0
34	150	BENTON	12989	2060	352078	594597	6813	433	6380	2812	533	2279	52449	7553	9409	0	0	0
34	170	BOLLINGER	13909	2196	284021	258454	3949	352	3597	3417	407	3010	29383	5441	3263	0	621	0
34	190	BOONE	29672	3187	387321	1035049	8087	427	7660	6015	823	5192	79226	14607	6628	0	0	0
34	210	BUCHANAN	93684	2411	220731	963129	5932	186	5746	3214	304	2910	54598	28676	7681	0	0	0
34	230	BUTLER	24106	2380	184311	392636	3591	186	3405	3949	264	3685	32354	1424	590	0	19216	0
34	250	CALDWELL	13849	1943	262694	680540	7778	453	7325	2674	559	2115	76068	2723	22296	0	0	0
34	270	CALLAWAY	23007	3015	460145	904944	7656	551	7105	6823	704	6119	74794	17899	10457	0	0	0
34	290	CAMDEN	10474	1680	286058	222831	3861	188	3673	1918	276	1642	25283	1169	342	0	0	0
34	310	CAPE GIRARDEAU	29839	2538	300751	798637	6240	454	5786	4470	663	3807	46783	15054	6001	0	1258	0
34	330	CARROLL	20480	2979	403766	1286288	10418	664	9754	5563	1050	4513	100401	34068	25424	0	0	0
34	350	CARTER	7482	650	83709	78004	1021	65	956	825	59	766	7242	427	403	0	185	0
34	370	CASS/VAN BUREN	21536	2782	371510	975415	11550	1084	10466	4211	972	3239	105327	5260	21177	0	0	0
34	390	CEDAR	13933	2159	258659	386659	6249	399	5850	2552	593	1959	46688	6203	9815	0	0	0
34	410	CHARITON	21769	3373	435725	1206643	11737	813	10924	4820	704	4116	107393	36370	17682	0	0	0
34	430	CHRISTIAN	15252	2414	253198	475294	5394	234	5160	2276	358	1918	36820	13618	13085	0	29	0
34	450	CLARK	11874	1799	270614	831923	7490	488	7002	1552	276	1276	55268	9960	17845	0	0	0
34	470	CLAY	20455	1989	227878	525680	5844	245	5599	2610	476	2134	54955	6279	7189	0	0	0
34	490	CLINTON	14461	1653	230826	713087	4742	168	4574	3140	209	2931	85115	2919	14887	0	0	0
34	510	COLE	24680	1575	219015	739524	3397	119	3278	2333	235	2098	21375	20219	4883	0	0	0
34	530	COOPER	19308	2224	306327	879639	5508	257	5251	5409	455	4954	71018	33478	12394	0	0	0
34	550	CRAWFORD	12355	1782	281367	320390	3230	164	3066	2359	266	2093	17550	3261	1905	0	0	0
34	570	DADE	14173	2196	271411	410885	6016	434	5582	2940	575	2365	50820	17012	21648	0	0	0
34	590	DALLAS	12033	2076	250573	331804	5269	346	4923	1853	305	1548	34454	2845	4560	0	0	0
34	610	DAVIESS	16641	2467	311634	879892	9163	586	8577	3540	668	2872	76045	12605	18022	0	0	0
34	630	DE KALB	11694	1914	246243	1067550	7541	439	7102	2346	519	1827	78078	5346	16605	0	0	0
34	650	DENT	12318	1647	275883	229544	3180	124	3056	2098	294	1804	17647	1728	931	0	0	0
34	670	DOUGLAS	15436	2468	339692	349590	5769	319	5450	2209	269	1940	28103	3153	2665	0	0	0
34	690	DUNKLIN	32773	3436	192568	826908	3294	115	3179	7421	134	7287	52757	1817	439	0	93448	0
34	710	FRANKLIN	28427	3461	447680	1277139	6962	189	6773	4359	253	4106	47110	42583	4427	0	0	0
34	730	GASCONADE	12381	1693	294517	636074	3505	106	3399	2526	170	2356	19351	24567	3867	0	0	0
34	750	GENTRY	15634	2107	281966	701093	8835	682	8153	2515	526	1989	77384	3316	12442	0	0	0
34	770	GREENE	68698	4297	363289	913734	8931	512	8419	3833	611	3222	57330	17580	19209	0	0	0
34	790	GRUNDY	17554	1841	246781	763119	7520	614	6906	1903	397	1506	53637	4336	10031	0	0	0
34	810	HARRISON	19719	3060	434567	1074613	12414	1124	11290	3402	723	2679	104109	4723	24017	0	0	0
34	830	HENRY/RIVES	25116	2792	398394	901272	10803	738	10065	4339	986	3353	101322	8585	29476	0	0	0
34	850	HICKORY	7033	1453	213361	270292	4034	269	3765	1677	437	1240	29011	4904	7822	0	0	0
34	870	HOLT	14084	1720	238558	923465	6385	280	6105	2836	232	2604	93900	16579	8348	0	0	0
34	890	HOWARD	13997	1618	241032	871684	4293	361	3932	4133	451	3682	44894	18842	4447	0	0	0
34	910	HOWELL	21102	2839	362245	408920	5061	244	4817	2505	368	2137	28436	4268	1982	0	4013	0
34	930	IRON	9458	971	102086	135409	1293	47	1246	1277	72	1205	6666	755	644	0	0	0
34	950	JACKSON	367846	3002	255239	1248776	6885	302	6583	2745	321	2424	53213	8432	8595	0	0	0
34	970	JASPER	75941	3034	310871	879840	7449	311	7138	3484	388	3096	52353	50754	27919	0	0	0
34	990	JEFFERSON	26555	2162	304105	581942	3596	85	3511	2610	155	2455	24295	9027	3194	0	0	0
34	1010	JOHNSON	24899	3280	450907	999118	12469	686	11783	4774	816	3958	111919	11084	25007	0	0	0
34	1030	KNOX	10783	1919	302932	757978	8365	528	7837	1984	385	1599	68118	2865	18628	0	0	0
34	1050	LACLEDE	16857	2623	342986	467309	6256	322	5934	2478	478	2000	41292	6276	4774	0	0	0
34	1070	LAFAYETTE	30006	2559	311616	1247040	9171	541	8630	5193	728	4465	83606	42281	13827	0	0	0
34	1090	LAWRENCE	24211	3097	329843	734308	7319	262	7057	3751	578	3173	44475	37610	19382	0	0	0
34	1110	LEWIS	13465	1925	293480	762689	7402	363	7039	2377	454	1923	58426	16198	18150	0	0	0
34	1130	LINCOLN	15956	2279	339095	787926	6948	273	6675	2978	402	2576	52560	29588	11797	790	0	0
34	1150	LINN	24778	2364	362392	883977	9301	449	8852	3005	562	2443	74383	3173	9622	0	0	0
34	1170	LIVINGSTON	18857	2162	289086	769089	8336	549	7787	2896	581	2315	56948	12032	13829	0	0	0
34	1190	MCDONALD	14690	2464	200255	276157	5085	218	4867	2195	216	1979	22780	4349	5735	0	0	0
34	1210	MACON	27518	3743	461661	1052962	11869	668	11201	4111	715	3396	89782	4551	17942	0	0	0
34	1230	MADISON	10721	1059	137377	170795	1639	59	1580	1560	160	1400	11193	2650	1322	0	9	0
34	1250	MARIES	9500	1615	273841	394450	3211	237	2974	2414	361	2053	24085	7984	4060	0	0	0
34	1270	MARION	30226	1581	215856	562539	5407	280	5127	1948	340	1608	39470	20786	10718	0	0	0
34	1290	MERCER	11281	1889	262623	409611	7426	712	6714	1590	320	1270	55991	4406	11167	0	0	0
34	1310	MILLER	15567	2014	312282	426748	4481	224	4257	2352	389	1963	27750	13649	4286	0	0	0
34	1330	MISSISSIPPI	12860	2825	176323	553017	1492	92	1400	6875	120	6755	43745	13702	163	0	54428	0
34	1350	MONITEAU	13532	1909	244547	539243	4738	358	4380	3777	673	3104	42563	27108	12544	0	0	0
34	1370	MONROE	16414	2797	389504	735288	10032	622	9410	3760	865	2895	95983	10876	20516	0	0	0
34	1390	MONTGOMERY	15233	1885	268048	774924	5114	225	4889	3218	410	2808	45617	22246	17433	0	0	0
34	1410	MORGAN	12015	1731	254886	520415	4299	213	4086	2889	462	2427	35397	15266	8363	0	0	0
34	1430	NEW MADRID	25180	4139	236592	712754	3028	326	2702	10153	164	9989	69903	6704	410	0	90114	0
34	1450	NEWTON	24886	3027	277877	598782	7002	245	6757	2151	317	1834	34579	29685	19744	0	0	0
34	1470	NODAWAY	27744	3580	491870	2181675	16854	1305	15549	4097	576	3521	179164	17049	25960	0	0	0
34	1490	OREGON	12889	1986	282433	266246	3213	170	3043	2605	328	2277	26202	3314	1910	0	4796	0
34	1510	OSAGE	13559	1861	321713	557703	3479	148	3331	2928	303	2625	24421	27478	4114	0	0	0
34	1530	OZARK	11125	1690	243804	198950	3471	193	3278	2808	215	2593	19547	2955	1173	0	4555	0
34	1550	PEMISCOT	26634	2974	146117	617624	1493	82	1411	6322	142	6180	29615	151	76	0	83412	0
34	1570	PERRY	14434	2037	267154	739439	4198	225	3973	3327	441	2886	32615	24951	7046	0	154	0
34	1590	PETTIS	35813	2650	368766	895297	8756	457	8299	4288	644	3644	105608	15768	18953	0	0	0
34	1610	PHELPS	14941	1825	287650	272652	3647	163	3484	2253	244	2009	20397	5932	2660	0	0	0
34	1630	PIKE	20345	2539	356944	802681	8372	828	7544	4383	975	3408	77145	25475	13142	0	0	0
34	1650	PLATTE	13996	2117	235744	906978	5339	220	5119	3527	401	3126	51731	40780	8731	0	0	0
34	1670	POLK	20351	3355	376438	588183	8453	531	7922	4010	951	3059	57991	11117	17352	0	0	0
34	1690	PULASKI	10490	1510	207041	208238	3112	170	2942	1571	252	1319	22539	868	293	0	0	0
34	1710	PUTNAM	13115	2125	294520	616269	8313	956	7357	2294	602	1692	47748	1230	11876	0	0	0
34	1730	RALLS	10412	1765	264816	653989	6670	375	6295	2706	536	2170	51012	16666	13838	0	0	0
34	1750	RANDOLPH	27633	2265	271472	697466	7005	343	6662	2737	470	2267	55472	3867	10554	0	0	0
34	1770	RAY	20508	2643	313590	743221	7773	384	7389	4481	665	3816	85215	15711	14470	0	0	0
34	1790	REYNOLDS	10106	1140	159351	189262	1821	72	1749	1788	123	1665	14468	487	428	0	35	0
34	1810	RIPLEY	12061	1605	165835	228487	2796	161	2635	2550	175	2375	18030	423	287	0	9884	0
34	1830	ST CHARLES	22828	2087	285847	917183	6047	163	5884	3447	266	3181	36621	58387	5131	0	0	0
34	1850	ST CLAIR	15341	2119	297611	538839	7499	508	6991	3203	659	2544	65563	5497	12441	0	0	0
34	1870	ST FRANCOIS	31403	1206	145295	298572	2175	120	2055	1685	118	1567	10599	4231	2327	0	0	0
34	1890	ST LOUIS	100737	3416	192969	1564245	4473	52	4421	3404	40	3364	18578	32481	1977	0	0	0
34	1930	STE GENEVIEVE	9809	1140	215035	282510	2874	171	2703	1586	218	1368	16074	10737	4985	0	0	0
34	1950	SALINE	28826	2548	367952	1061761	8731	447	8284	6924	884	6040	111877	44039	9435	0	0	0
34	1970	SCHUYLER	8383	1270	171184	390703	4682	401	4281	652	100	552	27031	1238	7644	0	0	0
34	1990	SCOTLAND	10700	1713	253150	803090	7370	653	6717	1354	269	1085	48867	1129	17142	0	0	0
34	2010	SCOTT	23409	2793	199619	612736	2313	81	2232	5981	161	5820	45380	23660	699	0	53987	0
34	2030	SHANNON	11865	1535	195862	195759	2659	161	2498	2152	294	1858	17834	522	663	0	0	0
34	2050	SHELBY	13617	2116	279308	710144	7749	408	7341	2511	492	2019	68402	8444	21251	0	0	0
34	2070	STODDARD	29755	4241	325262	876703	6843	296	6547	8047	506	7541	76925	18114	2992	727	51328	0
34	2090	STONE	11941	1866	216071	316371	3914	210	3704	2053	286	1767	19556	2865	4009	0	104	0
34	2110	SULLIVAN	17781	2532	366580	721074	9843	1035	8808	3431	855	2576	69069	1117	9309	0	0	0
34	2130	TANEY	8178	1509	209543	188482	3359	230	3129	1722	240	1482	13553	697	462	0	3777	0
34	2150	TEXAS	20548	3093	424712	508679	6668	374	6294	3076	424	2652	38851	7057	3254	0	13	0
34	2170	VERNON	26069	3335	445990	735528	11414	717	10697	5026	960	4066	112428	9498	25795	0	0	0
34	2190	WARREN	8490	1169	207646	526708	2824	65	2759	1775	79	1696	19419	27227	5024	0	0	0
34	2210	WASHINGTON	13803	1568	199640	268581	2394	104	2290	2252	165	2087	15560	5083	2581	0	0	0
34	2230	WAYNE	13012	1595	211569	198331	2387	121	2266	2632	232	2400	24179	1672	640	0	840	0
34	2250	WEBSTER	16609	2719	313715	482306	6295	271	6024	2284	484	1800	30119	3422	4918	0	0	0
34	2270	WORTH	7642	1187	151457	404801	4889	606	4283	1619	408	1211	41387	2877	8753	0	0	0
34	2290	WRIGHT	17733	2742	347087	337469	5677	306	5371	2245	519	1726	27725	2583	2166	0	0	0
34	5100	ST LOUIS CITY	772897	77	828	28055	122	0	122	11	0	11	79	0	0	0	0	0
35	0	NEBRASKA	1296372	127734	42024775	111799086	862333	61069	801264	119997	20060	99937	8717542	3007217	2287941	0	0	0
35	10	ADAMS	22621	1670	335183	1484861	9884	524	9360	1761	189	1572	98130	95917	24498	0	0	0
35	30	ANTELOPE	15243	2231	540346	1691439	14113	1050	13063	1668	372	1296	192001	1946	44088	0	0	0
35	50	ARTHUR	1412	281	416107	147520	3518	481	3037	292	56	236	15973	29	97	0	0	0
35	70	BANNER	1435	307	347386	346243	3668	470	3198	171	47	124	18993	26537	8868	0	0	0
35	90	BLAINE	1778	252	329062	166290	2861	339	2522	449	112	337	16058	150	638	0	0	0
35	110	BOONE	14146	1915	399401	1590202	13019	980	12039	1697	175	1522	140373	4138	59577	0	0	0
35	130	BOX BUTTE	8407	715	582854	666233	7771	689	7082	633	168	465	38059	28541	19059	0	0	0
35	150	BOYD	8243	1079	284819	832304	7121	451	6670	716	128	588	79780	1694	29717	0	0	0
35	170	BROWN	6749	765	559172	367040	6319	584	5735	772	256	516	49344	1129	13751	0	0	0
35	190	BUFFALO	23787	2439	556886	1815227	16499	1098	15401	1880	596	1284	187732	37638	25316	0	0	0
35	210	BURT	12559	1577	270011	1343578	9019	361	8658	1774	116	1658	101474	2831	45702	0	0	0
35	230	BUTLER	14606	1872	353069	2004480	11026	611	10415	1684	170	1514	114065	70342	51499	0	0	0
35	250	CASS	18029	1926	322065	2043528	10772	690	10082	2143	264	1879	124669	44983	32094	0	0	0
35	270	CEDAR	16225	2248	449458	2137115	14691	957	13734	1135	181	954	168639	1784	94335	0	0	0
35	290	CHASE	4939	676	455531	671485	6734	621	6113	1066	263	803	84891	54577	4121	0	0	0
35	310	CHERRY	11753	1401	3201590	970782	28624	3602	25022	1770	676	1094	79476	1481	8851	0	0	0
35	330	CHEYENNE	8405	1070	608494	1400508	7250	463	6787	698	166	532	78164	144308	25388	0	0	0
35	350	CLAY	14486	1720	333731	1514248	9717	616	9101	1988	234	1754	102630	92049	30317	0	0	0
35	370	COLFAX	11624	1362	243199	1645990	7971	390	7581	653	80	573	81082	24186	43333	0	0	0
35	390	CUMING	13769	1855	337993	1784461	11892	597	11295	968	53	915	124579	1655	70356	0	0	0
35	410	CUSTER	26407	3822	1467000	2615358	31767	2642	29125	3126	629	2497	350147	27205	52655	0	0	0
35	430	DAKOTA	7694	842	145652	761652	4765	165	4600	613	64	549	63665	2029	19532	0	0	0
35	450	DAWES	10160	811	768599	738535	8502	715	7787	869	255	614	38501	18377	14679	0	0	0
35	470	DAWSON	16004	1990	614723	1626640	15095	1200	13895	1479	303	1176	165127	43803	17988	0	0	0
35	490	DEUEL	3282	323	161611	422370	2470	162	2308	293	62	231	28689	27933	7877	0	0	0
35	510	DIXON	11815	1462	275225	1170942	9587	538	9049	862	167	695	113300	506	52086	0	0	0
35	530	DODGE	23197	1845	323722	1882196	10696	589	10107	1176	55	1121	114326	34988	49289	0	0	0
35	550	DOUGLAS	204524	1725	169206	1455347	6094	165	5929	1152	64	1088	68256	8728	17658	0	0	0
35	570	DUNDY	4869	734	507107	586445	7037	503	6534	1156	242	914	100837	27740	735	0	0	0
35	590	FILLMORE	13671	1937	350740	1407464	10825	563	10262	1827	152	1675	107045	106603	35701	0	0	0
35	610	FRANKLIN	10067	1390	323021	955377	7470	424	7046	1760	253	1507	102884	40353	9015	0	0	0
35	630	FRONTIER	8540	1388	597559	1180695	11797	917	10880	1733	393	1340	151532	35299	6540	0	0	0
35	650	FURNAS	11657	1616	425438	1129547	10402	692	9710	2239	454	1785	135252	54532	1847	0	0	0
35	670	GAGE	29721	2812	510892	2673296	15323	733	14590	3267	411	2856	166521	109020	50053	0	0	0
35	690	GARDEN	4572	645	916186	550632	7825	869	6956	552	170	382	45803	17767	8124	0	0	0
35	710	GARFIELD	3496	521	233978	252513	3612	345	3267	465	138	327	26890	277	3378	0	0	0
35	730	GOSPER	4669	902	277648	812300	6082	380	5702	1111	229	882	98402	23964	3406	0	0	0
35	750	GRANT	1486	138	639603	155640	3595	558	3037	113	57	56	2984	26	20	0	0	0
35	770	GREELEY	8685	1223	339608	916767	8236	612	7624	1304	269	1035	95075	2886	28791	0	0	0
35	790	HALL	23720	1625	311066	1496695	9008	629	8379	1275	120	1155	95501	46667	21108	0	0	0
35	810	HAMILTON	13237	1889	331924	1719912	11183	632	10551	1774	311	1463	118880	73928	30260	0	0	0
35	830	HARLAN	9220	1200	304076	909019	7418	445	6973	1738	273	1465	103546	51787	4815	0	0	0
35	850	HAYES	3327	670	417090	542787	6485	542	5943	1292	298	994	90336	33354	2219	0	0	0
35	870	HITCHCOCK	6045	912	425083	755712	7569	550	7019	1453	312	1141	76528	63662	1377	0	0	0
35	890	HOLT	17151	2372	1246802	1385207	18522	1756	16766	2905	669	2236	155968	969	33591	0	0	0
35	910	HOOKER	1378	155	229135	86705	1910	247	1663	227	70	157	8701	5	20	0	0	0
35	930	HOWARD	10739	1541	320317	1105679	8330	458	7872	809	127	682	83737	31596	21361	0	0	0
35	950	JEFFERSON	16140	2018	356560	1684509	9625	421	9204	1718	234	1484	101372	69555	29806	0	0	0
35	970	JOHNSON/JOHNSTON	8940	1189	212084	1006481	6304	333	5971	1358	258	1100	64804	33501	18836	0	0	0
35	990	KEARNEY	8583	1335	313803	1325631	8253	557	7696	1223	216	1007	93960	81828	15596	0	0	0
35	1010	KEITH	5294	778	591179	815995	7742	757	6985	783	199	584	82824	28876	11940	0	0	0
35	1030	KEYA PAHA	3594	595	435910	335940	6346	566	5780	745	217	528	51481	945	6335	0	0	0
35	1050	KIMBALL	4498	527	386142	602815	4134	420	3714	251	66	185	18796	48427	10888	0	0	0
35	1070	KNOX/L'EAU QUI CO	18894	2665	656917	2457079	17037	1021	16016	1542	276	1266	196396	1291	93514	0	0	0
35	1090	LANCASTER	85902	3202	494142	2380379	15278	715	14563	2913	253	2660	161390	86887	45240	0	0	0
35	1110	LINCOLN	23420	2198	1193136	1404389	18890	1618	17272	2418	551	1867	185624	39492	14015	0	0	0
35	1130	LOGAN	1596	314	236054	218228	3153	296	2857	408	78	330	26814	734	6289	0	0	0
35	1150	LOUP	1946	333	225245	133805	2817	309	2508	568	119	449	21525	194	2905	0	0	0
35	1170	MCPHERSON	1692	281	409306	123375	3871	395	3476	450	128	322	20780	8	68	0	0	0
35	1190	MADISON	22511	1832	339196	1793571	11647	735	10912	1386	179	1207	131004	1893	57618	0	0	0
35	1210	MERRICK	10763	1474	272835	1495711	7383	372	7011	846	137	709	80237	25997	21929	0	0	0
35	1230	MORRILL	9151	1054	779509	880970	11282	1183	10099	1152	319	833	54108	21403	10790	0	0	0
35	1250	NANCE	8712	1156	249597	938445	7640	574	7066	1109	141	968	76713	17935	21877	0	0	0
35	1270	NEMAHA	12547	1551	238487	1255950	7519	442	7077	2166	210	1956	87291	32215	17347	0	0	0
35	1290	NUCKOLLS	13236	1638	336846	1304187	8897	523	8374	2406	426	1980	109458	49771	30746	0	0	0
35	1310	OTOE	19494	2199	370021	2212487	10105	499	9606	3810	399	3411	126602	60463	37524	0	0	0
35	1330	PAWNEE	9578	1292	241711	997417	7333	613	6720	1094	158	936	76673	22187	17511	0	0	0
35	1350	PERKINS	3967	784	427771	896819	7687	552	7135	1023	282	741	103753	74023	15347	0	0	0
35	1370	PHELPS	9900	1219	312964	1383351	8160	492	7668	938	171	767	103229	81167	6429	0	0	0
35	1390	PIERCE	10681	1631	326902	1365221	10004	691	9313	847	72	775	125929	825	59223	0	0	0
35	1410	PLATTE	19464	2141	400760	2432012	13012	571	12441	1442	156	1286	155673	19715	65581	0	0	0
35	1430	POLK	10714	1517	247805	1520198	8179	370	7809	1546	160	1386	93851	46406	25044	0	0	0
35	1450	RED WILLOW	11434	1135	406534	1003588	7794	517	7277	1350	256	1094	114418	65688	2276	0	0	0
35	1470	RICHARDSON	18968	1907	314456	1801776	9933	577	9356	2649	316	2333	117175	27645	21295	0	0	0
35	1490	ROCK	3703	600	515352	247190	5350	565	4785	751	231	520	29254	94	3082	0	0	0
35	1510	SALINE	16514	2103	348367	2380980	11124	467	10657	1457	148	1309	91777	98344	35231	0	0	0
35	1530	SARPY	9370	933	125065	816039	4191	210	3981	1247	92	1155	47104	11258	13443	0	0	0
35	1550	SAUNDERS	20589	2668	457827	3261100	15288	891	14397	2278	214	2064	169861	60931	62069	0	0	0
35	1570	SCOTTS BLUFF	20710	1513	339414	1400374	11215	981	10234	657	160	497	26496	22741	11503	0	0	0
35	1590	SEWARD	15867	2184	341207	1719190	11197	508	10689	1295	171	1124	107566	83461	38529	0	0	0
35	1610	SHERIDAN	9625	1249	1376987	938401	14884	1341	13543	1014	398	616	80710	22227	25240	0	0	0
35	1630	SHERMAN	8877	1419	335188	930331	9501	756	8745	935	186	749	92722	17835	18908	0	0	0
35	1650	SIOUX	4528	779	1035260	515881	8007	958	7049	618	176	442	16222	4258	6200	0	0	0
35	1670	STANTON	7756	1189	250515	1258853	7387	354	7033	813	114	699	87007	1117	43600	0	0	0
35	1690	THAYER	13976	1807	346189	1777045	9902	553	9349	2098	338	1760	106264	77958	32290	0	0	0
35	1710	THOMAS	1773	188	247730	92540	2061	266	1795	200	50	150	10031	40	25	0	0	0
35	1730	THURSTON	9589	996	203828	1041972	7392	306	7086	1108	82	1026	106589	1496	33483	0	0	0
35	1750	VALLEY	9823	1351	344223	1087323	10045	814	9231	824	145	679	108728	9095	19954	0	0	0
35	1770	WASHINGTON	12180	1468	216756	1448151	7756	412	7344	1107	105	1002	75909	13390	34672	0	0	0
35	1790	WAYNE	9725	1393	255362	1640650	8743	413	8330	1066	93	973	109193	712	59526	0	0	0
35	1810	WEBSTER	10922	1519	337736	1254118	8667	567	8100	1806	251	1555	109168	48827	13123	0	0	0
35	1830	WHEELER	2531	445	260120	274360	3343	401	2942	499	128	371	27321	243	7516	0	0	0
35	1850	YORK	17146	2114	352409	2025293	12181	582	11599	1595	152	1443	129195	74200	37848	0	0	0
36	0	NORTH DAKOTA	646872	75970	34327410	76631015	731089	52334	678755	9495	2621	6874	1320202	8322558	2524380	0	0	0
36	10	ADAMS	5593	835	480496	800105	8220	650	7570	67	15	52	16384	75475	22276	0	0	0
36	30	BARNES	18678	2059	872096	2618850	19934	992	18942	221	75	146	44951	251451	82057	0	0	0
36	50	BENSON	13095	1638	714964	1660518	16823	1145	15678	135	21	114	18982	244779	64864	0	0	0
36	70	BILLINGS	3126	521	383659	283683	6817	846	5971	62	22	40	2760	46162	11321	0	0	0
36	90	BOTTINEAU	15109	1994	840227	1815925	16362	1156	15206	326	72	254	21937	272460	71006	0	0	0
36	110	BOWMAN	4768	724	474184	638965	7044	652	6392	77	24	53	10451	55543	18373	0	0	0
36	130	BURKE	9511	1070	451395	1003062	9299	670	8629	88	9	79	5067	128494	30490	0	0	0
36	150	BURLEIGH	15578	1245	647587	1151670	12682	922	11760	144	45	99	39454	107811	27088	0	0	0
36	170	CASS	41477	2469	995832	3896823	24677	1636	23041	238	64	174	108771	252838	130576	0	0	0
36	190	CAVALIER	15555	2111	871741	2561786	18621	1221	17400	100	34	66	2994	246272	114298	0	0	0
36	210	DICKEY	10499	1303	593126	1265465	13249	909	12340	193	46	147	65702	85103	61083	0	0	0
36	230	DIVIDE	9637	1427	579532	1505160	12206	697	11509	149	42	107	5609	191890	38802	0	0	0
36	250	DUNN	8828	1459	975016	1176315	19193	1495	17698	75	36	39	17705	158590	37550	0	0	0
36	270	EDDY	6493	679	325329	712823	6712	411	6301	173	56	117	11843	69722	31901	0	0	0
36	290	EMMONS	11288	1560	859144	1514150	17092	1174	15918	100	38	62	40249	216435	21730	0	0	0
36	310	FOSTER	6108	701	345842	721868	7750	514	7236	239	42	197	17103	85431	36250	0	0	0
36	330	GOLDEN VALLEY	4832	675	366967	558835	7823	1005	6818	76	24	52	9843	71430	22315	0	0	0
36	350	GRAND FORKS	28795	2103	780744	2659308	18528	1216	17312	213	43	170	37791	186184	90288	0	0	0
36	370	GRANT	9553	1460	790910	1242112	15661	1177	14484	100	48	52	30382	145638	26656	0	0	0
36	390	GRIGGS	7402	984	414693	1412885	9640	530	9110	86	22	64	12315	88432	38042	0	0	0
36	410	HETTINGER	7685	968	497538	956091	10197	795	9402	163	28	135	14683	123058	32323	0	0	0
36	430	KIDDER	7798	1147	628365	867157	11487	960	10527	249	85	164	26521	96849	24905	0	0	0
36	450	LA MOURE	11564	1564	643026	1551984	14564	962	13602	216	22	194	41846	155478	60655	0	0	0
36	470	LOGAN	7723	1053	531394	1006452	11237	1017	10220	178	47	131	14442	141432	10880	0	0	0
36	490	MCHENRY	15544	2051	890084	1659465	16855	1062	15793	272	73	199	49323	233596	66699	0	0	0
36	510	MCINTOSH	9010	1084	572199	1024007	11846	887	10959	107	56	51	13449	149832	12107	0	0	0
36	530	MCKENZIE	9544	1721	894252	1211886	19541	1749	17792	184	77	107	14152	129060	30698	0	0	0
36	550	MCLEAN	17266	2411	1173343	2532082	25121	1820	23301	266	109	157	33214	344164	59840	0	0	0
36	570	MERCER	8224	1059	564219	938804	10995	732	10263	147	76	71	21496	116122	19529	0	0	0
36	590	MORTON	18714	1873	1036669	1730547	18516	1456	17060	143	55	88	29773	200918	31864	0	0	0
36	610	MOUNTRAIL	12140	1927	738278	1513643	15284	1098	14186	129	10	119	7127	203416	40422	0	0	0
36	630	NELSON	10362	1253	557712	1586411	12567	809	11758	85	12	73	11830	124835	53843	0	0	0
36	650	OLIVER	4425	688	380380	683935	6637	437	6200	59	16	43	16187	63539	15351	0	0	0
36	670	PEMBINA	15177	1758	611891	2035105	13941	997	12944	150	20	130	11869	134236	72410	0	0	0
36	690	PIERCE	9283	1105	526905	1006184	10760	826	9934	45	13	32	15989	192425	46377	0	0	0
36	710	RAMSEY	15427	1447	706441	1774549	15806	1112	14694	218	54	164	8324	231319	63273	0	0	0
36	730	RANSOM	11618	1341	467360	1127588	11421	896	10525	204	52	152	49060	82043	58399	0	0	0
36	750	RENVILLE	7776	1167	497992	973489	10534	875	9659	225	48	177	14034	162530	45530	0	0	0
36	770	RICHLAND	20887	2398	809655	2887695	21345	1090	20255	309	53	256	101178	147179	120715	0	0	0
36	790	ROLETTE	10061	1377	474411	851766	10076	652	9424	112	9	103	3993	106864	40976	0	0	0
36	810	SARGENT	9655	1359	474766	1532703	11610	610	11000	306	99	207	58534	86812	49421	0	0	0
36	830	SHERIDAN	7935	1030	485428	784915	10667	1040	9627	67	40	27	18751	152528	24783	0	0	0
36	850	SIOUX	3308	505	291863	273047	6724	919	5805	118	38	80	9206	26466	7100	0	0	0
36	870	SLOPE	4940	608	385553	389821	6650	689	5961	70	28	42	7228	59007	15356	0	0	0
36	890	STARK	13542	1253	634500	1039635	12672	889	11783	71	16	55	11928	170282	32155	0	0	0
36	910	STEELE	7401	1001	426979	1389106	9585	575	9010	94	16	78	17103	107527	45819	0	0	0
36	930	STUTSMAN	24575	2483	1146971	2317773	24704	1545	23159	427	93	334	47477	280307	87711	0	0	0
36	950	TOWNER	8327	1042	605894	1476665	13043	935	12108	338	87	251	4808	205684	65686	0	0	0
36	970	TRAILL	12210	1385	496586	1789416	12288	570	11718	164	25	139	33498	123095	55844	0	0	0
36	990	WALSH	19078	2385	744855	2611212	17240	1133	16107	125	29	96	16551	230370	82347	0	0	0
36	1010	WARD	28811	2705	1047286	2373274	21796	1369	20427	658	197	461	36701	310687	72979	0	0	0
36	1030	WELLS	12957	1610	711828	1655248	16610	1389	15221	275	90	185	28604	252816	55136	0	0	0
36	1050	WILLIAMS	17980	2195	909303	1879052	20437	1421	19016	459	170	289	11030	197942	46281	0	0	0
37	0	SOUTH DAKOTA	636547	79537	32017986	75411143	720060	68109	651951	21349	6256	15093	4815162	2364447	2799488	0	0	0
37	10	ARMSTRONG		13	5229	3890	641	149	492	2	0	2	96	0	0	0		
37	30	AURORA	7246	1165	423113	1054337	9936	728	9208	526	168	358	95278	32513	47949	0	0	0
37	50	BEADLE	19273	1771	653798	2042789	16216	1355	14861	622	135	487	149374	81542	76238	0	0	0
37	70	BENNETT	1924	482	298323	206740	7352	1078	6274	208	77	131	21204	1462	4819	0	0	0
37	90	BON HOMME	11940	1433	336933	1279805	9742	725	9017	375	127	248	108431	7386	72604	0	0	0
37	110	BROOKINGS	16119	2014	468996	1860215	13511	983	12528	424	108	316	132956	770	121534	0	0	0
37	130	BROWN	29509	2262	940599	3050609	21416	1251	20165	541	147	394	163363	256937	102633	0	0	0
37	150	BRULE	7141	1064	460358	1035395	8997	549	8448	320	64	256	116911	21319	31101	0	0	0
37	170	BUFFALO	1715	218	181438	282885	2791	367	2424	98	30	68	21318	2970	5126	0	0	0
37	190	BUTTE	6819	879	701413	552668	8098	947	7151	87	29	58	15323	2703	5333	0	0	0
37	210	CAMPBELL	5305	793	462333	816835	9028	665	8363	168	46	122	30188	105187	10494	0	0	0
37	230	CHARLES MIX	16256	2240	639956	2292446	17011	1146	15865	1006	184	822	233634	37090	67989	0	0	0
37	250	CLARK	11136	1679	528649	1685583	13897	1007	12890	339	46	293	101330	49607	74675	0	0	0
37	270	CLAY	9654	1360	240189	1280370	8104	404	7700	726	102	624	99816	6189	54288	0	0	0
37	290	CODINGTON	16549	1180	371965	1217160	9463	570	8893	157	39	118	49418	39397	66420	0	0	0
37	310	CORSON	7249	1394	920254	1002937	16255	2687	13568	523	250	273	26196	69488	20043	0	0	0
37	330	CUSTER	3907	561	440875	316570	5211	533	4678	170	38	132	4896	2260	2393	0	0	0
37	350	DAVISON	14139	1054	262328	904625	7614	445	7169	233	77	156	83128	13380	51704	0	0	0
37	370	DAY	15194	1933	594276	2049629	14888	907	13981	254	46	208	69261	111938	58700	0	0	0
37	390	DEUEL	8759	1231	338192	1317085	8481	535	7946	254	48	206	56613	4696	75470	0	0	0
37	410	DEWEY	4802	684	370608	444499	10486	1574	8912	215	106	109	18768	18407	10301	0	0	0
37	430	DOUGLAS	6993	1037	267561	993476	7068	401	6667	191	33	158	79654	24390	36189	0	0	0
37	450	EDMUNDS	8336	1121	576637	1120900	11704	776	10928	203	49	154	52004	105224	36982	0	0	0
37	470	FALL RIVER	6985	896	637175	577015	7672	1001	6671	362	164	198	15952	10778	2731	0	0	0
37	490	FAULK	6442	953	513121	1418029	10416	846	9570	258	101	157	69789	87647	37301	0	0	0
37	510	GRANT	10880	1196	333865	1357382	8711	490	8221	112	40	72	54738	52802	50432	0	0	0
37	530	GREGORY	12700	1847	575445	1393638	12824	920	11904	1021	172	849	138750	12354	47605	0	0	0
37	550	HAAKON	4596	825	631409	449726	10893	1897	8996	240	108	132	25771	10787	6379	0	0	0
37	570	HAMLIN	8054	1096	295310	1223546	7640	452	7188	116	33	83	60700	14356	69512	0	0	0
37	590	HAND	8778	1532	752940	1671273	17227	1716	15511	615	208	407	124316	75609	59268	0	0	0
37	610	HANSON	6202	868	246788	1016384	7069	579	6490	301	73	228	73577	31512	45452	0	0	0
37	630	HARDING	3953	714	1260508	454649	10511	1592	8919	64	26	38	11226	11023	9166	0	0	0
37	650	HUGHES	5711	511	270851	538560	6494	967	5527	260	163	97	31163	6908	8924	0	0	0
37	670	HUTCHINSON	13475	1728	501604	2203444	14085	1193	12892	170	34	136	132555	53092	88113	0	0	0
37	690	HYDE	3315	533	331261	434595	7661	1181	6480	116	50	66	33740	10166	16729	0	0	0
37	710	JACKSON	2472	403	217477	269040	4515	548	3967	54	23	31	13124	5597	2808	0	0	0
37	730	JERAULD	6338	768	291377	888340	6926	605	6321	336	101	235	63488	24869	30059	0	0	0
37	750	JONES	3004	550	409686	379441	7022	952	6070	304	110	194	34142	6725	7824	0	0	0
37	770	KINGSBURY	12802	1683	469509	1713116	13279	953	12326	247	74	173	119811	24110	105132	0	0	0
37	790	LAKE	12257	1400	342215	1535160	10351	729	9622	290	75	215	103709	1988	87709	0	0	0
37	810	LAWRENCE	13029	409	150275	304586	2670	230	2440	32	11	21	6937	3428	3225	0	0	0
37	830	LINCOLN	13893	1652	317012	1843767	10879	608	10271	410	99	311	130800	1167	83598	0	0	0
37	850	LYMAN	6591	1197	759805	721368	15877	2315	13562	473	188	285	87903	10647	11773	0	0	0
37	870	MCCOOK	9990	1442	335141	1581862	10495	718	9777	223	45	178	110484	13624	89179	0	0	0
37	890	MCPHERSON	7705	1164	623535	1670393	12760	896	11864	112	25	87	36618	123668	27137	0	0	0
37	910	MARSHALL	9596	1351	469034	1198794	11547	762	10785	198	71	127	56816	83063	39342	0	0	0
37	930	MEADE	9367	1596	1136842	841930	18544	2320	16224	417	257	160	29280	20297	13614	0	0	0
37	950	MELLETTE	3850	793	409748	336478	10187	1624	8563	323	155	168	39767	3419	5250	0	0	0
37	970	MINER	8560	1290	342122	1303180	9764	828	8936	266	84	182	91493	18319	68724	0	0	0
37	990	MINNEHAHA	42490	2551	490395	2407492	15407	777	14630	467	144	323	166239	776	127199	0	0	0
37	1010	MOODY	9742	1340	309899	1365065	9268	498	8770	242	69	173	99885	172	87390	0	0	0
37	1030	PENNINGTON	12720	1188	778551	719465	12719	1624	11095	364	134	230	22162	12590	8283	0	0	0
37	1050	PERKINS	7993	1276	846665	678355	16160	2104	14056	460	219	241	29557	26359	16883	0	0	0
37	1070	POTTER	4382	740	402695	836414	9352	996	8356	146	46	100	57717	38442	26514	0	0	0
37	1090	ROBERTS	16514	2215	611019	2133813	15635	844	14791	325	49	276	87583	99763	85468	0	0	0
37	1110	SANBORN	7877	1184	339160	903381	9240	827	8413	284	56	228	87930	23635	50555	0	0	0
37	1130	SHANNON	2003	435	386266	98306	6684	874	5810	71	10	61	2500	140	295	0	0	0
37	1150	SPINK	15768	1903	832471	3086132	20187	1395	18792	675	198	477	150647	278631	64200	0	0	0
37	1170	STANLEY	2908	455	242480	214902	9153	2164	6989	139	72	67	14543	579	2899	0	0	0
37	1190	SULLY	2831	537	344169	646370	8287	1095	7192	179	79	100	47090	21829	16809	0	0	0
37	1210	TODD	2784	406	180762	213196	7018	1283	5735	126	59	67	18758	1423	4193	0	0	0
37	1230	TRIPP	11970	2136	842295	1521808	17898	1607	16291	997	299	698	188853	31158	30545	0	0	0
37	1250	TURNER	14871	2010	376313	2192127	12967	937	12030	346	71	275	137722	4259	97460	0	0	0
37	1270	UNION	11099	1522	257056	1629215	9469	525	8944	668	140	528	112964	13299	41787	0	0	0
37	1290	WALWORTH	8447	715	383640	570617	7263	407	6856	110	39	71	33871	74549	18068	0	0	0
37	1310	WASHABAUGH	1166	373	177835	175635	6222	1012	5210	40	10	30	9038	591	1292	0	0	0
37	1330	WASHINGTON	1521	276	308582	75575	6091	955	5136	24	0	24	2443	140	150	0	0	0
37	1350	YANKTON	15233	1587	306361	1462764	9454	479	8975	498	56	442	102627	6827	61869	0	0	0
37	1370	ZIEBACH	3718	723	493294	343367	7657	1002	6655	226	67	159	17224	16475	7658	0	0	0
40	0	VIRGINIA	2309187	193723	17210174	40021254	260182	13386	246796	102482	3859	98623	1435149	599151	57273	0	108408	0
40	10	ACCOMACK	34795	3418	144513	1347562	4795	53	4742	4351	15	4336	25542	221	0	0	0	0
40	30	ALBEMARLE	26005	3379	390236	1080096	6188	355	5833	1419	116	1303	23929	7892	2929	0	24	0
40	50	ALLEGHANY	15332	599	97083	124577	1020	32	988	60	1	59	3896	1303	594	0	0	0
40	70	AMELIA	9800	1444	162130	267119	1623	32	1591	1157	31	1126	11327	5316	340	0	169	0
40	90	AMHERST	19771	2407	205591	329437	3818	152	3666	324	79	245	14520	5383	263	0	0	0
40	110	APPOMATTOX	9255	1360	153132	221030	1776	39	1737	541	18	523	9271	5280	315	0	0	0
40	130	ARLINGTON/ALEXAND	16040	49	1755	42045	76	8	68	32	0	32	174	12	0	0	0	0
40	150	AUGUSTA	34671	3587	370766	1404900	9190	609	8581	227	50	177	33010	53216	1503	0	0	0
40	170	BATH	6389	603	123992	164611	1183	63	1120	45	0	45	3791	2391	621	0	0	0
40	190	BEDFORD	30669	4175	389469	633739	6845	335	6510	1459	180	1279	24810	13280	1130	0	0	0
40	210	BLAND	5593	798	123128	148230	1740	113	1627	89	4	85	5799	2807	878	0	0	0
40	230	BOTETOURT	16557	1579	192712	473772	2933	167	2766	264	13	251	10335	7377	1239	0	0	0
40	250	BRUNSWICK	21025	2907	261983	530391	1934	79	1855	2678	21	2657	20736	2780	135	0	13171	0
40	270	BUCHANAN	15441	1991	169649	92206	1508	72	1436	1131	50	1081	13091	78	135	0	0	0
40	290	BUCKINGHAM	14885	2137	221391	317814	2482	55	2427	1227	26	1201	14992	7187	431	0	0	0
40	310	CAMPBELL	26716	3242	282589	499639	3496	87	3409	1549	44	1505	17465	8624	641	0	10	0
40	330	CAROLINE	15954	2487	250359	433816	2446	90	2356	2563	108	2455	25373	8137	156	0	0	0
40	350	CARROLL	21283	3572	269352	492470	2991	122	2869	919	40	879	21355	3118	617	0	0	0
40	360	CHARLES CITY	4793	692	58143	85488	480	15	465	713	3	710	5966	821	362	0	11	0
40	370	CHARLOTTE	17540	2811	241574	405419	2445	56	2389	1778	22	1756	17021	6393	216	0	428	0
40	410	CHESTERFIELD	20496	2019	154438	482545	1914	10	1904	1424	7	1417	11797	884	254	0	667	0
40	430	CLARKE	7165	648	102412	432492	3325	536	2789	167	13	154	11714	13531	369	0	0	0
40	450	CRAIG	4100	536	83812	154973	1101	54	1047	47	13	34	3291	2020	330	0	0	0
40	470	CULPEPER	13292	1724	180440	405895	3784	218	3566	694	103	591	18571	8723	889	0	0	0
40	490	CUMBERLAND	9111	1504	140713	222768	1580	39	1541	1091	25	1066	10973	5098	224	0	18	0
40	510	DICKENSON	13542	1483	87191	46997	1130	30	1100	807	29	778	8184	64	274	0	0	0
40	530	DINWIDDIE	17949	2401	235130	427551	1860	33	1827	1871	51	1820	15675	2926	116	0	3888	0
40	550	ELIZABETH CITY	25249	336	14233	97950	379	2	377	240	0	240	1377	151	10	0	0	0
40	570	ESSEX	8542	1264	125627	189007	1688	79	1609	848	37	811	14416	5000	133	0	76	0
40	590	FAIRFAX	21943	2367	147828	683923	3605	132	3473	178	21	157	13733	5176	595	0	0	0
40	610	FAUQUIER	21869	2445	333128	781585	7565	644	6921	405	27	378	34879	19056	846	0	0	0
40	630	FLOYD	13115	2279	221384	341722	3343	168	3175	318	14	304	12841	4516	3056	0	0	0
40	650	FLUVANNA	8547	1377	138097	228653	1634	45	1589	932	51	881	8155	3392	432	0	0	0
40	670	FRANKLIN	26283	4093	374758	650365	4888	139	4749	2396	99	2297	25656	14693	657	0	17	0
40	690	FREDERICK	12461	1856	215050	674367	4426	270	4156	475	84	391	16156	15982	1661	0	0	0
40	710	GILES	11901	1324	141020	283843	2406	149	2257	233	41	192	8495	2462	613	0	0	0
40	730	GLOUCESTER	11894	1659	79574	236774	2057	87	1970	507	21	486	10332	1107	282	0	8	0
40	750	GOOCHLAND	8863	1384	135540	230640	1383	86	1297	1352	132	1220	9387	4061	476	0	4	0
40	770	GRAYSON	19816	2883	249779	548416	3959	261	3698	454	80	374	15901	5339	2588	0	0	0
40	790	GREENE	6369	1118	86793	178711	1691	111	1580	302	33	269	7908	3550	894	0	0	0
40	810	GREENSVILLE	11606	1447	102345	498979	389	2	387	1442	2	1440	10579	95	5	0	12813	0
40	830	HALIFAX	41374	5853	431859	726582	4893	49	4844	4168	77	4091	33322	8631	299	0	867	0
40	850	HANOVER	18088	2671	222018	560732	2764	87	2677	2249	65	2184	21674	5803	832	0	65	0
40	870	HENRICO	18972	1841	105150	544443	1599	74	1525	1033	37	996	9703	1664	756	0	44	0
40	890	HENRY	20238	2153	201117	281888	1183	10	1173	1669	9	1660	15655	5222	127	0	31	0
40	910	HIGHLAND	4931	840	141745	172675	1491	105	1386	11	3	8	1999	1148	496	0	0	0
40	930	ISLE OF WIGHT	14433	1568	135163	240756	1591	10	1581	1382	3	1379	14407	0	20	0	5546	0
40	950	JAMES CITY	6138	531	52423	124356	674	40	634	304	1	303	3727	64	190	0	30	0
40	970	KING AND QUEEN	9161	1481	138671	192482	2027	72	1955	645	41	604	14414	2542	156	0	18	0
40	990	KING GEORGE	5762	944	88834	236138	1618	96	1522	415	8	407	10016	2086	508	0	0	0
40	1010	KING WILLIAM	8739	1047	122022	229489	1369	59	1310	1298	47	1251	14373	2177	67	0	164	0
40	1030	LANCASTER	9757	1465	50437	204442	1783	90	1693	82	16	66	6749	1176	170	0	0	0
40	1050	LEE	25293	2850	203194	273856	3003	139	2864	1291	260	1031	24585	3617	586	0	0	0
40	1070	LOUDOUN	20577	2035	281651	955359	8357	901	7456	228	38	190	34353	29533	793	0	0	0
40	1090	LOUISA	17089	2231	204750	319452	2581	103	2478	1703	81	1622	14614	5816	647	0	4	0
40	1110	LUNENBURG	15260	2170	181611	404641	1389	25	1364	2052	29	2023	14674	2167	70	0	1446	0
40	1130	MADISON	9595	1399	157154	284607	3214	202	3012	281	36	245	13651	7970	756	0	0	0
40	1150	MATHEWS	8447	1361	35681	110569	1137	34	1103	182	20	162	5799	275	50	0	0	0
40	1170	MECKLENBURG	31208	4809	350318	649511	3055	39	3016	4827	25	4802	32344	4398	399	0	12012	0
40	1190	MIDDLESEX	8157	1303	61651	234696	1804	48	1756	231	16	215	6599	1423	195	0	128	0
40	1210	MONTGOMERY	18595	2156	196680	411163	3426	227	3199	354	12	342	13599	6640	1033	0	0	0
40	1230	NANSEMOND	20199	1997	156869	658852	1420	6	1414	2723	4	2719	15854	0	2	0	13919	0
40	1250	NELSON	17277	2009	211276	384592	3101	116	2985	505	28	477	13947	5185	414	0	0	0
40	1270	NEW KENT	4541	671	70488	148113	637	25	612	580	3	577	5765	284	158	0	295	0
40	1290	NORFOLK	57358	1095	88676	421124	927	13	914	1725	6	1719	13212	60	60	0	3018	0
40	1310	NORTHAMPTON	17852	1438	79464	1081647	2820	37	2783	2238	4	2234	15884	14	2	0	0	0
40	1330	NORTHUMBERLAND	11518	1583	89734	135341	2510	165	2345	183	27	156	10727	3476	115	0	3	0
40	1350	NOTTOWAY	14161	1529	130920	260004	1363	20	1343	897	14	883	9847	2639	88	0	1427	0
40	1370	ORANGE	13320	1553	167119	372301	3017	256	2761	1114	134	980	13556	8038	1151	0	0	0
40	1390	PAGE	14770	1307	103358	169719	2356	186	2170	143	24	119	9580	12109	385	0	0	0
40	1410	PATRICK	16850	2891	241949	328792	1667	37	1630	1955	4	1951	19953	4235	205	0	0	0
40	1430	PITTSYLVANIA	56493	7380	551332	1357059	4952	27	4925	5580	32	5548	43703	20453	616	0	524	0
40	1450	POWHATAN	6552	957	119406	235249	1293	26	1267	818	27	791	6929	3215	536	0	15	0
40	1470	PRINCE EDWARD	14767	1849	169111	254896	1937	34	1903	1056	14	1042	11005	4843	127	0	23	0
40	1490	PRINCE GEORGE	12915	1008	114101	177663	879	11	868	1331	4	1327	9971	1072	388	0	1154	0
40	1510	PRINCESS ANNE	13626	1866	104493	565177	1538	35	1503	2085	16	2069	20037	179	191	0	1959	0
40	1530	PRINCE WILLIAM	13660	1152	136933	291252	2868	247	2621	116	26	90	12509	7940	495	0	0	0
40	1550	PULASKI	17111	1142	128751	364215	2105	164	1941	257	16	241	11131	5952	735	0	0	0
40	1570	RAPPAHANNOCK	8070	995	142388	257248	2572	214	2358	360	30	330	10740	3598	353	0	0	0
40	1590	RICHMOND	7434	1231	90714	227191	2074	155	1919	220	20	200	9723	5552	201	0	0	0
40	1610	ROANOKE	22395	1888	111984	330137	2299	99	2200	261	14	247	8026	3210	501	0	0	0
40	1630	ROCKBRIDGE	20626	2120	245093	543641	4669	245	4424	194	35	159	17607	19613	2061	0	0	0
40	1650	ROCKINGHAM	30047	3768	331132	1368878	8247	614	7633	204	64	140	28586	46418	684	0	0	0
40	1670	RUSSELL	26786	2600	249471	309130	3643	328	3315	800	62	738	19608	4657	503	0	0	0
40	1690	SCOTT	24776	3696	263191	369863	4439	228	4211	1857	138	1719	26905	2660	400	0	0	0
40	1710	SHENANDOAH	20808	2614	217803	761765	4970	296	4674	348	38	310	19898	26363	659	0	0	0
40	1730	SMYTH	22125	1304	143197	317896	2117	148	1969	276	45	231	8658	4493	1652	0	0	0
40	1750	SOUTHAMPTON	27555	3322	275139	730381	1819	8	1811	3672	19	3653	25485	2	8	0	23872	0
40	1770	SPOTSYLVANIA	10571	1735	160121	287338	2384	94	2290	1143	114	1029	13658	5590	814	0	0	0
40	1790	STAFFORD	8104	1349	116050	371779	2397	262	2135	537	65	472	12323	2950	1283	0	0	0
40	1810	SURRY	9305	1099	92283	189595	970	13	957	1016	9	1007	8817	23	17	0	828	0
40	1830	SUSSEX	12834	1700	177172	372996	1070	14	1056	1953	5	1948	14142	44	6	0	9681	0
40	1850	TAZEWELL	27840	1567	231556	313231	3113	307	2806	377	23	354	11436	2817	1244	0	0	0
40	1870	WARREN	8852	883	108307	279559	2161	207	1954	77	13	64	9219	10277	429	0	0	0
40	1875	WARWICK	11417	251	13509	87911	260	5	255	96	0	96	1200	142	165	0	31	0
40	1910	WASHINGTON	32376	3829	298951	597027	5263	289	4974	1304	138	1166	26351	13110	2476	0	0	0
40	1930	WESTMORELAND	10240	1483	120615	316049	2773	183	2590	381	36	345	12047	5977	533	0	0	0
40	1950	WISE	46500	2091	91544	170728	1251	17	1234	540	10	530	8677	26	109	0	0	0
40	1970	WYTHE	20217	1885	219341	434920	3513	203	3310	337	55	282	15566	10049	2106	0	0	0
40	1990	YORK	8046	794	25665	127641	754	13	741	109	15	94	4187	92	42	0	0	0
40	5100	ALEXANDRIA CITY	18060															
40	5200	BRISTOL	6729															
40	5300	BUENA VISTA	3911															
40	5400	CHARLOTTESVILLE	10688															
40	5600	CLIFTON FORGE	6164															
40	5900	DANVILLE	21539															
40	6300	FREDERICKSBURG	5882															
40	6600	HARRISONBURG	5875															
40	6700	HOPEWELL	1397															
40	6800	LYNCHBURG	30070															
40	7000	NEWPORT NEWS	35596															
40	7100	NORFOLK CITY	115777															
40	7300	PETERSBURG	31012															
40	7400	PORTSMOUTH	54387															
40	7500	RADFORD	4627															
40	7600	RICHMOND CITY	171667															
40	7700	ROANOKE CITY	50842															
40	7900	STAUNTON	10623															
40	8000	SUFFOLK	9123															
40	8400	WINCHESTER	6883															
41	0	ALABAMA	2348174	237631	16739139	23850657	87464	4686	82778	302708	4072	298636	2788773	6070	11167	236	2948072	11216
41	10	AUTAUGA	18908	2731	204095	307770	942	92	850	3435	38	3397	34012	0	250		47373	195
41	30	BALDWIN	20730	2500	140116	554984	2236	114	2122	1670	48	1622	21129	0	9		2572	138
41	50	BARBOUR	32067	3608	279440	350478	351	21	330	4599	21	4578	57116	89	233		63612	497
41	70	BIBB	23144	1775	159804	136250	609	22	587	1910	20	1890	19528	33	16		13354	132
41	90	BLOUNT	25538	3696	263363	336756	1100	43	1057	4655	30	4625	44151	108	314		31651	0
41	110	BULLOCK	25333	3006	204139	159104	1120	62	1058	3400	48	3352	42741	0	107		50183	327
41	130	BUTLER	29531	3640	257824	417200	634	32	602	4016	58	3958	53524	69	161		51334	391
41	150	CALHOUN/BENTON	47822	2961	185686	365567	891	12	879	4045	17	4028	31187	150	196		32982	1
41	170	CHAMBERS	41201	4507	322818	451231	1052	30	1022	5341	96	5245	47944	140	252		86843	552
41	190	CHEROKEE	20862	3205	238026	364870	946	17	929	5027	31	4996	38175	207	185		46612	0
41	210	CHILTON/BAKER	22770	3394	216717	289332	930	13	917	3515	39	3476	36369	36	435		36682	167
41	230	CHOCTAW	20753	2259	205578	191807	1256	68	1188	2164	43	2121	26210	26	19		19097	151
41	250	CLARKE	26409	3586	308807	208097	2094	140	1954	2679	85	2594	36114	0	13		22232	306
41	270	CLAY	22645	2920	219670	226936	997	19	978	3483	19	3464	34082	88	342		22324	33
41	290	CLEBURNE	13360	2038	177903	177950	646	13	633	2385	10	2375	23362	46	49		17348	1
41	310	COFFEE	30070	5000	337047	639441	370	16	354	6824	17	6807	73801	43	8		65744	665
41	330	COLBERT	31997	2572	166471	360373	1508	48	1460	4333	70	4263	35326	61	50		31981	0
41	350	CONECUH	24593	3114	231331	280549	655	15	640	3484	40	3444	45464	0	72		31598	332
41	370	COOSA	14839	1791	184459	134990	622	15	607	1955	34	1921	20231	13	191		14954	83
41	390	COVINGTON	38103	4316	319252	488480	500	18	482	5581	74	5507	77913	0	157		58676	759
41	410	CRENSHAW	23017	3646	286548	303643	645	46	599	4306	54	4252	57767	52	76		54794	254
41	430	CULLMAN	33034	5445	343734	520730	1734	160	1574	8633	168	8465	58324	23	138		59949	1
41	450	DALE	22711	3119	287753	304549	294	1	293	4081	20	4061	44089	0	7		40454	291
41	470	DALLAS	54697	6606	335536	428569	2524	185	2339	6807	97	6710	41801	199	278		98530	137
41	490	DE KALB	34426	6038	381885	629254	2125	36	2089	7413	49	7364	74338	322	126		57489	0
41	510	ELMORE	28085	4157	255066	569481	1081	18	1063	5029	43	4986	36761	57	699		73646	327
41	530	ESCAMBIA	22464	2089	117205	158038	921	23	898	2169	14	2155	26916	0	30		17498	344
41	550	ETOWAH	47275	3369	213221	416838	1183	24	1159	4634	31	4603	35502	37	102		36341	3
41	570	FAYETTE	18365	2545	274507	218712	676	66	610	3613	30	3583	33118	115	44		24160	50
41	590	FRANKLIN	22011	2714	225734	264374	910	78	832	4210	72	4138	37888	63	104		21166	0
41	610	GENEVA	29315	3741	258155	423119	433	17	416	5064	25	5039	63684	0	102		63456	563
41	630	GREENE	18133	3018	219176	290590	1761	143	1618	3915	66	3849	26379	43	207		52238	27
41	650	HALE	24289	3660	201760	368808	1379	106	1273	3926	53	3873	26449	36	249		47207	86
41	670	HENRY	21547	3333	251670	405763	276	10	266	4533	25	4508	44940	61	205		64974	277
41	690	HOUSTON	37334	4315	248070	522314	703	33	670	5637	27	5610	71151	0	286		64558	423
41	710	JACKSON	35864	4770	326191	496863	2380	78	2302	8276	208	8068	78428	308	132		34656	0
41	730	JEFFERSON	310054	3969	170194	523357	1336	46	1290	3416	45	3371	29822	88	73		3401	21
41	750	LAMAR/SANFORD	18149	2684	268388	247728	824	42	782	3664	57	3607	29069	33	8		31127	131
41	770	LAUDERDALE	39556	4737	288245	489930	2132	109	2023	7995	107	7888	58687	448	101		50221	3
41	790	LAWRENCE	24307	4221	238179	415166	2159	105	2054	7387	144	7243	54495	180	19		61983	1
41	810	LEE	32821	3547	234914	426550	511	30	481	4159	27	4132	41147	81	77		63965	98
41	830	LIMESTONE	31341	5465	257008	467822	3302	138	3164	7546	121	7425	55585	502	213		71568	0
41	850	LOWNDES	25406	3580	276726	263276	2301	270	2031	4144	130	4014	34965	36	307		56373	155
41	870	MACON	23561	3151	185897	240362	879	58	821	3652	102	3550	33018	80	88		61217	186
41	890	MADISON	51268	6002	333597	707397	3212	167	3045	9858	152	9706	67970	183	482		83428	0
41	910	MARENGO	36065	4979	343850	366984	2819	278	2541	5188	96	5092	37874	58	176		68073	155
41	930	MARION	22008	3151	276034	303698	773	23	750	4411	57	4354	41484	167	47		25184	31
41	950	MARSHALL	32669	5323	310453	570117	1451	84	1367	7800	111	7689	60195	204	73		63931	0
41	970	MOBILE	100117	2031	147819	466233	1874	53	1821	1270	39	1231	12662	0	8		1688	218
41	990	MONROE	28884	3771	314333	358910	1280	51	1229	4184	62	4122	41927	0	144		48532	345
41	1010	MONTGOMERY	80853	4528	352423	456172	2153	186	1967	6135	89	6046	44252	34	768		72108	388
41	1030	MORGAN/COTACO	40196	4231	249960	528940	1880	45	1835	6682	50	6632	49306	230	122		54885	0
41	1050	PERRY	25373	3292	271707	274665	1343	114	1229	4253	82	4171	32205	114	244		48978	159
41	1070	PICKENS	25353	3232	312968	317927	1531	104	1427	4399	63	4336	33695	357	138		41072	164
41	1090	PIKE	31631	4486	339416	426140	496	24	472	5850	7	5843	66938	42	38		85274	248
41	1110	RANDOLPH	27064	3505	263372	321676	1114	57	1057	4228	20	4208	42261	132	377		40714	25
41	1130	RUSSELL	27448	2740	207766	212929	742	63	679	3348	46	3302	39528	43	235		50348	355
41	1150	ST CLAIR	23383	2430	199485	228406	970	28	942	3345	48	3297	32041	105	123		18979	1
41	1170	SHELBY	27097	1918	148256	197374	863	42	821	2258	44	2214	24974	42	272		15698	24
41	1190	SUMTER	25569	2905	229045	300024	2720	292	2428	4374	250	4124	29200	108	29		48017	100
41	1210	TALLADEGA	41005	3926	231560	444440	1311	48	1263	5461	39	5422	47208	109	812		57127	22
41	1230	TALLAPOOSA	29744	3961	303778	347941	1062	36	1026	4657	57	4600	41621	79	244		49476	392
41	1250	TUSCALOOSA	53680	4154	319175	354625	2514	49	2465	5902	30	5872	39807	75	29		42985	91
41	1270	WALKER	50593	3019	204425	242262	1367	62	1305	3281	45	3236	36435	67	14		6139	6
41	1290	WASHINGTON	14279	1480	179451	195603	1353	87	1266	1000	15	985	16069	0	34		6941	212
41	1310	WILCOX	31080	4179	262304	217562	2127	145	1982	3790	82	3708	34157	36	27		44641	168
41	1330	WINSTON/HANCOCK	14378	1850	169654	172631	581	16	565	2324	35	2289	24262	12	1		15731	4
42	0	ARKANSAS	1752204	221991	15632439	31254570	181978	8776	173202	340865	9719	331146	1990762	32702	63096	166249	2776934	324
42	10	ARKANSAS	21483	2169	302164	2383818	4035	310	3725	3835	129	3706	16415	48	9474	92339	15824	
42	30	ASHLEY	23410	2970	167752	263135	2685	173	2512	3785	125	3660	18590	56	446	0	38205	
42	50	BAXTER	10216	1509	164091	160211	2054	124	1930	1885	110	1775	13230	709	337	0	9060	
42	70	BENTON	36253	5010	416358	1067401	8454	415	8039	4359	497	3862	41424	5044	8262	0	178	
42	90	BOONE	16098	2259	248708	299754	3625	190	3435	2855	458	2397	21784	2014	2974	0	3914	
42	110	BRADLEY	15970	1353	116240	105181	1228	26	1202	1804	34	1770	14466	52	210	0	17285	
42	130	CALHOUN	11807	1389	120176	88475	922	20	902	1867	22	1845	16394	57	10	0	17256	
42	150	CARROLL	17786	2199	259460	274801	4037	276	3761	2345	397	1948	24760	1801	3056	0	219	
42	170	CHICOT	21749	3083	150613	320011	1812	119	1693	3716	17	3699	17277	60	129	0	41967	
42	190	CLARK	25632	3047	250506	306268	2438	92	2346	4517	105	4412	32028	80	57	0	29806	
42	210	CLAY	27276	3843	219277	642832	4867	288	4579	7130	367	6763	48156	1057	425	564	56311	
42	230	CLEBURNE	12696	1984	170715	231149	1620	78	1542	3030	100	2930	19845	72	27	0	21575	
42	250	CLEVELAND	12260	2064	172235	157268	1509	39	1470	2612	58	2554	16881	0	0	0	24004	
42	270	COLUMBIA	27670	4134	309962	350668	1801	63	1738	5438	27	5411	42285	23	125	0	66791	
42	290	CONWAY	22578	3175	201855	369113	1938	54	1884	5277	65	5212	31609	149	35	0	60025	
42	310	CRAIGHEAD	37541	4338	199329	746609	3942	150	3792	7243	215	7028	46635	222	517	2037	65689	
42	330	CRAWFORD	25739	3084	215512	450885	2734	90	2644	5570	169	5401	25153	199	40	0	35460	
42	350	CRITTENDEN	29309	5062	207773	651176	1066	29	1037	8571	6	8565	26692	10	45	0	86727	
42	370	CROSS	18579	2637	119163	297138	1486	127	1359	4287	93	4194	21810	237	258	2412	29362	
42	390	DALLAS	14424	1217	116982	130073	821	30	791	1948	38	1910	15986	0	8	0	9159	
42	410	DESHA	20297	2725	103567	260180	1108	30	1078	3726	27	3699	14567	4	184	0	37676	
42	430	DREW	21822	2657	215720	233984	2538	135	2403	3644	95	3549	23328	0	300	0	27451	
42	450	FAULKNER	27681	4143	300221	753347	3118	94	3024	6793	117	6676	44338	127	139	0	65339	
42	470	FRANKLIN	19364	2874	221952	392353	2995	81	2914	5025	102	4923	31790	367	3186	0	43169	
42	490	FULTON	11182	1908	249447	228957	2739	144	2595	2647	199	2448	19203	464	525	0	15563	
42	510	GARLAND	25785	1891	161730	316650	1715	32	1683	2374	66	2308	16457	370	239	0	6645	
42	530	GRANT	10710	1438	118269	187244	972	35	937	2208	39	2169	17135	11	25	0	13438	
42	550	GREENE	26105	3456	202226	508077	3879	202	3677	6419	318	6101	40101	590	621	0	39222	
42	570	HEMPSTEAD	31602	4770	290666	464970	3564	141	3423	7058	128	6930	47375	45	134	0	74762	
42	590	HOT SPRING	17784	1891	153998	195913	1251	29	1222	2715	38	2677	22103	60	16	0	11840	
42	610	HOWARD	18565	2813	167523	270777	1775	73	1702	4364	68	4296	27796	121	14	0	42027	
42	630	INDEPENDENCE	23976	3200	263069	456102	3434	203	3231	6007	244	5763	36998	799	867	0	35462	
42	650	IZARD	13871	2431	240732	253379	2105	106	1999	3559	210	3349	28334	265	100	0	22022	
42	670	JACKSON	25446	3449	209782	519839	3272	155	3117	6530	164	6366	26097	94	93	400	78572	
42	690	JEFFERSON	60330	6613	242202	551851	2566	145	2421	8081	59	8022	26037	86	45	20	110764	
42	710	JOHNSON	21062	2899	214286	392604	2324	56	2268	4644	104	4540	28215	72	168	0	39513	
42	730	LAFAYETTE	15522	2698	166045	258042	1889	105	1784	3580	74	3506	21965	158	10	50	48034	
42	750	LAWRENCE	22098	2753	179532	423335	2972	128	2844	5292	169	5123	29451	90	90	155	47315	
42	770	LEE	28852	4165	195039	543039	1793	123	1670	6631	65	6566	29545	73	404	2900	52703	
42	790	LINCOLN	18774	3182	154033	219788	1467	73	1394	3475	38	3437	18526	29	0	0	42983	
42	810	LITTLE RIVER	16301	2805	174455	312078	1918	114	1804	4394	60	4334	15350	53	80	0	50527	
42	830	LOGAN	25866	3787	296488	500638	3925	151	3774	6070	200	5870	41866	350	1316	0	57694	
42	850	LONOKE	33400	5352	283742	981878	3227	218	3009	9174	88	9086	35500	100	1298	25842	84128	
42	870	MADISON	14918	2438	326522	234585	3157	183	2974	3676	297	3379	29172	1600	3832	0	50	
42	890	MARION	10154	1639	146635	219445	2083	146	1937	2407	173	2234	16630	545	454	0	10244	
42	910	MILLER	24021	2684	186371	311677	2468	94	2374	3811	30	3781	19656	18	10	0	49654	
42	930	MISSISSIPPI	47320	6916	277782	1160670	2061	49	2012	12104	62	12042	54830	13	140	0	159461	
42	950	MONROE	21601	3165	136746	313144	1654	152	1502	5098	52	5046	16203	0	81	1238	53390	
42	970	MONTGOMERY	11112	1606	145579	225339	1441	58	1383	2436	102	2334	18261	171	181	0	11118	
42	990	NEVADA	21934	3307	272190	313508	2271	92	2179	4643	80	4563	35525	12	72	0	46147	
42	1010	NEWTON	11199	1825	187793	149525	1617	72	1545	2308	178	2130	18824	576	461	0	4432	
42	1030	OUACHITA	20636	1884	178604	191408	1141	22	1119	2436	15	2421	22246	32	28	0	19864	
42	1050	PERRY	9905	1174	88385	132658	1166	62	1104	1953	69	1884	14060	48	21	0	15571	
42	1070	PHILLIPS	44530	4842	211944	654511	2176	322	1854	8096	78	8018	28392	95	165	200	71922	
42	1090	PIKE	12397	1689	131389	253194	1318	56	1262	2532	76	2456	19335	89	0	0	16625	
42	1110	POINSETT	20848	2285	128668	370475	1584	67	1517	3634	90	3544	19673	136	72	9416	38067	
42	1130	POLK	16412	2083	189950	171537	2078	49	2029	2609	56	2553	18111	181	101	0	14760	
42	1150	POPE	27153	3853	275433	467503	2241	43	2198	6731	63	6668	40503	93	45	0	65267	
42	1170	PRAIRIE	17447	2326	219346	1002376	2514	113	2401	4439	133	4306	21861	78	3457	21977	25044	
42	1190	PULASKI	109464	4450	215171	752794	2439	128	2311	6038	125	5913	26174	136	1100	0	47395	
42	1210	RANDOLPH	17713	2994	237221	480046	3788	143	3645	5067	104	4963	34207	209	34	0	40278	
42	1230	ST FRANCIS	28385	5322	215615	707978	2062	146	1916	8846	74	8772	32315	87	40	3965	64542	
42	1250	SALINE	16781	1445	125092	195790	1009	39	970	2311	62	2249	18588	310	300	0	3064	
42	1270	SCOTT	13232	1923	162255	206932	2075	43	2032	2913	107	2806	22594	101	41	0	24542	
42	1290	SEARCY	14590	2184	226619	222844	1966	159	1807	3165	191	2974	25207	475	2842	0	8275	
42	1310	SEBASTIAN	56739	3073	217604	406170	3563	106	3457	4887	161	4726	31520	157	1827	0	37340	
42	1330	SEVIER	18301	2263	173243	262092	1893	83	1810	3081	43	3038	20036	53	0	0	25272	
42	1350	SHARP	11132	1986	243677	240669	2077	118	1959	3284	191	3093	18266	115	132	0	19391	
42	1370	STONE	8779	1586	197223	164893	1247	61	1186	2451	173	2278	15992	284	724	0	7450	
42	1390	UNION	29691	2669	248024	221040	1624	61	1563	3220	29	3191	26575	54	4	0	24198	
42	1410	VAN BUREN	13666	2107	222481	252762	1356	61	1295	3587	128	3459	26992	21	109	0	22360	
42	1430	WASHINGTON	35468	4965	455899	881263	7661	398	7263	6021	631	5390	42919	10182	10070	0	584	
42	1450	WHITE	34603	4605	299159	583348	4249	111	4138	8340	196	8144	38730	58	217	0	60630	
42	1470	WOODRUFF	21547	2777	124126	376156	1644	140	1504	5523	85	5438	25543	57	0	2734	46386	
42	1490	YELL	25655	3500	232098	607247	2735	133	2602	6734	161	6573	38325	498	247	0	67945	
43	0	FLORIDA	968470	59217	5864519	14503563	28848	1623	27225	42656	589	42067	592161	65	1064	674	88181	12349
43	10	ALACHUA	31689	2415	295255	440595	2246	179	2067	1991	23	1968	40096		34	13	3095	
43	30	BAKER	5622	368	36618	86342	172	2	170	348	2	346	7621		0	7	123	
43	50	BAY	11407	236	81784	49705	109	1	108	119	1	118	1080		1	8	68	
43	70	BRADFORD/NEW RIVE	12503	828	79785	90370	477	32	445	514	5	509	9901		4	16	0	
43	90	BREVARD/ST LUCIE	8505	949	80917	401917	162	2	160	210	0	210	14		0	0	0	
43	110	BROWARD	5135	331	18703	215451	56	3	53	231	1	230	17		0	0	0	
43	130	CALHOUN	8775	648	63087	98887	303	3	300	631	18	613	9558		4	32	542	
43	150	CHARLOTTE		148	15493	46195	96	9	87	49	0	49	45		0	0	0	
43	170	CITRUS	5220	285	24121	39550	291	19	272	148	9	139	2129		5	0	15	
43	190	CLAY	5621	362	160560	51565	188	0	188	199	0	199	2438		10	4	0	
43	210	COLLIER		79	6734	11790	20	0	20	4	0	4	28		0	0	0	
43	230	COLUMBIA	14290	1214	158821	112835	590	20	570	1305	24	1281	30590		100	33	5357	
43	250	DADE	42753	1174	95013	619979	141	24	117	311	1	310	104		0	0	0	
43	270	DE SOTO	25434	500	26269	164825	372	28	344	447	9	438	2113		6	0	0	
43	290	DIXIE		183	23331	26910	167	4	163	74	0	74	1603		0	0	17	
43	310	DUVAL	113540	971	32788	284689	404	9	395	282	1	281	1940		9	15	0	
43	330	ESCAMBIA	49386	1133	74884	255265	723	35	688	793	10	783	10288		0	18	2549	
43	350	FLAGLER	2442	177	10359	87055	63	2	61	203	0	203	596		0	19	0	
43	370	FRANKLIN	5318	26	12102	2895	25	4	21	14	1	13	94		0	0	0	
43	390	GADSDEN	23539	1658	175845	441504	1010	19	991	1833	20	1813	34635		47	4	29	
43	430	GLADES		166	17812	46940	250	28	222	34	1	33	244		0	5	0	
43	470	HAMILTON	9873	998	156344	44715	342	32	310	1210	1	1209	18997		82	34	5706	
43	490	HARDEE		1147	62441	408561	639	25	614	584	1	583	4234		7	21	0	
43	490	HENDRY		149	29674	26844	158	15	143	31	2	29	205		1	2	0	
43	530	HERNANDO/BENTON	4548	375	35964	93702	361	30	331	168	1	167	2378		3	9	52	
43	550	HIGHLANDS		502	231046	187279	98	1	97	188	0	188	10		0	0	0	
43	570	HILLSBOROUGH	88257	2474	83255	720312	1302	39	1263	1025	21	1004	6535		17	126	15	
43	590	HOLMES	12850	1464	116535	121125	319	23	296	1791	9	1782	23481		36	44	8788	
43	630	JACKSON	31224	3698	350255	367110	1409	119	1290	4837	105	4732	72605		129	3	21753	
43	650	JEFFERSON	14502	1608	99786	230029	313	8	305	1472	11	1461	32700		257	0	6443	
43	670	LAFAYETTE	6242	514	67909	50571	198	9	189	408	0	408	9100		7	1	573	
43	690	LAKE	12744	1381	197691	468022	361	13	348	701	1	700	1534		0	0	93	
43	710	LEE	9540	661	35817	262725	145	1	144	382	6	376	1		1	5	0	
43	730	LEON	18059	1714	126871	148208	1429	152	1277	1138	15	1123	32839		40	1	9708	
43	750	LEVY	9921	863	104647	134669	1107	88	1019	571	28	543	16880		60	1	928	
43	770	LIBERTY	5006	255	39574	39822	172	6	166	146	1	145	3699		0	3	12	
43	790	MADISON	16516	1343	164712	161265	429	12	417	1825	14	1811	30092		85	1	5650	
43	810	MANATEE	18712	923	31120	362090	493	17	476	674	14	660	974		0	24	0	
43	830	MARION	23968	2347	219844	484453	2290	203	2087	1407	60	1347	23697		12	10	103	
43	870	MONROE	19550	77	2967	3450	1	0	1	0	0	0	0		0	0	0	
43	890	NASSAU	11340	508	78298	83085	253	5	248	339	14	325	3192		0	5	5	
43	910	OKALOOSA	9360	873	80406	103498	249	21	228	814	1	813	13102		19	27	2416	
43	930	OKEECHOBEE	2132	159	222769	116330	299	34	265	51	0	51	322		0	0	0	
43	950	ORANGE/MOSQUITO	19890	1510	68023	792463	314	2	312	637	12	625	652		0	0	6	
43	970	OSCEOLA	7195	516	77952	61485	593	102	491	103	10	93	1084		0	0	0	
43	990	PALM BEACH	18654	1172	79350	634325	175	6	169	157	1	156	551		0	2	0	
43	1010	PASCO	8802	714	31345	133448	524	15	509	177	2	175	2122		0	0	22	
43	1030	PINELLAS	28265	750	32362	323265	194	0	194	307	0	307	77		0	0	0	
43	1050	POLK	38661	4056	494633	1332952	1285	34	1251	1716	26	1690	7084		0	11	0	
43	1070	PUTNAM	14568	970	57891	310842	414	4	410	514	1	513	3968		0	2	14	
43	1090	ST JOHNS	13061	381	28294	281695	195	1	194	774	0	774	6380		0	0	11	
43	1110	ST LUCIE		1090	74764	402283	127	1	126	315	7	308	32		0	0	0	
43	1130	SANTA ROSA	13670	1082	91857	137673	689	54	635	998	9	989	13757		0	18	5054	
43	1150	SARASOTA	7886	126	25282	46360	142	13	129	51	4	47	57		0	1	0	
43	1170	SEMINOLE	10986	811	24305	522667	146	5	141	831	3	828	303		0	0	59	
43	1190	SUMTER	7851	1263	88276	237640	1198	44	1154	783	30	753	9934		0	0	197	
43	1210	SUWANNEE	19789	1575	215618	278790	712	12	700	1746	19	1727	28273		0	17	4159	
43	1230	TAYLOR	11219	465	59807	77651	189	4	185	491	0	491	6633		0	0	119	
43	1250	UNION		582	88188	84472	386	18	368	663	8	655	16383		22	29	74	
43	1270	VOLUSIA	23374	1578	74088	372560	362	15	347	485	3	482	2666		0	0	260	
43	1290	WAKULLA	5129	432	45750	44726	202	3	199	316	0	316	8466		0	0	142	
43	1310	WALTON	12119	1044	81889	100785	330	7	323	905	7	898	13114		3	20	2788	
43	1330	WASHINGTON	11828	1216	96639	134352	439	7	432	1185	16	1169	18914		63	83	1236	
44	0	GEORGIA	2895832	249095	21945496	26985675	54483	1555	52928	343569	1210	342359	3871084	69003	54209	1682	2708151	21868
44	10	APPLING	10594	1491	183261	133561	357	2	355	2293	2	2291	25481	0	21	67	9695	255
44	30	ATKINSON	7656	584	105464	41075	77	0	77	859	0	859	12364	0	65	3	1958	15
44	50	BACON	6460	754	106334	80910	201	4	197	1071	4	1067	15218	0	14	40	4977	92
44	70	BAKER	8298	990	116497	97333	241	12	229	1411	3	1408	23943	0	114	0	10569	57
44	90	BALDWIN	19791	967	107084	94645	338	17	321	1278	10	1268	17256	178	297	0	7351	117
44	110	BANKS	11814	1647	94465	145257	263	13	250	1972	0	1972	14428	833	483	0	17632	0
44	130	BARROW	13188	1696	79906	176524	266	0	266	2236	5	2231	17334	1781	494	0	16465	0
44	150	BARTOW/CASS	24527	2644	197786	372643	661	5	656	4089	16	4073	26611	618	141	0	35624	0
44	170	BEN HILL	14599	950	96753	91433	212	7	205	1397	3	1394	19229	88	337	4	11469	115
44	190	BERRIEN	15573	1263	178019	136510	245	3	242	1809	0	1809	24720	0	158	33	5491	167
44	210	BIBB	71304	1179	133641	196541	224	5	219	1514	8	1506	16162	39	506	0	8890	123
44	230	BLECKLEY	10532	925	84936	110190	154	7	147	1471	2	1469	25789	61	816	0	14309	94
44	250	BRANTLEY		687	80912	73602	269	5	264	670	5	665	6524	0	7	4	367	35
44	270	BROOKS	24538	2272	233491	208008	358	4	354	3185	11	3174	48083	64	533	10	11682	971
44	290	BRYAN	6343	638	99003	29599	172	4	168	651	1	650	9391	30	18	26	1556	121
44	310	BULLOCH	26133	3493	345740	338019	643	1	642	5003	4	4999	62465	404	604	21	55980	511
44	330	BURKE	30836	3677	240831	396817	697	23	674	5378	9	5369	63018	250	232	0	73834	88
44	350	BUTTS	12327	1203	84913	135462	266	10	256	1817	2	1815	17110	1248	176	0	14670	21
44	370	CALHOUN	10225	1378	88730	68511	157	0	157	1788	4	1784	18783	15	251	2	15957	101
44	390	CAMDEN	6969	336	119166	45299	280	5	275	145	0	145	2003	0	0	226	122	118
44	410	CAMPBELL	11709	1371	103763	105185	248	2	246	1527	2	1525	14567	63	156	0	7362	3
44	430	CANDLER	9228	1193	111773	115743	222	12	210	1927	1	1926	27499	0	662	3	24555	76
44	450	CARROLL	34752	4917	261781	649752	963	38	925	5610	8	5602	50066	785	490	0	70181	0
44	470	CATOOSA	6677	1046	82873	154888	516	14	502	1366	13	1353	8825	199	1	0	4916	0
44	490	CHARLTON	4536	334	90497	28246	205	11	194	333	0	333	4475	0	397	1	231	140
44	510	CHATHAM	100032	604	53684	101510	339	4	335	651	2	649	5161	0	335	105	270	66
44	530	CHATTAHOOCHEE	5266	506	70536	27714	104	2	102	551	2	549	9365	0	12	0	7242	4
44	550	CHATTOOGA	14312	1651	166042	164394	716	21	695	2713	6	2707	21446	104	70	0	14472	0
44	570	CHEROKEE	18569	2384	191672	187631	657	7	650	2836	4	2832	25576	922	253	0	21591	0
44	590	CLARKE	26111	1135	61796	169788	270	2	268	1491	8	1483	10735	712	436	0	10300	0
44	610	CLAY	7557	1030	113365	145211	174	4	170	1397	12	1385	18978	0	0	0	21271	11
44	630	CLAYTON	11159	1526	81300	119887	299	3	296	1668	0	1668	15515	558	525	0	8850	11
44	650	CLINCH	7984	313	100033	19445	189	1	188	287	0	287	5171	4	75	24	236	287
44	670	COBB	30437	3139	174989	310528	894	4	890	3518	4	3514	29912	919	168	0	22603	0
44	690	COFFEE	18653	1658	271913	175943	303	4	299	3026	12	3014	43566	55	2555	32	13901	97
44	710	COLQUITT	29332	2651	243337	340313	389	27	362	4131	4	4127	51421	23	645	54	28718	500
44	730	COLUMBIA	11718	1417	112005	149291	406	14	392	1962	8	1954	19871	84	163	0	17586	20
44	750	COOK	11180	1180	125694	108136	223	7	216	1662	0	1662	21886	12	79	26	3510	199
44	770	COWETA	29047	2182	206943	245109	378	5	373	3449	2	3447	34159	497	822	0	21324	23
44	790	CRAWFORD	8893	1078	116516	164148	170	2	168	1525	5	1520	18461	305	49	0	12279	24
44	810	CRISP	18914	1452	124296	191788	150	4	146	2476	1	2475	26238	98	241	2	15390	151
44	830	DADE	3918	448	48677	33322	298	8	290	695	26	669	5322	149	62	0	226	0
44	850	DAWSON	4204	674	69287	45337	97	4	93	781	0	781	9237	466	73	0	2794	0
44	870	DECATUR	31785	1872	205785	187108	1153	43	1110	2320	25	2295	44962	0	436	5	8028	927
44	890	DE KALB	44051	2371	121485	298370	545	11	534	2269	22	2247	22653	575	84	0	7191	0
44	910	DODGE	22540	2592	235953	209659	320	4	316	3876	1	3875	61921	93	77	0	45679	377
44	930	DOOLY	20522	2258	186809	348965	439	13	426	3997	29	3968	47489	906	1047	9	38313	324
44	950	DOUGHERTY	20063	743	148573	196619	209	12	197	1544	21	1523	17465	10	120	0	6286	82
44	970	DOUGLAS	10477	1371	90052	95849	185	3	182	1602	0	1602	14818	309	56	0	10644	0
44	990	EARLY	18983	2317	159604	207390	384	1	383	3236	6	3230	38662	81	162	11	27867	249
44	1010	ECHOLS	3313	268	57768	13645	53	1	52	363	1	362	5176	18	10	0	357	59
44	1030	EFFINGHAM	9985	999	172884	139316	266	9	257	1306	2	1304	15958	95	28	206	4092	440
44	1050	ELBERT	23905	2720	157084	248193	478	20	458	3519	6	3513	24726	1554	1953	0	31998	7
44	1070	EMANUEL	25862	2878	221844	251525	435	6	429	4448	1	4447	63038	169	263	26	55144	719
44	1090	EVANS	6594	740	79263	49153	158	2	156	1112	1	1111	16500	32	29	25	12320	182
44	1110	FANNIN	12103	1523	139032	65468	558	13	545	1379	20	1359	14044	126	6	0	0	1
44	1130	FAYETTE	11396	1666	84865	164870	253	6	247	2089	5	2084	19490	255	100	0	17043	6
44	1150	FLOYD	39841	2646	237619	360186	864	16	848	4197	17	4180	30454	181	163	0	32042	0
44	1170	FORSYTH	11755	1844	132489	137941	259	2	257	2480	8	2472	20850	1935	322	0	21341	0
44	1190	FRANKLIN	19957	3157	144855	301313	568	16	552	3754	6	3748	25401	2900	2096	0	32184	0
44	1210	FULTON	232606	977	38790	231617	248	4	244	768	5	763	5788	45	24	0	975	0
44	1230	GILMER	8406	1344	163649	66520	251	15	236	1495	9	1486	14223	55	15	0	288	0
44	1250	GLASCOCK	4192	708	68330	31387	147	0	147	850	4	846	13143	201	13	0	9246	88
44	1270	GLYNN	19370	324	62833	53740	271	9	262	228	0	228	1790	4	0	61	83	109
44	1290	GORDON	17736	2006	174709	185506	1018	18	1000	2987	27	2960	22569	628	98	0	23299	0
44	1310	GRADY	20306	2173	225937	367866	667	25	642	3024	16	3008	46140	0	109	6	5047	4099
44	1330	GREENE	18972	1864	174114	161563	647	7	640	2348	5	2343	23396	623	223	0	11968	5
44	1350	GWINNETT	30327	3730	230023	261051	669	4	665	4422	2	4420	42302	2823	224	0	27115	0
44	1370	HABERSHAM	10730	1428	104627	222483	429	6	423	1422	1	1421	14592	329	139	0	4654	0
44	1390	HALL	26822	2820	201949	255330	484	7	477	3735	5	3730	30105	2081	529	0	23856	0
44	1410	HANCOCK	18357	1778	149519	142063	533	14	519	2486	32	2454	31245	268	78	0	17311	63
44	1430	HARALSON	14440	1836	144620	170081	426	14	412	2111	7	2104	19668	190	44	0	16175	0
44	1450	HARRIS	15775	1745	138542	135778	300	7	293	1724	0	1724	22096	17	115	0	22756	192
44	1470	HART	17944	2882	130156	353730	317	3	314	4008	8	4000	21705	2519	1927	0	38208	0
44	1490	HEARD	11126	1848	138115	168878	251	21	230	2280	2	2278	24439	176	119	0	19821	13
44	1510	HENRY	20420	2195	150074	262037	300	31	269	3237	2	3235	29739	1743	407	0	23760	1
44	1530	HOUSTON	21964	1361	134549	211813	258	3	255	2414	2	2412	28677	197	199	0	19533	60
44	1550	IRWIN	12670	1451	159581	168066	269	21	248	2481	12	2469	44972	7	1056	13	22668	104
44	1570	JACKSON	24654	2970	162613	231597	494	7	487	3851	0	3851	26801	1847	784	0	35679	0
44	1590	JASPER	16362	1490	149642	227529	339	15	324	2060	7	2053	22350	710	143	0	7843	0
44	1610	JEFF DAVIS	7322	881	126566	149278	296	4	292	1297	4	1293	23626	0	102	14	5509	60
44	1630	JEFFERSON	22602	2628	186963	329627	354	18	336	3528	11	3517	49257	966	900	0	42422	258
44	1650	JENKINS	14328	1700	150554	140078	193	0	193	2351	0	2351	29805	146	121	0	26065	81
44	1670	JOHNSON	13546	1561	102218	78022	188	4	184	2059	9	2050	33375	183	93	0	24243	59
44	1690	JONES	13269	839	141445	130272	228	6	222	1477	15	1462	16535	34	9	0	5043	24
44	1710	LAMAR		756	85157	119817	177	4	173	1170	0	1170	12242	546	379	0	11105	13
44	1730	LANIER		515	62661	56183	126	4	122	656	1	655	10625	0	113	7	239	115
44	1750	LAURENS	39605	4071	328733	403705	420	6	414	6322	3	6319	92182	631	566	5	69948	769
44	1770	LEE	10904	982	154115	267352	202	2	200	1940	43	1897	21414	3	305	0	6612	120
44	1790	LIBERTY	12707	959	107853	45057	508	26	482	512	1	511	11514	0	64	382	1384	52
44	1810	LINCOLN	9739	1239	120643	110334	203	2	201	1648	2	1646	13283	303	280	0	9343	0
44	1830	LONG		485	93444	25403	171	4	167	425	0	425	7928	0	193	22	1721	98
44	1850	LOWNDES	26521	1776	218243	205981	402	32	370	2547	1	2546	29180	35	164	16	4961	314
44	1870	LUMPKIN	5240	883	75368	70241	153	5	148	837	7	830	10973	163	17	0	1730	0
44	1890	MCDUFFIE	11509	1259	105030	84015	313	1	312	1665	0	1665	17481	143	218	0	16798	76
44	1910	MCINTOSH	5119	461	65199	34221	279	18	261	239	0	239	2209	0	0	85	73	42
44	1930	MACON	17667	1843	201433	221803	335	43	292	3382	15	3367	39666	18	233	0	42035	119
44	1950	MADISON	18803	2686	144263	191266	429	14	415	3390	3	3387	25769	3714	1420	0	28889	0
44	1970	MARION	7604	1033	143588	199641	144	14	130	1360	3	1357	21794	24	53	0	16796	86
44	1990	MERIWETHER	26168	2797	237768	345866	410	3	407	4011	5	4006	42853	512	837	0	38020	73
44	2010	MILLER	9565	1186	94971	78670	515	26	489	1527	14	1513	22664	0	130	4	11017	220
44	2030	MILTON	6885	1211	68261	128296	180	0	180	1407	0	1407	13135	420	50	0	14820	0
44	2050	MITCHELL	25588	2500	238442	652085	542	19	523	4278	6	4272	55294	0	363	0	26233	270
44	2070	MONROE	20138	1245	119630	88568	256	8	248	1697	3	1694	16879	411	376	0	14479	9
44	2090	MONTGOMERY	9167	1248	99069	154518	161	3	158	1792	2	1790	26626	131	252	1	19234	231
44	2110	MORGAN	20143	1582	155463	191225	411	10	401	2626	2	2624	23852	541	879	0	13715	0
44	2130	MURRAY	9490	1372	119879	208365	535	9	526	2149	38	2111	14141	767	74	0	11673	0
44	2150	MUSCOGEE	44195	390	35024	43456	99	2	97	535	10	525	5891	26	85	0	4944	32
44	2170	NEWTON	21680	1958	150613	171639	353	6	347	2294	2	2292	24551	1153	269	0	13322	12
44	2190	OCONEE	11067	1225	76900	110529	221	12	209	1832	15	1817	15984	1937	1324	0	14086	0
44	2210	OGLETHORPE	20287	2163	154776	194806	527	7	520	3093	9	3084	28862	2663	1788	0	21778	0
44	2230	PAULDING	14025	1758	130007	268246	349	7	342	2317	2	2315	19710	361	122	0	14409	0
44	2250	PEACH		625	76882	265840	123	5	118	1564	6	1558	13555	180	126	0	11392	30
44	2270	PICKENS	8222	1116	108879	80259	268	3	265	1219	6	1213	10532	285	25	0	6303	0
44	2290	PIERCE	11934	1141	125251	102995	291	5	286	1642	6	1636	15725	0	6	0	7208	81
44	2310	PIKE	21212	1673	110080	160683	172	2	170	2418	0	2418	22657	668	430	0	26547	103
44	2330	POLK	20357	2015	137367	192804	524	7	517	2950	11	2939	21721	862	257	0	28623	0
44	2350	PULASKI	11587	1047	135017	99362	216	17	199	1907	1	1906	27266	61	191	0	19108	108
44	2370	PUTNAM	15151	1057	149548	121461	352	18	334	1618	19	1599	15823	189	312	0	6114	4
44	2390	QUITMAN	3417	532	76431	42930	88	3	85	720	1	719	9474	0	0	0	10087	87
44	2410	RABUN	5746	651	54078	56235	221	6	215	628	17	611	6746	27	3	0	0	0
44	2430	RANDOLPH	16721	2478	152838	211781	289	1	288	3056	6	3050	34122	20	291	0	41502	124
44	2450	RICHMOND	63692	1437	100209	228885	320	5	315	1950	2	1948	19288	318	822	0	14387	46
44	2470	ROCKDALE	9521	948	68800	63545	136	1	135	1235	0	1235	12136	912	56	0	7697	0
44	2490	SCHLEY	5243	611	60617	50401	89	1	88	755	7	748	13540	21	112	0	10924	30
44	2510	SCREVEN	23552	2860	248493	151929	410	2	408	3650	3	3647	51011	10	429	7	44909	352
44	2530	SEMINOLE		857	99118	108358	513	32	481	1138	41	1097	21866	0	336	2	8272	192
44	2550	SPALDING	21908	1337	96378	236958	203	1	202	1894	4	1890	17957	1110	489	0	18087	5
44	2570	STEPHENS	11215	1377	64804	172615	425	15	410	1684	18	1666	10016	699	702	0	11368	0
44	2590	STEWART	12089	1108	186436	110022	308	11	297	1563	4	1559	22022	87	104	0	16362	118
44	2610	SUMTER	29640	1995	268032	455228	397	11	386	4742	15	4727	48432	379	1093	0	57147	174
44	2630	TALBOT	11158	854	109795	83613	183	5	178	1157	11	1146	14980	111	333	0	9768	38
44	2650	TALIAFERRO	8841	1017	79884	68273	462	11	451	1268	5	1263	10353	170	251	0	9761	2
44	2670	TATTNALL	14502	1772	164638	157700	213	24	189	2421	0	2421	38395	93	118	21	19050	283
44	2690	TAYLOR	11473	1363	111338	110000	92	15	77	1596	17	1579	20804	69	98	0	21409	7
44	2710	TELFAIR	15291	1892	160578	213072	270	1	269	2617	2	2615	38937	7	110	8	23945	297
44	2730	TERRELL	19601	2175	149515	212864	205	7	198	3398	2	3396	35864	111	1381	0	42239	136
44	2750	THOMAS	33044	2236	232340	229471	520	27	493	3362	11	3351	52429	141	122	19	7111	1348
44	2770	TIFT	14493	1374	107593	163082	222	1	221	2184	0	2184	24658	0	592	6	14111	91
44	2790	TOOMBS	13897	1594	129215	102721	135	1	134	2243	1	2242	33960	127	382	4	24073	305
44	2810	TOWNS	3937	660	51880	62392	234	7	227	790	38	752	7999	1871	61	0	0	0
44	2830	TREUTLEN	7664	1126	107588	121896	103	2	101	1571	3	1568	22741	118	35	0	22997	195
44	2850	TROUP	36097	2134	163098	213938	469	10	459	2719	12	2707	27670	73	132	0	34589	106
44	2870	TURNER	12466	1297	103530	131887	211	3	208	2103	13	2090	22019	467	321	2	14216	174
44	2890	TWIGGS	10407	869	119143	80805	202	4	198	1332	0	1332	20645	147	10	0	8334	51
44	2910	UNION	6455	1231	116712	96595	236	7	229	1290	13	1277	14321	728	44	0	0	0
44	2930	UPSON	14786	1306	131292	201354	188	41	147	1979	1	1978	20704	214	311	0	15674	103
44	2950	WALKER	23370	2336	204493	312350	1236	19	1217	3192	65	3127	24410	433	126	0	8533	0
44	2970	WALTON	24216	2725	178657	336239	483	11	472	3586	10	3576	31385	4057	1025	0	32179	0
44	2990	WARE	28361	857	102054	113389	298	4	294	1060	0	1060	14244	52	30	0	3462	274
44	3010	WARREN	11828	1296	94140	97755	211	66	145	1807	7	1800	18635	124	316	0	19355	0
44	3030	WASHINGTON	28147	3187	282577	255821	549	9	540	4267	3	4264	66518	609	576	0	36689	234
44	3050	WAYNE	14381	1084	151699	120884	372	18	354	1541	6	1535	20516	78	246	20	10109	147
44	3070	WEBSTER	5342	704	70066	55211	105	8	97	986	0	986	13239	13	101	0	7150	4
44	3090	WHEELER	9817	1077	106134	109491	137	11	126	1712	1	1711	28431	37	476	1	18524	126
44	3110	WHITE	6105	752	65416	51253	220	0	220	824	1	823	10350	147	187	0	2782	0
44	3130	WHITFIELD	16897	1449	124549	222065	720	14	706	2175	23	2152	13733	232	72	0	13139	0
44	3150	WILCOX	15511	1449	139579	146995	262	3	259	2492	6	2486	31793	224	352	4	27315	171
44	3170	WILKES	24210	2360	176300	258731	589	15	574	2943	15	2928	28590	1366	1614	0	20266	6
44	3190	WILKINSON	11376	1000	149443	91347	251	8	243	1402	21	1381	28381	110	0	0	7679	55
44	3210	WORTH	23863	2304	210673	244172	344	2	342	3815	4	3811	48480	149	490	7	25789	408
45	0	LOUISIANA	1798509	132450	8837502	21332945	131369	8463	122906	173458	3480	169978	1172382	886	6434	351594	1434630	265157
45	10	ACADIA	34820	2773	239854	1314070	4742	244	4498	5406	79	5327	13590	0	16	88037	27675	50
45	30	ALLEN	18382	944	69611	138139	1601	110	1491	777	35	742	4504	0	0	6703	6246	195
45	50	ASCENSION	22155	1366	97528	450420	2057	70	1987	2258	53	2205	19064	20	6	5524	4409	8242
45	70	ASSUMPTION	17912	634	100028	751444	628	20	608	3279	66	3213	21430	0	0	660	297	28451
45	90	AVOYELLES	35300	4407	144592	344171	5109	139	4970	3197	76	3121	42468	4	28	530	43601	4585
45	110	BEAUREGARD	20767	1007	72601	118674	1437	99	1338	543	13	530	5122	0	26	0	4319	242
45	130	BIENVILLE	20977	3270	217287	282528	1634	58	1576	3728	18	3710	25913	12	27	0	58809	40
45	150	BOSSIER	22266	4063	199758	381269	1848	85	1763	5052	52	5000	14035	29	45	0	61799	5
45	170	CADDO	83265	5536	197762	452805	3061	251	2810	4525	52	4473	18926	122	135	0	105302	11
45	190	CALCASIEU	32807	1067	152236	512526	2719	332	2387	1857	29	1828	4838	0	0	44233	8076	43
45	210	CALDWELL	9514	1069	83124	114453	855	39	816	1197	17	1180	6657	0	0	0	7870	134
45	230	CAMERON	3952	685	63340	103074	2379	444	1935	334	12	322	2558	0	0	4014	7605	5
45	250	CATAHOULA	11074	1519	102376	155040	1641	120	1521	1416	11	1405	9460	8	226	0	16675	31
45	270	CLAIBORNE	27885	4064	318044	373923	1733	78	1655	4507	49	4458	35793	11	70	0	69206	14
45	290	CONCORDIA	12466	1616	98576	204824	1332	97	1235	1467	10	1457	8396	0	135	0	15603	0
45	310	DE SOTO	29376	4342	269017	377526	3015	223	2792	5054	242	4812	28379	33	69	0	76394	66
45	330	EAST BATON ROUGE	44513	1771	167007	319740	2724	210	2514	2284	103	2181	16972	0	95	0	8873	2918
45	350	EAST CARROLL	11231	2066	78591	237233	980	125	855	2772	29	2743	9162	28	485	0	28268	0
45	370	EAST FELICIANA	17487	1941	181520	163127	2484	268	2216	2181	116	2065	22798	0	149	0	16118	36
45	390	EVANGELINE	23485	3730	163132	582163	6864	416	6448	2648	73	2575	39695	19	3	9181	45386	104
45	410	FRANKLIN	24100	4224	167311	454664	3993	239	3754	4676	60	4616	17939	93	455	0	61823	1
45	430	GRANT	14403	1368	80668	140432	1478	116	1362	1490	59	1431	8640	4	0	0	12276	55
45	450	IBERIA	26855	1596	130738	352489	1416	67	1349	4474	105	4369	36273	0	0	5163	2127	26912
45	470	IBERVILLE	26806	671	94585	615332	821	52	769	3446	77	3369	24059	0	0	3864	685	24900
45	490	JACKSON	14486	1518	143895	112834	1083	38	1045	1829	27	1802	14421	8	33	0	18810	70
45	510	JEFFERSON	21563	390	25347	136917	292	3	289	705	1	704	1517	0	0	0	15	640
45	530	JEFFERSON DAVIS	18999	1277	226060	1052047	3818	624	3194	2634	163	2471	4276	0	19	71253	11031	3
45	550	LAFAYETTE	30841	3180	142710	416912	4677	173	4504	6281	134	6147	43603	3	4	7032	37620	11777
45	570	LAFOURCHE	30344	1243	230470	482652	1566	19	1547	3771	1	3770	42086	0	0	730	760	22595
45	590	LA SALLE	9856	771	52011	81203	1086	85	1001	325	6	319	4816	4	1	0	1573	85
45	610	LINCOLN	16962	2460	204741	276863	1331	47	1284	2884	42	2842	18802	100	6	0	38753	20
45	630	LIVINGSTON	11643	1316	70122	146979	1562	72	1490	556	54	502	6095	0	0	0	2371	72
45	650	MADISON	10829	2227	91049	235216	1149	67	1082	2084	26	2058	9660	0	235	0	22781	0
45	670	MOREHOUSE	19311	2862	168876	379284	2293	137	2156	4105	59	4046	22228	73	130	0	39910	14
45	690	NATCHITOCHES	38602	5008	247486	463978	5364	299	5065	5637	163	5474	28593	31	10	0	63501	85
45	710	ORLEANS	387219	375	5429	93459	292	6	286	207	0	207	382	0	0	430	0	0
45	730	OUACHITA	30319	2187	151962	372656	1170	81	1089	2602	27	2575	12863	27	296	0	22359	49
45	750	PLAQUEMINES	10194	476	90731	127687	586	21	565	685	11	674	4162	0	0	948	0	1779
45	770	POINTE COUPEE	24697	2065	164159	369413	2396	167	2229	3598	18	3580	31935	0	326	1613	12630	15334
45	790	RAPIDES	59444	3796	217739	713070	4242	319	3923	4316	152	4164	31066	28	497	716	32185	1692
45	810	RED RIVER	15301	2735	107632	155796	1522	100	1422	3309	15	3294	12966	0	4	0	45623	4
45	830	RICHLAND	20860	3216	149710	333286	2348	110	2238	3251	75	3176	12697	6	873	0	53836	19
45	850	SABINE	20713	2780	210730	270657	2299	83	2216	2879	86	2793	21872	45	17	0	36237	151
45	870	ST BERNARD	4968	181	16662	64945	82	1	81	327	0	327	482	0	0	0	9	0
45	890	ST CHARLES	8586	354	35965	117841	371	15	356	943	0	943	8209	0	0	694	0	4617
45	910	ST HELENA	8427	1276	90748	148465	1479	103	1376	775	17	758	14279	15	42	0	5693	76
45	930	ST JAMES	21228	353	62375	140055	381	16	365	2126	0	2126	10439	0	0	2293	277	15744
45	950	ST JOHN THE BAPTIST	11896	295	43579	138820	260	1	259	1482	2	1480	8003	0	0	2409	86	8517
45	970	ST LANDRY	51697	6642	265476	916895	8545	624	7921	7850	224	7626	70826	48	5	10625	74039	3680
45	990	ST MARTIN	21990	2346	109603	360876	2776	280	2496	4834	397	4437	35914	0	0	5996	18066	10657
45	1010	ST MARY	30754	515	118971	480578	453	14	439	4032	2	4030	24863	0	0	1373	173	24720
45	1030	ST TAMMANY	20645	1261	93109	249367	1424	64	1360	440	6	434	7516	0	5	611	1004	207
45	1050	TANGIPAHOA	31440	3010	151163	364217	2579	73	2506	2060	13	2047	15161	0	132	24	5502	234
45	1070	TENSAS	12085	2084	142197	296176	991	41	950	2313	13	2300	9231	36	505	700	27991	0
45	1090	TERREBONNE	26974	813	147031	277622	455	4	451	2658	8	2650	20950	0	0	20	733	17979
45	1110	UNION	19621	3213	287491	398667	1566	65	1501	3864	65	3799	38616	46	14	0	40241	22
45	1130	VERMILLION	26482	3259	248088	797782	4974	182	4792	6796	76	6720	33987	0	0	75346	23002	11597
45	1150	VERNON	20493	1693	93579	253253	2002	139	1863	745	29	716	11917	0	14	5	6098	128
45	1170	WASHINGTON	24164	1975	167159	243565	1609	54	1555	1797	12	1785	29114	0	434	3	18378	477
45	1190	WEBSTER	24707	3000	192685	294602	1133	44	1089	3815	37	3778	24789	10	206	0	45611	114
45	1210	WEST BATON ROUGE	11092	262	43125	188523	439	27	412	1632	5	1627	10927	0	0	864	175	12078
45	1230	WEST CARROLL	8857	1368	56387	116635	1095	83	1012	1528	16	1512	8816	6	266	0	15614	9
45	1250	WEST FELICIANA	12303	1260	136531	164210	1816	163	1653	1414	33	1381	13971	0	323	0	5923	2833
45	1270	WINN	16119	1679	145433	158876	1312	117	1195	1801	29	1772	13661	17	67	0	16578	39
46	0	MISSISSIPPI	1790618	257228	16053243	28323360	131285	8496	122789	327646	7951	319695	2116248	3240	15578	52	3011441	6751
46	10	ADAMS	22183	1580	129036	221244	2403	318	2085	1740	75	1665	12107	0	4	0	10717	1
46	30	ALCORN	21369	2998	199973	442033	1400	30	1370	4796	140	4656	31112	63	5	0	28375	0
46	50	AMITE	18960	2934	282856	360311	2372	153	2219	2984	80	2904	35544	0	211	0	29642	283
46	70	ATTALA	24831	3319	293242	510211	1981	79	1902	4548	223	4325	36049	0	320	0	31049	90
46	90	BENTON	9851	1652	138744	128853	900	51	849	2509	79	2430	18428	10	0	0	13735	0
46	110	BOLIVAR	57669	12873	345236	1234374	1973	155	1818	16624	31	16593	32362	171	1369	0	223601	0
46	130	CALHOUN	16823	2939	266388	391437	1615	100	1515	4737	319	4418	36856	10	218	0	15348	21
46	150	CARROLL	20324	3479	319218	250015	2062	147	1915	4747	222	4525	35951	0	30	0	33050	27
46	170	CHICKASAW	22212	3078	198028	304044	2561	178	2383	4268	251	4017	34895	0	22	0	37441	4
46	190	CHOCTAW	12491	1957	203510	165526	1197	38	1159	2792	121	2671	23098	145	315	0	10586	38
46	210	CLAIBORNE	13019	1866	209918	272373	2419	277	2142	1965	80	1885	19161	0	761	0	15540	3
46	230	CLARKE	17927	1943	179166	247903	1256	66	1190	2059	39	2020	18593	0	20	0	13547	341
46	250	CLAY	17490	2507	166450	305623	1668	98	1570	3514	152	3362	22200	27	10	0	29161	9
46	270	COAHOMA	41511	8585	266058	917484	735	46	689	11343	11	11332	23645	60	26	0	154096	0
46	290	COPIAH	28672	3986	274632	439390	2851	203	2648	3915	88	3827	21781	140	251	0	7188	139
46	310	COVINGTON	14869	2150	163132	262319	944	29	915	2269	34	2235	21873	0	41	0	27650	283
46	330	DE SOTO	24359	4636	234298	483905	3188	194	2994	6278	139	6139	37323	131	122	0	58036	0
46	350	FORREST	21238	1159	94947	209005	742	16	726	810	19	791	9845	0	84	0	5752	112
46	370	FRANKLIN	14156	1520	157213	136194	1328	106	1222	1436	38	1398	19212	0	187	0	6336	84
46	390	GEORGE	5564	799	65531	145676	618	18	600	737	2	735	9683	0	0	1	4440	228
46	410	GREENE	10430	665	112480	119605	466	5	461	524	9	515	8583	0	0	0	1061	120
46	430	GRENADA	13607	1634	125526	172101	1019	103	916	2362	66	2296	21220	0	2	0	15693	0
46	450	HANCOCK	10380	301	24576	45380	343	19	324	124	5	119	2146	0	0	5	85	100
46	470	HARRISON	32855	939	68606	181554	614	27	587	337	1	336	2830	0	2	1	110	17
46	490	HINDS	57110	6003	320197	516898	4078	297	3781	5986	113	5873	49710	173	268	0	64478	77
46	510	HOLMES	34513	6422	332072	692399	2654	230	2424	7866	147	7719	53060	18	79	0	85302	34
46	530	HUMPHREYS	19192	3463	101957	239752	581	23	558	4103	17	4086	13442	0	116	0	56802	0
46	550	ISSAQUENA	7618	1501	73496	137011	620	83	537	2142	32	2110	7200	0	240	0	19864	0
46	570	ITAWAMBA	15647	2673	209845	278463	1201	54	1147	4107	102	4005	30038	19	9	0	18105	0
46	590	JACKSON	19208	724	99544	99537	554	32	522	240	10	230	3212	0	5	20	238	90
46	610	JASPER	18508	2737	255517	253875	1877	78	1799	3421	144	3277	28590	0	53	0	24724	261
46	630	JEFFERSON	15946	2171	146457	176696	2359	240	2119	2318	130	2188	21270	33	135	0	17705	13
46	650	JEFFERSON DAVIS	12755	2454	144379	230093	835	29	806	2934	17	2917	26955	0	96	0	33197	171
46	670	JONES	32919	2740	216419	386652	1356	43	1313	3267	31	3236	27277	0	361	0	32101	304
46	690	KEMPER	19619	3080	249589	268049	1838	119	1719	4191	150	4041	34500	0	13	0	35901	122
46	710	LAFAYETTE	19243	2751	253733	325951	1663	111	1552	4462	268	4194	36575	84	55	0	23056	0
46	730	LAMAR	12869	1074	87091	142814	705	15	690	995	19	976	12034	0	6	3	6567	140
46	750	LAUDERDALE	45897	3061	259240	382399	1723	36	1687	3459	41	3418	29780	222	112	0	24788	213
46	770	LAWRENCE	12663	1618	137980	136678	978	32	946	1583	16	1567	18697	0	136	0	18695	59
46	790	LEAKE	16973	3357	231357	349118	2025	44	1981	4208	86	4122	29719	0	68	0	34222	56
46	810	LEE	29618	4842	208915	504004	2243	96	2147	6623	221	6402	42435	0	0	0	53029	0
46	830	LEFLORE	37256	6882	226974	725711	868	27	841	8828	23	8805	30201	24	0	0	124907	5
46	850	LINCOLN	24652	2974	260978	312907	2279	137	2142	2909	31	2878	30318	33	134	8	23350	129
46	870	LOWNDES	27632	2806	189501	427343	1996	209	1787	4521	177	4344	27845	25	576	0	39780	2
46	890	MADISON	29292	5089	304862	428860	3478	174	3304	6272	88	6184	51805	85	3210	0	71264	90
46	910	MARION	17144	1991	140937	191955	1188	61	1127	1699	22	1677	21151	0	147	1	20729	492
46	930	MARSHALL	26105	4163	299973	358247	2507	222	2285	5613	160	5453	41076	95	0	0	49727	0
46	950	MONROE	32613	4643	316152	643787	2683	144	2539	6703	177	6526	46221	187	329	0	55062	5
46	970	MONTGOMERY	13805	2040	191841	231401	1151	62	1089	2848	148	2700	24020	0	49	0	19791	18
46	990	NESHOBA	19303	3166	228434	354637	1670	32	1638	4089	107	3982	30602	0	40	0	34154	150
46	1010	NEWTON	20727	2937	254649	382099	2061	78	1983	3862	246	3616	31078	22	640	0	30474	236
46	1030	NOXUBEE	23710	3781	234331	394084	2928	316	2612	5884	264	5620	29755	70	114	0	51067	89
46	1050	OKTIBBEHA	16872	2447	166016	291198	1838	141	1697	3802	153	3649	24079	0	26	0	19542	45
46	1070	PANOLA	27845	4580	260563	296613	1884	238	1646	6311	87	6224	42162	141	0	0	52648	0
46	1090	PEARL RIVER	15468	1054	81260	220306	1030	83	947	706	64	642	11059	0	7	5	708	72
46	1110	PERRY	8987	990	82071	132115	775	29	746	640	3	637	9734	0	0	1	5475	165
46	1130	PIKE	28725	2600	172287	242316	2201	88	2113	2314	45	2269	25238	0	483	3	26011	275
46	1150	PONTOTOC	19962	3280	218095	306141	1644	88	1556	4684	321	4363	38015	46	0	0	27565	0
46	1170	PRENTISS	17606	3064	215551	359999	1561	61	1500	5046	168	4878	33850	30	0	0	31962	0
46	1190	QUITMAN	19861	4109	156208	404304	267	22	245	5473	6	5467	13309	30	5	0	65602	0
46	1210	RANKIN	20272	2207	187724	192396	1731	61	1670	2452	90	2362	23046	17	370	0	15443	127
46	1230	SCOTT	16420	1966	154663	221245	1374	62	1312	2586	55	2531	19574	60	637	0	17023	123
46	1250	SHARKEY	14190	2895	82868	418993	844	69	775	3680	21	3659	13255	0	389	0	45623	0
46	1270	SIMPSON	18109	2583	178233	269265	1371	37	1334	2956	55	2901	24573	7	589	1	20509	225
46	1290	SMITH	16178	2339	167753	331807	956	31	925	3443	74	3369	22972	76	889	0	27368	315
46	1310	STONE	6528	578	51100	118232	536	16	520	316	7	309	6226	0	2	2	494	87
46	1330	SUNFLOWER	46374	9992	280273	1076800	1436	50	1386	11948	6	11942	26835	3	0	0	192049	0
46	1350	TALLAHATCHIE	35953	5814	259640	813506	1380	108	1272	8237	105	8132	36052	289	30	0	90530	0
46	1370	TATE	19636	3693	195219	455459	3461	405	3056	6329	433	5896	32726	90	2	0	46520	0
46	1390	TIPPAH	15419	2456	210950	347454	1415	56	1359	4492	208	4284	28444	63	0	0	30190	0
46	1410	TISHOMINGO	15091	1998	160722	187467	701	14	687	2887	32	2855	22684	56	5	0	16207	0
46	1430	TUNICA	20386	5077	165970	576688	473	59	414	6390	3	6387	12572	8	15	0	81326	0
46	1450	UNION	20044	3205	208500	442226	2175	74	2101	4793	185	4608	37352	0	2	0	30589	0
46	1470	WALTHALL	13455	2277	151744	188118	1481	56	1425	2299	45	2254	26083	0	74	0	30243	293
46	1490	WARREN	33362	2141	173479	224128	1822	144	1678	2087	32	2055	16091	13	10	0	16294	1
46	1510	WASHINGTON	51092	8714	215375	1089715	1377	62	1315	10172	10	10162	29423	5	251	0	130473	0
46	1530	WAYNE	15467	1680	171574	183686	1054	54	1000	1737	17	1720	20322	0	37	1	13613	265
46	1550	WEBSTER	12644	1920	196200	219799	1192	89	1103	3128	161	2967	24414	0	214	0	10883	10
46	1570	WILKINSON	15319	1809	191642	133594	2432	307	2125	1597	57	1540	21712	12	282	0	13695	17
46	1590	WINSTON	18139	2595	218844	252055	1597	84	1513	3444	117	3327	30705	5	69	0	18795	66
46	1610	YALOBUSHA	18738	2385	218973	187700	1394	196	1198	3645	113	3532	25431	442	39	0	15495	0
46	1630	YAZOO	37149	6138	364562	622055	3129	232	2897	7501	67	7434	55247	0	160	0	77248	9
47	0	NORTH CAROLINA	2559123	283482	18593670	46436784	130963	2447	128516	279767	1898	277869	2009048	336793	60009	1	1733244	0
47	10	ALAMANCE	32718	3161	234152	604377	2959	31	2928	2353	62	2291	24199	11165	2105		5007	0
47	30	ALEXANDER	12212	1860	145201	320813	754	7	747	1788	29	1759	13775	6840	377		6697	0
47	50	ALLEGHANY	7403	1438	134833	238914	1775	134	1641	497	62	435	7783	1053	495		0	0
47	70	ANSON	28334	3567	243239	538363	882	11	871	4973	9	4964	26157	2844	1726		48157	0
47	90	ASHE	21001	3576	250778	447106	3714	235	3479	576	65	511	16939	2430	2079		29	0
47	110	AVERY	10335	1463	91930	76300	1035	40	995	270	10	260	5106	196	350		0	0
47	130	BEAUFORT	31024	3711	189977	386512	1760	7	1753	3294	8	3286	29565	55	57		15959	0
47	150	BERTIE	23993	3444	231618	402676	1629	29	1600	4090	13	4077	22484	13	11		24268	0
47	170	BLADEN	19761	2749	224701	283876	435	8	427	2825	8	2817	23809	9	151		15389	0
47	190	BRUNSWICK	14876	1358	141170	112227	249	4	245	1305	7	1298	7998	16	34		894	0
47	210	BUNCOMBE	64148	3798	237522	882664	2484	63	2421	2021	89	1932	21633	3965	664		0	0
47	230	BURKE	23297	2474	166892	335760	1152	9	1143	1847	28	1819	17241	7077	153		2422	0
47	250	CABARRUS	33730	2672	194249	634310	2197	55	2142	3269	42	3227	22418	8774	3680		28495	0
47	270	CALDWELL	19984	2170	189486	357473	1157	14	1143	1410	20	1390	16016	5054	248		1216	0
47	290	CAMDEN	5382	938	55547	156449	962	11	951	979	4	975	14066	7	10		7170	0
47	310	CARTERET	15384	934	51326	122266	477	22	455	715	2	713	4551	0	12		1544	0
47	330	CASWELL	15759	2274	225923	361291	1508	6	1502	2039	11	2028	14875	4730	143		1958	0
47	350	CATAWBA	33839	3086	219019	650166	2043	26	2017	2749	18	2731	19764	11485	1231		25065	0
47	370	CHATHAM	23814	3539	320999	682120	1887	19	1868	4205	56	4149	28941	10626	1849		19023	0
47	390	CHEROKEE	15242	2227	212865	264685	1342	189	1153	2032	78	1954	23620	805	42		0	0
47	410	CHOWAN	10649	1261	55768	288703	486	7	479	1690	8	1682	7416	32	0		9001	0
47	430	CLAY	4646	859	60251	78365	346	4	342	903	47	856	8827	2105	9		0	0
47	450	CLEVELAND	34272	4670	260653	974098	930	40	890	6627	29	6598	36334	3468	518		69986	0
47	470	COLUMBUS	30124	3924	225078	517315	512	14	498	4108	11	4097	32452	22	81		2465	0
47	490	CRAVEN	29048	2124	143359	282881	922	15	907	1973	0	1973	17932	3	316		4694	0
47	510	CUMBERLAND	35064	3151	183880	443061	663	10	653	3893	4	3889	25960	169	33		38396	0
47	530	CURRITUCK	7268	873	57829	116151	780	4	776	862	3	859	10480	73	7		3594	0
47	550	DARE	5115	79	5188	11870	83	3	80	12	0	12	309	7	0		13	0
47	570	DAVIDSON	35201	4022	303383	964597	3332	17	3315	1719	36	1683	23136	22154	4480		6022	0
47	590	DAVIE	13578	1869	144552	330403	1380	26	1354	1556	8	1548	13543	9419	1079		8087	0
47	610	DUPLIN	30223	4495	283037	568354	1944	7	1937	4286	13	4273	29642	16	1		15019	0
47	630	DURHAM	42219	1700	120245	288230	1253	5	1248	1286	9	1277	10297	1820	86		3968	0
47	650	EDGECOMBE	37995	3953	212463	744853	902	25	877	6345	31	6314	29545	30	15		57060	0
47	670	FORSYTH	77269	3239	205273	816547	2079	8	2071	2195	8	2187	17760	12195	2879		835	0
47	690	FRANKLIN	26667	4290	203380	508866	1759	22	1737	3030	7	3023	24204	259	11		38129	0
47	710	GASTON	51242	2493	163468	662097	968	6	962	3028	21	3007	20810	4398	887		24117	0
47	730	GATES	10537	1584	103208	243240	1202	31	1171	1495	3	1492	13393	16	11		9363	0
47	750	GRAHAM	4872	642	51542	35627	322	8	314	259	1	258	6172	45	2		0	0
47	770	GRANVILLE	26846	4065	281829	550342	2974	23	2951	2843	4	2839	21809	2014	91		10224	0
47	790	GREENE	16212	2825	108169	347702	575	3	572	3588	6	3582	19210	30	0		19306	0
47	810	GUILFORD	79272	4067	324231	1140132	3313	47	3266	3246	44	3202	31284	14389	2227		2208	0
47	830	HALIFAX	43766	4858	310312	839336	1785	40	1745	4716	22	4694	33041	383	0		64909	0
47	850	HARNETT	28313	3219	198839	522805	705	9	696	4056	5	4051	22113	598	102		43251	0
47	870	HAYWOOD	23496	2175	189383	219738	1992	110	1882	988	30	958	14392	1907	689		0	0
47	890	HENDERSON	18248	1957	124393	435083	1355	7	1348	974	16	958	15334	1222	158		0	0
47	910	HERTFORD	16294	2212	145630	339994	953	26	927	2471	10	2461	13219	33	26		16909	0
47	930	HOKE	11722	2127	140107	425691	441	4	437	2435	16	2419	19323	483	192		33501	0
47	950	HYDE	8386	1248	69615	128409	1465	27	1438	754	3	751	15067	11	1105		5205	0
47	970	IREDELL	37956	4135	316260	994497	2259	39	2220	4623	43	4580	31828	15346	1488		35369	0
47	990	JACKSON	13396	2162	155937	180010	1425	47	1378	901	26	875	12423	1157	144		0	0
47	1010	JOHNSTON	48998	7515	377266	1336270	1280	9	1271	9711	1	9710	48651	222	71		85332	0
47	1030	JONES	9912	1408	117411	166211	519	1	518	1786	0	1786	15879	0	14		7721	0
47	1050	LEE	13400	1593	115479	327451	447	2	445	1893	1	1892	10582	1256	88		13891	0
47	1070	LENOIR	29555	3353	168599	471268	944	3	941	3778	4	3774	28368	10	0		23611	0
47	1090	LINCOLN	17862	2343	156464	551807	1097	22	1075	2762	12	2750	16792	6032	818		24052	0
47	1110	MCDOWELL	16763	1526	128433	151408	592	4	588	1215	15	1200	10938	2256	69		121	0
47	1130	MACON	12887	1865	162017	131801	1190	17	1173	1355	62	1293	14633	3070	182		0	0
47	1150	MADISON	20083	3072	229449	187092	1917	85	1832	1954	63	1891	18240	2964	1073		0	0
47	1170	MARTIN	20828	2763	170680	455207	501	8	493	4150	3	4147	17422	0	25		18692	0
47	1190	MECKLENBURG	80695	4013	274912	1033029	1688	63	1625	5800	24	5776	38124	2992	857		50205	0
47	1210	MITCHELL	11278	1622	96595	114151	1047	34	1013	935	28	907	7761	308	430		0	0
47	1230	MONTGOMERY	14607	1817	162320	306347	552	56	496	2176	8	2168	13219	4610	1093		12082	0
47	1250	MOORE	21388	2135	202429	394720	673	6	667	2320	11	2309	16142	4732	502		13379	0
47	1270	NASH	41061	6007	258430	1002644	1279	11	1268	7074	2	7072	29348	84	46		63532	0
47	1290	NEW HANOVER	40620	368	17504	98391	145	0	145	384	5	379	1267	0	4		25	0
47	1310	NORTHAMPTON	23184	3793	185549	609620	1407	8	1399	4748	9	4739	21645	28	4		39336	0
47	1330	ONSLOW	14703	2165	199878	305319	678	1	677	2055	0	2055	16337	11	2		6412	0
47	1350	ORANGE	17895	2082	189929	453198	1804	14	1790	1957	17	1940	17739	6780	305		4113	0
47	1370	PAMLICO	9060	1191	82603	155692	794	3	791	969	1	968	12545	10	0		6052	0
47	1390	PASQUOTANK	17670	1530	85528	365058	1498	43	1455	1516	16	1500	18378	4	21		10217	0
47	1410	PENDER	14788	2020	163837	193596	486	3	483	1649	1	1648	10791	0	48		3145	0
47	1430	PERQUIMANS	11137	1496	80961	298970	1130	10	1120	1549	1	1548	15098	17	10		12784	0
47	1450	PERSON	18973	2804	213357	423175	2076	16	2060	2399	18	2381	20389	3498	316		1488	0
47	1470	PITT	45569	6228	248313	784798	1548	7	1541	7027	6	7021	38361	29	10		40784	0
47	1490	POLK	8832	1225	97805	126727	358	9	349	1335	7	1328	10259	395	41		8393	0
47	1510	RANDOLPH	30856	4241	409113	1010949	2320	10	2310	4459	66	4393	31220	22363	3677		5020	0
47	1530	RICHMOND	25567	2384	155288	354503	510	3	507	3107	5	3102	18170	410	202		36875	0
47	1550	ROBESON	54674	7048	318173	977035	1430	11	1419	9114	2	9112	53743	419	176		84887	0
47	1570	ROCKINGHAM	44149	3846	294120	647957	1621	14	1607	3219	16	3203	24086	9079	267		178	0
47	1590	ROWAN	44062	3557	261251	954090	3178	40	3138	3318	47	3271	24759	21988	5543		27060	0
47	1610	RUTHERFORD	31426	3510	236295	544783	1004	9	995	3994	15	3979	28780	3236	425		30171	0
47	1630	SAMPSON	36002	5906	316778	832882	1417	7	1410	6750	2	6748	41695	84	13		61186	0
47	1650	SCOTLAND	15600	2210	104925	339163	365	18	347	2942	8	2934	18185	256	414		42923	0
47	1670	STANLY	27429	2485	200184	596891	1458	6	1452	3202	18	3184	19860	17940	4599		17432	0
47	1690	STOKES	20575	3473	245949	607064	1256	17	1239	3331	58	3273	18335	9194	200		19	0
47	1710	SURRY	32464	4563	282987	674380	1460	2	1458	3853	5	3848	29623	9192	343		18	0
47	1730	SWAIN	13224	1370	108794	80265	643	12	631	547	10	537	9174	160	60		0	0
47	1750	TRANSYLVANIA	9303	1023	88460	155246	601	5	596	356	7	349	8372	137	26		0	0
47	1770	TYRRELL	4849	675	43147	74469	408	3	405	696	1	695	8920	0	4		3619	0
47	1790	UNION	36029	4991	326163	910537	2026	35	1991	6883	53	6830	37734	3954	2027		55857	0
47	1810	VANCE	22799	2263	146610	370428	1775	18	1757	1471	5	1466	12235	544	10		10849	0
47	1830	WAKE	75155	6604	394496	1165661	2333	22	2311	6640	7	6633	40435	805	148		59837	0
47	1850	WARREN	21593	3180	198380	388852	2382	17	2365	2227	11	2216	18259	455	9		28797	0
47	1870	WASHINGTON	11429	1273	72844	256577	584	2	582	1314	4	1310	10765	2	0		6019	0
47	1890	WATAUGA	13477	2133	159577	257703	1857	90	1767	453	34	419	8732	505	573		0	0
47	1910	WAYNE	43640	4995	232466	748361	1502	14	1488	6749	9	6740	41708	146	20		45324	0
47	1930	WILKES	32644	5208	367467	639675	2239	30	2209	2949	35	2914	38782	12188	372		749	0
47	1950	WILSON	36813	4616	176165	792937	663	28	635	5716	4	5712	24357	66	34		43804	0
47	1970	YADKIN	16391	2910	202738	568344	1333	9	1324	2604	20	2584	21567	12469	1249		2329	0
47	1990	YANCEY	15093	2367	156863	186737	1442	36	1406	1277	56	1221	12449	945	1535		0	0
48	0	SOUTH CAROLINA	1683724	172767	10638900	23105321	49116	1735	47381	199078	1354	197724	1599397	52070	58670	4461	2023926	1802
48	10	ABBEVILLE	27139	3803	214515	444221	839	36	803	4446	29	4417	25318	1294	1351	0	46213	
48	30	AIKEN	45574	5311	405350	716994	1513	22	1491	6838	24	6814	71313	767	1151	0	76102	
48	50	ALLENDALE	16098	1677	119774	201759	398	6	392	2466	3	2463	31300	60	222	4	33561	
48	70	ANDERSON	76349	8216	370370	2017737	1570	44	1526	10149	12	10137	54283	5474	4926	0	121109	
48	90	BAMBERG	20962	2393	144942	229530	581	13	568	2960	6	2954	34542	143	219	99	36955	
48	110	BARNWELL	23081	2504	174404	363686	597	12	585	3623	51	3572	45523	214	194	4	49271	
48	130	BEAUFORT	22269	2616	181235	280903	2010	204	1806	1427	48	1379	18002	0	196	669	6232	
48	150	BERKELEY	22558	2602	193323	192932	922	20	902	2106	12	2094	21962	31	242	193	12710	
48	170	CALHOUN	18384	1494	115631	217877	740	6	734	2356	12	2344	24703	380	4758	100	28618	
48	190	CHARLESTON	108450	3614	237156	500286	2497	320	2177	2522	22	2500	21122	15	59	380	7366	
48	210	CHEROKEE	27570	3463	183070	612192	732	22	710	4472	34	4438	25584	2288	427	0	44078	
48	230	CHESTER	33389	3684	216479	453922	622	17	605	4405	13	4392	30321	744	1138	0	53924	
48	250	CHESTERFIELD	31969	4431	270606	597500	1109	16	1093	5501	15	5486	40244	498	292	0	65214	
48	270	CLARENDON	34878	4715	175256	546652	1295	10	1285	4194	10	4184	44703	153	554	33	37439	
48	290	COLLETON	29897	3299	328845	305335	1432	52	1380	2972	35	2937	40358	4	260	1022	21919	
48	310	DARLINGTON	39126	4650	227652	654462	1916	10	1906	5230	22	5208	39787	1345	2343	0	63254	
48	330	DILLON	25278	3052	168037	430047	647	56	591	4034	11	4023	25622	142	884	0	46829	
48	350	DORCHESTER	19459	1910	155180	184310	683	21	662	2094	10	2084	21261	0	451	188	17160	
48	370	EDGEFIELD	23928	2928	191347	431884	1073	23	1050	3337	29	3308	27795	686	981	0	30063	
48	390	FAIRFIELD	27159	2945	205992	287548	604	12	592	3399	17	3382	26062	233	759	0	35608	
48	410	FLORENCE	50406	5098	290201	730625	1725	23	1702	5927	19	5908	49058	378	2022	4	36779	
48	430	GEORGETOWN	21716	1720	188082	169539	553	3	550	1295	9	1286	12229	5	36	133	3833	
48	450	GREENVILLE	88498	7594	326265	1067911	2030	18	2012	7977	104	7873	51927	3489	1332	0	83994	
48	470	GREENWOOD	35791	3027	195612	385293	580	22	558	3839	39	3800	25443	629	1068	0	38057	
48	490	HAMPTON	19550	1717	186155	253486	567	17	550	2385	14	2371	30012	5	290	543	19675	
48	510	HORRY	32077	4573	335221	342025	671	13	658	4801	56	4745	41155	11	144	61	11120	
48	530	JASPER	9868	1158	88515	50555	675	9	666	894	6	888	12801	76	15	462	6417	
48	550	KERSHAW	29398	3625	263128	452230	963	23	940	4249	53	4196	40588	198	1067	0	50428	
48	570	LANCASTER	28628	3413	203647	419896	537	54	483	4443	29	4414	27114	901	1185	0	41615	
48	590	LAURENS	42560	5293	277397	732921	871	64	807	6636	43	6593	36952	1622	2282	0	73805	
48	610	LEE	26827	3509	153921	279880	952	57	895	4479	25	4454	30585	240	1532	4	57134	
48	630	LEXINGTON	35676	4055	339307	620595	981	13	968	4952	22	4930	45386	6543	1995	2	41689	
48	650	MCCORMICK	16444	2003	161719	172886	498	25	473	2342	22	2320	17305	211	838	0	17224	
48	670	MARION	23721	2484	124148	279949	659	18	641	3058	53	3005	19713	48	478	0	21385	
48	690	MARLBORO	33180	4036	146719	508245	757	11	746	4770	45	4725	24337	303	769	0	74503	
48	710	NEWBERRY	35552	3829	287061	538916	702	17	685	4808	25	4783	36480	4407	2788	0	45672	
48	730	OCONEE	30117	3704	267538	478699	1060	47	1013	2877	30	2847	33057	1436	1105	0	37716	
48	750	ORANGEBURG	64907	7103	423202	1106960	2876	32	2844	7802	19	7783	83837	905	6139	494	111524	
48	770	PICKENS	28329	3463	219722	585973	798	61	737	4353	13	4340	29204	1167	1188	0	39101	
48	790	RICHLAND	78122	3190	198039	414576	1173	70	1103	3845	44	3801	29241	892	1442	1	31832	
48	810	SALUDA	22088	3105	216665	509228	768	21	747	3926	32	3894	28901	3297	2921	1	25956	
48	830	SPARTANBURG	94265	8553	383649	1356861	1545	34	1511	10858	75	10783	62736	6103	1086	0	129055	
48	850	SUMTER	43040	4210	217968	528083	1859	33	1826	4776	70	4706	45349	590	1949	18	57917	
48	870	UNION	30372	2666	243062	390745	508	49	459	3230	16	3214	23820	639	653	0	32640	
48	890	WILLIAMSBURG	38539	5243	270127	546490	1687	39	1648	5208	37	5171	47976	28	303	46	34987	
48	910	YORK	50536	5089	352666	512977	1341	40	1301	6817	39	6778	44386	3476	2636	0	66243	
49	0	TEXAS	4663228	465646	109674410	141899122	837969	56840	781129	1010339	44163	966176	3686581	1311776	1212817	145926	16658356	6921
49	10	ANDERSON	34318	4039	379039	512670	3520	121	3399	5919	134	5785	38701	100	34	0	95308	25
49	30	ANDREWS	350	89	747964	75735	987	125	862	213	17	196	875	0	0	0	442	0
49	50	ANGELINA	22287	2218	155961	269840	2186	98	2088	2134	35	2099	14517	226	21	0	26261	131
49	70	ARANSAS	2064	84	58958	25360	304	64	240	116	2	114	43	0	0	0	353	0
49	90	ARCHER	5254	761	550085	423250	3426	189	3237	1906	212	1694	787	16675	16046	0	19828	0
49	110	ARMSTRONG	2816	447	493412	421225	3961	442	3519	1719	260	1459	2114	19959	17575	0	8431	0
49	130	ATASCOSA	12702	1531	329006	514826	3547	391	3156	3998	169	3829	22915	50	3	0	81455	0
49	150	AUSTIN	18874	3520	322142	1011566	6139	191	5948	6767	194	6573	36574	168	0	0	66465	4
49	170	BAILEY	517	302	212185	156905	1267	95	1172	855	33	822	1265	251	101	0	17509	0
49	190	BANDERA	4001	456	277589	197736	1882	198	1684	1294	167	1127	6480	222	11410	0	1655	0
49	210	BASTROP	26649	3708	344328	911269	4535	229	4306	8267	190	8077	30367	214	52	0	111911	98
49	230	BAYLOR	7027	967	490740	399410	3562	338	3224	2945	301	2644	3029	11792	8627	0	61052	0
49	250	BEE	12137	1600	428900	413717	3683	298	3385	4684	248	4436	16481	0	5	0	57853	0
49	270	BELL	46412	4712	519348	1936872	5380	220	5160	13512	298	13214	57355	1333	27923	0	226157	0
49	290	BEXAR	202096	3477	481181	1646735	5405	330	5075	7577	197	7380	50281	759	18429	0	93274	23
49	310	BLANCO	4063	679	354138	222359	2585	240	2345	1394	166	1228	9002	284	2418	0	19312	0
49	330	BORDEN	965	311	494973	131565	1512	134	1378	972	90	882	150	217	0	0	19274	0
49	350	BOSQUE	18032	2389	535321	815670	6287	467	5820	5826	486	5340	23987	11208	32141	0	91724	2
49	370	BOWIE	39472	5578	333805	820621	4786	253	4533	7701	239	7462	42875	0	178	0	108050	31
49	390	BRAZORIA	20614	1602	199057	357564	4634	538	4096	3104	151	2953	14881	19	0	2470	24209	1216
49	410	BRAZOS	21975	2795	298195	561567	3007	173	2834	5405	223	5182	20172	153	15	0	77662	0
49	430	BREWSTER	4822	204	1860689	89650	4101	742	3359	833	270	563	0	0	0	0	200	0
49	450	BRISCOE	2948	546	486835	268475	3198	221	2977	1860	92	1768	553	16580	3150	0	25431	0
49	470	BROOKS	4560	590	410135	208035	2413	209	2204	1905	110	1795	1100	0	0	0	22071	0
49	490	BROWN	21682	2552	507592	851152	6852	397	6455	4584	404	4180	17509	4812	27813	0	79561	0
49	510	BURLESON	16855	3049	247933	614233	3049	138	2911	5397	82	5315	22060	56	0	0	87654	4
49	530	BURNET	9499	1625	519283	650860	4554	348	4206	3468	353	3115	19251	755	8988	0	57352	2
49	550	CALDWELL	25160	3085	269297	706672	2571	88	2483	8554	122	8432	23421	64	17	0	149602	348
49	570	CALHOUN	4700	486	128584	171117	1033	72	961	1662	65	1597	2682	0	0	0	19325	0
49	590	CALLAHAN	11844	1500	339152	766764	3804	273	3531	2973	286	2687	5801	5417	7895	0	56161	0
49	610	CAMERON	36662	2801	193441	1551914	4123	587	3536	7657	349	7308	7953	0	25	0	68755	1
49	630	CAMP	11103	1656	100363	141275	1241	41	1200	1930	50	1880	14455	0	13	0	32630	97
49	650	CARSON	3078	509	473904	912675	3918	293	3625	2025	321	1704	412	81708	21355	0	3800	0
49	670	CASS/DAVIS	30041	4695	372098	400654	2981	82	2899	5598	88	5510	42926	101	44	0	104462	102
49	690	CASTRO	1948	521	460984	401875	3000	198	2802	2309	330	1979	1442	19469	6638	0	8404	0
49	710	CHAMBERS	4162	389	180575	163759	1345	204	1141	767	2	765	2209	0	0	9388	3122	29
49	730	CHEROKEE	37633	5611	394077	710626	4145	117	4028	7483	155	7328	41799	150	163	0	109719	131
49	750	CHILDRESS	10933	1322	337205	465645	3336	190	3146	4171	274	3897	499	7059	744	0	91915	0
49	770	CLAY	16864	2164	600588	700630	6144	482	5662	4490	258	4232	16280	17043	31219	0	92535	0
49	790	COCHRAN	67	56	103233	23360	128	5	123	92	1	91	310	0	0	0	2165	0
49	810	COKE	4557	636	332108	314960	2913	325	2588	1491	216	1275	1667	101	1151	0	35007	0
49	830	COLEMAN	18805	2602	578665	1086522	8541	611	7930	6022	624	5398	6208	2788	25895	0	138909	0
49	850	COLLIN	49609	6318	456040	1904234	6068	286	5782	16223	569	15654	65692	13773	20337	0	270999	0
49	870	COLLINGSWORTH	9154	1602	374179	793625	4253	168	4085	5446	289	5157	11426	3264	170	0	95376	0
49	890	COLORADO	19013	2493	407757	692209	5535	399	5136	5788	193	5595	22486	0	0	12036	61301	3
49	910	COMAL	8824	962	278145	436415	2002	71	1931	2185	65	2120	14907	448	3386	0	22172	0
49	930	COMANCHE	25748	2746	432043	780122	5636	364	5272	5398	624	4774	32090	1552	13319	0	85541	0
49	950	CONCHO	5847	824	312843	453133	2848	161	2687	1973	215	1758	1070	2517	6405	0	48239	0
49	970	COOKE	25667	3192	463318	1255198	7462	455	7007	6897	496	6401	29377	27042	36295	0	112346	0
49	990	CORYELL	20601	3084	560526	1367620	6474	508	5966	8249	673	7576	37889	3571	39101	0	135399	1
49	1010	COTTLE	6901	832	283637	513760	2264	100	2164	3309	101	3208	1589	2393	154	0	81289	0
49	1030	CRANE	37	16	321142	6800	265	20	245	20	0	20	0	0	0	0	0	0
49	1050	CROCKETT	1500	182	1582873	140800	2483	368	2115	183	10	173	0	0	0	0	0	0
49	1070	CROSBY	6084	1114	347522	555962	3563	182	3381	3252	189	3063	440	12339	439	0	125909	0
49	1090	CULBERSON	912	65	2225018	75600	1643	342	1301	171	15	156	0	0	0	0	0	0
49	1110	DALLAM	4528	280	706147	192271	2446	160	2286	917	80	837	8423	5027	235	0	629	0
49	1130	DALLAS	210551	5603	446376	1890855	4874	309	4565	14664	434	14230	43436	5516	27583	0	202535	0
49	1150	DAWSON	4309	972	298885	505210	2783	129	2654	2899	131	2768	1972	100	20	0	140787	0
49	1170	DEAF SMITH	3747	605	865339	603086	3660	253	3407	1967	288	1679	1023	26303	10141	0	5307	0
49	1190	DELTA	15887	2097	127772	513994	1523	84	1439	4522	117	4405	11838	54	2669	0	84860	0
49	1210	DENTON	35355	4255	509632	1590066	8466	373	8093	10275	536	9739	38566	32219	52226	0	158897	0
49	1230	DE WITT	27971	4007	490431	1253258	6833	408	6425	9352	253	9099	43207	56	0	0	163878	1
49	1250	DICKENS	5876	967	513239	511376	2940	156	2784	2770	171	2599	1453	723	65	0	96575	0
49	1270	DIMMIT	5296	297	75112	435480	415	49	366	1064	11	1053	2235	0	0	0	4707	0
49	1290	DONLEY	8035	886	275989	430384	2689	127	2562	2417	102	2315	5284	5114	835	0	44366	0
49	1310	DUVAL	8251	1247	163496	268581	2584	159	2425	3488	79	3409	5290	0	0	0	53567	0
49	1330	EASTLAND	58505	2012	355174	487291	4122	246	3876	2924	141	2783	18843	1895	8142	0	51566	0
49	1350	ECTOR	760	107	615767	43620	724	63	661	148	15	133	145	0	0	0	1415	0
49	1370	EDWARDS	2283	310	1219816	92772	2914	200	2714	419	2	417	566	7	0	0	0	0
49	1390	ELLIS	55700	5982	506027	2037323	3487	118	3369	17048	219	16829	46677	1853	17030	0	347057	373
49	1410	EL PASO	101877	1035	274857	589942	2345	69	2276	1370	12	1358	383	42	2	0	35303	70
49	1430	ERATH	28385	3215	514270	952623	6794	483	6311	5585	695	4890	36382	1781	12433	0	93728	0
49	1450	FALLS	36217	5720	371248	1210884	4975	195	4780	13183	292	12891	43197	361	6871	0	217492	116
49	1470	FANNIN	48186	6294	432985	1417279	5694	154	5540	15433	364	15069	68996	2757	17702	0	230438	0
49	1490	FAYETTE	29965	4796	455960	1562438	9689	337	9352	8941	245	8696	54095	131	14	0	116948	56
49	1510	FISHER	11009	2002	397939	870096	4064	195	3869	4503	171	4332	869	644	506	0	144917	0
49	1530	FLOYD	9758	1485	470518	1030227	6168	533	5635	4870	545	4325	1646	97546	9171	0	74909	0
49	1550	FOARD	4747	874	358035	603695	3747	297	3450	2912	271	2641	1760	33434	4513	0	39315	0
49	1570	FORT BEND	22931	3659	354420	1114569	6362	330	6032	10259	85	10174	34679	49	0	725	102909	1644
49	1590	FRANKLIN	9304	1782	131570	172980	2138	70	2068	2232	80	2152	13883	36	303	0	36917	112
49	1610	FREESTONE	23264	2910	266778	416195	3252	163	3089	5120	69	5051	26932	47	298	0	91873	8
49	1630	FRIO	9296	1683	394550	298627	1404	91	1313	4228	11	4217	22494	54	30	0	73333	0
49	1650	GAINES	1018	436	645534	213846	2575	251	2324	1422	175	1247	5375	0	27	0	12608	0
49	1670	GALVESTON	53150	771	78433	270594	1933	222	1711	736	32	704	778	0	0	325	566	0
49	1690	GARZA	4253	617	311844	336920	2111	154	1957	1808	150	1658	440	316	170	0	49561	0
49	1710	GILLESPIE	10015	1600	612783	746703	5853	414	5439	2249	186	2063	18925	1852	9306	0	49358	0
49	1730	GLASSCOCK	555	133	533693	74195	1535	235	1300	562	127	435	0	0	0	0	4635	0
49	1750	GOLIAD	9348	2176	260943	649313	3037	139	2898	5361	112	5249	18564	1	0	0	72013	1
49	1770	GONZALES	28438	4822	476249	956925	6174	305	5869	10061	261	9800	43573	0	18	0	151392	1
49	1790	GRAY	4663	608	419314	864085	3681	336	3345	2162	269	1893	4947	74822	7210	0	10180	0
49	1810	GRAYSON	74165	5501	495448	1703321	7128	305	6823	13980	631	13349	56317	16121	49784	0	210345	0
49	1830	GREGG	16767	1776	110978	214795	1113	53	1060	2237	31	2206	11553	79	13	0	42452	45
49	1850	GRIMES	23101	3371	298881	519504	4073	212	3861	5594	155	5439	21461	51	0	0	85757	6
49	1870	GUADALUPE	27719	4336	353299	1379994	5447	254	5193	11256	207	11049	52361	241	530	0	162577	21
49	1890	HALE	10104	1293	398024	1128690	5792	234	5558	3807	347	3460	1402	68765	4130	0	91939	0
49	1910	HALL	11137	1528	259377	808755	3372	216	3156	5292	145	5147	3762	1067	93	0	114901	0
49	1930	HAMILTON	14676	1994	441226	856799	6505	405	6100	4871	673	4198	24430	3049	35856	0	84713	0
49	1950	HANSFORD	1354	319	392683	427335	3116	343	2773	1442	330	1112	354	62544	6304	0	882	0
49	1970	HARDEMAN	12487	1295	296703	741240	4184	346	3838	4299	360	3939	2010	24518	1549	0	76983	0
49	1990	HARDIN	15983	360	13348	45578	707	66	641	168	18	150	2288	0	0	0	1214	2
49	2010	HARRIS	186667	2760	304611	805280	6083	306	5777	3681	62	3619	22113	40	0	1568	29736	5
49	2030	HARRISON	43565	5763	353630	521059	2618	91	2527	6501	60	6441	34170	25	45	0	108560	28
49	2050	HARTLEY	1109	218	889134	229005	2227	280	1947	861	107	754	2105	9285	676	0	1859	0
49	2070	HASKELL	14193	2411	454264	1158302	6046	262	5784	6831	336	6495	1800	2825	8286	0	177973	0
49	2090	HAYS	15920	1720	381916	442563	2694	263	2431	4546	186	4360	16991	43	1024	0	67676	2
49	2110	HEMPHILL	4280	306	369838	155880	1596	103	1493	1065	99	966	2797	9776	1587	0	4846	0
49	2130	HENDERSON	28327	4232	346926	512535	3578	155	3423	5678	130	5548	38315	225	319	0	104012	64
49	2150	HIDALGO	38110	2646	218051	1574090	3574	186	3388	6555	46	6509	8322	10	0	0	106660	0
49	2170	HILL	43332	5685	504899	1960885	6181	302	5879	14917	363	14554	55784	1027	19167	0	302382	2
49	2190	HOCKLEY	137	279	320285	147880	723	9	714	560	4	556	485	0	0	0	20613	0
49	2210	HOOD	8759	1275	216301	249021	2405	162	2243	2419	206	2213	15579	704	3903	0	34944	0
49	2230	HOPKINS	34791	5272	386476	802237	6695	244	6451	8253	310	7943	43445	338	5865	0	137154	145
49	2250	HOUSTON	28601	4883	399747	640014	4416	237	4179	7823	146	7677	36799	244	335	0	120699	110
49	2270	HOWARD	6962	798	401563	372280	2819	221	2598	2702	227	2475	242	2	0	0	74815	0
49	2290	HUDSPETH	962	93	1589564	160770	1070	76	994	432	1	431	5	0	0	0	8054	0
49	2310	HUNT	50350	5241	391385	1592270	6182	161	6021	11694	233	11461	43346	722	16731	0	231754	0
49	2330	HUTCHINSON	721	155	480823	156620	2065	198	1867	918	165	753	218	16544	3548	0	1539	0
49	2350	IRION	1610	129	641201	68775	1479	211	1268	195	60	135	137	15	80	0	2521	0
49	2370	JACK	9863	1349	489628	429495	3504	208	3296	2653	221	2432	10465	4433	13593	0	27916	0
49	2390	JACKSON	11244	1397	391437	395616	4243	357	3886	4125	76	4049	16151	31	0	5665	43580	0
49	2410	JASPER	15569	978	76633	109090	1027	41	986	741	8	733	6937	0	0	0	5301	0
49	2430	JEFF DAVIS	1445	128	1772545	78291	2084	210	1874	483	51	432	139	0	0	0	21	0
49	2450	JEFFERSON	73120	651	116797	318262	1012	42	970	1115	3	1112	2237	0	0	16871	1749	0
49	2470	JIM HOGG	1914	221	133462	43588	912	175	737	1213	91	1122	797	0	0	0	14259	0
49	2490	JIM WELLS	6587	964	263354	282656	2730	141	2589	3135	61	3074	6062	0	0	0	44429	0
49	2510	JOHNSON	37286	3768	340651	1060295	4397	250	4147	8821	358	8463	31629	1325	17514	0	159298	0
49	2530	JONES	22323	2727	384520	956839	5595	228	5367	6995	295	6700	1686	4472	1482	0	200740	0
49	2550	KARNES	19049	2829	350967	902296	3801	236	3565	8444	140	8304	34791	49	0	0	155615	2
49	2570	KAUFMAN	41276	4455	373152	1011731	3832	118	3714	11688	152	11536	31540	212	9795	0	206836	0
49	2590	KENDALL	4779	644	364119	288055	2482	281	2201	1366	151	1215	7589	2225	14415	0	7029	0
49	2610	KENEDY		29	1945	3270	76	5	71	113	1	112	21	0	0	0	1263	0
49	2630	KENT	3335	538	219185	210290	1621	121	1500	1233	78	1155	1202	25	0	0	36033	0
49	2650	KERR	5842	573	733511	295291	2648	242	2406	986	139	847	6085	3603	13525	0	3509	0
49	2670	KIMBLE	3581	463	699655	204885	2378	163	2215	498	27	471	2738	130	385	0	6834	0
49	2690	KING	655	135	386198	83885	1224	143	1081	526	47	479	800	195	90	0	10243	0
49	2710	KINNEY	3746	156	938844	93610	1362	24	1338	414	4	410	1017	0	20	0	2143	0
49	2730	KLEBERG	7837	378	472536	202635	2514	255	2259	1564	152	1412	1297	0	0	0	19237	0
49	2750	KNOX	9240	1542	649997	755602	4371	344	4027	4396	222	4174	4628	7519	3470	0	110515	0
49	2770	LAMAR	55742	6152	399454	1294502	4460	167	4293	12713	247	12466	55371	116	4572	0	208960	0
49	2790	LAMB	1175	632	155835	305406	2268	158	2110	1499	81	1418	941	989	333	0	35099	0
49	2810	LAMPASAS	8800	1194	378330	560933	4084	341	3743	2285	295	1990	16069	562	12868	0	38471	0
49	2830	LA SALLE	4821	476	514016	310790	1571	234	1337	2271	113	2158	4112	5	0	0	39764	0
49	2850	LAVACA	28964	3935	464399	1184399	10004	421	9583	6116	149	5967	43609	65	13	0	107311	8
49	2870	LEE	14014	2052	259311	501115	3255	173	3082	3738	119	3619	22076	81	34	0	44325	2
49	2890	LEON	18286	3063	267627	484127	3486	222	3264	4660	188	4472	28663	143	4	0	78802	25
49	2910	LIBERTY	14637	1189	131445	263497	2249	228	2021	1664	39	1625	10587	16	0	8198	11926	27
49	2930	LIMESTONE	33283	6756	460853	1287909	5865	332	5533	13441	342	13099	47010	207	6805	0	254383	1
49	2950	LIPSCOMB	3684	510	518249	372700	3606	248	3358	1453	227	1226	2030	65342	2121	0	321	0
49	2970	LIVE OAK	4171	915	425852	287581	2778	175	2603	2429	91	2338	8060	36	0	0	36543	0
49	2990	LLANO	5360	683	488382	233695	2550	276	2274	972	148	824	7214	8	140	0	11754	0
49	3010	LOVING	82	20	234865	4775	269	78	191	94	60	34	0	0	0	0	326	0
49	3030	LUBBOCK	11096	2037	431378	1141649	5535	192	5343	6134	222	5912	2423	2000	175	0	136518	0
49	3050	LYNN	4751	757	257108	484642	2522	185	2337	2547	194	2353	663	656	153	0	102001	0
49	3070	MCCULLOCH	11020	1308	516483	702089	4985	552	4433	3765	395	3370	5939	570	10923	0	84065	0
49	3090	MCLENNAN	82921	6591	560774	2147945	5865	212	5653	17395	324	17071	48755	2930	40775	0	334559	1
49	3110	MCMULLEN	952	105	350879	60130	796	84	712	306	7	299	1557	0	0	0	4256	0
49	3130	MADISON	11956	1850	196496	314320	2141	134	2007	2570	80	2490	20737	0	13	0	57885	3
49	3150	MARION	10886	1344	102284	108398	1021	53	968	1762	41	1721	9761	12	9	0	29082	2
49	3170	MARTIN	1146	417	299221	193477	1342	76	1266	1109	66	1043	201	0	0	0	37135	0
49	3190	MASON	4824	861	503608	267580	2921	216	2705	906	87	819	7525	49	1021	0	22142	0
49	3210	MATAGORDA	16589	1747	445011	595752	4068	354	3714	4692	119	4573	10667	11	0	61599	27500	3
49	3230	MAVERICK	7418	53	543162	59967	531	77	454	365	81	284	327	0	0	0	957	0
49	3250	MEDINA	11679	2027	716210	728974	4276	468	3808	5783	255	5528	60128	304	14193	0	38870	0
49	3270	MENARD	3162	291	248442	180915	1365	170	1195	337	45	292	1736	299	330	0	9534	0
49	3290	MIDLAND	2449	266	656946	180970	1578	216	1362	537	50	487	64	0	0	0	11936	0
49	3310	MILAM	38104	5541	485989	1421088	5259	209	5050	14171	135	14036	45610	0	1043	0	223418	1
49	3330	MILLS	9019	1712	399654	570634	4994	413	4581	2956	443	2513	14495	801	13741	0	48632	0
49	3350	MITCHELL	7527	1339	525679	793815	3476	340	3136	4015	297	3718	406	0	0	0	103626	0
49	3370	MONTAGUE	22200	2703	447408	640774	5353	270	5083	4845	248	4597	32294	992	9995	0	95456	0
49	3390	MONTGOMERY	17334	1889	148032	259794	2470	93	2377	2133	43	2090	11527	0	0	0	25287	52
49	3410	MOORE	571	152	237962	163045	1452	171	1281	942	156	786	730	3613	1508	0	5041	0
49	3430	MORRIS	10289	1682	99122	166154	1393	52	1341	1944	56	1888	13767	92	20	0	41928	47
49	3450	MOTLEY	4107	503	142431	285411	1691	134	1557	1763	84	1679	1588	1451	340	0	42360	0
49	3470	NACOGDOCHES	28457	3847	290120	417069	3141	130	3011	4507	75	4432	35284	108	89	0	65932	132
49	3490	NAVARRO	50624	6023	515153	1544336	5573	229	5344	16477	211	16266	52815	529	9243	0	301117	0
49	3510	NEWTON	12196	949	58556	92720	914	27	887	486	10	476	6091	0	0	0	3853	111
49	3530	NOLAN	10868	1351	499425	550775	4246	386	3860	3378	347	3031	821	118	657	0	83497	0
49	3550	NUECES	22807	1947	261014	1181393	2490	151	2339	7894	63	7831	2930	0	0	0	164187	0
49	3570	OCHILTREE	2331	410	376297	595178	4926	699	4227	1501	290	1211	252	68960	3169	0	1713	0
49	3590	OLDHAM	709	151	973684	324500	2031	270	1761	686	153	533	473	20669	3968	0	1556	0
49	3610	ORANGE	15379	352	53758	177279	767	76	691	330	5	325	1082	0	4	3108	490	55
49	3630	PALO PINTO	23431	1269	393079	346865	3267	175	3092	2357	134	2223	12566	3952	8567	0	26005	0
49	3650	PANOLA	21755	3798	300492	349276	2470	87	2383	5051	51	5000	23982	0	4	0	76346	13
49	3670	PARKER	23382	2921	467085	673389	4735	267	4468	5828	385	5443	30482	6130	11267	0	60520	0
49	3690	PARMER	1699	249	130940	165575	1276	84	1192	817	67	750	2455	4236	4234	0	6340	0
49	3710	PECOS	3857	278	2219715	230372	3709	587	3122	862	104	758	23	44	256	0	8901	0
49	3730	POLK	16784	1826	126217	268451	2069	118	1951	2167	18	2149	10743	49	13	0	31590	50
49	3750	POTTER	16710	284	367241	278870	1716	259	1457	849	112	737	247	11437	6912	0	1203	0
49	3770	PRESIDIO	12202	512	1879051	174635	2695	414	2281	1657	22	1635	673	137	8	0	5411	0
49	3790	RAINS	8099	1531	98324	236818	1625	108	1517	2333	51	2282	12601	28	2167	0	41830	16
49	3810	RANDALL	3675	562	423973	645410	4026	261	3765	1987	372	1615	1242	33906	21203	0	10750	0
49	3830	REAGAN	377	55	497036	29010	683	44	639	132	46	86	0	0	0	0	0	0
49	3850	REAL	1461	317	440063	109695	983	86	897	341	16	325	3404	46	414	0	344	0
49	3870	RED RIVER	35829	5601	396723	769259	5285	250	5035	10191	253	9938	52275	173	236	0	149309	9
49	3890	REEVES	4457	296	466383	165775	1189	163	1026	546	47	499	29	130	102	0	6777	0
49	3910	REFUGIO	4050	510	68786	296050	767	3	764	3200	0	3200	6557	0	0	0	34067	0
49	3930	ROBERTS	1469	153	553532	246370	1535	206	1329	604	136	468	588	30706	1613	0	1117	0
49	3950	ROBERTSON	27933	4428	388836	623252	4097	321	3776	9550	238	9312	27308	125	194	0	149597	0
49	3970	ROCKWALL	8591	988	85231	426582	734	21	713	2709	29	2680	8431	50	2141	0	60515	0
49	3990	RUNNELS	17074	2466	486078	1350330	7170	342	6828	6095	421	5674	2731	4398	12548	0	165373	0
49	4010	RUSK	31689	5651	438504	579780	3991	137	3854	7661	192	7469	43808	150	49	0	132070	82
49	4030	SABINE	12299	1167	83752	160093	925	33	892	1162	18	1144	9068	17	0	0	16711	53
49	4050	SAN AUGUSTINE	13737	1502	96089	163336	1307	59	1248	1640	35	1605	11569	0	7	0	30636	94
49	4070	SAN JACINTO	9867	1410	71454	112141	1672	117	1555	1639	17	1622	7989	22	0	0	18999	52
49	4090	SAN PATRICIO	11386	1640	294181	1177343	2881	94	2787	6176	111	6065	1624	0	0	0	101716	0
49	4110	SAN SABA	10045	1459	711031	677295	5460	730	4730	3259	312	2947	12244	288	8203	0	59958	0
49	4130	SCHLEICHER	1851	270	695667	202525	2602	357	2245	583	123	460	754	296	1042	0	9742	0
49	4150	SCURRY	9003	1332	322753	493126	4153	394	3759	3721	303	3418	887	622	70	0	100281	0
49	4170	SHACKELFORD	4960	411	508566	318939	2076	226	1850	1352	281	1071	616	4729	7107	0	17001	0
49	4190	SHELBY	27464	4214	285555	417747	3256	91	3165	4290	160	4130	29696	21	96	0	78768	139
49	4210	SHERMAN	1473	261	581464	324335	2731	310	2421	1501	301	1200	293	39433	2636	0	286	0
49	4230	SMITH	46769	6098	400806	580689	4690	159	4531	6971	111	6860	45554	216	0	0	131860	204
49	4250	SOMERVELL	3563	430	72797	74925	808	40	768	919	86	833	5435	582	1503	0	14621	0
49	4270	STARR	11089	1072	205769	120381	1464	178	1286	2572	92	2480	2054	0	0	0	22772	0
49	4290	STEPHENS/BUCHANAN	15403	798	405795	330968	2596	222	2374	1260	51	1209	2800	4824	12298	0	11177	0
49	4310	STERLING	1053	176	477395	54475	1382	211	1171	459	108	351	121	0	0	0	1665	0
49	4330	STONEWALL	4086	592	290020	273270	2137	214	1923	1744	127	1617	806	428	482	0	44518	0
49	4350	SUTTON	1598	130	965178	155700	2847	586	2261	335	95	240	281	0	34	0	564	0
49	4370	SWISHER	4388	770	455689	701315	4416	241	4175	3278	350	2928	496	67915	18636	0	21304	0
49	4390	TARRANT	152800	3553	449750	1255753	5045	191	4854	6861	258	6603	26237	6655	29496	0	116533	0
49	4410	TAYLOR	24081	2705	485923	1685979	6416	324	6092	6427	477	5950	1577	6757	8569	0	139396	0
49	4430	TERRELL	1595	107	1244400	64725	1917	439	1478	198	16	182	98	0	0	0	30	0
49	4450	TERRY	2236	1061	377779	355674	3092	226	2866	2959	209	2750	13757	0	0	0	71598	0
49	4470	THROCKMORTON	3589	543	477875	348309	2422	187	2235	1517	161	1356	1217	4928	7266	0	28609	0
49	4490	TITUS	18128	2740	186984	298262	2433	93	2340	3542	105	3437	23369	80	58	0	63507	112
49	4510	TOM GREEN	15210	988	773696	645848	4667	493	4174	2074	301	1773	422	2583	9067	0	41208	0
49	4530	TRAVIS	57616	4797	451260	1365976	4497	154	4343	11530	178	11352	36954	137	2135	0	156685	19
49	4550	TRINITY	13623	1330	99969	152020	1463	49	1414	1439	15	1424	9395	8	10	0	23428	108
49	4570	TYLER	10415	761	65940	84444	752	37	715	646	11	635	5989	0	15	0	6102	17
49	4590	UPSHUR	22472	3903	268945	414532	2641	109	2532	4654	133	4521	31652	75	4	0	87744	147
49	4610	UPTON	253	35	510352	10075	615	115	500	185	62	123	0	0	0	0	0	0
49	4630	UVALDE	10769	977	939007	359793	4053	285	3768	2501	96	2405	17643	22	12523	0	25627	0
49	4650	VAL VERDE	12706	232	1191715	161965	2479	335	2144	398	46	352	190	0	1400	0	6	0
49	4670	VAN ZANDT	30784	5257	407414	823865	4850	227	4623	8656	324	8332	50392	124	6393	0	159000	36
49	4690	VICTORIA	18271	1813	361977	546018	4183	347	3836	4671	191	4480	18417	56	0	0	68197	1
49	4710	WALKER	18556	1787	136691	172318	2136	85	2051	2497	70	2427	10675	61	0	0	37099	24
49	4730	WALLER	10292	1754	196586	314471	3995	262	3733	3663	197	3466	17604	0	0	335	34453	9
49	4750	WARD	2615	322	311133	125269	1280	181	1099	686	71	615	0	0	0	0	14161	0
49	4770	WASHINGTON	26624	3620	262405	1155822	6164	332	5832	7070	309	6761	33972	10	0	0	91180	3
49	4790	WEBB	29152	398	1343811	573399	1929	217	1712	1938	177	1761	1769	0	0	0	13060	0
49	4810	WHARTON	24288	3242	430069	1396352	6264	345	5919	9027	229	8798	30991	79	0	23638	98049	0
49	4830	WHEELER	7397	1134	403853	463950	4139	250	3889	4061	361	3700	17040	6395	634	0	53039	0
49	4850	WICHITA	72911	786	202593	441461	2739	173	2566	2111	110	2001	3173	31999	12937	0	32481	0
49	4870	WILBARGER	15112	1840	534389	1094524	4761	199	4562	6091	176	5915	9840	22860	11279	0	127515	0
49	4890	WILLACY	1033	413	74995	180275	1093	99	994	1207	40	1167	882	0	30	0	20388	0
49	4910	WILLIAMSON	42934	4522	549581	2674206	6653	224	6429	15109	279	14830	52819	354	8064	0	318057	4
49	4930	WILSON	17289	2976	389570	672310	4654	291	4363	7512	229	7283	42314	0	83	0	98592	0
49	4950	WINKLER	81	36	457178	7740	352	46	306	53	0	53	0	0	0	0	0	0
49	4970	WISE	23363	3263	377401	582890	5830	303	5527	5403	236	5167	34585	7591	12244	0	80218	6
49	4990	WOOD	27707	4188	293696	458660	4141	156	3985	4616	217	4399	39286	13	15	0	87554	191
49	5010	YOAKUM	504	113	141266	53825	948	143	805	450	119	331	2299	0	0	0	6178	0
49	5030	YOUNG	13379	1586	557672	580015	4272	313	3959	3684	290	3394	7077	12314	16640	0	58639	0
49	5050	ZAPATA	2929	303	342131	41303	824	128	696	1286	27	1259	1961	0	0	0	6691	0
49	5070	ZAVALA	3108	249	435297	278870	1105	122	983	618	38	580	2531	0	326	0	5983	0
51	0	KENTUCKY	2416630	258524	19913104	30629365	307163	15547	291616	294069	15266	278803	2898307	184168	49533	0	37463	0
51	10	ADAIR	17289	3025	214422	206152	2855	155	2700	3768	208	3560	37242	4017	526	0	29	0
51	30	ALLEN	16761	2831	203894	196747	2068	149	1919	3993	202	3791	34243	2158	196	0	29	0
51	50	ANDERSON	9982	1578	119207	201146	2982	159	2823	591	83	508	10696	594	165	0	0	0
51	70	BALLARD	12045	1708	123878	228127	2177	70	2107	3342	184	3158	26256	2009	59	0	1378	0
51	90	BARREN	25356	4127	293685	516344	3897	152	3745	5915	225	5690	54627	6549	569	0	2	0
51	110	BATH	11996	2157	138170	179724	3079	143	2936	1491	182	1309	20164	492	205	0	0	0
51	130	BELL	33988	1541	63489	59539	640	28	612	1004	38	966	8535	0	4	0	0	0
51	150	BOONE	9572	1644	148228	366940	3356	128	3228	889	53	836	14195	88	902	0	0	0
51	170	BOURBON	18418	1834	168726	479400	4165	187	3978	1557	172	1385	22261	1317	1048	0	0	0
51	190	BOYD	29281	705	63830	104077	837	15	822	346	8	338	4327	57	11	0	0	0
51	210	BOYLE	14998	1440	103577	268298	2013	117	1896	1354	105	1249	15431	3947	392	0	0	0
51	230	BRACKEN	10210	1890	125983	266080	3467	124	3343	252	38	214	10295	282	218	0	0	0
51	250	BREATHITT	20614	2888	192254	59401	1340	78	1262	2395	97	2298	28258	10	163	0	0	0
51	270	BRECKINRIDGE	19652	2792	305717	344474	3555	146	3409	4458	184	4274	45568	2385	443	0	0	0
51	290	BULLITT	9328	1247	144811	188435	2021	71	1950	1464	61	1403	17251	1613	637	0	0	0
51	310	BUTLER	15197	2537	238108	215035	2516	224	2292	4243	317	3926	41542	802	284	0	8	0
51	330	CALDWELL	13975	2003	179299	211379	2287	135	2152	3324	173	3151	26175	881	67	0	30	0
51	350	CALLOWAY	20802	3700	235804	291161	3478	297	3181	5495	205	5290	42250	1593	25	0	984	0
51	370	CAMPBELL	61868	1360	79807	399260	2677	88	2589	313	19	294	7355	335	1641	0	0	0
51	390	CARLISLE	8231	1509	104367	158609	2196	135	2061	2641	192	2449	23080	1447	5	0	857	0
51	410	CARROLL	8346	987	69238	237767	1990	85	1905	560	17	543	8138	615	253	0	0	0
51	430	CARTER	22474	2763	203506	149075	2310	66	2244	2346	118	2228	20079	770	361	0	0	0
51	450	CASEY	17213	2939	207179	190792	3140	190	2950	2968	148	2820	31960	1255	258	0	0	0
51	470	CHRISTIAN	35883	3541	351885	566292	3523	133	3390	7319	178	7141	57748	10765	265	0	1179	0
51	490	CLARK	17901	1530	140837	417255	2661	187	2474	1961	237	1724	16166	487	233	0	0	0
51	510	CLAY	19795	2614	207205	85917	1074	41	1033	3293	75	3218	26580	32	121	0	0	0
51	530	CLINTON	8589	1488	106618	78019	874	68	806	1962	72	1890	19803	1282	313	0	0	0
51	550	CRITTENDEN	13125	1818	193736	242204	2902	107	2795	3180	168	3012	32726	44	109	0	0	0
51	570	CUMBERLAND	10648	1773	179491	117696	1337	73	1264	1609	104	1505	25362	266	243	0	0	0
51	590	DAVIESS	40733	3916	238037	691674	5510	128	5382	5631	329	5302	48308	5694	653	0	0	0
51	610	EDMONSON	10894	1984	157410	157325	1488	74	1414	2527	106	2421	27470	487	47	0	0	0
51	630	ELLIOTT	8887	1583	138493	76799	1408	59	1349	1641	80	1561	15517	68	7	0	0	0
51	650	ESTILL	15569	1850	131383	104873	1630	74	1556	1786	31	1755	15812	32	27	0	0	0
51	670	FAYETTE	54664	1573	120788	1352888	6200	964	5236	1840	58	1782	17334	2329	492	0	0	0
51	690	FLEMING	15614	2729	175347	222736	4587	266	4321	1106	177	929	21052	1714	576	0	0	0
51	710	FLOYD	27427	3216	175656	95639	1901	71	1830	2633	115	2518	24901	0	68	0	0	0
51	730	FRANKLIN	19357	1580	113423	313346	2968	131	2837	750	38	712	11797	553	231	0	0	0
51	750	FULTON	15197	1491	103766	278386	1634	153	1481	3247	83	3164	21112	2071	305	0	24351	0
51	770	GALLATIN	4664	784	58917	95150	1306	54	1252	475	28	447	4722	41	75	0	0	0
51	790	GARRARD	12503	2752	145896	393796	3432	238	3194	2516	192	2324	25587	1490	713	0	0	0
51	810	GRANT	10435	1757	147685	277337	3208	178	3030	688	176	512	9629	65	303	0	0	0
51	830	GRAVES	32483	5038	317576	568472	5955	244	5711	7706	329	7377	60647	1068	71	0	489	0
51	850	GRAYSON	19927	3066	273336	256775	3866	248	3618	4308	329	3979	48770	1802	479	0	0	0
51	870	GREEN	11391	2284	152674	167572	2028	122	1906	3314	106	3208	26372	2683	179	0	0	0
51	890	GREENUP	20062	1967	173246	180773	1663	23	1640	1843	65	1778	16587	190	71	0	0	0
51	910	HANCOCK	6945	1158	99204	183320	1762	66	1696	1480	111	1369	16550	1316	289	0	0	0
51	930	HARDIN	24287	2888	312678	319611	4869	213	4656	3741	286	3455	47901	3402	1297	0	0	0
51	950	HARLAN	31546	1247	79507	37681	405	5	400	907	17	890	6199	25	0	0	0	0
51	970	HARRISON	15798	2486	172798	396808	4775	228	4547	691	134	557	16133	1299	510	0	0	0
51	990	HART	18544	2956	226817	297444	2845	99	2746	3994	193	3801	33922	656	145	0	0	0
51	1010	HENDERSON	27609	2599	240983	501239	3655	160	3495	6090	173	5917	73600	3908	321	0	0	0
51	1030	HENRY	13411	2374	172739	376178	4791	197	4594	1344	83	1261	19191	1130	916	0	0	0
51	1050	HICKMAN	10244	1831	139596	258302	2398	114	2284	3386	182	3204	27806	2426	175	0	6024	0
51	1070	HOPKINS	34133	2961	247117	481790	3781	64	3717	4325	135	4190	41190	2112	342	0	35	0
51	1090	JACKSON	11687	1898	129001	84080	1323	47	1276	2094	81	2013	16459	148	280	0	0	0
51	1110	JEFFERSON	286369	2535	134501	806549	2826	72	2754	2954	31	2923	17256	3032	890	0	0	0
51	1130	JESSAMINE	12205	1517	98008	305325	2495	124	2371	1446	134	1312	15907	1968	371	0	0	0
51	1150	JOHNSON	19622	2423	141901	72466	1538	44	1494	2141	82	2059	17057	0	5	0	0	0
51	1170	KENTON	73453	1267	83353	267280	2111	58	2053	376	29	347	6934	105	321	0	0	0
51	1190	KNOTT	11655	1804	156228	57030	670	10	660	1596	26	1570	15472	7	5	0	0	0
51	1210	KNOX	24172	3252	169704	109369	1163	45	1118	2871	95	2776	22154	24	34	0	0	0
51	1230	LARUE	10004	1515	141720	214880	2767	144	2623	2000	164	1836	23983	3328	780	0	0	0
51	1250	LAUREL	19814	2809	167175	211037	1825	92	1733	2984	124	2860	21375	678	938	0	0	0
51	1270	LAWRENCE	17643	2349	212868	146313	2388	88	2300	1829	65	1764	20418	87	140	0	0	0
51	1290	LEE	11918	1208	86111	67724	880	36	844	915	29	886	9693	48	132	0	0	0
51	1310	LESLIE	10097	1795	142640	44084	504	18	486	1553	18	1535	14879	23	20	0	0	0
51	1330	LETCHER	24467	1707	102837	43657	740	19	721	1413	14	1399	12153	0	0	0	0	0
51	1350	LEWIS	15829	2601	247827	185490	3061	102	2959	1475	83	1392	19228	785	271	0	0	0
51	1370	LINCOLN	16481	2472	176783	355711	3752	193	3559	2596	191	2405	26392	2240	1345	0	0	0
51	1390	LIVINGSTON	9732	1436	164102	154264	2229	115	2114	2951	204	2747	30723	516	133	0	167	0
51	1410	LOGAN	23633	3675	313427	542720	4004	219	3785	7017	425	6592	51143	9042	232	0	215	0
51	1430	LYON	8795	1388	109474	130018	1407	52	1355	2269	100	2169	18344	194	16	0	55	0
51	1450	MCCRACKEN	37246	2136	135851	307821	2633	75	2558	3226	80	3146	24733	1424	154	0	133	0
51	1470	MCCREARY	11676	1100	63939	51316	425	9	416	704	20	684	6410	26	4	0	0	0
51	1490	MCLEAN	12502	1582	128444	286236	2672	70	2602	2634	105	2529	26788	1885	248	0	0	0
51	1510	MADISON	26284	3493	232757	576988	4959	356	4603	3631	203	3428	37557	220	296	0	0	0
51	1530	MAGOFFIN	13859	2222	155026	82417	1279	67	1212	2280	95	2185	20453	38	9	0	0	0
51	1550	MARION	15527	1850	172544	229508	3385	265	3120	2078	170	1908	22566	1627	478	0	0	0
51	1570	MARSHALL	15215	2739	190460	280549	2687	92	2595	3865	188	3677	30270	1993	135	0	726	0
51	1590	MARTIN	7654	1058	101889	48551	621	17	604	629	7	622	8071	0	0	0	0	0
51	1610	MASON	17760	1745	146645	416353	4130	222	3908	761	83	678	17802	2367	639	0	0	0
51	1630	MEADE	9442	1462	175431	204310	2582	147	2435	2016	169	1847	20951	2629	711	0	0	0
51	1650	MENIFEE	5779	1075	100013	39242	858	31	827	881	13	868	9316	4	14	0	0	0
51	1670	MERCER	14795	1826	153325	283644	3685	218	3467	1264	113	1151	20486	5027	753	0	0	0
51	1690	METCALFE	10075	2013	159166	154735	1648	85	1563	2820	110	2710	22665	2595	164	0	0	0
51	1710	MONROE	14214	2486	189602	172947	1880	134	1746	3270	171	3099	32254	2714	385	0	29	0
51	1730	MONTGOMERY	12245	1385	121043	237337	2207	147	2060	1348	102	1246	14315	422	336	0	0	0
51	1750	MORGAN	16518	2686	186941	140639	2127	70	2057	2458	69	2389	25376	108	840	0	0	0
51	1770	MUHLENBERG	33353	2721	206787	298375	2633	152	2481	3801	115	3686	32149	1100	122	0	0	0
51	1790	NELSON	16137	1950	193721	316706	3428	116	3312	2314	106	2208	33368	2749	2957	0	0	0
51	1810	NICHOLAS	9894	1713	107946	200786	3567	227	3340	461	152	309	11236	346	264	0	0	0
51	1830	OHIO	26473	3832	301236	414285	4862	212	4650	5100	258	4842	45104	1359	163	0	9	0
51	1850	OLDHAM	7689	998	108305	351902	1748	64	1684	1131	58	1073	12165	2195	2787	0	0	0
51	1870	OWEN	12554	2561	204320	350736	4539	215	4324	929	98	831	13838	531	304	0	0	0
51	1890	OWSLEY	7820	1356	97520	44307	870	81	789	1444	41	1403	14880	4	348	0	0	0
51	1910	PENDLETON	11719	2135	168198	436048	4439	243	4196	412	102	310	14992	683	787	0	0	0
51	1930	PERRY	26042	1993	124663	39097	645	16	629	1592	17	1575	15539	57	2	0	0	0
51	1950	PIKE	49477	5285	316821	184056	2652	217	2435	3679	39	3640	32574	7	21	0	0	0
51	1970	POWELL	6745	921	82515	74877	826	73	753	870	14	856	10445	5	4	0	0	0
51	1990	PULASKI	34010	4825	289215	333646	3847	122	3725	5706	301	5405	50248	3228	889	0	0	0
51	2010	ROBERTSON	3871	819	60288	104890	1601	101	1500	94	15	79	4684	267	22	0	0	0
51	2030	ROCKCASTLE	15406	2250	150830	157154	1880	97	1783	2442	146	2296	22197	513	214	0	0	0
51	2050	ROWAN	9467	1309	141530	96540	944	37	907	1219	72	1147	11721	137	32	0	0	0
51	2070	RUSSELL	11854	2076	144703	152018	1623	133	1490	2722	213	2509	28423	1946	392	0	89	0
51	2090	SCOTT	15318	1811	140924	272514	3680	154	3526	985	216	769	16712	2596	497	0	0	0
51	2110	SHELBY	18532	2570	213491	476778	4250	103	4147	2543	119	2424	27623	2239	875	0	0	0
51	2130	SIMPSON	11150	1692	136672	232745	2140	125	2015	3132	258	2874	27573	5182	420	0	140	0
51	2150	SPENCER	7785	1532	119469	279135	2869	138	2731	1314	63	1251	17734	898	364	0	0	0
51	2170	TAYLOR	12236	2117	154818	153852	2641	164	2477	2573	108	2465	24110	3729	759	0	0	0
51	2190	TODD	15694	2058	196382	308058	2038	93	1945	4367	68	4299	34393	2618	90	0	375	0
51	2210	TRIGG	14208	2372	247567	296676	2193	79	2114	4691	177	4514	33578	2241	71	0	61	0
51	2230	TRIMBLE	6011	1163	87588	204830	2614	117	2497	475	45	430	9552	2526	643	0	0	0
51	2250	UNION	18040	1469	167176	351203	2995	170	2825	4251	146	4105	50635	6766	1336	0	0	0
51	2270	WARREN	30858	3806	306402	561164	4321	311	4010	6275	494	5781	59153	4070	1034	0	44	0
51	2290	WASHINGTON	14773	2417	182457	296666	4293	276	4017	1929	225	1704	20960	1724	2498	0	0	0
51	2310	WAYNE	16208	2174	237740	170781	1449	63	1386	3176	193	2983	29155	2313	831	0	0	0
51	2330	WEBSTER	20762	2381	193823	402980	3465	129	3336	3688	215	3473	36902	2495	279	0	25	0
51	2350	WHITLEY	27749	2947	179628	166782	1243	40	1203	1664	63	1601	22173	19	2	0	0	0
51	2370	WOLFE	8783	1468	119172	63881	1265	83	1182	1310	60	1250	14505	65	861	0	0	0
51	2390	WOODFORD	11784	1255	118438	414048	2660	189	2471	1433	57	1376	13981	1603	578	0	0	0
52	0	MARYLAND	1449661	49001	4433398	22885470	116711	7508	109203	30733	1174	29559	515538	484659	40135	0	0	0
52	10	ALLEGANY	69938	1177	125079	348969	1621	42	1579	144	0	144	4182	1689	1586	0	0	0
52	30	ANNE ARUNDEL	43408	2218	176690	1082520	4204	147	4057	1052	30	1022	14531	2063	383	0	0	0
52	50	BALTIMORE	74817	4025	242508	2168557	6794	333	6461	2501	123	2378	22647	20819	3634	0	0	0
52	70	CALVERT	9744	1256	114660	291934	2464	39	2425	124	0	124	9271	975	0	0	0	0
52	90	CAROLINE	18652	2206	165945	836912	4675	216	4459	1973	171	1802	24806	21463	90	0	0	0
52	110	CARROLL	34245	3537	260295	1704952	8942	313	8629	2256	68	2188	35614	50748	5077	0	0	0
52	130	CECIL	23612	1639	174527	856436	5442	194	5248	554	35	519	20584	24744	2953	0	0	0
52	150	CHARLES	17705	1791	194278	527842	4188	275	3913	594	53	541	17296	5795	97	0	0	0
52	170	DORCHESTER	27895	1954	187615	695263	3317	112	3205	2340	38	2302	21223	20278	110	0	0	0
52	190	FREDERICK	52541	3799	341911	2746005	14830	2360	12470	548	46	502	51292	74932	4581	0	0	0
52	210	GARRETT	19678	1974	238960	726852	3942	251	3691	78	3	75	6860	2373	11017	0	0	0
52	230	HARFORD	29291	2514	213833	1538965	5097	181	4916	1896	77	1819	21832	11610	4166	0	0	0
52	250	HOWARD	15826	1254	127914	755291	3697	207	3490	431	14	417	13001	18105	748	0	0	0
52	270	KENT	15026	1068	162030	703045	5895	388	5507	850	52	798	24405	33580	963	0	0	0
52	290	MONTGOMERY	34921	1970	248140	1304744	7673	627	7046	231	30	201	32156	40567	767	0	0	0
52	310	PRINCE GEORGES	43347	2273	210015	854654	5185	347	4838	674	49	625	18290	5481	173	0	0	0
52	330	QUEEN ANNES	16001	1426	209603	967348	5335	324	5011	3312	146	3166	32959	45693	375	0	0	0
52	350	SOMERSET	24602	2176	129651	479284	2218	26	2192	1847	23	1824	14254	3254	239	0	0	0
52	370	ST MARYS	16112	1794	176704	495895	3754	124	3630	361	57	304	18308	10747	114	0	0	0
52	390	TALBOT	18306	1183	155882	1001875	3548	126	3422	2508	54	2454	19553	33393	455	0	0	0
52	410	WASHINGTON	59694	2512	226162	1323172	8519	795	7724	404	48	356	32905	49060	2228	0	0	0
52	430	WICOMICO	28165	2603	150716	674454	2555	30	2525	2636	18	2618	26389	1652	132	0	0	0
52	450	WORCESTER	22309	2335	191650	674868	2415	44	2371	3340	33	3307	32647	5407	98	0	0	0
52	5100	BALTIMORE CITY	733826	317	8630	125633	401	7	394	79	6	73	533	231	149	0	0	0
53	0	OKLAHOMA	2028283	197218	30868965	58379199	608210	39594	568616	368037	39030	329007	2729635	3509372	1019886	0	3812942	0
53	10	ADAIR	13703	1464	111988	140841	2603	173	2430	2016	202	1814	19664	2982	2707	0	5983	0
53	30	ALFALFA	16253	2363	500979	2002265	12869	1166	11703	4521	994	3527	32804	229482	11972	0	19	0
53	50	ATOKA	20862	2379	269762	240558	4943	301	4642	4469	232	4237	39562	265	5375	0	47171	0
53	70	BEAVER	14048	2375	1031458	1507454	15634	1056	14578	5510	1022	4488	8480	196860	5167	0	1047	0
53	90	BECKHAM	18989	2824	482061	967864	8714	531	8183	6126	752	5374	12715	28355	4400	0	88461	0
53	110	BLAINE	15875	1908	454386	1018639	10168	769	9399	3109	658	2451	33612	133677	11531	0	14944	0
53	130	BRYAN	40700	4406	426163	986222	6860	492	6368	10021	612	9409	73595	435	36825	0	142420	0
53	150	CADDO	34207	5074	756031	1754237	17000	1018	15982	9621	1213	8408	74409	58499	11831	0	153889	0
53	170	CANADIAN	22288	2263	441412	1112449	11597	711	10886	3700	572	3128	47714	91702	32132	0	19354	0
53	190	CARTER	40247	2328	265140	524808	4452	280	4172	4691	248	4443	32550	1757	7005	0	64618	0
53	210	CHEROKEE	19872	2670	178721	233693	5396	334	5062	4164	349	3815	34234	2618	5224	0	28196	0
53	230	CHOCTAW	32144	3312	252087	323873	4289	275	4014	5930	246	5684	48257	141	2488	0	67352	0
53	250	CIMARRON	3436	761	633383	351235	5527	470	5057	1598	385	1213	11994	50377	1081	0	308	0
53	270	CLEVELAND	19389	2165	288567	524886	5681	301	5380	3771	398	3373	34155	7191	12169	0	44435	0
53	290	COAL	18406	1914	219399	230731	4604	398	4206	3463	286	3177	30004	697	10424	0	41168	0
53	310	COMANCHE	26629	3021	484310	924649	10970	691	10279	4231	518	3713	17554	29553	28486	0	63303	0
53	330	COTTON	16679	1887	353720	749076	7021	511	6510	4111	431	3680	8121	45134	27484	0	69035	0
53	350	CRAIG	19160	1961	331870	373419	7868	577	7291	3540	654	2886	56635	9970	52260	0	3172	0
53	370	CREEK	62480	2771	269646	510510	7126	538	6588	5171	516	4655	41554	1192	3306	0	55854	0
53	390	CUSTER	18736	2576	563145	1012143	12603	946	11657	4472	955	3517	36316	117535	14699	0	30094	0
53	410	DELAWARE	13868	2399	242902	306862	5652	324	5328	3322	377	2945	44642	13000	15415	0	1652	0
53	430	DEWEY	12434	1895	513361	631279	10261	807	9454	4367	805	3562	31050	82957	5349	0	6139	0
53	450	ELLIS	11673	1834	631921	800745	10179	807	9372	3423	713	2710	12878	125418	4394	0	970	0
53	470	GARFIELD	37500	3049	624147	2170235	14667	873	13794	5284	968	4316	33083	256720	36347	0	1037	0
53	490	GARVIN	32445	3631	400170	728666	8135	473	7662	7616	512	7104	54096	2361	12076	0	95625	0
53	510	GRADY	33943	3820	545881	1168143	11587	685	10902	9112	796	8316	79844	28281	12559	0	109268	0
53	530	GRANT	16072	2573	579057	2056201	14668	1006	13662	5276	1077	4199	54903	233118	27682	0	28	0
53	550	GREER	15836	1912	323760	811221	5834	317	5517	4979	369	4610	6583	17796	4800	0	95807	0
53	570	HARMON	11261	1688	281481	788578	4764	293	4471	4251	280	3971	2618	14955	1461	0	91545	0
53	590	HARPER	7623	1239	553299	778049	8283	602	7681	3505	622	2883	7881	153092	2784	0	8	0
53	610	HASKELL	19397	2678	203697	322758	3984	201	3783	5360	232	5128	49714	389	5952	0	55808	0
53	630	HUGHES	26045	2826	281097	455162	5398	228	5170	4900	313	4587	53144	615	9376	0	66931	0
53	650	JACKSON	22141	2751	376475	1218880	7415	356	7059	6668	450	6218	6533	20091	6421	0	182499	0
53	670	JEFFERSON	17664	2001	335358	620373	5358	392	4966	4346	246	4100	14077	1979	13024	0	85648	0
53	690	JOHNSTON	20125	1936	252116	294430	3506	229	3277	4648	365	4283	35534	293	7236	0	56140	0
53	710	KAY	34907	2662	605469	1723425	14301	1079	13222	4401	584	3817	90350	145288	37981	0	71	0
53	730	KINGFISHER	15671	2527	518718	1246662	11781	713	11068	3976	855	3121	32533	179543	23001	0	12801	0
53	750	KIOWA	23094	3184	570102	1492642	12496	922	11574	6615	905	5710	6740	86452	20721	0	125323	0
53	770	LATIMER	13866	1299	117942	102242	2617	160	2457	2117	136	1981	20061	281	1274	0	12729	0
53	790	LE FLORE	42765	4704	293184	502729	9066	207	8859	9392	229	9163	59139	81	1164	0	83645	0
53	810	LINCOLN	33406	4694	564889	919164	11220	573	10647	6855	874	5981	42682	4294	22607	0	95504	0
53	830	LOGAN	27550	2772	400761	717104	8613	461	8152	3846	684	3162	28649	40992	25703	0	44114	0
53	850	LOVE	12433	1659	208599	312566	2986	159	2827	3798	137	3661	25616	291	5196	0	57423	0
53	870	MCCLAIN	19326	2393	269944	630783	5705	428	5277	5530	441	5089	42508	2934	9767	0	69175	0
53	890	MCCURTAIN	37905	4366	252753	378212	5166	327	4839	6628	133	6495	46626	187	44	0	83578	0
53	910	MCINTOSH	26404	3422	269301	491831	6605	484	6121	6642	315	6327	59356	506	13204	0	87589	0
53	930	MAJOR	12426	1903	526621	911707	10278	640	9638	3340	845	2495	21475	129772	5346	0	612	0
53	950	MARSHALL	14674	1510	174993	260305	2735	266	2469	3701	175	3526	25235	532	10310	0	50685	0
53	970	MAYES	16829	2420	257481	332698	6703	363	6340	3878	449	3429	42037	9661	24281	0	24004	0
53	990	MURRAY	13115	1104	143181	300253	2505	135	2370	2133	103	2030	18159	915	5765	0	28544	0
53	1010	MUSKOGEE	61710	3958	312078	674583	8417	621	7796	7539	511	7028	57337	2317	22985	0	98535	0
53	1030	NOBLE	13560	1706	399596	901096	9516	443	9073	2792	461	2331	22199	88993	37345	0	4664	0
53	1050	NOWATA	15899	1320	253803	208787	5829	320	5509	1694	281	1413	28550	11473	17025	0	2453	0
53	1070	OKFUSKEE	25051	4163	350101	671352	7250	455	6795	7250	271	6979	67584	1110	16268	0	85283	0
53	1090	OKLAHOMA	116307	3455	364225	901378	7287	289	6998	3660	354	3306	27792	19915	17794	0	45215	0
53	1110	OKMULGEE	55072	2541	257650	546951	6570	527	6043	4068	307	3761	42063	3570	16143	0	47188	0
53	1130	OSAGE	36536	2094	721920	919376	11773	969	10804	4069	502	3567	55064	10596	9821	0	18022	0
53	1150	OTTAWA	41108	1551	202312	442665	5200	322	4878	2554	388	2166	47139	14022	22845	0	422	0
53	1170	PAWNEE	19126	1912	299969	371699	7364	474	6890	2298	610	1688	27686	12302	17511	0	19890	0
53	1190	PAYNE	30180	2810	380461	601260	8984	460	8524	3424	571	2853	29437	9280	22274	0	37799	0
53	1210	PITTSBURG	52570	3788	396914	557099	7835	405	7430	6867	446	6421	57798	220	15084	0	76787	0
53	1230	PONTOTOC	30949	3155	325117	570261	5557	415	5142	5615	335	5280	51815	1067	8595	0	66847	0
53	1250	POTTAWATOMIE	46028	3935	386767	695241	7174	315	6859	6068	437	5631	46908	1410	9127	0	93557	0
53	1270	PUSHMATAHA	17514	2252	197106	214777	3951	242	3709	3547	159	3388	34437	120	57	0	27453	0
53	1290	ROGER MILLS	10638	1577	507286	463564	7723	564	7159	4207	894	3313	22877	20232	2278	0	25672	0
53	1310	ROGERS	17605	1819	271684	336282	6548	510	6038	2715	414	2301	29727	12922	22164	0	14212	0
53	1330	SEMINOLE	23808	3013	279284	432769	5443	276	5167	5428	345	5083	47699	691	6569	0	66141	0
53	1350	SEQUOYAH	26786	3429	197066	309645	4056	180	3876	6382	247	6135	46160	311	783	0	61728	0
53	1370	STEPHENS	24692	3181	420031	819329	8524	574	7950	5888	475	5413	45526	3440	10506	0	93929	0
53	1390	TEXAS	13975	2280	1702798	1732487	15124	938	14186	5165	862	4303	6920	222722	4218	0	1641	0
53	1410	TILLMAN	22433	2655	438826	1290983	6623	292	6331	7910	438	7472	15011	67191	19389	0	166351	0
53	1430	TULSA	109023	2126	218559	790793	6082	609	5473	2503	233	2270	35940	8240	13501	0	16812	0
53	1450	WAGONER	21371	2935	263788	439496	6439	488	5951	5377	395	4982	44251	6211	20099	0	58530	0
53	1470	WASHINGTON	27002	841	148230	225002	4012	319	3693	1120	214	906	17318	3107	5463	0	547	0
53	1490	WASHITA	22237	3644	550475	1854255	13401	962	12439	7001	874	6127	32304	110242	15223	0	117204	0
53	1510	WOODS	15939	2088	725803	1616643	12658	855	11803	4963	1048	3915	22951	192206	5308	0	81	0
53	1530	WOODWARD	14663	1717	664228	827969	10477	722	9755	3789	725	3064	25467	124246	3705	0	254	0
54	0	TENNESSEE	2337885	252669	17901139	40746371	242349	14708	227641	352335	21766	330569	2984027	287614	52176	0	940312	0
54	10	ANDERSON	18298	1677	130834	245628	1245	43	1202	1904	109	1795	13577	1180	308	0	0	0
54	30	BEDFORD	21737	3079	268234	562994	5507	580	4927	5221	863	4358	53696	4668	1944	0	6556	0
54	50	BENTON	12046	1866	171065	239561	1174	86	1088	3176	98	3078	24857	78	35	0	8667	0
54	70	BLEDSOE	7218	820	103618	98118	782	23	759	1220	83	1137	12975	872	71	0	0	0
54	90	BLOUNT	28800	2909	216415	468622	2910	157	2753	3021	370	2651	29084	8148	1186	0	22	0
54	110	BRADLEY	18652	1648	159491	368025	1197	44	1153	2363	94	2269	16991	1878	386	0	4208	0
54	130	CAMPBELL	28265	2035	114203	184702	1369	76	1293	2125	98	2027	17215	585	215	0	0	0
54	150	CANNON	10241	1882	144480	256114	2439	250	2189	2820	507	2313	27356	1625	460	0	466	0
54	170	CARROLL	24361	3975	299125	686450	3634	154	3480	6418	359	6059	49315	87	8	0	33828	0
54	190	CARTER	21488	2782	126343	311287	2062	96	1966	917	53	864	13368	4182	846	0	0	0
54	210	CHEATHAM	10039	1654	153902	372065	1185	28	1157	1561	53	1508	17573	1208	212	0	45	0
54	230	CHESTER	9669	1675	137826	212166	1140	26	1114	2819	84	2735	19755	41	37	0	20452	0
54	250	CLAIBORNE	23286	3214	173721	397024	2565	87	2478	3138	228	2910	28101	3939	498	0	0	0
54	270	CLAY	9193	1535	134392	124811	879	71	808	2449	109	2340	24879	645	177	0	79	0
54	290	COCKE	20782	2793	192546	319909	2385	120	2265	2423	165	2258	28328	7772	754	0	6	0
54	310	COFFEE	17344	2323	189486	319988	2751	219	2532	3734	385	3349	36793	2335	275	0	1042	0
54	330	CROCKETT	17438	3379	142880	531393	3402	142	3260	5220	220	5000	29568	342	1067	0	40526	0
54	350	CUMBERLAND	10094	1397	115594	123195	1079	77	1002	1554	78	1476	9156	117	10	0	0	0
54	370	DAVIDSON	167815	3956	267138	1927703	4591	206	4385	4848	162	4686	41514	2265	1056	0	109	0
54	390	DECATUR	10198	1676	138393	225696	716	25	691	3263	130	3133	26568	533	4	0	12272	0
54	410	DE KALB	15370	2844	192487	284281	2785	270	2515	3882	337	3545	40534	2541	394	0	1649	0
54	430	DICKSON	19342	2636	231994	384631	1906	76	1830	4208	211	3997	30255	867	549	0	663	0
54	450	DYER	29983	3785	166083	737298	3368	107	3261	7351	220	7131	41364	1847	1168	0	58506	0
54	470	FAYETTE	31499	4931	289274	449313	4699	293	4406	7059	212	6847	51321	125	217	0	65044	0
54	490	FENTRESS	10435	1145	92818	81362	550	18	532	1467	72	1395	11645	95	39	0	0	0
54	510	FRANKLIN	20641	2226	185336	521772	3053	191	2862	3735	345	3390	37993	4503	809	0	5414	0
54	530	GIBSON	43388	7170	331903	1413362	7094	361	6733	11335	433	10902	71886	331	246	0	75225	0
54	550	GILES	30948	4849	335498	773729	6459	586	5873	6754	794	5960	76807	2324	1424	0	18784	0
54	570	GRAINGER	13369	2368	167649	287034	2494	178	2316	2069	222	1847	23693	5040	563	0	0	0
54	590	GREENE	32824	5724	331101	1205857	7820	471	7349	3985	484	3501	45378	27082	688	0	28	0
54	610	GRUNDY	9753	640	65131	86870	602	33	569	924	70	854	6060	494	26	0	13	0
54	630	HAMBLEN	15056	1493	104133	286656	1934	91	1843	1601	199	1402	17826	7674	267	0	0	0
54	650	HAMILTON	115954	2539	191804	557177	1547	21	1526	3125	70	3055	26835	1129	196	0	1366	0
54	670	HANCOCK	10454	1789	118021	150499	1425	106	1319	1796	161	1635	15208	2319	328	0	0	0
54	690	HARDEMAN	22278	3284	260125	433111	2641	88	2553	4912	217	4695	46792	370	8	0	30242	0
54	710	HARDIN	17291	2695	196304	342420	1322	42	1280	5173	163	5010	39954	119	6	0	18600	0
54	730	HAWKINS	22918	3651	260150	524339	4082	201	3881	3167	286	2881	31249	9002	789	0	0	0
54	750	HAYWOOD	25386	4500	212052	667577	4200	355	3845	6417	148	6269	42887	189	150	0	53493	0
54	770	HENDERSON	18436	3245	265601	452808	1399	36	1363	5563	212	5351	41430	42	0	0	30977	0
54	790	HENRY	27151	3703	303928	623519	3700	144	3556	6167	251	5916	43564	1486	334	0	14753	0
54	810	HICKMAN	16216	1866	201726	298858	1351	48	1303	3572	142	3430	33256	1975	608	0	645	0
54	830	HOUSTON	6212	755	87960	91403	588	145	443	1201	28	1173	8996	91	99	0	28	0
54	850	HUMPHREYS	13482	1756	196964	314216	1312	43	1269	3855	158	3697	33915	744	126	0	953	0
54	870	JACKSON	14955	2623	171007	202787	1715	167	1548	4137	192	3945	42075	1485	916	0	98	0
54	890	JEFFERSON	17677	2356	181439	548842	2794	140	2654	2778	343	2435	33906	13325	814	0	30	0
54	910	JOHNSON	12230	1665	112467	232562	2014	165	1849	474	47	427	8723	2150	1261	0	0	0
54	930	KNOX	112926	4106	238676	1030266	3586	102	3484	2878	240	2638	28690	5552	503	0	12	0
54	950	LAKE	9075	1299	54605	266140	454	15	439	2731	54	2677	8589	0	10	0	39672	0
54	970	LAUDERDALE	21494	3692	162022	497911	2638	161	2477	5322	102	5220	33780	470	257	0	45913	0
54	990	LAWRENCE	23593	3584	269509	470905	2307	102	2205	4812	201	4611	47997	2219	400	0	25764	0
54	1010	LEWIS	5707	600	44278	85482	336	19	317	887	26	861	7294	169	38	0	525	0
54	1030	LINCOLN	25786	3866	303139	591042	4919	413	4506	6230	588	5642	60704	5497	1494	0	17126	0
54	1050	LOUDON	16275	1308	133153	316415	1374	69	1305	2329	207	2122	19211	4928	505	0	86	0
54	1070	MCMINN	25133	2481	232131	474709	2312	130	2182	3653	238	3415	30384	4963	528	0	2659	0
54	1090	MCNAIRY	18350	2978	250110	314145	1909	66	1843	5218	144	5074	37393	68	16	0	24627	0
54	1110	MACON	14922	2854	172134	277303	1989	108	1881	4075	162	3913	34253	2157	486	0	97	0
54	1130	MADISON	43824	4282	262467	705652	3488	149	3339	6926	212	6714	45181	403	99	0	46445	0
54	1150	MARION	17402	1197	98438	204398	956	59	897	1649	64	1585	21203	228	57	0	135	0
54	1170	MARSHALL	17375	2728	224893	449160	4806	358	4448	4158	637	3521	43881	5236	1662	0	1639	0
54	1190	MAURY	35403	3899	322603	827233	6061	596	5465	6680	736	5944	70153	12897	3979	0	1448	0
54	1210	MEIGS	6077	908	119316	176368	968	56	912	1771	147	1624	16475	1485	202	0	1482	0
54	1230	MONROE	22060	2478	230989	349653	2473	185	2288	3143	235	2908	29426	5849	523	0	1794	0
54	1250	MONTGOMERY	32265	4004	295437	568375	2890	91	2799	6679	126	6553	40293	2824	135	0	101	0
54	1270	MOORE	4491	789	67271	87930	1278	143	1135	1293	225	1068	13297	919	127	0	90	0
54	1290	MORGAN	13285	1243	96224	134161	853	27	826	901	37	864	5595	14	52	0	0	0
54	1310	OBION	28393	3948	283008	628885	5036	316	4720	7964	425	7539	70093	5526	1519	0	36389	0
54	1330	OVERTON	17617	2778	216317	203747	1192	46	1146	4423	199	4224	38636	1031	100	0	18	0
54	1350	PERRY	7765	1235	164874	220775	423	19	404	2297	51	2246	20132	65	25	0	149	0
54	1370	PICKETT	5205	978	74889	72192	392	35	357	1407	33	1374	13825	394	58	0	0	0
54	1390	POLK	14243	1040	85840	139544	586	10	576	1297	46	1251	11381	972	101	0	3964	0
54	1410	PUTNAM	22231	3129	216278	309280	2121	139	1982	4358	300	4058	42319	1094	314	0	279	0
54	1430	RHEA	13812	1587	128437	318903	1421	60	1361	2355	99	2256	18698	1223	324	0	124	0
54	1450	ROANE	24624	1783	168482	265417	1373	43	1330	2741	193	2548	18841	1856	165	0	79	0
54	1470	ROBERTSON	25621	4046	269623	1122775	3154	93	3061	6195	110	6085	39665	13732	581	0	88	0
54	1490	RUTHERFORD	33059	5862	352680	976254	7184	463	6721	8137	710	7427	65338	2769	1280	0	39872	0
54	1510	SCOTT	13411	1432	98872	75067	967	23	944	822	40	782	7133	19	32	0	0	0
54	1530	SEQUATCHIE	3632	739	43373	90579	533	20	513	712	37	675	6751	71	0	0	0	0
54	1550	SEVIER	22384	3238	227956	384941	3151	144	3007	2866	194	2672	34932	7957	1206	0	32	0
54	1570	SHELBY	223216	7131	298041	1296526	4745	310	4435	8477	154	8323	54734	147	140	0	68302	0
54	1590	SMITH	17134	2907	187982	387004	3460	383	3077	4610	517	4093	42853	4951	1673	0	36	0
54	1610	STEWART	14664	2273	189426	285066	1441	60	1381	4384	138	4246	28821	994	2	0	349	0
54	1630	SULLIVAN	36259	3378	210958	518994	3981	172	3809	2069	139	1930	26230	13203	929	0	0	0
54	1650	SUMNER	27708	4535	298869	993292	5499	369	5130	6080	333	5747	52184	6913	2536	0	78	0
54	1670	TIPTON	30258	3997	187977	541040	4047	288	3759	5111	139	4972	39479	550	510	0	46718	0
54	1690	TROUSDALE	5996	957	70766	229118	1382	165	1217	1802	161	1641	15915	1459	687	0	64	0
54	1710	UNICOI	10120	720	40399	58727	512	14	498	353	16	337	3568	413	114	0	0	0
54	1730	UNION	11615	1986	127845	223380	1840	78	1762	2006	197	1809	16877	2043	448	0	0	0
54	1750	VAN BUREN	2624	427	42938	37105	269	20	249	684	40	644	5411	32	19	0	0	0
54	1770	WARREN	17306	2651	218615	375314	2828	157	2671	3949	379	3570	42700	2193	176	0	849	0
54	1790	WASHINGTON	34052	3194	170305	650489	4274	215	4059	2118	335	1783	22626	14806	933	0	0	0
54	1810	WAYNE	12877	1529	188932	175529	864	43	821	2819	162	2657	26629	330	98	0	2489	0
54	1830	WEAKLEY	31053	4937	300752	673167	5662	190	5472	8257	271	7986	59050	514	120	0	22621	0
54	1850	WHITE	15701	2014	168548	225435	1695	119	1576	3148	208	2940	29675	640	56	0	71	0
54	1870	WILLIAMSON	23409	3296	309590	763567	4442	376	4066	6194	619	5575	55142	11124	2523	0	1123	0
54	1890	WILSON	26241	4133	348531	749277	6412	603	5809	6464	875	5589	56369	4866	2860	0	2214	0
56	0	WEST VIRGINIA	1463701	90380	8979847	15686848	142620	7263	135357	15117	1240	13877	438286	111319	60558	0	0	0
56	10	BARBOUR	18028	1935	174318	322119	3234	203	3031	98	20	78	6450	1276	1945	0	0	0
56	30	BERKELEY	24554	1436	154473	575308	3890	282	3608	349	13	336	14757	16602	1056	0	0	0
56	50	BOONE	15319	1066	72494	112417	802	29	773	450	19	431	5199	0	26	0	0	0
56	70	BRAXTON	23973	2617	265739	275348	4187	244	3943	253	25	228	12977	1118	784	0	0	0
56	90	BROOKE	16527	364	42135	153410	864	28	836	29	0	29	2068	611	1927	0	0	0
56	110	CABELL	65746	2274	147011	322500	3009	121	2888	478	31	447	12922	579	394	0	0	0
56	130	CALHOUN	10268	1594	158085	186594	2581	139	2442	227	50	177	8900	280	348	0	0	0
56	150	CLAY	11486	1159	79185	82334	1608	112	1496	219	46	173	6137	122	290	0	0	0
56	170	DODDRIDGE	11976	1165	133993	135555	1905	100	1805	73	11	62	2865	0	26	0	0	0
56	190	FAYETTE	60377	1725	87043	270387	1762	46	1716	533	17	516	5439	210	810	0	0	0
56	210	GILMER	10668	1544	192968	224104	3120	171	2949	94	16	78	7278	236	193	0	0	0
56	230	GRANT	8993	945	203423	257739	1884	108	1776	41	8	33	6388	3642	1134	0	0	0
56	250	GREENBRIER	26242	2682	318452	542038	4880	301	4579	241	26	215	14604	6224	3371	0	0	0
56	270	HAMPSHIRE	11713	1766	316608	480422	3041	129	2912	414	55	359	8741	6120	2871	0	0	0
56	290	HANCOCK	19975	360	36445	155017	673	11	662	43	2	41	1611	1108	1252	0	0	0
56	310	HARDY	9601	1266	233262	285226	2141	107	2034	232	24	208	8970	5886	1576	0	0	0
56	330	HARRISON	74793	2108	177285	346965	3395	312	3083	137	26	111	5131	259	289	0	0	0
56	350	JACKSON	18658	2701	270012	473555	5002	223	4779	330	43	287	16022	1921	616	0	0	0
56	370	JEFFERSON	15729	920	110178	459070	3986	489	3497	196	18	178	16938	24546	274	0	0	0
56	390	KANAWHA	119650	3691	212897	903210	4512	154	4358	683	15	668	17032	104	347	0	0	0
56	410	LEWIS	20455	1729	221561	223161	3253	199	3054	65	10	55	5973	252	382	0	0	0
56	430	LINCOLN	19378	2298	181028	216359	2687	46	2641	935	42	893	15410	231	455	0	0	0
56	450	LOGAN	41006	753	56093	29205	353	20	333	569	9	560	4197	2	174	0	0	0
56	470	MCDOWELL	68571	1418	54330	93189	1033	30	1003	499	28	471	5842	0	171	0	0	0
56	490	MARION	54571	2460	160169	312767	3184	117	3067	62	15	47	4567	220	535	0	0	0
56	510	MARSHALL	33681	1681	172183	534399	3724	137	3587	130	11	119	8465	2153	4251	0	0	0
56	530	MASON	21459	2455	245902	413058	4695	238	4457	401	55	346	17137	4559	932	0	0	0
56	550	MERCER	49558	2310	177346	275619	2487	107	2380	287	54	233	8751	1774	809	0	0	0
56	570	MINERAL	19849	758	146508	199843	1280	51	1229	119	5	114	3407	1714	676	0	0	0
56	590	MINGO	26364	1140	74872	100049	536	16	520	771	25	746	5264	0	3	0	0	0
56	610	MONONGALIA	33618	1835	151649	486022	2903	134	2769	105	20	85	5108	315	1467	0	0	0
56	630	MONROE	13141	1961	237497	436175	4120	314	3806	206	48	158	12373	6331	1604	0	0	0
56	650	MORGAN	8357	842	100435	200458	1346	16	1330	134	7	127	5028	3558	1393	0	0	0
56	670	NICHOLAS	20717	1574	136065	190442	2290	129	2161	210	18	192	6564	715	1618	0	0	0
56	690	OHIO	62892	460	38467	281477	912	21	891	38	2	36	2167	404	977	0	0	0
56	710	PENDLETON	9652	1319	277124	298828	3035	199	2836	30	6	24	7477	5866	1065	0	0	0
56	730	PLEASANTS	7379	858	69211	109893	1152	34	1118	61	3	58	3134	131	204	0	0	0
56	750	POCAHONTAS	15002	1383	227880	265834	2676	162	2514	151	25	126	5110	1701	2188	0	0	0
56	770	PRESTON	27996	2731	263610	757478	4356	163	4193	100	21	79	8872	2338	8850	0	0	0
56	790	PUTNAM	17531	2053	178956	327036	3442	99	3343	472	51	421	13109	1251	698	0	0	0
56	810	RALEIGH	42482	1708	122142	233973	1773	67	1706	594	30	564	5860	40	187	0	0	0
56	830	RANDOLPH	26804	1717	282427	352374	2853	175	2678	96	20	76	5173	919	2435	0	0	0
56	850	RITCHIE	16506	1503	163667	154821	2337	83	2254	39	7	32	5236	218	295	0	0	0
56	870	ROANE	20129	2514	285572	351115	4437	196	4241	355	60	295	12678	595	518	0	0	0
56	890	SUMMERS	19092	1921	186749	276414	2781	137	2644	425	19	406	9800	1605	1264	0	0	0
56	910	TAYLOR	18742	1055	77960	200975	1544	71	1473	40	3	37	1938	98	531	0	0	0
56	930	TUCKER	16791	763	105068	127029	1215	75	1140	57	11	46	2480	167	1638	0	0	0
56	950	TYLER	14186	1211	126286	135612	1897	66	1831	102	15	87	4589	167	347	0	0	0
56	970	UPSHUR	17851	2149	173630	326284	3532	193	3339	54	5	49	5749	557	1365	0	0	0
56	990	WAYNE	26012	2883	222980	233620	2908	64	2844	1592	32	1560	20999	279	279	0	0	0
56	1010	WEBSTER	11562	1065	110703	112223	1106	36	1070	136	11	125	3370	30	102	0	0	0
56	1030	WETZEL	23069	1710	156171	246268	3148	188	2960	118	7	111	8264	992	2433	0	0	0
56	1050	WIRT	7536	1166	117354	120922	1978	92	1886	209	29	180	5700	402	513	0	0	0
56	1070	WOOD	42306	2422	185436	397507	3901	198	3703	289	50	239	10623	884	609	0	0	0
56	1090	WYOMING	15180	1257	106810	103101	1270	81	1189	546	21	525	7443	7	61	0	0	0
61	0	ARIZONA	334162	10802	11065291	6928123	111601	17674	93927	12134	948	11186	30693	32162	4850	0	177013	0
61	10	APACHE	13196	595	1272240	165661	14131	2391	11740	350	21	329	2816	463	2350	0	0	0
61	30	COCHISE	46465	959	1776801	473188	5996	737	5259	817	93	724	1460	223	16	0	448	0
61	50	COCONINO	9982	587	1219067	241725	16678	2734	13944	787	89	698	3156	438	825	0	0	0
61	70	GILA	25678	346	91428	132652	5838	539	5299	397	29	368	2257	311	0	0	44	0
61	90	GRAHAM	10148	887	244560	411305	4605	474	4131	284	34	250	940	1883	0	0	8984	0
61	110	GREENLEE	15362	235	23961	76133	3174	554	2620	335	37	298	1020	673	124	0	509	0
61	130	MARICOPA	89576	4026	764692	2960310	13854	1805	12049	4906	255	4651	2698	9460	744	0	121620	0
61	150	MOHAVE	5259	208	341948	74154	3164	608	2556	251	47	204	151	62	26	0	69	0
61	170	NAVAJO	16077	403	1188249	166190	14731	4230	10501	521	83	438	8065	253	494	0	0	0
61	190	PIMA	34680	521	808175	517816	14647	1501	13146	875	113	762	2313	12405	0	0	7089	0
61	210	PINAL	16130	381	359950	421714	4928	1187	3741	674	55	619	469	5614	15	0	8314	0
61	230	SANTA CRUZ	12689	245	666956	166613	2059	339	1720	246	9	237	1581	76	0	0	0	0
61	250	YAVAPAI	24016	732	2202405	481224	4943	340	4603	490	39	451	3594	34	244	0	0	0
61	270	YUMA	14904	677	104859	639438	2853	235	2618	1201	44	1157	173	267	12	0	29936	0
62	0	COLORADO	939629	58020	24167270	33472740	365425	33597	331828	38073	7037	31036	1396019	1306208	195214	0	0	0
62	10	ADAMS	14430	1873	465526	953480	9376	747	8629	676	120	556	37085	51974	3206	0	0	0
62	30	ALAMOSA	5148	300	298677	252080	2602	309	2293	231	13	218	8	1771	2086	0	0	0
62	50	ARAPAHOE	13766	1174	398870	809190	5088	298	4790	455	77	378	23024	31328	1557	0	0	0
62	70	ARCHULETA	3590	329	168142	121768	2186	326	1860	51	3	48	258	628	1240	0	0	0
62	90	BACA	8721	1706	952472	505719	13442	1636	11806	3164	584	2580	39359	63495	180	0	0	0
62	110	BENT	9705	900	609822	545152	6125	723	5402	1237	296	941	21664	4300	946	0	0	0
62	130	BOULDER	31861	1492	190744	907505	5840	416	5424	371	76	295	8726	20683	5441	0	0	0
62	150	CHAFFEE	7753	247	71544	185552	1507	180	1327	80	5	75	10	1179	1587	0	0	0
62	170	CHEYENNE	3746	625	428432	698297	4646	389	4257	823	259	564	53309	33439	805	0	0	0
62	190	CLEAR CREEK	2891	16	11274	8150	107	9	98	2	0	2	0	0	0	0	0	0
62	210	CONEJOS	8416	680	202470	277314	3323	478	2845	276	21	255	67	5853	1995	0	0	0
62	230	COSTILLA	5032	329	611714	210960	1824	270	1554	113	6	107	32	2675	1279	0	0	0
62	250	CROWLEY	6383	622	193032	244750	3450	287	3163	406	77	329	9320	440	648	0	0	0
62	270	CUSTER	2172	367	220280	199395	2008	149	1859	63	5	58	794	967	2227	0	0	0
62	290	DELTA	13668	1636	173350	730725	6388	453	5935	401	82	319	2774	3299	2436	0	0	0
62	310	DENVER	256491	307	4940	146855	300	1	299	42	7	35	698	308	160	0	0	0
62	330	DOLORES	1243	177	61941	35040	746	83	663	70	9	61	2680	326	77	0	0	0
62	350	DOUGLAS	3517	401	315800	360472	2838	250	2588	111	15	96	14249	5045	2982	0	0	0
62	370	EAGLE	3385	350	111505	293197	2897	245	2652	61	3	58	0	1095	2434	0	0	0
62	390	ELBERT	6980	1281	950970	805820	8216	623	7593	1292	147	1145	48420	22942	4458	0	0	0
62	410	EL PASO	44027	1580	910276	819442	7538	552	6986	1762	166	1596	54553	3908	6371	0	0	0
62	430	FREMONT	17883	1127	334573	353310	2884	197	2687	149	10	139	2952	753	564	0	0	0
62	450	GARFIELD	9304	928	223885	507437	7304	760	6544	288	25	263	1251	5607	2818	0	0	0
62	470	GILPIN	1364	47	19088	9130	142	9	133	1	0	1	0	0	0	0	0	0
62	490	GRAND	2659	269	149761	161235	2116	187	1929	32	0	32	0	64	191	0	0	0
62	510	GUNNISON	5590	358	144489	238013	3245	280	2965	76	12	64	9	195	346	0	0	0
62	530	HINSDALE	538	38	13442	22985	361	59	302	4	0	4	0	0	0	0	0	0
62	550	HUERFANO	16879	1003	444972	260404	4415	463	3952	227	46	181	6595	3246	1672	0	0	0
62	570	JACKSON	1340	156	236377	158606	4490	761	3729	93	28	65	0	0	29	0	0	0
62	590	JEFFERSON	14400	1951	259712	734575	4670	276	4394	195	24	171	4466	9716	2668	0	0	0
62	610	KIOWA	3755	692	478711	373915	4909	505	4404	856	189	667	43431	23239	170	0	0	0
62	630	KIT CARSON	8915	1500	757673	954449	12477	1016	11461	1736	509	1227	103193	97803	4199	0	0	0
62	650	LAKE	6630	27	13526	14295	193	14	179	4	1	3	0	0	0	0	0	0
62	670	LA PLATA	11218	973	268784	298695	5427	575	4852	190	37	153	1586	8344	4707	0	0	0
62	690	LARIMER	27872	1816	572990	1582892	10237	717	9520	759	186	573	11283	22587	8413	0	0	0
62	710	LAS ANIMAS	38975	1943	1177655	444808	11577	1626	9951	1366	304	1062	13448	12269	1590	0	0	0
62	730	LINCOLN	8273	1279	1019885	689612	8914	808	8106	1438	171	1267	69480	56759	2765	0	0	0
62	750	LOGAN	18427	1916	839114	1450900	15556	1108	14448	1473	341	1132	118318	118629	11774	0	0	0
62	770	MESA	22281	2199	261662	981843	8085	791	7294	770	77	693	5676	3401	2114	0	0	0
62	790	MINERAL	779	27	17153	25010	288	52	236	8	0	8	0	0	0	0	0	0
62	810	MOFFAT	5129	712	407003	306480	6252	990	5262	199	65	134	2890	3798	2185	0	0	0
62	830	MONTEZUMA	6260	728	184636	201760	3845	471	3374	389	72	317	4908	4310	2542	0	0	0
62	850	MONTROSE	11852	1423	186776	655901	6953	586	6367	285	39	246	2679	8177	4396	0	0	0
62	870	MORGAN	16124	1692	569888	1172956	12835	881	11954	945	129	816	73537	22524	3161	0	0	0
62	890	OTERO	22623	1419	428531	927872	8145	1075	7070	1302	260	1042	12270	2915	3209	0	0	0
62	910	OURAY	2620	162	78434	98395	1183	103	1080	20	6	14	8	1132	1058	0	0	0
62	930	PARK	1977	219	335608	255634	2316	213	2103	84	6	78	0	19	344	0	0	0
62	950	PHILLIPS	5499	843	360610	885100	5957	443	5514	915	231	684	79868	71752	11650	0	0	0
62	970	PITKIN	2707	166	51468	114720	1232	133	1099	24	0	24	0	528	1706	0	0	0
62	990	PROWERS	13845	1194	488674	557718	9842	1221	8621	1720	396	1324	27599	28795	1936	0	0	0
62	1010	PUEBLO	57638	1534	861347	718040	8117	803	7314	663	77	586	22735	11175	2132	0	0	0
62	1030	RIO BLANCO	3135	422	224849	294660	4728	621	4107	282	52	230	80	3664	2209	0	0	0
62	1050	RIO GRANDE	7855	535	162772	664153	3360	327	3033	518	36	482	1	5808	6981	0	0	0
62	1070	ROUTT	8948	834	379494	505857	7201	775	6426	69	11	58	6	6410	9685	0	0	0
62	1090	SAGUACHE	4638	346	404903	358658	3659	452	3207	340	69	271	0	2911	3565	0	0	0
62	1110	SAN JUAN	1700	0	0	0												
62	1130	SAN MIGUEL	5281	366	178645	174995	2404	188	2216	100	21	79	636	968	825	0	0	0
62	1150	SEDGWICK	4207	632	268587	483350	5385	233	5152	480	122	358	48686	39623	9026	0	0	0
62	1170	SUMMIT	1724	69	27523	46525	639	46	593	2	1	1	0	27	147	0	0	0
62	1190	TELLER	6696	186	111485	96745	1150	114	1036	79	12	67	18	4	629	0	0	0
62	1210	WASHINGTON	11208	1984	1122859	1334048	18194	1486	16708	1575	413	1162	124166	201971	7890	0	0	0
62	1230	WELD	54059	5610	1495456	3760667	37301	2675	34626	3897	586	3311	95520	107635	26641	0	0	0
62	1250	YUMA	13897	2303	1252489	1485529	16990	1133	15857	2833	502	2331	201694	163795	7162	0	0	0
63	0	IDAHO	431866	40592	8116147	26526166	232546	23216	209330	7845	1922	5923	63324	809204	132442	0	0	0
63	10	ADA	35213	2193	160151	1042875	6680	391	6289	206	46	160	4976	9699	2981	0	0	0
63	30	ADAMS	2966	437	151313	294891	2459	176	2283	103	29	74	387	2697	813	0	0	0
63	50	BANNOCK	27532	2214	435852	1206435	13056	1587	11469	229	97	132	265	60215	4653	0	0	0
63	70	BEAR LAKE	8783	799	190177	448858	4813	502	4311	22	7	15	0	14195	2511	0	0	0
63	90	BENEWAH	6997	477	96704	265134	1992	81	1911	102	9	93	115	12722	2666	0	0	0
63	110	BINGHAM	18310	2293	258242	1284706	11719	1213	10506	152	80	72	375	19187	5682	0	0	0
63	130	BLAINE	4473	286	110224	205130	2837	384	2453	64	27	37	2	2376	1258	0	0	0
63	150	BOISE	1822	200	74868	93950	1155	75	1080	123	50	73	52	746	723	0	0	0
63	170	BONNER	12957	1107	153699	376680	1908	66	1842	16	2	14	64	580	629	0	0	0
63	190	BONNEVILLE	17501	1540	300056	1179354	10081	1059	9022	131	32	99	45	31672	8256	0	0	0
63	210	BOUNDARY	4474	304	57552	154423	846	59	787	9	0	9	49	1004	1518	0	0	0
63	230	BUTTE	2940	288	65998	221948	2701	359	2342	39	4	35	0	2496	864	0	0	0
63	250	CAMAS	1730	251	132792	309194	2587	270	2317	47	10	37	0	22055	561	0	0	0
63	270	CANYON	26932	3145	215634	1453655	10899	573	10326	345	80	265	12856	21625	3785	0	0	0
63	290	CARIBOU	2191	191	109172	129159	1965	193	1772	52	12	40	0	5429	1446	0	0	0
63	310	CASSIA	15659	1380	242391	962583	8490	974	7516	248	75	173	2353	19707	1650	0	0	0
63	330	CLARK	1886	150	226973	177218	3274	590	2684	50	7	43	0	640	413	0	0	0
63	350	CLEARWATER	4993	438	82260	200870	1570	70	1500	38	6	32	879	3848	2269	0	0	0
63	370	CUSTER	3550	333	109933	233400	3663	575	3088	60	13	47	0	748	1062	0	0	0
63	390	ELMORE	5087	407	257648	289620	2636	391	2245	112	14	98	282	3185	116	0	0	0
63	410	FRANKLIN	8650	1031	179817	775453	5779	793	4986	17	2	15	67	27323	1999	0	0	0
63	430	FREMONT	10380	1207	326668	1241302	7646	738	6908	114	7	107	36	46049	10630	0	0	0
63	450	GEM	6427	636	119515	392831	3024	281	2743	366	61	305	1966	2677	1426	0	0	0
63	470	GOODING	7548	901	98293	551306	3977	288	3689	194	66	128	1450	2214	699	0	0	0
63	490	IDAHO	11749	1508	606612	1175501	11345	981	10364	540	87	453	2705	67985	7857	0	0	0
63	510	JEFFERSON	9441	1163	154839	607292	6649	699	5950	51	11	40	10	8843	3340	0	0	0
63	530	JEROME	5729	785	95492	524660	3960	248	3712	118	32	86	2216	8688	759	0	0	0
63	550	KOOTENAI	17878	1288	185356	600199	3218	101	3117	86	8	78	1536	13751	4850	0	0	0
63	570	LATAH	18092	1286	213299	876007	6156	292	5864	283	55	228	948	43036	14911	0	0	0
63	590	LEMHI	5164	495	154770	374335	6899	1111	5788	117	33	84	5	1797	2082	0	0	0
63	610	LEWIS	5851	622	213630	703549	5272	530	4742	186	74	112	1385	59582	4914	0	0	0
63	630	LINCOLN	3446	352	54437	254082	2201	290	1911	80	21	59	43	3965	590	0	0	0
63	650	MADISON	9167	881	169194	711362	6166	640	5526	125	50	75	7	25607	4810	0	0	0
63	670	MINIDOKA	9035	943	71764	465617	3741	230	3511	180	49	131	3414	3523	988	0	0	0
63	690	NEZ PERCE	15253	1165	338988	995700	7936	586	7350	546	70	476	7070	59356	6128	0	0	0
63	710	ONEIDA	6723	1022	310770	617595	7841	841	7000	294	145	149	3	64978	743	0	0	0
63	730	OWYHEE	4694	786	217279	504864	9717	1646	8071	257	58	199	1481	1263	427	0	0	0
63	750	PAYETTE	7021	768	63925	504817	2816	183	2633	311	71	240	2557	2841	1035	0	0	0
63	770	POWER	5105	794	262830	617318	6713	829	5884	496	123	373	267	62813	617	0	0	0
63	790	SHOSHONE	14250	118	16294	76295	397	5	392	24	2	22	2	5	63	0	0	0
63	810	TETON	3921	550	141763	391290	3972	420	3552	71	15	56	0	25656	10497	0	0	0
63	830	TWIN FALLS	28398	2499	271329	2237041	12912	958	11954	804	139	665	10935	28138	2285	0	0	0
63	850	VALLEY	2524	334	153714	279193	2158	180	1978	75	18	57	6	2028	6367	0	0	0
63	870	WASHINGTON	9424	1025	263930	518474	6720	758	5962	362	125	237	2515	12260	569	0	0	0
63	875	YELLOWSTONE N.P.																
64	0	MONTANA	548889	46904	32735723	30632871	594173	86303	507870	10452	2753	7699	398420	3102879	455385	0	0	0
64	10	BEAVERHEAD	7369	789	998380	909153	19874	2796	17078	284	110	174	0	2176	5747	0	0	0
64	30	BIG HORN	7015	1260	1164302	608939	16437	3142	13295	222	27	195	9363	44448	7429	0	0	0
64	50	BLAINE	9057	1135	895995	585473	14634	2094	12540	112	24	88	6088	61948	11828	0	0	0
64	70	BROADWATER	3239	321	261290	352740	4403	551	3852	481	167	314	238	15428	5424	0	0	0
64	90	CARBON	15279	1095	399154	701820	9960	801	9159	194	38	156	6970	44632	8239	0	0	0
64	110	CARTER	3972	770	874404	398020	12608	2410	10198	267	101	166	13844	13862	7069	0	0	0
64	130	CASCADE	38836	1257	1058147	1134040	12280	1039	11241	415	56	359	6873	106911	9518	0	0	0
64	150	CHOUTEAU	11051	1649	1174577	931636	16027	1312	14715	396	86	311	13387	197144	6746	0	0	0
64	170	CUSTER	12194	716	935151	331178	14491	3021	11470	112	34	78	15007	18127	6204	0	0	0
64	190	DANIELS		1020	505066	725710	12646	1847	10799	205	85	120	5092	141723	17666	0	0	0
64	210	DAWSON	9239	1105	736538	754856	21773	3563	18210	116	57	59	21474	92513	22455	0	0	0
64	230	DEER LODGE	15323	93	77506	97525	1038	103	935	3	0	3	0	625	722	0	0	0
64	250	FALLON	4548	659	591749	519528	10595	1551	9044	112	52	60	13218	76004	10850	0	0	0
64	270	FERGUS	28344	1918	1346699	1165255	22228	2590	19638	401	43	358	13979	198157	25369	0	0	0
64	290	FLATHEAD	21705	1238	262984	703951	5026	284	4742	77	19	58	1042	28712	7772	0	0	0
64	310	GALLATIN	15864	1026	443145	1060425	11259	1088	10171	270	69	201	218	57392	11987	0	0	0
64	330	GARFIELD	5368	1312	710333	484230	22685	5075	17610	186	42	144	18089	28458	10614	0	0	0
64	350	GLACIER	4178	344	1060670	204195	8670	1815	6855	43	19	24	0	19495	3632	0	0	0
64	370	GOLDEN VALLEY		492	313345	203775	4858	478	4380	241	39	202	10519	51041	5972	0	0	0
64	390	GRANITE	4167	227	184393	164430	2635	351	2284	92	22	70	0	1581	1097	0	0	0
64	410	HILL	13958	1421	789391	834737	15091	1761	13330	166	14	152	8800	173752	11091	0	0	0
64	430	JEFFERSON	5203	446	220553	255970	3796	329	3467	139	46	93	182	6287	902	0	0	0
64	450	JUDITH BASIN		783	656824	823582	8827	953	7874	276	26	250	429	125558	7044	0	0	0
64	470	LAKE		964	244589	417180	6053	449	5604	98	0	98	951	34633	5393	0	0	0
64	490	LEWIS AND CLARK	18660	543	793536	548384	6253	758	5495	399	119	280	902	14201	3635	0	0	0
64	510	LIBERTY	2416	446	317813	254010	5051	726	4325	19	1	18	1188	46246	2246	0	0	0
64	530	LINCOLN	7797	583	99356	181895	1853	171	1682	7	1	6	26	1063	918	0	0	0
64	550	MCCONE	4747	1072	593547	658550	25404	5721	19683	81	11	70	19441	69223	14744	0	0	0
64	570	MADISON	7495	715	587442	506705	8639	877	7762	114	28	86	3	11598	4976	0	0	0
64	590	MEAGHER	2622	310	802227	313968	4755	704	4051	60	13	47	0	4743	2081	0	0	0
64	610	MINERAL	2327	103	26270	40255	378	25	353	15	4	11	50	712	283	0	0	0
64	630	MISSOULA	24041	673	207611	440378	3207	239	2968	91	23	68	317	10354	4476	0	0	0
64	650	MUSSELSHELL	12030	650	492421	394654	9041	1384	7657	196	28	168	13522	46721	7127	0	0	0
64	670	PARK	11330	619	666059	518075	7367	938	6429	148	27	121	6	21727	5062	0	0	0
64	710	PHILLIPS	9311	1427	870349	573290	24271	4808	19463	288	182	106	25488	62081	11985	0	0	0
64	730	PONDERA	5741	794	461635	585228	20504	2606	17898	362	60	302	1863	93050	7446	0	0	0
64	750	POWDER RIVER	3357	838	828275	329628	13111	2524	10587	174	74	100	10052	6459	4767	0	0	0
64	770	POWELL	6909	360	570888	389947	5108	711	4397	79	45	34	4	4144	3011	0	0	0
64	790	PRAIRIE	3684	560	521008	344330	11150	2256	8894	112	29	83	14551	54160	8639	0	0	0
64	810	RAVALLI	10098	1039	207211	615550	5356	326	5030	174	66	108	451	6998	4174	0	0	0
64	830	RICHLAND	8989	1429	692068	955094	18040	2012	16028	335	186	149	27584	112743	22724	0	0	0
64	850	ROOSEVELT	10347	1267	754441	816325	17457	2776	14681	209	35	174	19988	126153	20051	0	0	0
64	870	ROSEBUD	8002	792	935352	439608	14608	2501	12107	104	42	62	15190	40034	9612	0	0	0
64	890	SANDERS	4903	669	236030	302546	3620	359	3261	29	9	20	277	6181	1509	0	0	0
64	910	SHERIDAN	13847	1487	731778	1202257	16514	1847	14667	200	78	121	13093	197172	27766	0	0	0
64	930	SILVER BOW	60313	180	75847	109687	1296	175	1121	40	10	30	0	128	212	0	0	0
64	950	STILLWATER	7630	946	607083	642168	8363	775	7588	507	84	423	7445	90933	9591	0	0	0
64	970	SWEET GRASS	4926	632	689546	501210	6120	783	5337	267	62	205	1333	28927	5060	0	0	0
64	990	TETON	5870	1089	817682	882715	12413	1677	10736	297	57	240	2748	114523	8832	0	0	0
64	1010	TOOLE	3724	605	474064	371545	6762	951	5811	57	5	52	2150	41909	2619	0	0	0
64	1030	TREASURE	1990	299	221188	206945	3604	688	2916	87	25	62	6229	12923	2429	0	0	0
64	1050	VALLEY	11542	1925	1109017	1222316	28278	4516	23762	346	118	228	17167	148182	19362	0	0	0
64	1070	WHEATLAND	5619	386	491412	357255	4564	473	4091	169	33	136	2421	37832	4506	0	0	0
64	1090	WIBAUX	3113	466	263198	366175	7276	781	6495	115	14	101	6629	53883	12447	0	0	0
64	1110	YELLOWSTONE	29600	1960	686184	1193830	15916	1812	14104	463	108	355	22539	97269	12325	0	0	0
64	1130	YELLOWSTONE N.P.																
65	0	NEVADA	77407	3883	4090586	3715338	50222	8200	42022	4090	917	3173	1725	13862	1831	0	0	0
65	10	CHURCHILL	4649	558	132712	383720	3270	469	2801	500	128	372	219	3416	74	0	0	0
65	30	CLARK	4859	212	15301	79965	898	117	781	30	0	30	340	800	7	0	0	0
65	50	DOUGLAS	1825	165	215441	331060	1570	150	1420	113	54	59	0	1404	331	0	0	0
65	70	ELKO	8083	538	1644619	758876	16804	3336	13468	856	346	510	0	869	495	0	0	0
65	90	ESMERALDA	2410	34	17453	28510	410	56	354	67	14	53	8	50	5	0	0	0
65	110	EUREKA	1350	82	110364	135705	3239	454	2785	210	15	195	0	24	2	0	0	0
65	130	HUMBOLDT	3743	289	550519	341320	5985	1028	4957	349	84	265	20	21	10	0	0	0
65	150	LANDER	1484	49	124957	56392	1916	389	1527	206	58	148	0	116	8	0	0	0
65	170	LINCOLN	2287	179	32634	59650	1120	70	1050	116	4	112	674	34	34	0	0	0
65	190	LYON	4078	471	152075	355912	2454	259	2195	153	19	134	34	1354	14	0	0	0
65	210	MINERAL	1848	128	30374	60480	605	74	531	80	10	70	0	25	0	0	0	0
65	230	NYE	6504	182	98900	123063	2228	319	1909	192	16	176	315	107	120	0	0	0
65	250	ORMSBY	2453	59	17843	40520	229	21	208	15	2	13	0	76	0	0	0	0
65	270	PERSHING	2803	161	199151	172120	1927	268	1659	342	23	319	28	3700	7	0	0	0
65	290	STOREY	1469	14	1964	6301	51	7	44	18	6	12	0	20	0	0	0	0
65	310	WASHOE	18627	566	607502	543835	5356	778	4578	670	117	553	65	1389	159	0	0	0
65	330	WHITE PINE	8935	196	138777	237909	2160	405	1755	173	21	152	22	457	565	0	0	0
66	0	NEW MEXICO	360350	31687	27850325	8712473	186573	24459	162114	30837	4918	25919	215811	207632	35034	0	108488	0
66	10	BERNALILLO	29855	1234	219082	285797	3533	341	3192	213	10	203	4949	738	219	0	0	0
66	30	CATRON		462	771440	85933	4112	605	3507	333	14	319	2978	28	213	0	0	0
66	50	CHAVES	12075	955	1702932	494127	6369	746	5623	1512	305	1207	2281	108	828	0	18739	0
66	70	COLFAX	21550	812	1893759	511271	6177	603	5574	740	100	640	15467	9023	7150	0	0	0
66	90	CURRY	11236	1169	568487	538020	5986	469	5517	3174	450	2724	11425	66585	8313	0	2834	0
66	110	DE BACA	3196	396	931611	83890	2619	388	2231	501	96	405	652	0	0	0	357	0
66	130	DONA ANA	16548	1537	501283	643686	4834	374	4460	977	44	933	3257	466	21	0	26407	0
66	150	EDDY	9116	1045	720339	555289	5695	554	5141	1933	196	1737	888	45	122	0	32286	0
66	170	GRANT	21939	560	632740	212765	4763	536	4227	403	22	381	3935	276	38	0	59	0
66	190	GUADALUPE	8015	865	1418784	127483	4429	681	3748	777	122	655	4201	75	5	0	36	0
66	210	HARDING		765	958018	320555	5263	596	4667	1099	134	965	16957	30903	348	0	466	0
66	230	HIDALGO	4338	301	696246	75575	4524	955	3569	351	57	294	843	428	43	0	244	0
66	250	LEA	3545	766	1803672	195781	5544	757	4787	1249	334	915	1766	22	0	0	5331	0
66	270	LINCOLN	7823	677	1088882	145433	5180	846	4334	531	133	398	2059	23	95	0	2	0
66	290	LUNA	12270	233	277988	158620	2290	386	1904	298	82	216	238	66	0	0	490	0
66	310	MCKINLEY	13731	386	828137	188765	15709	3284	12425	754	216	538	3202	3578	2649	0	0	0
66	330	MORA	13915	1576	612799	179573	5258	583	4675	435	62	373	8997	6873	4636	0	0	0
66	350	OTERO	7902	565	493132	127420	9723	1705	8018	1104	350	754	2128	323	1620	0	127	0
66	370	QUAY	10444	1356	1402150	483949	7408	649	6759	3109	523	2586	8493	55670	1308	0	6223	0
66	390	RIO ARRIBA	19552	2420	479855	344771	9843	1581	8262	364	56	308	3578	3233	1028	0	0	0
66	410	ROOSEVELT	6548	1279	964131	381939	6075	591	5484	2975	560	2415	10363	804	0	0	14534	0
66	430	SANDOVAL	8863	965	501779	175211	4775	544	4231	294	18	276	3767	2420	557	0	0	0
66	450	SAN JUAN	8333	783	124101	207635	7303	1309	5994	482	93	389	7874	707	305	0	0	0
66	470	SAN MIGUEL	22867	2186	1767957	422095	8761	926	7835	697	49	648	14427	4146	2653	0	0	0
66	490	SANTA FE	15030	1120	370838	192236	3117	373	2744	443	47	396	4398	665	31	0	0	0
66	510	SIERRA	4619	343	565275	110876	3290	499	2791	248	48	200	1124	548	6	0	309	0
66	530	SOCORRO	14061	1070	1436859	146309	5606	772	4834	248	37	211	1973	1218	3	0	3	0
66	550	TAOS	12773	1190	118417	151225	3922	265	3657	70	9	61	1138	3779	1010	0	0	0
66	570	TORRANCE	9731	1514	1033052	377653	5269	457	4812	1659	133	1526	19976	132	29	0	0	0
66	590	UNION	16680	1796	1567663	490215	11409	1058	10351	3458	521	2937	48129	11902	1320	0	0	0
66	610	VALENCIA	13795	1361	1398917	298376	7787	1026	6761	406	97	309	4348	2848	484	0	41	0
67	0	UTAH	449396	25992	5000724	10097318	110172	13515	96657	3693	929	2764	15102	194540	49420	0	0	0
67	10	BEAVER	5139	504	63293	129427	1959	324	1635	62	16	46	443	1015	620	0	0	0
67	30	BOX ELDER	18788	1921	593594	1072298	11956	1641	10315	200	93	107	374	45371	3236	0	0	0
67	50	CACHE	26992	2483	340153	1117059	10140	1096	9044	235	104	131	599	37543	4899	0	0	0
67	70	CARBON	15489	292	38504	68485	909	72	837	90	1	89	98	445	381	0	0	0
67	90	DAGGETT	400	49	34052	34820	616	130	486	2	0	2	0	89	241	0	0	0
67	110	DAVIS	11450	1238	112974	492662	4112	399	3713	27	1	26	561	4346	495	0	0	0
67	130	DUCHESNE	9093	968	242566	406335	5237	782	4455	142	32	110	560	3454	2017	0	0	0
67	150	EMERY	7411	787	122506	256410	4553	674	3879	328	82	246	1324	4038	3544	0	0	0
67	170	GARFIELD	4768	494	124506	199143	2628	390	2238	203	27	176	829	1212	2250	0	0	0
67	190	GRAND	1808	129	30560	38645	983	109	874	266	18	248	782	7	56	0	0	0
67	210	IRON	5787	536	230796	200626	2226	274	1952	61	6	55	1559	1863	1345	0	0	0
67	230	JUAB	9871	479	153241	178427	3835	718	3117	188	106	82	210	15310	386	0	0	0
67	250	KANE	2054	266	98167	64680	883	64	819	38	9	29	499	267	381	0	0	0
67	270	MILLARD	9659	1436	199433	600514	5869	724	5145	374	104	270	714	6235	1805	0	0	0
67	290	MORGAN	2542	189	37589	74029	866	82	784	2	0	2	0	1376	622	0	0	0
67	310	PIUTE	2770	238	34382	64372	1188	172	1016	16	2	14	12	1390	1154	0	0	0
67	330	RICH	1890	199	219088	137240	2149	262	1887	37	11	26	0	827	1250	0	0	0
67	350	SALT LAKE	159282	2359	144864	834724	4724	284	4440	49	15	34	440	11668	1332	0	0	0
67	370	SAN JUAN	3379	263	105067	93700	2961	514	2447	225	32	193	1296	3219	803	0	0	0
67	390	SANPETE	17505	1515	326095	557706	6246	711	5535	119	40	79	92	10712	4860	0	0	0
67	410	SEVIER	11281	1063	166072	551317	4709	580	4129	64	17	47	420	5816	3752	0	0	0
67	430	SUMMIT	7862	476	271578	244712	2254	249	2005	41	20	21	0	1504	1243	0	0	0
67	450	TOOELE	7965	421	144320	211310	2397	359	2038	147	47	100	119	6753	671	0	0	0
67	470	UINTAH	8470	1132	189187	389899	6547	907	5640	274	44	230	1314	3660	2655	0	0	0
67	490	UTAH	40792	3354	357316	1063078	8988	840	8148	175	69	106	1346	17593	4179	0	0	0
67	510	WASATCH	4625	432	250185	174217	2147	287	1860	9	0	9	2	1413	1178	0	0	0
67	530	WASHINGTON	6764	750	108034	231950	2774	332	2442	96	22	74	1029	1703	157	0	0	0
67	550	WAYNE	2097	274	34413	82385	1643	248	1395	132	1	131	137	1031	1286	0	0	0
67	570	WEBER	43463	1745	228189	527148	4673	291	4382	91	10	81	343	4680	2622	0	0	0
68	0	WYOMING	194402	15512	18663308	9171734	199560	32605	166955	5106	1483	3623	179523	136253	104268	0	0	0
68	10	ALBANY	9283	483	981550	331375	9549	1852	7697	88	17	71	88	398	1346	0	0	0
68	30	BIG HORN	12105	759	156598	468735	7246	890	6356	134	15	119	1774	3399	6306	0	0	0
68	50	CAMPBELL	5233	1310	1858996	570093	19261	3759	15502	279	106	173	23082	12364	7594	0	0	0
68	70	CARBON	9525	528	2084369	544262	12689	2313	10376	165	27	138	76	352	1506	0	0	0
68	90	CONVERSE	7871	923	1673066	419421	12568	2455	10113	272	42	230	9395	5020	4245	0	0	0
68	110	CROOK	5524	1048	1151438	523973	11299	1562	9737	299	91	208	16433	8138	4847	0	0	0
68	130	FREMONT	11820	778	993755	484380	12451	2403	10048	174	65	109	433	3022	5409	0	0	0
68	150	GOSHEN	8064	1734	1023747	817510	13234	1497	11737	1028	360	668	44787	23543	12964	0	0	0
68	170	HOT SPRINGS	5164	215	173541	152575	3802	719	3083	104	19	85	391	533	1223	0	0	0
68	190	JOHNSON	4617	467	884299	351495	9052	1883	7169	173	57	116	4215	5209	5028	0	0	0
68	210	LARAMIE	20699	918	1499825	501440	10655	1358	9297	422	97	325	33599	24346	10783	0	0	0
68	230	LINCOLN	12487	661	409323	361680	5848	854	4994	125	9	116	1	2773	4723	0	0	0
68	250	NATRONA	14635	404	680021	165931	6307	1180	5127	81	6	75	832	22	126	0	0	0
68	270	NIOBRARA	6321	682	975340	464715	10498	2010	8488	277	131	146	10030	6320	4631	0	0	0
68	290	PARK	7298	693	380899	538510	7382	1095	6287	228	36	192	645	3271	5921	0	0	0
68	310	PLATTE	7421	989	887834	452206	8556	1033	7523	599	209	390	20414	14779	8362	0	0	0
68	330	SHERIDAN	18182	862	1153047	596655	10588	1192	9396	293	73	220	6499	15479	8706	0	0	0
68	350	SUBLETTE		279	276457	220155	6833	999	5834	34	1	33	0	0	137	0	0	0
68	370	SWEETWATER	13640	213	274368	202240	3722	861	2861	76	22	54	66	130	1167	0	0	0
68	390	TETON		231	74545	221905	2021	281	1740	37	10	27	0	547	2203	0	0	0
68	410	UINTA	6611	426	261468	237630	3899	620	3279	47	7	40	0	654	1198	0	0	0
68	430	WASHAKIE	3106	329	94027	347065	3814	337	3477	86	53	33	395	917	3520	0	0	0
68	450	WESTON	4631	580	714795	197783	8286	1452	6834	85	30	55	6368	5037	2323	0	0	0
68	455	YELLOWSTONE NATIO	165	0														
71	0	CALIFORNIA	3426861	136409	27516955	113487700	314288	14995	299293	55853	5466	50387	79413	358537	79037	71641	144047	0
71	10	ALAMEDA	344177	3149	224171	1861403	5783	258	5525	99	12	87	54	875	635	0	0	0
71	30	ALPINE	243	23	16959	24980	154	15	139	4	0	4	0	174	0	0	0	0
71	50	AMADOR	7793	362	257538	230592	1318	37	1281	55	1	54	156	500	447	0	0	0
71	70	BUTTE	30030	2465	467268	2077254	4514	207	4307	643	42	601	434	21842	1364	20742	0	0
71	90	CALAVERAS	6183	622	353607	214045	1801	76	1725	63	6	57	48	245	113	0	0	0
71	110	COLUSA	9290	1139	448976	2003582	2592	72	2520	2066	66	2000	130	17494	80	15938	16	0
71	130	CONTRA COSTA	53889	1938	288415	1395466	5534	281	5253	420	120	300	4355	1801	100	0	0	0
71	150	DEL NORTE	2759	153	41004	147425	494	35	459	15	4	11	496	0	91	0	0	0
71	170	EL DORADO	6426	883	286757	436760	1850	42	1808	107	10	97	42	103	268	0	0	0
71	190	FRESNO	128779	10462	1505713	6605643	18865	522	18343	4989	281	4708	1772	7962	183	0	8109	0
71	210	GLENN	11853	1544	555630	1705313	3493	190	3303	1643	206	1437	706	18555	572	8573	0	0
71	230	HUMBOLDT	37413	2258	490676	1656268	5746	188	5558	282	32	250	478	196	567	0	0	0
71	250	IMPERIAL	43453	3191	378639	2488995	10270	471	9799	3823	223	3600	4613	1490	208	0	73967	0
71	270	INYO	7031	482	144182	348468	3386	260	3126	695	66	629	1632	847	215	0	0	0
71	290	KERN	54843	2793	1291193	2926640	9914	595	9319	2580	402	2178	1966	17995	1000	17	20925	0
71	310	KINGS	22031	2359	491946	2203216	7124	331	6793	1465	209	1256	293	18312	20	0	7465	0
71	330	LAKE	5402	978	218283	639123	1656	74	1582	243	53	190	460	1506	244	0	0	0
71	350	LASSEN	8507	425	472917	503348	6284	671	5613	989	326	663	28	2352	415	0	0	0
71	370	LOS ANGELES	936455	12381	508153	8135513	11296	500	10796	1890	191	1699	2796	21	294	0	0	0
71	390	MADERA	12203	1721	468870	1492347	4230	217	4013	2163	228	1935	190	21787	726	0	1329	0
71	410	MARIN	27342	761	264950	998125	2303	96	2207	87	2	85	201	5	1202	0	0	0
71	430	MARIPOSA	2775	276	226641	207720	1268	66	1202	289	47	242	79	64	77	0	0	0
71	450	MENDOCINO	24116	1809	883929	1262083	4135	192	3943	411	11	400	857	3228	2040	0	0	0
71	470	MERCED	24579	3722	772570	2536560	8651	337	8314	1978	131	1847	673	3005	2737	0	151	0
71	490	MODOC	5425	670	505847	647768	8681	1037	7644	896	372	524	0	1860	1515	0	0	0
71	510	MONO	960	91	138828	93015	887	75	812	74	7	67	80	20	4	0	0	0
71	530	MONTEREY	27980	1922	957692	2499367	10477	500	9977	890	116	774	327	5289	728	0	0	0
71	550	NAPA	20678	1687	317016	1352384	2962	143	2819	261	38	223	499	1375	1914	0	0	0
71	570	NEVADA	10850	408	130047	196940	948	33	915	40	4	36	55	8	0	0	0	0
71	590	ORANGE	61375	4466	286099	3839764	4632	108	4524	2666	83	2583	1346	3375	250	0	160	0
71	610	PLACER	18584	1448	226630	927469	3093	81	3012	332	24	308	49	9337	3675	0	0	0
71	630	PLUMAS	5681	181	134608	225655	1309	81	1228	63	13	50	0	220	378	0	0	0
71	650	RIVERSIDE	50297	4960	527826	2833612	8698	449	8249	2395	149	2246	2608	15586	549	0	25960	0
71	670	SACRAMENTO	91029	3921	447339	3055607	8345	239	8106	540	15	525	4888	30028	6681	2406	0	0
71	690	SAN BENITO	8995	997	576301	726830	3645	243	3402	36	6	30	256	43	0	0	0	0
71	710	SAN BERNARDINO	73401	5697	440721	3127540	6069	174	5895	1404	101	1303	3206	79	175	0	0	0
71	730	SAN DIEGO	112248	3967	782445	2033805	7973	610	7363	1267	169	1098	4749	1147	311	0	0	0
71	750	SAN FRANCISCO	506676	17	138	14450	11	0	11	0	0	0	0	0	0	0	0	0
71	770	SAN JOAQUIN	79905	5640	705207	5517592	14844	303	14541	1450	170	1280	22059	30612	11709	0	0	0
71	790	SAN LUIS OBISPO	21893	2055	1334347	1894193	9648	571	9077	602	59	543	2056	8789	319	0	0	0
71	810	SAN MATEO	36781	979	168491	1698209	2535	104	2431	63	11	52	202	61	5897	0	0	0
71	830	SANTA BARBARA	41097	1363	730657	1626630	7979	590	7389	356	16	340	4415	324	2410	0	0	0
71	850	SANTA CLARA	100676	6959	674249	6667239	8455	207	8248	388	38	350	190	10	301	0	0	0
71	870	SANTA CRUZ	26269	2232	159096	1083345	2865	81	2784	85	6	79	658	31	256	0	0	0
71	890	SHASTA	13361	1195	641957	720945	3934	217	3717	332	29	303	250	3912	74	0	0	0
71	910	SIERRA	1783	68	61712	138805	569	37	532	19	4	15	0	2	0	0	0	0
71	930	SISKIYOU	18545	952	502935	506269	5945	542	5403	441	113	328	82	8341	925	0	0	0
71	950	SOLANO	40602	1522	369201	2025922	4646	136	4510	998	73	925	200	22278	1615	0	0	0
71	970	SONOMA	52090	6350	680057	4243366	9394	235	9159	428	24	404	1085	919	1547	0	0	0
71	990	STANISLAUS	43557	5177	691620	3855314	10632	253	10379	1656	269	1387	2660	8935	12821	65	0	0
71	1010	SUTTER	10115	1694	299919	2674247	3142	107	3035	848	33	815	599	20824	5705	7485	0	0
71	1030	TEHAMA	12882	1785	1198148	1203812	5062	329	4733	1535	160	1375	347	8534	917	0	0	0
71	1050	TRINITY	2551	223	153356	98415	876	59	817	132	7	125	38	612	70	0	0	0
71	1070	TULARE	59031	7106	1016991	7060293	16012	661	15351	4266	296	3970	3559	4094	169	0	5925	0
71	1090	TUOLUMNE	7768	578	355350	350580	1794	136	1658	89	21	68	5	715	304	0	0	0
71	1110	VENTURA	28724	1647	458770	4227573	7323	580	6743	2461	183	2278	245	30	0	0	40	0
71	1130	YOLO	17105	1852	448346	3400594	5716	222	5494	1498	141	1357	216	21374	362	14470	0	0
71	1150	YUBA	10375	704	336022	819282	2526	119	2407	343	47	296	25	9414	3858	1945	0	0
72	0	OREGON	783389	55911	14130847	35642615	223848	19856	203992	19062	3312	15750	58131	859541	259604	0	0	0
72	10	BAKER	17929	1464	560915	828143	11772	1266	10506	671	253	418	574	10956	6031	0	0	0
72	30	BENTON	13744	1369	214858	821998	3392	145	3247	74	13	61	1348	9924	12408	0	0	0
72	50	CLACKAMAS	37698	5024	300084	2150873	7846	237	7609	147	5	142	4893	16298	23228	0	0	0
72	70	CLATSOP	23030	537	53672	361857	724	36	688	10	2	8	12	87	476	0	0	0
72	90	COLUMBIA	13960	1595	105619	423902	1852	48	1804	50	4	46	576	899	1595	0	0	0
72	110	COOS	22257	1273	182743	682095	2416	99	2317	36	2	34	1428	139	237	0	0	0
72	130	CROOK	3424	412	458816	290520	4342	596	3746	149	18	131	4	1476	634	0	0	0
72	150	CURRY	3025	278	103243	207954	720	55	665	66	8	58	189	2	18	0	0	0
72	170	DESCHUTES	9622	670	108629	350887	2858	288	2570	43	8	35	44	623	307	0	0	0
72	190	DOUGLAS	21332	2551	579060	1257871	5240	199	5041	204	11	193	3847	6331	8113	0	0	0
72	210	GILLIAM	3960	365	570774	928190	7001	720	6281	1602	316	1286	110	85096	14	0	0	0
72	230	GRANT	5496	591	758948	436357	7701	1172	6529	519	209	310	131	1648	706	0	0	0
72	250	HARNEY	3992	681	689338	472703	15427	2422	13005	999	227	772	0	991	1303	0	0	0
72	270	HOOD RIVER	8315	1123	46660	889672	1177	13	1164	45	2	43	202	93	94	0	0	0
72	290	JACKSON	20405	2142	277826	1289339	4868	241	4627	262	41	221	3415	8444	676	0	0	0
72	310	JEFFERSON	3211	463	491190	485133	4326	490	3836	290	48	242	13	28422	113	0	0	0
72	330	JOSEPHINE	7655	945	91501	369647	1514	30	1484	97	7	90	1070	1430	728	0	0	0
72	350	KLAMATH	11413	789	341048	806544	6572	745	5827	346	123	223	9	2446	1008	0	0	0
72	370	LAKE	3991	478	484676	432635	5946	955	4991	947	271	676	0	1616	149	0	0	0
72	390	LANE	36166	4168	516735	1836502	7494	234	7260	280	16	264	4124	16572	21774	0	0	0
72	410	LINCOLN	6084	752	115975	216508	1279	30	1249	37	6	31	163	12	199	0	0	0
72	430	LINN	24550	3308	467353	1809365	9087	396	8691	131	19	112	5791	27959	48317	0	0	0
72	450	MALHEUR	10907	1331	484820	843775	18455	2701	15754	1371	502	869	4567	4936	1321	0	0	0
72	470	MARION	47187	4833	386234	2451517	8514	311	8203	209	26	183	9389	28444	41231	0	0	0
72	490	MORROW	5617	694	926252	1120643	8802	774	8028	2210	257	1953	210	89228	75	0	0	0
72	510	MULTNOMAH	275898	1988	79617	1037025	2180	38	2142	82	6	76	1482	945	2820	0	0	0
72	530	POLK	14181	1850	237332	1287449	4412	172	4240	88	0	88	2779	19551	22015	0	0	0
72	550	SHERMAN	3826	417	419578	1336664	7648	842	6806	475	67	408	57	106721	155	0	0	0
72	570	TILLAMOOK	8810	846	85029	362004	1072	13	1059	18	4	14	9	0	0	0	0	0
72	590	UMATILLA	25946	2484	1236093	3564149	16431	1255	15176	5722	408	5314	890	221771	813	0	0	0
72	610	UNION	16636	1218	420029	1085405	9516	901	8615	265	101	164	556	43738	7798	0	0	0
72	630	WALLOWA	9778	961	556722	699631	9461	1095	8366	553	128	425	671	26382	5435	0	0	0
72	650	WASCO	13648	1283	692104	1116004	8102	648	7454	550	105	445	369	52147	621	0	0	0
72	670	WASHINGTON	26376	3876	228975	1739557	6328	101	6227	195	19	176	4584	19814	26157	0	0	0
72	690	WHEELER	2791	288	577437	260956	3583	374	3209	202	75	127	132	2941	47	0	0	0
72	710	YAMHILL	20529	2864	280962	1389141	5790	214	5576	117	5	112	4493	21459	22988	0	0	0
73	0	WASHINGTON	1356621	73267	12610310	41234948	242099	16226	225873	26417	3289	23128	40383	1746653	146125	0	0	0
73	10	ADAMS	9623	817	833915	1409919	11057	733	10324	2602	451	2151	28	202399	133		0	0
73	30	ASOTIN	6539	534	230593	393935	4363	356	4007	190	74	116	221	24183	132		0	0
73	50	BENTON	10903	1841	349631	942066	6489	661	5828	316	31	285	2090	19664	161		0	0
73	70	CHELAN	20906	2172	158244	1760628	2797	137	2660	275	11	264	1573	1881	144		0	0
73	90	CLALLAM	11368	732	59747	324939	1098	43	1055	22	5	17	2	536	646		0	0
73	110	CLARK	32805	3420	192444	1206331	5522	154	5368	160	3	157	3772	2823	5962		0	0
73	130	COLUMBIA	6093	565	321774	1022603	5981	467	5514	2954	342	2612	644	70416	312		0	0
73	150	COWLITZ	11791	1154	93210	395876	1910	41	1869	33	3	30	293	874	1103		0	0
73	170	DOUGLAS	9392	1349	628200	1195895	10558	889	9669	805	149	656	329	112506	1082		0	0
73	190	FERRY	5143	602	142557	243807	5826	618	5208	167	28	139	953	3764	1154		0	0
73	210	FRANKLIN	5877	348	390011	500530	3318	193	3125	1489	172	1317	165	45286	0		0	0
73	230	GARFIELD	3875	440	352347	892900	7747	488	7259	1200	200	1000	118	66990	88		0	0
73	250	GRANT	7771	903	663800	742813	9515	898	8617	627	137	490	282	82998	817		0	0
73	270	GRAYS HARBOR/CHEH	44745	1279	94320	618732	1500	87	1413	16	2	14	11	618	1734		0	0
73	290	ISLAND	5489	950	49776	352053	1024	65	959	35	2	33	90	2822	1561		0	0
73	310	JEFFERSON	6557	350	32015	97889	436	2	434	11	0	11	10	155	258		0	0
73	330	KING	389273	5125	140332	1611060	3633	65	3568	54	2	52	1101	204	1450		0	0
73	350	KITSAP	33162	2359	51453	460214	1119	12	1107	21	0	21	97	127	103		0	0
73	370	KITTITAS	17737	818	440689	806482	5274	480	4794	68	16	52	143	8021	6870		0	0
73	390	KLICKITAT	9268	1262	694970	958138	6833	487	6346	355	29	326	208	51551	1042		0	0
73	410	LEWIS	36840	3259	215122	1190570	4809	250	4559	112	19	93	497	3768	10453		0	0
73	430	LINCOLN	15141	1595	1238757	2353967	20296	1512	18784	3068	494	2574	1194	327541	3118		0	0
73	450	MASON	4919	544	41667	185609	586	26	560	6	0	6	12	118	445		0	0
73	470	OKANOGAN	17094	2496	586281	1155064	15639	1578	14061	401	98	303	2004	20387	2840		0	0
73	490	PACIFIC	14891	524	52092	258722	743	12	731	6	0	6	1	14	232		0	0
73	510	PEND OREILLE	6363	505	86680	171907	1057	29	1028	22	6	16	46	290	1109		0	0
73	530	PIERCE	144127	4321	128191	1226642	3130	50	3080	40	7	33	351	200	1015		0	0
73	550	SAN JUAN	3605	566	67042	229370	862	40	822	11	0	11	27	1065	1594		0	0
73	570	SKAGIT	33373	2858	137681	1421021	3925	234	3691	52	8	44	526	1787	17792		0	0
73	590	SKAMANIA	2357	310	29283	102106	424	17	407	36	1	35	274	15	164		0	0
73	610	SNOHOMISH	67690	4740	168528	1215606	3688	94	3594	90	7	83	1188	226	3786		0	0
73	630	SPOKANE	141289	5035	765973	2650347	16590	755	15835	668	44	624	4467	125630	21214		0	0
73	650	STEVENS	21605	2643	437572	964584	8408	514	7894	211	23	188	3780	9688	4930		0	0
73	670	THURSTON	22366	2069	142479	636913	2231	89	2142	40	6	34	270	994	2623		0	0
73	690	WAHKIAKUM	3472	395	32612	111651	424	1	423	0	0	0	16	0	0		0	0
73	710	WALLA WALLA	27539	1415	598261	1936709	9448	573	8875	4981	259	4722	1147	159583	521		0	0
73	730	WHATCOM	50600	3763	179834	1375509	4301	120	4181	59	13	46	643	1038	9062		0	0
73	750	WHITMAN	31323	2858	1182121	3930874	30837	2237	28600	4202	587	3615	1832	377048	36877		0	0
73	770	YAKIMA	63710	6351	600106	4180967	18701	1219	17482	1012	60	952	9978	19443	3598		0	0
