state	county	name	farms	facres	farmequi	horses	mules	tractors
1	0	CONNECTICUT	17195	1502279	12370693	20735	518	2667
1	10	FAIRFIELD	2081	142404	1628518	2126	46	310
1	30	HARTFORD	3743	249615	3274740	4972	234	718
1	50	LITCHFIELD	2174	279582	1773315	3732	50	393
1	70	MIDDLESEX	1262	103092	724588	1166	52	159
1	90	NEW HAVEN	2155	149951	1940206	2377	32	488
1	110	NEW LONDON	2327	249238	1221691	2410	31	272
1	130	TOLLAND	1553	140127	905218	1854	52	173
1	150	WINDHAM	1900	188270	902417	2098	21	154
2	0	MAINE	39006	4639938	28382752	60958	524	3410
2	10	ANDROSCOGGIN	2322	215710	1209827	2637	34	143
2	30	AROOSTOOK	6459	868400	10627820	17002	111	1614
2	50	CUMBERLAND	2233	211867	1410359	3041	32	191
2	70	FRANKLIN	1530	220777	910309	2664	19	56
2	90	HANCOCK	1300	149386	613676	1234	12	52
2	110	KENNEBEC	3592	365873	1985090	4947	61	208
2	130	KNOX	1845	144158	669010	1558	7	41
2	150	LINCOLN	1870	169977	620920	1873	10	39
2	170	OXFORD	2806	393107	1514383	3883	52	183
2	190	PENOBSCOT	4060	504380	2809066	6668	37	269
2	210	PISCATAQUIS	918	152450	705189	1605	4	68
2	230	SAGADAHOC	815	91213	366379	979	12	42
2	250	SOMERSET	2996	407853	1780102	5353	50	173
2	270	WALDO	2511	293256	1256624	3380	36	140
2	290	WASHINGTON	1591	233191	689053	1644	14	29
2	310	YORK	2158	218340	1214945	2490	33	162
3	0	MASSACHUSETTS	25598	2005461	18730074	24797	272	3921
3	10	BARNSTABLE	484	21871	297283	161	6	68
3	30	BERKSHIRE	1604	251151	1314915	2493	24	262
3	50	BRISTOL	3042	145172	1849474	2634	20	482
3	70	DUKES	67	16064	43745	58	0	9
3	90	ESSEX	2024	117113	1721873	1704	11	316
3	110	FRANKLIN	2695	260326	1571323	3011	47	198
3	130	HAMPDEN	1786	166076	1078550	1639	31	292
3	150	HAMPSHIRE	2588	229708	1742792	3047	32	279
3	170	MIDDLESEX	3453	201029	3364057	2882	19	738
3	190	NANTUCKET	23	3702	39150	9	0	6
3	210	NORFOLK	1128	54940	1018896	927	8	208
3	230	PLYMOUTH	1734	100414	1296095	939	9	288
3	250	SUFFOLK	27	722	35120	18	0	1
3	270	WORCESTER	4943	437173	3356801	5275	65	774
4	0	NEW HAMPSHIRE	14906	1960061	8911507	20101	166	1096
4	10	BELKNAP	766	105276	481428	1061	10	55
4	30	CARROLL	981	144595	431394	1248	11	60
4	50	CHESHIRE	1102	160510	608008	1561	14	86
4	70	COOS	1214	215411	915578	2677	18	69
4	90	GRAFTON	2077	347473	1423541	3743	41	146
4	110	HILLSBOROUGH	2030	238249	1344612	2242	15	196
4	130	MERRIMACK	1997	270499	1094552	2478	27	126
4	150	ROCKINGHAM	2458	202432	1299493	2277	13	214
4	170	STRAFFORD	951	100621	553566	999	3	81
4	190	SULLIVAN	1330	174995	759335	1815	14	63
5	0	RHODE ISLAND	3322	279361	2718369	3199	67	589
5	10	BRISTOL	144	7605	138742	182	3	32
5	30	KENT	592	46286	469686	304	4	79
5	50	NEWPORT	625	37286	573677	1016	19	138
5	70	PROVIDENCE	1340	101173	1002270	1018	24	210
5	90	WASHINGTON	621	87011	533994	679	17	130
6	0	VERMONT	24898	3896097	20767500	52279	524	2426
6	10	ADDISON	2023	354792	2133967	5214	68	504
6	30	BENNINGTON	950	161973	827001	1892	36	127
6	50	CALEDONIA	2085	300927	1536063	4266	51	73
6	70	CHITTENDEN	1842	277498	1706012	4111	46	316
6	90	ESSEX	572	114744	449282	1323	4	43
6	110	FRANKLIN	2303	361109	2177311	5535	29	189
6	130	GRAND ISLE	434	45704	433334	907	8	125
6	150	LAMOILLE	1424	200032	978374	2761	36	69
6	170	ORANGE	2298	351247	1577572	4320	36	133
6	190	ORLEANS	2337	359561	2232888	5402	41	101
6	210	RUTLAND	2151	382442	1919629	4536	43	313
6	230	WASHINGTON	2178	303756	1745892	4337	69	140
6	250	WINDHAM	1665	282105	1139244	2779	17	126
6	270	WINDSOR	2636	400207	1910931	4896	40	167
11	0	DELAWARE	9707	900815	7285130	17833	9579	1600
11	10	KENT	2874	302006	2233386	6625	2285	594
11	30	NEW CASTLE	1839	207323	2016374	6192	581	447
11	50	SUSSEX	4994	391486	3035370	5016	6713	559
12	0	NEW JERSEY	25378	1758027	27076085	39269	3484	8088
12	10	ATLANTIC	1572	44788	956142	834	133	296
12	30	BERGEN	811	18858	972915	380	8	276
12	50	BURLINGTON	1948	182740	2953012	3847	968	932
12	70	CAMDEN	882	33504	688080	991	147	198
12	90	CAPE MAY	383	29897	250075	314	30	97
12	110	CUMBERLAND	2587	127826	2038799	2881	406	504
12	130	ESSEX	247	7723	424653	217	6	80
12	150	GLOUCESTER	2347	121369	2238892	3661	472	628
12	170	HUDSON	76	455	317875	11	0	1
12	190	HUNTERDON	2465	200644	2333068	4141	158	880
12	210	MERCER	1131	93051	1334108	2279	136	549
12	230	MIDDLESEX	1096	71297	1460460	1979	104	400
12	250	MONMOUTH	2228	154439	2449952	4660	296	831
12	270	MORRIS	1128	98581	1383500	1434	40	354
12	290	OCEAN	630	30288	298818	428	54	90
12	310	PASSAIC	412	12157	512018	319	6	156
12	330	SALEM	1426	128006	1665175	4084	298	448
12	350	SOMERSET	1258	99137	1521556	1843	65	553
12	370	SUSSEX	1155	165039	1355601	2238	45	320
12	390	UNION	285	6530	445077	241	3	66
12	410	WARREN	1311	131698	1476309	2487	109	429
13	0	NEW YORK	159806	17979633	173606369	320460	5849	40369
13	10	ALBANY	1927	202518	2370052	3663	71	424
13	30	ALLEGANY	3375	480715	3250825	7298	85	868
13	50	BRONX	15	172	12550	0	0	1
13	70	BROOME	3104	336035	2644000	5044	148	474
13	90	CATTARAUGUS	3999	544704	3855843	7507	119	806
13	110	CAYUGA	3865	372890	3993057	8595	206	1042
13	130	CHAUTAUQUA	6410	538635	5554016	9876	354	1409
13	150	CHEMUNG	1565	180186	1558123	3004	55	391
13	170	CHENANGO	3333	465666	3368172	7095	141	570
13	190	CLINTON	2852	429068	2786377	6660	75	333
13	210	COLUMBIA	2144	276426	2740673	4424	100	652
13	230	CORTLAND	1968	260387	2187820	4453	93	384
13	250	DELAWARE	3956	678333	4071393	8239	132	285
13	270	DUTCHESS	2190	337901	3264523	4858	98	777
13	290	ERIE	5942	433712	6644868	10439	196	1895
13	310	ESSEX	1757	264044	1326507	2969	29	206
13	330	FRANKLIN	2925	356541	2291359	5988	79	220
13	350	FULTON	1167	121767	1092399	2136	47	207
13	370	GENESEE	2555	259191	3367529	7022	60	1156
13	390	GREENE	1787	227312	1774395	2833	49	319
13	410	HAMILTON	160	32347	116553	241	4	7
13	430	HERKIMER	2400	300638	2903633	5468	58	606
13	450	JEFFERSON	4699	673211	5271437	11230	98	1178
13	470	KINGS	11	87	7175	7	0	1
13	490	LEWIS	2558	401363	2836147	5491	47	355
13	510	LIVINGSTON	2322	332762	3102972	7739	83	925
13	530	MADISON	3176	337272	3411558	6575	123	905
13	550	MONROE	4165	312589	5988747	8957	102	1842
13	570	MONTGOMERY	1753	212331	2681771	4134	40	856
13	590	NASSAU	579	23477	1893361	648	7	391
13	610	NEW YORK	0	0	0	0	0	0
13	630	NIAGARA	4018	282499	5093169	7553	198	2209
13	650	ONEIDA	4699	515700	5292450	10008	154	1085
13	670	ONONDAGA	4529	373716	5113257	9100	229	1230
13	690	ONTARIO	3322	343863	4524782	8590	210	1416
13	710	ORANGE	3115	301363	3531008	5062	91	628
13	730	ORLEANS	2392	213498	3409765	5663	79	1274
13	750	OSWEGO	4726	388861	3495344	7683	173	714
13	770	OTSEGO	3980	513337	3864458	8386	128	609
13	790	PUTNAM	293	53076	492509	541	13	97
13	810	QUEENS	186	2873	388653	74	2	46
13	830	RENSSELAER	2533	268552	2237207	4036	59	427
13	850	RICHMOND	66	1181	163920	26	0	8
13	870	ROCKLAND	360	18857	561274	301	20	177
13	890	ST LAWRENCE	6979	1001289	6947546	15505	152	1108
13	910	SARATOGA	2417	259324	2305260	3950	44	484
13	930	SCHENECTADY	736	71837	862546	1149	27	248
13	950	SCHOHARIE	2272	304574	2300676	4954	74	411
13	970	SCHUYLER	1361	155974	1198228	2650	121	326
13	990	SENECA	1666	172700	2207656	3969	97	839
13	1010	STEUBEN	5143	706899	5035364	11391	315	1247
13	1030	SUFFOLK	1772	99671	3729213	2521	78	972
13	1050	SULLIVAN	2979	286503	1960732	3861	64	126
13	1070	TIOGA	2273	262396	2145758	4023	161	443
13	1090	TOMPKINS	2358	240632	2106873	4288	156	547
13	1110	ULSTER	3690	314765	3126543	4214	56	540
13	1130	WARREN	889	130372	501453	1170	10	23
13	1150	WASHINGTON	2889	417432	3055591	6487	44	511
13	1170	WAYNE	4498	325462	5596344	8978	183	1577
13	1190	WESTCHESTER	428	41033	862866	594	18	129
13	1210	WYOMING	2839	333115	3237594	7069	93	803
13	1230	YATES	1739	185999	1890495	4071	101	630
14	0	PENNSYLVANIA	172419	15309485	154756206	311739	50664	33513
14	10	ADAMS	3333	264145	2725373	6558	2796	662
14	30	ALLEGHENY	2935	189888	3036907	3975	208	656
14	50	ARMSTRONG	2663	242288	1755025	4996	230	338
14	70	BEAVER	1973	161906	1290561	3226	112	316
14	90	BEDFORD	3184	425343	2084934	5486	596	438
14	110	BERKS	5359	391508	5912998	9762	2975	1691
14	130	BLAIR	1608	145447	1463138	2772	313	327
14	150	BRADFORD	4667	551417	4173865	9153	205	903
14	170	BUCKS	4360	260072	5193155	8074	339	1465
14	190	BUTLER	3690	293403	2791588	6382	211	693
14	210	CAMBRIA	2183	178594	1605249	3458	216	369
14	230	CAMERON	190	20951	72770	184	5	12
14	250	CARBON	736	70790	834178	1075	114	180
14	270	CENTRE	1875	247959	2389276	4722	408	511
14	290	CHESTER	4559	375221	6192396	10356	1173	1404
14	310	CLARION	2164	216356	2014559	4562	164	424
14	330	CLEARFIELD	2752	208102	1524444	3081	301	337
14	350	CLINTON	913	93754	835742	1747	118	212
14	370	COLUMBIA	2279	194755	2489691	4086	512	435
14	390	CRAWFORD	5518	499465	3985654	10514	260	729
14	410	CUMBERLAND	2932	237983	2501962	6536	2637	455
14	430	DAUPHIN	2299	188608	2115964	4040	1734	444
14	450	DELAWARE	689	47569	956092	1252	68	191
14	470	ELK	789	66911	542996	931	65	156
14	490	ERIE	4885	387136	3968927	8793	156	1062
14	510	FAYETTE	3364	247806	1940643	4922	190	494
14	530	FOREST	337	40431	168286	491	13	39
14	550	FRANKLIN	3536	338229	3230218	10375	1487	690
14	570	FULTON	1195	167916	764552	2443	392	109
14	590	GREENE	2741	324982	1257805	5063	172	194
14	610	HUNTINGDON	1771	276709	1456398	3509	882	309
14	630	INDIANA	3058	312979	2433365	5858	515	447
14	650	JEFFERSON	2450	204290	1644520	3804	301	274
14	670	JUNIATA	1319	141366	1198262	2542	994	256
14	690	LACKAWANNA	1500	116905	1369802	2121	117	288
14	710	LANCASTER	9705	517373	10516195	16800	9546	2001
14	730	LAWRENCE	2236	163388	1789440	3830	140	458
14	750	LEBANON	2203	161861	2045929	3488	2019	521
14	770	LEHIGH	2325	160314	3322292	5024	270	755
14	790	LUZERNE	2385	174297	2417272	3481	473	485
14	810	LYCOMING	2710	293468	2949019	5909	162	452
14	830	MCKEAN	1081	118852	817590	1686	14	122
14	850	MERCER	3967	334737	3004235	7447	243	624
14	870	MIFFLIN	1107	122009	1052719	2530	695	293
14	890	MONROE	1370	134856	1170204	1912	91	168
14	910	MONTGOMERY	3360	171744	3928657	5717	174	1170
14	930	MONTOUR	695	67820	757416	1803	90	184
14	950	NORTHAMPTON	2707	162560	3510107	5129	154	764
14	970	NORTHUMBERLAND	2143	185880	2188644	4187	825	402
14	990	PERRY	1861	207655	1375872	3162	1791	321
14	1010	PHILADELPHIA	231	13554	556243	437	5	105
14	1030	PIKE	528	65423	323629	543	33	43
14	1050	POTTER	1564	234367	1186372	2999	52	212
14	1070	SCHUYLKILL	2502	182808	2727314	4103	676	484
14	1090	SNYDER	1596	139442	1234078	3203	664	298
14	1110	SOMERSET	3400	410705	3318198	6785	290	702
14	1130	SULLIVAN	718	81322	522247	1281	11	52
14	1150	SUSQUEHANNA	3170	412418	2865668	6229	129	491
14	1170	TIOGA	3168	424118	2761310	6453	85	504
14	1190	UNION	1154	94800	1234949	2973	307	284
14	1210	VENANGO	1776	161984	1190414	2800	86	313
14	1230	WARREN	1999	202563	1323353	3128	52	255
14	1250	WASHINGTON	4274	437135	2780552	7591	294	669
14	1270	WAYNE	2908	328857	2238454	4667	122	241
14	1290	WESTMORELAND	4712	382678	3794554	7322	380	922
14	1310	WYOMING	1409	147243	1337448	2009	144	306
14	1330	YORK	7649	482070	6594537	10262	9668	1402
21	0	ILLINOIS	214497	30695339	160412877	820850	133457	69628
21	10	ADAMS	3559	490863	2170770	11918	3108	905
21	30	ALEXANDER	719	86089	165835	580	1454	71
21	50	BOND	1583	207538	564693	5697	959	235
21	70	BOONE	1159	170541	1406156	5122	214	548
21	90	BROWN	1211	176116	606454	4659	567	227
21	110	BUREAU	3058	511021	3482213	15483	704	1473
21	130	CALHOUN	1054	145512	569013	2529	1270	185
21	150	CARROLL	1697	267918	1590577	7147	244	493
21	170	CASS	1070	203904	803504	4427	1316	371
21	190	CHAMPAIGN	3315	608375	4405543	18820	2272	2007
21	210	CHRISTIAN	2507	407398	2510773	11738	2794	1128
21	230	CLARK	2481	259596	740815	6685	642	367
21	250	CLAY	2084	248824	511792	5332	931	215
21	270	CLINTON	1747	258106	1189476	6359	1817	334
21	290	COLES	2179	290114	1800135	7614	1382	1054
21	310	COOK	3348	214742	3409744	7408	142	1415
21	330	CRAWFORD	1814	214031	529005	5104	458	349
21	350	CUMBERLAND	1608	175268	427383	4890	654	332
21	370	DE KALB	2317	380565	3018299	12510	489	1274
21	390	DE WITT	1439	242091	1439747	7642	756	662
21	410	DOUGLAS	1456	246887	1755262	7427	971	874
21	430	DU PAGE	1296	140370	1260151	4084	134	749
21	450	EDGAR	2325	364607	1665784	8685	1678	977
21	470	EDWARDS	1030	129317	278407	2864	987	161
21	490	EFFINGHAM	2029	262634	608186	6906	1145	290
21	510	FAYETTE	3122	377718	825182	10687	1593	333
21	530	FORD	1549	298706	2032784	9429	689	1012
21	550	FRANKLIN	2071	176880	472569	4184	1689	159
21	570	FULTON	3343	503391	2331073	13816	1237	1085
21	590	GALLATIN	1104	150027	380010	2642	2361	129
21	610	GREENE	1816	303468	1058675	7878	1941	557
21	630	GRUNDY	1376	249958	1472482	6801	443	745
21	650	HAMILTON	2180	220476	299273	5191	1791	76
21	670	HANCOCK	3314	459683	2056876	13933	1477	982
21	690	HARDIN	698	93144	102995	1160	1070	18
21	710	HENDERSON	1073	211152	902359	5431	498	401
21	730	HENRY	3176	497385	3313071	16362	824	1385
21	750	IROQUOIS	3821	678458	3658365	21012	1647	1586
21	770	JACKSON	2252	286409	842657	4768	2941	478
21	790	JASPER	2177	257006	721364	7322	821	331
21	810	JEFFERSON	3334	295985	542476	7209	1633	161
21	830	JERSEY	1346	203680	809834	4855	948	324
21	850	JO DAVIESS	2023	348492	1717118	8383	263	602
21	870	JOHNSON	1471	171805	274380	2498	1788	114
21	890	KANE	1964	283726	2842357	7950	225	1175
21	910	KANKAKEE	2210	383221	2444906	10696	721	939
21	930	KENDALL	1140	194628	1572266	5571	190	705
21	950	KNOX	2560	418618	2128055	12374	784	982
21	970	LAKE	1566	170245	1808427	4970	128	745
21	990	LA SALLE	4019	663542	4569770	20659	850	2079
21	1010	LAWRENCE	1215	171656	490155	3458	1036	277
21	1030	LEE	2459	435888	2867479	12743	542	1103
21	1050	LIVINGSTON	3570	644539	5124849	19322	1857	2101
21	1070	LOGAN	2025	369309	2596907	10943	1735	1091
21	1090	MCDONOUGH	2433	347320	2011463	10496	1112	934
21	1110	MCHENRY	2607	343191	2518317	9437	198	1080
21	1130	MCLEAN	4060	718795	4895472	21706	2375	2062
21	1150	MACON	2422	340003	2253121	10249	1435	1052
21	1170	MACOUPIN	3290	464910	1659095	13137	2059	858
21	1190	MADISON	3325	375638	2218929	9065	3546	837
21	1210	MARION	2974	304722	664429	7343	1465	292
21	1230	MARSHALL	1164	222018	1408380	6504	326	585
21	1250	MASON	1371	292292	1463998	6474	1696	501
21	1270	MASSAC	1130	125098	280437	1689	1812	76
21	1290	MENARD	1034	188804	914092	5152	996	358
21	1310	MERCER	1841	318894	1691314	8883	1117	683
21	1330	MONROE	1310	199082	771238	2511	2900	474
21	1350	MONTGOMERY	2881	389782	1237896	11168	2021	660
21	1370	MORGAN	2136	327824	1471976	8985	2014	673
21	1390	MOULTRIE	1446	206146	1141051	6675	796	607
21	1410	OGLE	2688	448782	2863184	13777	402	1095
21	1430	PEORIA	2372	332754	2017655	9982	543	822
21	1450	PERRY	1774	204833	575775	4692	1328	232
21	1470	PIATT	1295	265339	1979666	8039	1201	765
21	1490	PIKE	2879	456921	1495873	10808	2118	622
21	1510	POPE	1250	167435	186546	2024	1767	60
21	1530	PULASKI	1047	93971	291210	1314	1986	102
21	1550	PUTNAM	483	89645	594913	2472	148	276
21	1570	RANDOLPH	2199	302671	792360	6357	2380	425
21	1590	RICHLAND	1632	192320	553250	4576	590	214
21	1610	ROCK ISLAND	1729	226800	1455531	6684	397	649
21	1630	ST CLAIR	2898	330534	1640402	6840	4741	784
21	1650	SALINE	2175	187893	452630	3933	2457	159
21	1670	SANGAMON	3284	504384	2365318	12793	2642	1085
21	1690	SCHUYLER	1635	248305	1088273	6255	616	428
21	1710	SCOTT	934	142518	721683	3078	905	351
21	1730	SHELBY	3462	433380	1513362	12381	2012	852
21	1750	STARK	976	174264	1207310	5705	427	453
21	1770	STEPHENSON	2631	335372	2826118	10886	329	1032
21	1790	TAZEWELL	2162	366130	2536464	11150	1146	975
21	1810	UNION	1752	200672	655925	2641	2654	337
21	1830	VERMILION	3630	529335	2936883	13609	1665	1546
21	1850	WABASH	953	120334	548962	2487	931	253
21	1870	WARREN	1870	327505	1944757	8064	764	826
21	1890	WASHINGTON	2114	303774	1036832	6921	2477	271
21	1910	WAYNE	3110	384305	659357	8287	2181	212
21	1930	WHITE	2015	268581	787669	4760	3468	334
21	1950	WHITESIDE	2754	418803	2978476	12920	482	1030
21	1970	WILL	2969	455382	3376154	12746	446	1445
21	1990	WILLIAMSON	2500	204690	574454	3837	2713	206
21	2010	WINNEBAGO	1928	276273	1923780	7921	234	693
21	2030	WOODFORD	1914	315293	2062466	9560	629	991
22	0	INDIANA	181570	19688675	86778440	443411	81988	41979
22	10	ADAMS	2140	208066	1174369	6036	312	710
22	30	ALLEN	3477	351416	2210328	9475	469	1172
22	50	BARTHOLOMEW	1938	223104	1040663	4216	2354	376
22	70	BENTON	1195	254589	1180565	7087	627	578
22	90	BLACKFORD	975	95057	340202	2504	115	212
22	110	BOONE	2623	254573	1106709	7718	392	726
22	130	BROWN	874	104379	153513	1431	355	41
22	150	CARROLL	1813	219957	1314464	4777	652	758
22	170	CASS	2230	237122	1147102	6055	751	516
22	190	CLARK	2104	202792	602406	3241	1394	322
22	210	CLAY	2079	181096	533275	4162	1090	282
22	230	CLINTON	2199	247072	1592027	6981	438	751
22	250	CRAWFORD	1543	161809	257700	2251	1016	83
22	270	DAVIESS	2421	242355	717983	5163	2163	369
22	290	DEARBORN	2016	181196	794013	3729	1035	283
22	310	DECATUR	1667	214972	1119396	4613	1137	601
22	330	DE KALB	2222	210253	1263256	5236	202	613
22	350	DELAWARE	2639	230920	1144401	6247	403	608
22	370	DUBOIS	1947	245701	695238	4546	1923	270
22	390	ELKHART	2900	246215	1537677	6991	357	488
22	410	FAYETTE	1017	130613	705249	2845	388	393
22	430	FLOYD	1134	72434	329108	1399	515	151
22	450	FOUNTAIN	1739	230746	961788	4929	767	526
22	470	FRANKLIN	1915	235196	1099892	4604	851	459
22	490	FULTON	2010	221063	947101	5273	411	250
22	510	GIBSON	2140	237100	873630	4442	2808	553
22	530	GRANT	2541	234602	1339215	5488	412	832
22	550	GREENE	3022	276353	676808	4863	1685	285
22	570	HAMILTON	2623	239756	1343092	6388	399	873
22	590	HANCOCK	1895	182428	1077362	5663	366	572
22	610	HARRISON	2603	258167	729115	4787	1017	270
22	630	HENDRICKS	2306	239195	993756	5963	872	645
22	650	HENRY	2471	240047	1306530	5756	415	693
22	670	HOWARD	1946	173448	1003454	4868	297	652
22	690	HUNTINGTON	2353	229861	1245003	6021	478	653
22	710	JACKSON	2070	250204	1027239	2890	3494	323
22	730	JASPER	1672	307655	1124782	6739	495	526
22	750	JAY	2341	229187	942970	5997	332	461
22	770	JEFFERSON	2234	203804	698187	3912	1296	227
22	790	JENNINGS	1566	183118	420226	3261	940	177
22	810	JOHNSON	1876	186653	1185663	5360	628	648
22	830	KNOX	2359	291383	1376294	5277	3687	702
22	850	KOSCIUSKO	3143	312645	1567831	7844	619	462
22	870	LAGRANGE	1857	221887	1093338	5619	431	294
22	890	LAKE	1531	205147	1334478	5332	162	536
22	910	LA PORTE	2135	313858	1526694	7395	436	678
22	930	LAWRENCE	2261	233309	617572	2968	1356	251
22	950	MADISON	3060	257291	1521112	7215	362	908
22	970	MARION	2263	155224	1399889	3915	610	740
22	990	MARSHALL	2451	252318	1215394	6021	438	400
22	1010	MARTIN	1150	153155	258419	1993	988	132
22	1030	MIAMI	2095	226583	1150858	6044	613	572
22	1050	MONROE	1959	191985	418996	2937	779	142
22	1070	MONTGOMERY	2349	297369	1259160	8013	867	722
22	1090	MORGAN	1972	213066	697061	4809	716	451
22	1110	NEWTON	989	238894	963215	4954	595	389
22	1130	NOBLE	2259	240326	1357001	5563	373	488
22	1150	OHIO	584	53569	191290	1102	286	71
22	1170	ORANGE	1685	197703	498524	2976	1103	232
22	1190	OWEN	1587	190984	321621	3095	574	132
22	1210	PARKE	1858	232187	771340	4737	727	380
22	1230	PERRY	1528	191552	355076	2812	1368	121
22	1250	PIKE	1794	147037	362525	3350	1185	196
22	1270	PORTER	1677	208406	1233066	5232	258	460
22	1290	POSEY	1733	215805	742906	3070	3763	468
22	1310	PULASKI	1499	234845	865609	5288	419	386
22	1330	PUTNAM	2429	267194	724845	5424	765	399
22	1350	RANDOLPH	2815	270116	1338415	7215	355	734
22	1370	RIPLEY	2570	249364	920475	5260	1268	406
22	1390	RUSH	1875	248803	1524078	6839	557	791
22	1410	ST JOSEPH	2039	210983	1126631	5570	196	527
22	1430	SCOTT	1034	94879	204153	1713	591	125
22	1450	SHELBY	2324	240340	1453190	6934	622	753
22	1470	SPENCER	2211	226014	669590	4433	2874	200
22	1490	STARKE	1212	146359	586465	3112	225	303
22	1510	STEUBEN	1688	179743	927140	3972	272	365
22	1530	SULLIVAN	2671	234832	609514	5493	1196	393
22	1550	SWITZERLAND	1612	133639	398395	3105	566	111
22	1570	TIPPECANOE	2145	293057	1554213	7102	977	737
22	1590	TIPTON	1696	158884	973773	4595	233	547
22	1610	UNION	718	102571	686653	2176	382	290
22	1630	VANDERBURGH	1302	108451	649926	1639	2297	289
22	1650	VERMILLION	972	126779	521941	2645	578	259
22	1670	VIGO	2176	183460	500535	4106	1282	363
22	1690	WABASH	2229	244840	1345982	5860	663	697
22	1710	WARREN	1207	214517	911865	4597	623	472
22	1730	WARRICK	2026	185467	545291	3527	2808	237
22	1750	WASHINGTON	2181	271607	662253	4121	1766	308
22	1770	WAYNE	2183	239960	1400741	4839	496	717
22	1790	WELLS	2257	218499	1074208	5668	437	704
22	1810	WHITE	1718	287079	1208682	6800	849	610
22	1830	WHITLEY	2026	200436	1204760	5198	344	401
23	0	MICHIGAN	169372	17118951	105562502	382660	6528	34579
23	10	ALCONA	789	116241	430825	1753	18	75
23	30	ALGER	511	42690	277367	578	8	74
23	50	ALLEGAN	5300	401997	2737581	10706	240	938
23	70	ALPENA	1033	141662	513387	2403	18	130
23	90	ANTRIM	1141	139689	544869	2302	62	141
23	110	ARENAC	1202	129071	480290	2833	29	162
23	130	BARAGA	713	54745	349029	765	7	96
23	150	BARRY	2656	297756	1659354	6369	60	424
23	170	BAY	2901	219486	1871772	6772	66	691
23	190	BENZIE	616	72560	328616	1001	37	71
23	210	BERRIEN	5390	297118	3491454	8667	336	895
23	230	BRANCH	2750	289302	1808432	6992	174	503
23	250	CALHOUN	3205	371506	1875483	7939	158	499
23	270	CASS	2437	266210	1205695	5349	204	314
23	290	CHARLEVOIX	1029	105199	401758	1912	35	95
23	310	CHEBOYGAN	1052	115141	406851	1898	16	86
23	330	CHIPPEWA	1446	181453	701037	3586	23	210
23	350	CLARE	893	144042	355563	2281	61	100
23	370	CLINTON	2964	332122	2662389	8464	217	994
23	390	CRAWFORD	116	18448	44530	179		18
23	410	DELTA	1384	147954	743091	2303	32	228
23	430	DICKINSON	513	47216	280987	621	18	94
23	450	EATON	3385	331200	2350988	8210	175	929
23	470	EMMET	1023	106010	476855	1769	25	85
23	490	GENESEE	2907	293915	1989499	6999	133	954
23	510	GLADWIN	1107	130601	425448	2729	30	104
23	530	GOGEBIC	726	35892	327946	887	22	45
23	550	GRAND TRAVERSE	1332	136064	851270	2754	61	223
23	570	GRATIOT	3315	318521	2349345	8576	147	1004
23	590	HILLSDALE	3544	340414	2154953	8406	211	650
23	610	HOUGHTON	1840	145020	683605	2097	11	152
23	630	HURON	4155	475585	3025989	12739	108	1192
23	650	INGHAM	2961	304243	2098276	6918	106	852
23	670	IONIA	2833	322456	2347201	8078	112	779
23	690	IOSCO	632	95300	261457	1445	19	79
23	710	IRON	801	62486	399258	1102	9	87
23	730	ISABELLA	2507	280352	1706883	6492	58	480
23	750	JACKSON	2908	362083	1890177	7260	198	516
23	770	KALAMAZOO	2731	268696	1761455	5722	132	526
23	790	KALKASKA	490	72636	211160	1070	39	57
23	810	KENT	4422	392061	2952790	9462	120	766
23	830	KEWEENAW	102	6652	36620	97	1	4
23	850	LAKE	551	80217	283734	1254	35	33
23	870	LAPEER	3276	354347	2009572	8679	101	595
23	890	LEELANAU	1100	132823	620713	2306	34	127
23	910	LENAWEE	4453	440777	3455020	10857	357	1591
23	930	LIVINGSTON	2122	288828	1608281	5500	63	596
23	950	LUCE	178	25707	94463	307	2	36
23	970	MACKINAC/MICHILIM	415	48008	206192	844	0	68
23	990	MACOMB	2951	210915	2402901	5606	85	936
23	1010	MANISTEE	1172	129672	522267	2318	92	100
23	1030	MARQUETTE	1006	98888	541885	1311	12	110
23	1050	MASON	1637	155149	941776	3661	70	224
23	1070	MECOSTA	2063	243075	964924	4542	28	165
23	1090	MENOMINEE	1961	224481	1099340	3551	44	246
23	1110	MIDLAND	1784	167335	944328	3918	60	395
23	1130	MISSAUKEE	1072	162019	609978	2713	38	89
23	1150	MONROE	3803	288952	2575798	8844	145	1149
23	1170	MONTCALM	3650	372013	2153844	8821	66	463
23	1190	MONTMORENCY	397	56388	211234	736	13	55
23	1210	MUSKEGON	1626	137673	881206	2846	40	234
23	1230	NEWAYGO	2335	262271	1127093	4908	88	254
23	1250	OAKLAND	2405	286003	2040454	5668	153	856
23	1270	OCEANA	2012	201482	1048289	4061	92	244
23	1290	OGEMAW	985	149195	395849	2436	16	96
23	1310	ONTONAGON	1134	91929	482339	1575	10	149
23	1330	OSCEOLA	1831	251398	796173	4231	51	103
23	1350	OSCODA	220	42202	118813	548	8	51
23	1370	OTSEGO	440	60765	193242	896	2	38
23	1390	OTTAWA	3896	275831	2683940	7658	109	492
23	1410	PRESQUE ISLE	921	131931	548033	2015	8	98
23	1430	ROSCOMMON	160	28342	64635	293	2	19
23	1450	SAGINAW	4827	415554	3359308	11059	140	1576
23	1470	ST CLAIR	3627	341698	2115520	8514	85	884
23	1490	ST JOSEPH	2367	283075	1219907	6287	247	322
23	1510	SANILAC	4569	534670	2294932	13062	80	907
23	1530	SCHOOLCRAFT	357	39058	222243	671	1	61
23	1550	SHIAWASSEE	3063	313441	2432468	8089	81	1039
23	1570	TUSCOLA	4459	430505	2997855	10867	99	1305
23	1590	VAN BUREN	4334	314595	2246319	7333	227	582
23	1610	WASHTENAW	3259	373690	3039665	9158	120	1104
23	1630	WAYNE	2043	135048	2117971	3930	53	800
23	1650	WEXFORD	1149	127206	418463	2302	35	65
24	0	OHIO	219296	21514059	103175957	494947	31356	52974
24	10	ADAMS	2829	296669	636672	5254	813	172
24	30	ALLEN	2684	230424	1122635	5856	239	625
24	50	ASHLAND	2143	232530	1012033	5481	214	428
24	70	ASHTABULA	4333	337303	1631665	7071	205	1030
24	90	ATHENS	2009	227874	480664	3660	288	143
24	110	AUGLAIZE	2491	240845	1486352	6626	347	830
24	130	BELMONT	3120	272342	784435	5204	241	252
24	150	BROWN	3302	284188	807348	6787	838	291
24	170	BUTLER	2469	260906	1655289	5270	1082	964
24	190	CARROLL	1798	206060	594085	3837	93	169
24	210	CHAMPAIGN	2134	250148	1141238	6426	487	609
24	230	CLARK	2266	231091	1218431	5888	388	683
24	250	CLERMONT	3022	245187	924943	5120	1093	423
24	270	CLINTON	2103	249420	1040092	6565	913	700
24	290	COLUMBIANA	3308	261534	1289390	6369	254	488
24	310	COSHOCTON	2736	316642	916807	5390	236	237
24	330	CRAWFORD	2121	232299	1489435	5857	285	653
24	350	CUYAHOGA	1229	55155	704835	1571	39	383
24	370	DARKE	4825	361588	2230584	11540	813	1444
24	390	DEFIANCE	2061	234388	1241486	5658	179	849
24	410	DELAWARE	2793	266491	1192004	6244	369	649
24	430	ERIE	1709	134508	1121591	3468	98	645
24	450	FAIRFIELD	2985	289402	1498779	7446	322	637
24	470	FAYETTE	1569	247700	968295	6279	296	686
24	490	FRANKLIN	2968	248925	1810931	6546	331	955
24	510	FULTON	2805	241051	1902364	6834	172	941
24	530	GALLIA	2769	252797	501585	4392	412	90
24	550	GEAUGA	1884	172249	836777	4112	64	494
24	570	GREENE	2185	238873	1235378	6716	472	702
24	590	GUERNSEY	2646	276168	533495	4849	185	157
24	610	HAMILTON	2341	140353	1369054	2856	931	567
24	630	HANCOCK	2919	311301	1830513	7767	292	1164
24	650	HARDIN	2542	277744	1373225	6260	358	736
24	670	HARRISON	1767	210511	494980	3144	114	154
24	690	HENRY	2549	250413	1882042	6701	212	1168
24	710	HIGHLAND	3020	335439	1083156	8002	539	522
24	730	HOCKING	1426	179496	390943	2534	160	93
24	750	HOLMES	2249	242519	1153718	6729	139	338
24	770	HURON	2453	273492	1399474	6240	208	908
24	790	JACKSON	1544	191189	387628	2674	391	70
24	810	JEFFERSON	1603	178301	505528	2918	93	211
24	830	KNOX	2724	301836	1171653	5939	359	384
24	850	LAKE	1059	67740	619360	1394	36	362
24	870	LAWRENCE	2276	187146	551991	2954	558	92
24	890	LICKING	4027	386894	1653901	7906	319	586
24	910	LOGAN	2450	258711	1037609	6128	399	599
24	930	LORAIN	3038	238731	1647788	6146	115	1206
24	950	LUCAS	2065	120166	1143808	3491	97	669
24	970	MADISON	1577	279414	886352	7260	355	590
24	990	MAHONING	2283	176997	1073790	4352	176	598
24	1010	MARION	1851	231241	1300731	4787	409	721
24	1030	MEDINA	2674	224838	1388278	5957	242	762
24	1050	MEIGS	2359	218382	521635	3838	305	117
24	1070	MERCER	2768	270256	1460543	7943	306	876
24	1090	MIAMI	2830	238804	1906568	7426	706	921
24	1110	MONROE	2556	242891	463444	4586	137	92
24	1130	MONTGOMERY	3692	232092	2197671	6740	819	1334
24	1150	MORGAN	2241	242904	503604	4049	192	84
24	1170	MORROW	2351	231738	781109	5096	329	371
24	1190	MUSKINGUM	3265	351988	991679	5963	366	273
24	1210	NOBLE	2317	236732	405574	4444	112	52
24	1230	OTTAWA	1834	137510	1389883	3817	69	825
24	1250	PAULDING	1860	244420	1262030	5335	253	859
24	1270	PERRY	1933	188025	610421	3590	121	212
24	1290	PICKAWAY	2039	302444	1350631	8081	420	822
24	1310	PIKE	1592	204806	371694	2988	449	174
24	1330	PORTAGE	2766	235749	1312381	5688	99	755
24	1350	PREBLE	2769	258547	1539402	6619	1085	961
24	1370	PUTNAM	2825	283103	1707414	8263	357	876
24	1390	RICHLAND	2769	278086	1308438	6280	281	637
24	1410	ROSS	2404	348944	1145113	7032	402	556
24	1430	SANDUSKY	2641	235348	1729037	6625	217	995
24	1450	SCIOTO	2062	213635	552926	2925	919	260
24	1470	SENECA	2893	324350	2289233	8649	358	1154
24	1490	SHELBY	2398	242201	1359076	6456	434	923
24	1510	STARK	3435	260726	1973983	7282	303	931
24	1530	SUMMIT	1579	126710	954520	3069	78	611
24	1550	TRUMBULL	2951	248669	1421513	5300	131	690
24	1570	TUSCARAWAS	2728	275710	1101478	5091	163	381
24	1590	UNION	2294	251312	1122570	6438	334	582
24	1610	VAN WERT	2415	244649	1218435	6647	374	743
24	1630	VINTON	1075	153966	185326	1829	247	60
24	1650	WARREN	2224	230168	1144814	5790	913	636
24	1670	WASHINGTON	3718	331823	909843	5600	472	225
24	1690	WAYNE	3661	322128	2142068	9527	431	925
24	1710	WILLIAMS	2567	250712	1287276	6596	208	770
24	1730	WOOD	3727	355595	2799062	9197	385	1876
24	1750	WYANDOT	2025	239707	1400423	5693	311	586
25	0	WISCONSIN	181767	21874155	170278658	545936	7334	50173
25	10	ADAMS	1239	258095	649562	3796	72	115
25	30	ASHLAND	1087	109834	533755	1899	23	132
25	50	BARRON/DALLAS	4480	458124	3645370	12266	144	896
25	70	BAYFIELD/LA POINT	1931	193168	796509	3335	66	209
25	90	BROWN	3076	295680	3097282	8342	106	1042
25	110	BUFFALO	2042	407919	2227400	9163	85	604
25	130	BURNETT	1721	207884	842209	3814	43	180
25	150	CALUMET	2018	192538	2853069	5693	85	1086
25	170	CHIPPEWA	3736	467166	3160441	11203	91	705
25	190	CLARK	5068	502752	4282663	13557	109	995
25	210	COLUMBIA	3042	445355	3226216	11667	212	893
25	230	CRAWFORD	1915	328019	1470815	7112	150	321
25	250	DANE	5859	710214	6255063	21482	316	2226
25	270	DODGE	4586	515455	7198620	16304	100	2754
25	290	DOOR	2069	231377	2165059	5065	85	681
25	310	DOUGLAS	1922	169961	707124	2549	58	233
25	330	DUNN	3515	486388	3026008	12152	196	734
25	350	EAU CLAIRE	2208	294978	1627763	7917	72	309
25	370	FLORENCE	356	40503	264934	636	15	66
25	390	FOND DU LAC	4085	432284	5318836	13235	100	1964
25	410	FOREST	533	60964	262505	1000	3	65
25	430	GRANT	4087	678159	4100547	17760	606	1128
25	450	GREEN	2386	356597	3069629	9988	113	874
25	470	GREEN LAKE	1403	206333	1711754	5430	51	382
25	490	IOWA	2436	458034	2483397	10773	169	637
25	510	IRON	585	43892	226073	839	1	45
25	530	JACKSON	2284	349569	1756590	7611	99	355
25	550	JEFFERSON	3209	323653	3525717	9913	96	1117
25	570	JUNEAU	2221	304302	1450343	6525	147	348
25	590	KENOSHA	1220	139502	1538638	3665	83	657
25	610	KEWAUNEE	1972	207118	2156001	5777	48	832
25	630	LA CROSSE	1733	273294	1851737	6335	80	390
25	650	LAFAYETTE	2254	375292	2395264	9794	194	759
25	670	LANGLADE	1728	175679	1476655	3674	43	318
25	690	LINCOLN	1755	190961	1133907	3256	35	229
25	710	MANITOWOC	3767	350069	4733372	10541	76	1835
25	730	MARATHON	6359	713796	5711906	14960	118	1382
25	750	MARINETTE	2307	260527	1548591	5110	127	471
25	770	MARQUETTE	1302	251930	920799	4208	125	203
25	790	MILWAUKEE	1761	76608	1645408	3169	18	697
25	810	MONROE	3366	466234	3084994	10730	224	590
25	830	OCONTO	2784	305804	2257601	7192	80	570
25	850	ONEIDA	768	98991	486277	1342	21	141
25	870	OUTAGAMIE	3460	336179	3924815	9969	113	1466
25	890	OZAUKEE	1571	131893	1837219	4367	23	872
25	910	PEPIN	939	134636	706589	3289	15	230
25	930	PIERCE	3013	343004	2395391	10339	101	652
25	950	POLK	4142	444911	2874017	11566	155	558
25	970	PORTAGE	3016	419614	2135545	8648	56	352
25	990	PRICE	1997	182778	756779	2848	45	180
25	1010	RACINE	1854	175203	2366432	5488	66	930
25	1030	RICHLAND	2442	357898	1838166	7998	144	389
25	1050	ROCK	3361	418162	3266313	13008	202	1102
25	1070	RUSK	2058	200049	952955	4265	106	214
25	1090	ST CROIX	3221	427556	3042442	12380	131	623
25	1110	SAUK	3485	490412	3732359	12293	254	944
25	1130	SAWYER	1006	102278	380039	1919	30	71
25	1150	SHAWANO	3737	434540	3766160	9713	57	1054
25	1170	SHEBOYGAN	3513	298064	4035920	9694	47	1491
25	1190	TAYLOR	2464	246665	1459247	5008	49	312
25	1210	TREMPEALEAU	3051	444201	2967194	11723	101	557
25	1230	VERNON/BAD AX	4016	488934	3028801	12256	265	606
25	1250	VILAS	451	37301	222428	597	10	58
25	1270	WALWORTH	2502	313300	3014364	8930	182	1023
25	1290	WASHBURN	1341	168086	721726	2943	66	156
25	1310	WASHINGTON	2723	260921	3560396	7374	54	1408
25	1330	WAUKESHA	3164	296535	3988786	7782	65	1616
25	1350	WAUPACA	3487	409529	3397207	9800	95	880
25	1370	WAUSHARA	2186	337527	1730454	6358	57	422
25	1390	WINNEBAGO	2573	252789	2998610	7311	82	1201
25	1410	WOOD	2819	306188	2301901	7291	78	636
31	0	IOWA	214928	34019332	270516267	1047527	84960	66258
31	10	ADAIR	2108	358136	2482132	10296	908	578
31	30	ADAMS	1630	257900	1760561	7371	888	361
31	50	ALLAMAKEE	2108	370635	2445056	9253	173	402
31	70	APPANOOSE	2128	302159	1088425	6877	809	204
31	90	AUDUBON	1823	281975	2472899	9791	831	504
31	110	BENTON	2595	442004	3777990	15248	861	926
31	130	BLACK HAWK	2384	336043	2988860	9791	696	785
31	150	BOONE	2546	349230	3216371	11663	982	832
31	170	BREMER	2021	267620	2737842	9601	206	667
31	190	BUCHANAN	2295	348219	2050784	10758	625	407
31	210	BUENA VISTA	2092	358655	3794919	11628	657	916
31	230	BUTLER	2282	352597	2777867	11760	344	544
31	250	CALHOUN	2174	357951	3436579	12126	1012	871
31	270	CARROLL	2224	357939	3797818	12134	933	779
31	290	CASS	2198	353837	2837351	10722	1496	633
31	310	CEDAR	2207	348889	3138647	11130	798	714
31	330	CERRO GORDO	2004	345360	2777577	11129	380	617
31	350	CHEROKEE	1834	356540	3165564	11205	522	792
31	370	CHICKASAW	1979	303816	2348545	9635	213	396
31	390	CLARKE	1515	259680	1123030	7283	635	343
31	410	CLAY	1800	346577	3020570	10502	615	809
31	430	CLAYTON	2992	464060	4433575	13181	497	991
31	450	CLINTON	2748	410683	3255464	13302	454	978
31	470	CRAWFORD	2556	449377	4330295	14332	1117	1028
31	490	DALLAS	2386	363774	3211041	10496	1193	979
31	510	DAVIS	1952	305915	1206288	7168	676	265
31	530	DECATUR	1969	318864	1199131	7890	1198	231
31	550	DELAWARE	2254	354626	2486161	10178	592	501
31	570	DES MOINES	1730	239758	1742904	7465	590	571
31	590	DICKINSON	1224	232177	1622219	7477	414	429
31	610	DUBUQUE	2276	362012	3260728	10615	386	545
31	630	EMMET	1285	247952	1985102	7416	553	500
31	650	FAYETTE	3038	443147	3373816	13010	371	585
31	670	FLOYD	1858	303035	2403783	9392	286	583
31	690	FRANKLIN	2082	361891	3297684	12087	549	793
31	710	FREMONT	1921	304908	2090613	8756	2363	478
31	730	GREENE	2062	352722	3200791	11743	1013	803
31	750	GRUNDY	1786	315908	2878116	10550	393	623
31	770	GUTHRIE	2379	361292	2467213	11457	999	600
31	790	HAMILTON	2213	362481	3908148	12794	719	958
31	810	HANCOCK	1936	352073	3148443	11478	578	777
31	830	HARDIN	2179	351061	3095181	11415	786	741
31	850	HARRISON	2960	430152	3668691	14012	2450	950
31	870	HENRY	1975	262397	1821907	8808	746	551
31	890	HOWARD	1717	284102	2270669	8230	210	412
31	910	HUMBOLDT	1475	267608	2643827	8053	504	653
31	930	IDA	1425	270448	2499654	9384	819	551
31	950	IOWA	2152	359455	2800388	10554	983	839
31	970	JACKSON	2207	383230	2171709	9356	826	458
31	990	JASPER	3054	448665	3521456	14273	1245	920
31	1010	JEFFERSON	1887	259987	1371518	7743	705	359
31	1030	JOHNSON	2561	373007	3031543	11801	1339	841
31	1050	JONES	2124	345364	2448292	10177	671	540
31	1070	KEOKUK	2665	351838	2343601	11403	1447	592
31	1090	KOSSUTH	3053	602421	5388582	18926	1051	1376
31	1110	LEE	2031	286870	1825649	7285	807	528
31	1130	LINN	3615	413994	3323936	13387	807	705
31	1150	LOUISA	1361	228654	1576377	6617	491	520
31	1170	LUCAS	1594	254776	1064165	6692	949	214
31	1190	LYON/BUNCOMBE	1820	362212	2954678	11890	276	542
31	1210	MADISON	2152	346790	2055088	9879	961	597
31	1230	MAHASKA	2762	346278	2764492	10804	1477	606
31	1250	MARION	2413	339958	2151733	10287	1093	492
31	1270	MARSHALL	2352	354128	3187284	11840	604	878
31	1290	MILLS	1640	262574	2020172	7698	1587	536
31	1310	MITCHELL	1717	281780	2186797	8435	298	509
31	1330	MONONA	2170	405596	3345032	11826	1514	1031
31	1350	MONROE	1695	253476	1081102	5655	1141	164
31	1370	MONTGOMERY	1615	266379	2021561	7832	1356	538
31	1390	MUSCATINE	1843	256033	2013561	8270	586	614
31	1410	O BRIEN	1965	356785	3593890	10894	455	831
31	1430	OSCEOLA	1278	249000	2083212	8317	322	486
31	1450	PAGE	2181	329269	2620544	9955	1855	648
31	1470	PALO ALTO	1883	347147	2817049	11446	669	679
31	1490	PLYMOUTH	2779	523811	4742135	17223	968	1176
31	1510	POCAHONTAS	2086	363634	3289037	11983	683	1095
31	1530	POLK	3132	330227	2996763	10108	1280	894
31	1550	POTTAWATTAMIE	4073	579704	5382151	17703	2841	1544
31	1570	POWESHIEK	2236	362213	2691682	11048	962	833
31	1590	RINGGOLD	1940	330314	1359316	8643	1222	372
31	1610	SAC	1874	344947	3202181	11434	982	810
31	1630	SCOTT	2263	273106	3480187	9311	665	976
31	1650	SHELBY	2188	374168	3610911	12976	1292	763
31	1670	SIOUX	2940	478694	4265434	17437	559	816
31	1690	STORY	2348	354434	3087718	11958	965	817
31	1710	TAMA	2700	436999	3887732	13474	915	904
31	1730	TAYLOR	2178	329399	1746622	9891	1233	390
31	1750	UNION	1626	256789	1527328	7456	709	303
31	1770	VAN BUREN	1893	287018	1187870	6903	687	316
31	1790	WAPELLO	2013	254044	1468876	6569	722	418
31	1810	WARREN	2521	352136	1876138	10201	991	518
31	1830	WASHINGTON	2337	337094	2981748	10644	1237	735
31	1850	WAYNE	1863	320395	1320147	8098	1063	309
31	1870	WEBSTER	2637	435127	4302795	13442	813	1308
31	1890	WINNEBAGO	1641	247526	2151576	8089	300	494
31	1910	WINNESHIEK	2863	423400	3782363	13125	325	681
31	1930	WOODBURY	3227	517091	4385744	16486	2084	1146
31	1950	WORTH	1472	248422	2014457	7643	189	530
31	1970	WRIGHT	1983	364789	3271114	11848	718	911
32	0	KANSAS	166042	46975647	167785230	714860	151470	66275
32	10	ALLEN	1958	300131	921794	7159	1246	509
32	30	ANDERSON	1915	340179	896564	7435	1389	342
32	50	ATCHISON	1755	253224	1159419	5870	2035	466
32	70	BARBER	1057	688041	1618900	5665	1886	669
32	90	BARTON	1693	543771	3426562	6940	1560	1360
32	110	BOURBON	2181	355153	723116	8382	1740	312
32	130	BROWN	2204	354493	2100818	8832	3138	735
32	150	BUTLER	2657	832854	2022183	12009	2867	1026
32	170	CHASE	839	402006	741200	4395	983	278
32	190	CHAUTAUQUA	1231	338001	501873	4851	1224	205
32	210	CHEROKEE/MCGHEE	2174	302408	811033	6097	2179	493
32	230	CHEYENNE	1091	600215	1422870	7652	937	502
32	250	CLARK	568	530640	1202097	2763	663	531
32	270	CLAY	1925	401220	1633266	9078	1723	716
32	290	CLOUD	2076	441914	1744929	9504	1693	697
32	310	COFFEY	2170	397064	1158697	8849	1819	445
32	330	COMANCHE	512	459592	1417877	2787	631	491
32	350	COWLEY	2894	642099	1669981	11534	2874	713
32	370	CRAWFORD	2588	324290	927051	7760	1989	420
32	390	DECATUR	1340	558183	1451750	8480	1257	496
32	410	DICKINSON	2541	522333	3063190	11347	2040	1445
32	430	DONIPHAN	1707	229620	1146346	4778	3042	363
32	450	DOUGLAS	1852	275485	1205562	6677	1391	594
32	470	EDWARDS	823	364745	1804310	2766	625	795
32	490	ELK	1243	371497	570368	5468	1174	185
32	510	ELLIS	1314	549764	1838846	9380	615	732
32	530	ELLSWORTH	1159	424010	1692186	5766	1192	768
32	550	FINNEY	971	649009	1645975	5028	769	614
32	570	FORD	1338	658870	3664773	4810	644	1331
32	590	FRANKLIN	2388	346777	1128579	8470	1671	448
32	610	GEARY	769	223409	753186	3321	840	318
32	630	GOVE	890	617392	1339869	5776	578	487
32	650	GRAHAM	1286	547050	1294910	7258	1633	382
32	670	GRANT	533	325798	1281475	1584	217	471
32	690	GRAY	828	489374	2049708	3094	335	833
32	710	GREELEY	282	188169	334804	1967	224	150
32	730	GREENWOOD	1905	591429	1281709	8824	1852	456
32	750	HAMILTON	440	275471	482587	2713	284	217
32	770	HARPER	1562	481082	2455211	6638	1446	1031
32	790	HARVEY	1746	333936	1868846	6474	1543	1009
32	810	HASKELL	461	309751	1287941	925	135	528
32	830	HODGEMAN	732	526171	1661484	3673	415	697
32	850	JACKSON	2446	394803	1496269	10171	2632	389
32	870	JEFFERSON	2166	333464	1118690	8118	2330	456
32	890	JEWELL	2573	553630	2029638	12741	2989	509
32	910	JOHNSON	2376	271142	1216120	6606	1783	416
32	930	KEARNY	462	368795	645890	3015	407	283
32	950	KINGMAN	1547	508616	2186637	7326	1703	1008
32	970	KIOWA	772	434018	1854725	3377	825	627
32	990	LABETTE	2499	377485	1037491	7911	2035	622
32	1010	LANE	489	416066	1162165	2786	609	437
32	1030	LEAVENWORTH	2001	261429	952157	5772	2294	344
32	1050	LINCOLN	1435	435363	1847946	7074	1329	774
32	1070	LINN	2216	360464	893251	8798	1731	343
32	1090	LOGAN	541	553265	769914	4884	466	279
32	1110	LYON	2609	494378	1733372	10855	2481	596
32	1130	MCPHERSON	2689	572121	3554044	10821	1927	1705
32	1150	MARION	2460	569241	2631163	11610	928	1528
32	1170	MARSHALL	2852	558331	2462113	13572	3061	728
32	1190	MEADE	933	615925	2381127	2860	415	856
32	1210	MIAMI/LYKINS	2282	353863	1111288	8584	1771	541
32	1230	MITCHELL	1709	438845	2276258	7989	1220	848
32	1250	MONTGOMERY	2522	355700	1116129	7329	2055	546
32	1270	MORRIS	1572	406529	1369995	7954	1462	472
32	1290	MORTON	393	304218	722507	2635	383	237
32	1310	NEMAHA	2471	432734	2017179	11546	2524	521
32	1330	NEOSHO/DORN	2155	325563	908836	7511	1586	409
32	1350	NESS	1108	620524	2410271	5702	583	922
32	1370	NORTON	1705	533162	1280467	9731	1939	262
32	1390	OSAGE	2605	434364	1457799	10247	2541	439
32	1410	OSBORNE	1652	551081	1901595	8955	1336	675
32	1430	OTTAWA	1616	439446	1686344	6999	1430	759
32	1450	PAWNEE	1192	489801	3134350	4085	684	1140
32	1470	PHILLIPS	1979	549064	1208724	10321	2775	288
32	1490	POTTAWATOMIE	2143	498442	1652524	9555	2344	475
32	1510	PRATT	1148	438078	2595480	4116	1042	1066
32	1530	RAWLINS	1176	665808	1865725	8138	795	690
32	1550	RENO	3137	770639	4489213	11034	2712	1935
32	1570	REPUBLIC	2292	441126	2019912	11076	2367	510
32	1590	RICE	1427	425451	2499230	5576	1375	1067
32	1610	RILEY	1568	349610	1445966	6108	1356	519
32	1630	ROOKS	1391	537117	1398817	7997	1609	433
32	1650	RUSH	1174	441277	2508688	5187	393	986
32	1670	RUSSELL	1344	533885	2125573	7604	683	910
32	1690	SALINE	1839	457221	2124469	6938	1644	971
32	1710	SCOTT	479	359827	766893	3139	435	317
32	1730	SEDGWICK	3520	604507	3416540	11106	3354	1635
32	1750	SEWARD	538	364471	1076824	2885	471	470
32	1770	SHAWNEE	2173	316093	1317223	7672	1695	510
32	1790	SHERIDAN	1049	562038	1588152	6141	899	511
32	1810	SHERMAN	804	578648	1320937	4787	343	539
32	1830	SMITH	2299	560068	1714245	12479	2891	379
32	1850	STAFFORD	1359	478986	2706023	4651	2050	1167
32	1870	STANTON	315	256340	713694	1743	116	273
32	1890	STEVENS	634	363498	1338505	3616	563	435
32	1910	SUMNER	2952	725570	3192900	12243	3416	1594
32	1930	THOMAS	940	648777	1949593	5314	890	716
32	1950	TREGO	980	542145	1399646	5810	628	595
32	1970	WABAUNSEE	1629	449777	1278836	6955	2059	452
32	1990	WALLACE	410	388455	414173	3981	444	141
32	2010	WASHINGTON	2793	548566	2393635	12458	2431	787
32	2030	WICHITA	373	317612	573475	3080	174	205
32	2050	WILSON	1845	321216	801032	6252	1763	405
32	2070	WOODSON	1190	284399	604764	4660	1130	259
32	2090	WYANDOTTE	1496	65950	514244	1895	666	104
33	0	MINNESOTA	185255	30913367	181767478	805093	15218	48457
33	10	AITKIN	2467	286650	917020	4526	105	191
33	30	ANOKA	1457	193269	827933	4120	117	235
33	50	BECKER	2737	475518	1676282	10434	152	321
33	70	BELTRAMI	2083	265842	823562	3856	97	110
33	90	BENTON	1591	231631	1082562	6128	78	210
33	110	BIG STONE	1126	303468	1545937	7208	166	436
33	130	BLUE EARTH	3112	455103	3981745	15143	326	1247
33	150	BROWN	2105	376813	2927891	11387	200	780
33	170	CARLTON	2070	189273	846007	3365	67	170
33	190	CARVER	2041	216062	2651857	7549	107	566
33	210	CASS	2010	293300	905994	4711	190	173
33	230	CHIPPEWA	1730	359087	2344052	10015	216	659
33	250	CHISAGO	2024	233728	1777316	6100	40	254
33	270	CLAY	2087	569592	2419418	13424	156	737
33	290	CLEARWATER	1500	233352	747522	3947	85	203
33	310	COOK	127	14856	47210	119	1	8
33	330	COTTONWOOD	1949	391023	2630871	11817	409	859
33	350	CROW WING	1696	225373	692849	3612	99	149
33	370	DAKOTA	2251	325285	2341564	8979	157	609
33	390	DODGE	1752	262253	1869741	7489	159	670
33	410	DOUGLAS	2626	377866	2384643	10394	93	462
33	430	FARIBAULT	2480	440832	3313545	14276	315	1033
33	450	FILLMORE	3186	524867	3154626	15439	263	792
33	470	FREEBORN	3089	428909	3481730	14143	317	1114
33	490	GOODHUE	3044	457556	3498342	14206	203	1328
33	510	GRANT	1377	325241	1618517	8047	205	467
33	530	HENNEPIN	3981	256048	3246829	9239	160	648
33	550	HOUSTON	1910	333541	1793173	7967	99	448
33	570	HUBBARD	1304	197052	528300	3298	73	111
33	590	ISANTI	2030	245013	1331690	5945	92	252
33	610	ITASCA	2278	219383	916984	2945	66	191
33	630	JACKSON	2244	434444	3017871	13557	408	978
33	650	KANABEC	1535	192242	879700	4385	73	230
33	670	KANDIYOHI	2544	472553	2660063	13327	252	837
33	690	KITTSON/PEMBINA	1344	438016	1385099	8508	118	614
33	710	KOOCHICHING	1278	167813	548472	1516	32	140
33	730	LAC QUI PARLE	2109	479900	2955313	12847	201	917
33	750	LAKE	298	23108	108800	274	2	47
33	770	LAKE OF THE WOODS	723	113078	261746	1033	33	52
33	790	LE SUEUR	2139	270412	2536797	9075	85	588
33	810	LINCOLN	1578	329890	2055592	9827	249	502
33	830	LYON	1992	439213	2685818	12812	394	737
33	850	MCLEOD	2503	303600	3369537	10680	98	728
33	870	MAHNOMEN	681	165074	477002	3281	50	102
33	890	MARSHALL	2508	690645	1906433	12396	286	1011
33	910	MARTIN	2561	446219	3778548	15235	429	952
33	930	MEEKER	2479	371050	2776016	11061	159	668
33	950	MILLE LACS	2025	203006	1219613	5207	81	168
33	970	MORRISON	3260	485217	2233736	10968	144	345
33	990	MOWER	2506	426408	2616420	12457	268	866
33	1010	MURRAY	2038	434743	2677961	13052	366	757
33	1030	NICOLLET	1473	268502	2221062	7952	116	714
33	1050	NOBLES	2119	441494	2746051	14365	425	735
33	1070	NORMAN	1946	492788	1902683	11652	198	633
33	1090	OLMSTED	2400	393777	2821817	12308	283	785
33	1110	OTTER TAIL	6702	1118189	5828716	27610	335	1014
33	1130	PENNINGTON	1100	265476	789055	4653	134	240
33	1150	PINE	3288	361838	1727330	8471	126	366
33	1170	PIPESTONE	1255	279753	1576622	7942	246	388
33	1190	POLK	4205	1039614	4035292	22575	362	1263
33	1210	POPE	1762	378939	1908456	9019	106	435
33	1230	RAMSEY	1074	43230	715652	1540	16	113
33	1250	RED LAKE	891	228477	599673	4263	148	190
33	1270	REDWOOD	2646	541442	3678629	15935	331	1061
33	1290	RENVILLE	3185	606880	4696813	17688	264	1270
33	1310	RICE	2359	297334	2443111	9891	146	698
33	1330	ROCK	1338	294715	1953364	9571	236	435
33	1350	ROSEAU	1922	416927	987809	6259	184	398
33	1370	ST LOUIS	4872	444111	2073099	5588	92	586
33	1390	SCOTT	1577	210387	1881148	6651	89	361
33	1410	SHERBURNE	1214	220538	905615	4706	108	191
33	1430	SIBLEY	2215	364243	3349129	11313	171	816
33	1450	STEARNS	4656	791358	4284528	21320	194	937
33	1470	STEELE	1925	263039	2327142	9419	196	727
33	1490	STEVENS	1292	337644	1722882	8297	150	528
33	1510	SWIFT	1844	447184	2218693	11140	226	518
33	1530	TODD	3703	503826	2856689	13334	209	403
33	1550	TRAVERSE	1109	324709	1582786	7603	184	483
33	1570	WABASHA	1782	318003	2570503	9404	141	747
33	1590	WADENA	1405	224587	747004	4437	141	133
33	1610	WASECA	1678	258359	1886782	8646	230	613
33	1630	WASHINGTON	1963	224639	1745345	6554	127	375
33	1650	WATONWAN	1480	268204	1992765	8583	141	658
33	1670	WILKIN/TOOMBS	1198	404366	1878179	8567	79	628
33	1690	WINONA	2158	375902	2609484	10005	125	700
33	1710	WRIGHT	3745	393350	2991385	12835	147	717
33	1730	YELLOW MEDICINE	2209	475126	3035936	13671	271	926
34	0	MISSOURI	255940	33743019	94521636	597090	295778	24999
34	10	ADAIR	2170	317303	644421	7284	1191	182
34	30	ANDREW	2239	259392	1216598	7015	2104	291
34	50	ATCHISON	1612	323972	1713354	6786	3850	398
34	70	AUDRAIN	2197	391225	1170744	7038	4234	394
34	90	BARRY	3391	376731	734247	6648	2444	65
34	110	BARTON	2140	320135	989789	6765	2475	322
34	130	BATES	3381	506874	1721582	11913	3662	478
34	150	BENTON	2045	371868	805573	6076	2389	138
34	170	BOLLINGER	2135	281326	398502	2993	2882	64
34	190	BOONE	2695	366239	782941	5825	4336	196
34	210	BUCHANAN	2355	228546	1219464	4885	2982	417
34	230	BUTLER	2030	167907	385719	2384	3626	94
34	250	CALDWELL	1820	265643	883075	6398	1734	285
34	270	CALLAWAY	2753	443272	792817	5593	4899	241
34	290	CAMDEN	1463	265605	331395	2900	1133	32
34	310	CAPE GIRARDEAU	2569	312490	932978	5002	4045	203
34	330	CARROLL	2768	404514	1471155	7771	3748	544
34	350	CARTER	586	78373	107953	718	707	32
34	370	CASS/VAN BUREN	3021	416028	1892292	10737	2915	579
34	390	CEDAR	2132	264827	477543	5683	1774	62
34	410	CHARITON	2927	419900	1398706	9435	3528	499
34	430	CHRISTIAN	2407	255346	680623	4807	1576	96
34	450	CLARK	1742	275013	764225	6235	1130	308
34	470	CLAY	1870	216994	890310	4497	1995	232
34	490	CLINTON	1528	256733	1008188	4432	2847	236
34	510	COLE	1467	218697	713677	2908	1986	232
34	530	COOPER	2264	326417	1030666	4562	4774	319
34	550	CRAWFORD	1733	277468	368966	2501	1780	72
34	570	DADE	2207	294503	694241	5236	2145	160
34	590	DALLAS	2012	266285	383883	4501	1210	55
34	610	DAVIESS	2509	334872	1083177	7892	2450	332
34	630	DE KALB	1909	254733	859789	7076	1658	242
34	650	DENT	1697	284547	280837	2605	1592	9
34	670	DOUGLAS	2549	358027	513954	5180	1308	11
34	690	DUNKLIN	3892	226573	886060	2278	8117	81
34	710	FRANKLIN	3318	444267	1465897	5755	3913	476
34	730	GASCONADE	1495	278973	778268	2685	2268	184
34	750	GENTRY	2132	294963	958256	7878	1859	141
34	770	GREENE	4473	371909	1457490	7589	2692	180
34	790	GRUNDY	1800	264962	683845	6582	1251	158
34	810	HARRISON	3085	431881	1274728	10409	2303	252
34	830	HENRY/RIVES	2868	419483	1339574	9713	3373	339
34	850	HICKORY	1351	213282	404802	3461	1126	60
34	870	HOLT	1699	247737	1187886	5826	2674	374
34	890	HOWARD	1679	263018	746060	3898	3233	251
34	910	HOWELL	2844	362854	561881	4436	1886	42
34	930	IRON	899	108183	151137	834	1038	30
34	950	JACKSON	3494	294939	1708485	6743	2559	407
34	970	JASPER	3044	331960	1245767	6180	2678	424
34	990	JEFFERSON	2127	293387	795484	2972	2431	406
34	1010	JOHNSON	3329	486394	1565409	11175	3707	465
34	1030	KNOX	1743	304530	737443	6682	1197	316
34	1050	LACLEDE	2479	350112	605876	5156	1860	96
34	1070	LAFAYETTE	2979	373675	2086516	8926	5148	602
34	1090	LAWRENCE	3082	332606	971642	5982	2697	190
34	1110	LEWIS	1644	282817	866527	5898	1503	305
34	1130	LINCOLN	2251	327319	887446	5572	2406	329
34	1150	LINN	2357	360757	988603	8011	2031	248
34	1170	LIVINGSTON	2007	284463	817082	6850	1921	237
34	1190	MCDONALD	2468	231912	473996	4167	1452	26
34	1210	MACON	3439	466531	1238892	10232	2731	244
34	1230	MADISON	985	134629	213362	1171	1209	29
34	1250	MARIES	1504	266809	446216	2611	1943	55
34	1270	MARION	1581	244989	892021	4598	1343	344
34	1290	MERCER	1828	269189	549675	6058	948	116
34	1310	MILLER	1978	315608	574499	3791	2004	105
34	1330	MISSISSIPPI	1876	177785	528683	1082	5503	153
34	1350	MONITEAU	1791	242244	717722	3955	2852	165
34	1370	MONROE	2375	370538	989901	8381	2353	344
34	1390	MONTGOMERY	1867	271854	722257	4301	2990	201
34	1410	MORGAN	1719	269608	589354	3962	2420	115
34	1430	NEW MADRID	3825	258637	802821	2260	8389	222
34	1450	NEWTON	3380	311140	908563	6801	1833	184
34	1470	NODAWAY	3437	524065	2237675	14554	3187	505
34	1490	OREGON	1797	269673	327926	2731	1962	38
34	1510	OSAGE	1880	337252	646223	2821	2525	213
34	1530	OZARK	1804	269247	285038	3359	1494	16
34	1550	PEMISCOT	5546	211692	909637	966	9545	113
34	1570	PERRY	1802	249654	836449	3248	2989	222
34	1590	PETTIS	2813	400597	1337738	7799	4120	466
34	1610	PHELPS	1804	283413	410989	2839	1874	50
34	1630	PIKE	2357	369049	869909	6873	3173	358
34	1650	PLATTE	1803	232265	1131367	4783	2837	453
34	1670	POLK	3259	364190	823992	7245	2388	82
34	1690	PULASKI	1454	220858	325016	2577	1304	58
34	1710	PUTNAM	2076	311394	698375	6776	1353	115
34	1730	RALLS	1651	262313	787625	5309	2041	268
34	1750	RANDOLPH	2182	266075	752562	5982	1647	181
34	1770	RAY	2707	324293	1061261	6761	3673	314
34	1790	REYNOLDS	1306	166971	233114	1525	1573	41
34	1810	RIPLEY	1578	174155	292277	1999	2100	54
34	1830	ST CHARLES	2021	284415	1167552	4509	3294	618
34	1850	ST CLAIR	2407	354632	795311	6785	2505	160
34	1870	ST FRANCOIS	1393	164323	447502	1890	1416	86
34	1890	ST LOUIS	3058	172729	1836565	2804	3069	857
34	1930	STE GENEVIEVE	1204	222413	428275	2462	1457	82
34	1950	SALINE	2764	429795	1928935	7619	6329	597
34	1970	SCHUYLER	1146	174270	480133	3823	533	88
34	1990	SCOTLAND	1614	257069	691629	5825	777	219
34	2010	SCOTT	1706	217936	567052	1696	4725	200
34	2030	SHANNON	1416	198554	202707	2124	1442	16
34	2050	SHELBY	1946	290684	884421	6651	1387	354
34	2070	STODDARD	3543	356178	702266	4484	7477	229
34	2090	STONE	1930	228619	408938	3312	1534	35
34	2110	SULLIVAN	2641	388867	738773	8077	2444	127
34	2130	TANEY	1232	192722	175426	2572	1178	12
34	2150	TEXAS	3346	462990	604390	6046	2079	61
34	2170	VERNON	3206	456346	1194148	10327	3612	372
34	2190	WARREN	1195	218202	678625	2495	2036	195
34	2210	WASHINGTON	1487	200451	325695	1834	1832	83
34	2230	WAYNE	1647	211838	279594	1700	2543	84
34	2250	WEBSTER	2732	321658	806225	5051	1391	83
34	2270	WORTH	1209	159213	484216	4259	735	131
34	2290	WRIGHT	2788	357029	535905	5434	1233	43
34	5100	ST LOUIS CITY	43	608	26670	22	6	4
35	0	NEBRASKA	129458	44708565	150925108	754296	98973	40729
35	10	ADAMS	1715	347541	1774762	9075	1633	391
35	30	ANTELOPE	2154	534703	2076631	11907	1325	534
35	50	ARTHUR	238	428696	205409	3227	148	25
35	70	BANNER	342	370737	756340	2177	117	275
35	90	BLAINE	278	356601	218173	2812	227	27
35	110	BOONE	1985	430401	1985247	11623	1504	528
35	130	BOX BUTTE	914	675210	1765592	6551	378	647
35	150	BOYD	1048	318960	943325	6443	596	202
35	170	BROWN	706	600468	555024	5450	481	128
35	190	BUFFALO	2429	581498	2135188	13709	1399	687
35	210	BURT	1569	287184	2237809	8785	1596	787
35	230	BUTLER	1883	362110	2646812	9974	1696	657
35	250	CASS	2060	339201	2374974	9954	2007	634
35	270	CEDAR	2193	448413	2749223	12894	1030	803
35	290	CHASE	766	502795	1009049	4764	614	331
35	310	CHERRY	1480	3419445	1598115	24647	1178	282
35	330	CHEYENNE	1116	646466	2427298	5166	325	964
35	350	CLAY	1782	359499	1897215	8878	1696	436
35	370	COLFAX	1393	248947	2040315	7426	601	681
35	390	CUMING	1943	361160	3127638	11309	1063	1020
35	410	CUSTER	3735	1532939	3680418	27529	2168	836
35	430	DAKOTA	844	146080	983062	4272	653	293
35	450	DAWES	870	830224	1368130	7378	1021	517
35	470	DAWSON	2086	593626	2245109	12042	1063	649
35	490	DEUEL	500	262035	1099575	2132	239	428
35	510	DIXON	1530	290542	1602614	9081	823	421
35	530	DODGE	1878	325520	2874597	9545	1246	976
35	550	DOUGLAS	1883	174695	1786238	5262	1121	493
35	570	DUNDY	709	532857	955957	6041	861	217
35	590	FILLMORE	1872	357256	2168344	9299	1604	522
35	610	FRANKLIN	1398	346090	1123443	7217	1639	173
35	630	FRONTIER	1367	610569	1388132	10051	1118	337
35	650	FURNAS	1549	444048	1509623	8706	1630	387
35	670	GAGE	2898	534499	3171791	13793	3298	681
35	690	GARDEN	710	949215	1046403	7258	441	246
35	710	GARFIELD	445	301592	322233	3260	313	57
35	730	GOSPER	846	278385	917040	5115	717	199
35	750	GRANT	121	694314	182887	3745	63	11
35	770	GREELEY	1173	351882	1173279	7284	942	181
35	790	HALL	1628	324551	1535366	7394	1163	427
35	810	HAMILTON	1766	338038	1841008	9765	1227	397
35	830	HARLAN	1257	346408	1154032	7151	1517	272
35	850	HAYES	646	437336	1047770	5164	782	258
35	870	HITCHCOCK	942	438366	1391214	6589	870	439
35	890	HOLT	2410	1349702	2013498	16125	1774	359
35	910	HOOKER	144	282091	156723	2010	97	7
35	930	HOWARD	1553	339513	1523240	8150	819	285
35	950	JEFFERSON	1716	351820	2104233	8237	1467	558
35	970	JOHNSON/JOHNSTON	1303	232729	1428660	6022	1368	414
35	990	KEARNEY	1249	307345	1317771	6434	821	373
35	1010	KEITH	779	634229	1535448	5596	388	485
35	1030	KEYA PAHA	576	458803	570771	4730	304	103
35	1050	KIMBALL	600	478372	1501168	1907	151	577
35	1070	KNOX/L'EAU QUI CO	2632	679161	2498259	15309	1368	631
35	1090	LANCASTER	3170	501733	3065029	13517	2707	846
35	1110	LINCOLN	2189	1391310	2250492	16931	1338	481
35	1130	LOGAN	288	318049	343164	2630	210	65
35	1150	LOUP	317	247592	242091	2697	292	23
35	1170	MCPHERSON	275	445534	187496	3503	174	13
35	1190	MADISON	1986	358863	2381828	11153	1107	622
35	1210	MERRICK	1390	288877	1428370	6906	751	371
35	1230	MORRILL	1081	756857	1167689	8484	637	292
35	1250	NANCE	1197	271545	1396226	7335	895	285
35	1270	NEMAHA	1511	244613	1602330	6441	1969	491
35	1290	NUCKOLLS	1587	347004	1570413	8153	2162	230
35	1310	OTOE	2280	377406	2676849	9159	3333	710
35	1330	PAWNEE	1409	257224	1240421	6675	1065	389
35	1350	PERKINS	1034	544800	2423067	4864	409	688
35	1370	PHELPS	1196	326235	1378128	6352	749	393
35	1390	PIERCE	1602	342687	1634873	9594	877	389
35	1410	PLATTE	2174	415106	2874373	11582	1383	892
35	1430	POLK	1507	270709	1792847	7635	1352	472
35	1450	RED WILLOW	1189	429839	1406981	6897	1138	406
35	1470	RICHARDSON	1964	326130	2024418	8367	2383	567
35	1490	ROCK	531	533417	347228	4367	393	82
35	1510	SALINE	2087	364832	2701342	10120	1400	814
35	1530	SARPY	1062	138740	1180459	4269	1155	388
35	1550	SAUNDERS	2699	462326	3581802	12992	1899	1158
35	1570	SCOTTS BLUFF	1793	378683	2584898	8852	754	629
35	1590	SEWARD	2132	356983	2440767	10467	1522	707
35	1610	SHERIDAN	1303	1505285	2162825	13132	724	715
35	1630	SHERMAN	1466	356915	1206508	8742	725	264
35	1650	SIOUX	785	1024915	988018	6014	501	290
35	1670	STANTON	1225	264033	2122370	7587	775	489
35	1690	THAYER	1713	353192	1776644	8348	1848	425
35	1710	THOMAS	174	260409	130410	2014	103	9
35	1730	THURSTON	1234	220562	1180633	7024	962	377
35	1750	VALLEY	1300	348312	1333585	8280	666	284
35	1770	WASHINGTON	1612	236479	2203757	7254	1120	801
35	1790	WAYNE	1482	284120	2117207	8487	1033	636
35	1810	WEBSTER	1535	354764	1349318	8280	1801	213
35	1830	WHEELER	371	266545	274502	3033	202	52
35	1850	YORK	1999	361073	2413575	9795	1769	523
36	0	NORTH DAKOTA	77975	38657894	118743521	612058	7782	37605
36	10	ADAMS	929	569628	1823504	5468	60	649
36	30	BARNES	2082	896732	3261151	16144	142	994
36	50	BENSON	1771	804373	2828954	14822	209	781
36	70	BILLINGS	531	463058	627215	6122	64	208
36	90	BOTTINEAU	2166	1000470	3669349	14602	240	1274
36	110	BOWMAN	815	558035	1433761	4586	61	517
36	130	BURKE	1342	619716	2008656	10062	72	608
36	150	BURLEIGH	1338	856933	2092782	10058	146	687
36	170	CASS	2595	1062562	4461184	20988	129	1584
36	190	CAVALIER	1970	878503	3187982	16690	147	805
36	210	DICKEY	1359	644579	1945462	11077	216	630
36	230	DIVIDE	1468	722151	2319770	10537	153	789
36	250	DUNN	1407	936006	2051998	12896	105	707
36	270	EDDY	702	363704	944004	5526	89	299
36	290	EMMONS	1538	894131	2018279	16292	159	657
36	310	FOSTER	717	368619	1097183	5867	139	335
36	330	GOLDEN VALLEY	571	441755	1071330	4480	45	346
36	350	GRAND FORKS	2061	813298	2909496	15793	171	882
36	370	GRANT	1511	943415	2052142	13149	76	573
36	390	GRIGGS	941	436240	1346210	6890	45	482
36	410	HETTINGER	1087	686417	2230905	8281	73	725
36	430	KIDDER	1165	743874	1589037	9062	128	505
36	450	LA MOURE	1521	673690	2221680	11858	162	694
36	470	LOGAN	1075	607105	1277498	9839	71	383
36	490	MCHENRY	2143	1029730	3080346	14452	292	848
36	510	MCINTOSH	1101	580756	1422519	10594	156	429
36	530	MCKENZIE	1738	1210957	2847584	14627	209	974
36	550	MCLEAN	2389	1224889	3903817	17739	260	1214
36	570	MERCER	1030	608122	1727856	9361	54	494
36	590	MORTON	1851	1124430	2708126	16858	109	889
36	610	MOUNTRAIL	2098	984522	2998077	13436	125	1021
36	630	NELSON	1299	588359	1910164	10278	60	572
36	650	OLIVER	710	411598	1050207	5690	123	331
36	670	PEMBINA	1819	650011	2416651	11804	143	924
36	690	PIERCE	1154	583290	1949046	11422	141	452
36	710	RAMSEY	1470	742172	2842751	14023	210	818
36	730	RANSOM	1378	493168	1695121	9423	206	506
36	750	RENVILLE	1153	549383	1862122	8242	105	689
36	770	RICHLAND	2455	839539	3693864	18698	314	1048
36	790	ROLETTE	1312	506877	1269919	9166	113	381
36	810	SARGENT	1355	494790	1965080	10026	243	546
36	830	SHERIDAN	1083	551322	1438677	9285	59	424
36	850	SIOUX	688	410110	823281	6973	35	260
36	870	SLOPE	737	636092	1377555	5428	102	429
36	890	STARK	1337	773596	2305462	10728	22	832
36	910	STEELE	993	438299	1580474	7754	90	531
36	930	STUTSMAN	2476	1277185	3615414	19822	331	1208
36	950	TOWNER	1080	623082	2187749	10533	274	648
36	970	TRAILL	1435	522552	2468069	10787	179	824
36	990	WALSH	2483	789704	2883952	16559	214	999
36	1010	WARD	2662	1156516	4133830	17851	331	1272
36	1030	WELLS	1596	761526	2575354	13843	217	707
36	1050	WILLIAMS	2288	1110323	3540922	15567	163	1221
37	0	SOUTH DAKOTA	83157	36470083	107343678	621343	19168	33837
37	10	ARMSTRONG	10	4680	9000	313	0	2
37	30	AURORA	1140	429418	1330871	8154	332	452
37	50	BEADLE	2078	765657	2648102	15387	526	861
37	70	BENNETT	831	499942	1043884	5583	152	439
37	90	BON HOMME	1491	357577	1716199	10127	443	431
37	110	BROOKINGS	1991	482140	2526716	12774	322	663
37	130	BROWN	2315	1021496	3644524	18232	550	1236
37	150	BRULE	1044	487801	1178056	7416	377	361
37	170	BUFFALO	311	240634	373556	2725	51	109
37	190	BUTTE	982	864160	1144570	6475	150	331
37	210	CAMPBELL	807	469466	1234338	7200	90	447
37	230	CHARLES MIX	2241	664426	2793447	14257	1048	706
37	250	CLARK	1721	579308	2386489	12640	273	562
37	270	CLAY	1312	247359	1745707	7251	706	661
37	290	CODINGTON	1245	405916	1611779	8417	171	448
37	310	CORSON	1543	1032311	2015595	13468	188	742
37	330	CUSTER	629	521186	656355	5551	148	202
37	350	DAVISON	1017	265654	1215371	6769	337	348
37	370	DAY	1977	628742	2129545	13369	285	702
37	390	DEUEL	1295	368226	1495110	8333	230	461
37	410	DEWEY	870	1143193	1050252	18926	217	392
37	430	DOUGLAS	1028	272863	1227518	6472	243	383
37	450	EDMUNDS	1178	650834	1722786	10196	152	643
37	470	FALL RIVER	821	692242	869406	6738	330	361
37	490	FAULK	978	562481	1810666	7128	255	664
37	510	GRANT	1389	393791	1719925	9335	143	432
37	530	GREGORY	1645	589355	1574601	10120	797	441
37	550	HAAKON	801	755252	909762	6749	156	382
37	570	HAMLIN	1175	309028	1628438	7565	177	442
37	590	HAND	1690	881765	1770661	13496	402	790
37	610	HANSON	928	263956	1275773	6658	301	351
37	630	HARDING	772	1237723	979667	7632	70	299
37	650	HUGHES	590	365148	712459	4570	197	285
37	670	HUTCHINSON	1753	510592	2593895	13655	307	761
37	690	HYDE	634	443696	733000	6052	70	319
37	710	JACKSON	393	247863	473788	3472	147	177
37	730	JERAULD	855	332024	1094712	6015	369	369
37	750	JONES	530	414382	693834	4531	174	252
37	770	KINGSBURY	1678	503671	2596179	12296	315	673
37	790	LAKE	1352	345824	2267624	8952	300	563
37	810	LAWRENCE	411	148329	420115	2387	43	111
37	830	LINCOLN	1841	363890	2693072	11278	578	669
37	850	LYMAN	1145	812981	1280523	9405	315	486
37	870	MCCOOK	1449	354035	1957688	9798	256	407
37	890	MCPHERSON	1171	646915	1586427	11006	114	526
37	910	MARSHALL	1298	474605	1622311	9493	232	488
37	930	MEADE	1819	1291220	2185441	14704	387	883
37	950	MELLETTE	855	542785	766388	7654	169	306
37	970	MINER	1261	346165	1608560	8916	343	372
37	990	MINNEHAHA	2423	500715	3296337	14930	566	769
37	1010	MOODY	1373	322869	2151523	8573	342	501
37	1030	PENNINGTON	1303	861905	1776515	9826	225	654
37	1050	PERKINS	1502	1200288	2194068	11151	217	805
37	1070	POTTER	727	446613	1322717	5267	76	586
37	1090	ROBERTS	2292	636645	2453087	14495	270	673
37	1110	SANBORN	1102	347041	1265881	7830	267	388
37	1130	SHANNON	583	239613	410318	6922	66	138
37	1150	SPINK	1993	917151	3215802	16661	472	1010
37	1170	STANLEY	411	310560	408749	7157	134	144
37	1190	SULLY	673	523926	1226843	5001	133	603
37	1210	TODD	901	599462	967293	8404	242	331
37	1230	TRIPP	2058	914878	1962150	13935	561	583
37	1250	TURNER	1986	384347	3043903	11180	349	825
37	1270	UNION	1547	269276	1959301	8671	476	638
37	1290	WALWORTH	708	415140	1209380	5397	74	496
37	1310	WASHABAUGH	551	295463	624410	4210	115	232
37	1330	WASHINGTON	315	142068	236003	4738	50	80
37	1350	YANKTON	1616	317918	2111398	9236	495	685
37	1370	ZIEBACH	803	591498	783315	8119	100	305
40	0	VIRGINIA	170610	16728620	44319253	203174	94573	9757
40	10	ACCOMACK	2924	175532	1369270	3319	4096	101
40	30	ALBEMARLE	2527	346035	1038255	4706	898	310
40	50	ALLEGHANY	471	78835	153120	712	44	27
40	70	AMELIA	1475	157256	346444	1218	1114	102
40	90	AMHERST	2144	195632	388632	2913	280	62
40	110	APPOMATTOX	1246	156281	237131	1392	523	46
40	130	ARLINGTON/ALEXAND	51	1505	24725	64	0	10
40	150	AUGUSTA	2635	346047	1616654	7931	156	429
40	170	BATH	649	132428	346265	1459	201	90
40	190	BEDFORD	3967	391679	839563	5580	1154	188
40	210	BLAND	693	126156	177509	1462	70	18
40	230	BOTETOURT	1524	179030	474513	2459	201	155
40	250	BRUNSWICK	2631	250216	402997	1129	2765	76
40	270	BUCHANAN	2048	161542	129907	1025	794	6
40	290	BUCKINGHAM	1696	213699	311743	1825	1225	87
40	310	CAMPBELL	2670	251052	429405	2534	1295	92
40	330	CAROLINE	2186	249686	491761	1595	2217	130
40	350	CARROLL	3315	253858	531350	2506	703	29
40	360	CHARLES CITY	557	66815	158490	495	510	70
40	370	CHARLOTTE	2349	233248	448865	1656	1531	77
40	410	CHESTERFIELD	1289	119301	450652	859	994	136
40	430	CLARKE	539	100189	454268	3045	158	75
40	450	CRAIG	559	79261	188265	813	18	27
40	470	CULPEPER	1254	188774	655328	3116	603	163
40	490	CUMBERLAND	1034	120941	207789	1067	851	57
40	510	DICKENSON	1558	93047	57324	814	511	3
40	530	DINWIDDIE	1852	211482	432266	1248	1912	119
40	550	ELIZABETH CITY	266	12654	104439	199	149	32
40	570	ESSEX	1181	124560	339116	1267	733	53
40	590	FAIRFAX	1244	123626	589830	2320	129	273
40	610	FAUQUIER	1787	344941	967811	6962	251	262
40	630	FLOYD	2244	228481	464514	2673	179	34
40	650	FLUVANNA	1109	127146	236030	1201	820	53
40	670	FRANKLIN	3752	383017	551451	4043	2153	136
40	690	FREDERICK	1736	223926	894231	3520	438	252
40	710	GILES	1290	139437	281819	1887	94	23
40	730	GLOUCESTER	1247	83471	354548	1546	382	57
40	750	GOOCHLAND	1054	113482	200825	962	1097	73
40	770	GRAYSON	2557	240245	518406	3253	250	33
40	790	GREENE	824	80462	165938	1332	193	18
40	810	GREENSVILLE	1285	111726	233552	454	1662	36
40	830	HALIFAX	5981	466425	818472	3293	4565	195
40	850	HANOVER	1954	195583	687058	1868	2040	181
40	870	HENRICO	1032	79027	557535	779	747	237
40	890	HENRY	1839	161130	314426	962	1316	72
40	910	HIGHLAND	658	168969	230572	1475	18	12
40	930	ISLE OF WIGHT	1338	124913	171931	1127	1722	100
40	950	JAMES CITY	415	50438	172229	479	288	38
40	970	KING AND QUEEN	1279	118174	314030	1587	602	41
40	990	KING GEORGE	844	86992	272609	1254	337	80
40	1010	KING WILLIAM	855	100061	215412	832	1120	83
40	1030	LANCASTER	898	42688	247714	991	61	48
40	1050	LEE	2439	184337	256558	2404	1446	37
40	1070	LOUDOUN	1645	283537	1162283	7106	197	311
40	1090	LOUISA	1863	199516	344578	1757	1337	86
40	1110	LUNENBURG	1946	190343	327498	959	1895	65
40	1130	MADISON	1287	159245	431339	2643	259	91
40	1150	MATHEWS	1316	31968	389197	965	185	23
40	1170	MECKLENBURG	4538	337024	757602	2119	5096	138
40	1190	MIDDLESEX	1042	56183	292266	1110	194	60
40	1210	MONTGOMERY	1709	174029	347470	2263	91	81
40	1230	NANSEMOND	2154	152082	419912	993	2993	129
40	1250	NELSON	1723	200918	407318	2416	431	85
40	1270	NEW KENT	414	53162	134479	321	370	50
40	1290	NORFOLK	1044	79408	432062	695	1542	131
40	1310	NORTHAMPTON	1105	77617	857433	1797	2270	87
40	1330	NORTHUMBERLAND	1372	84193	350933	2098	228	76
40	1350	NOTTOWAY	1423	130230	283072	1003	983	46
40	1370	ORANGE	1192	154750	501277	2450	792	114
40	1390	PAGE	1585	142371	376469	2219	194	56
40	1410	PATRICK	2716	243634	391225	1494	1564	37
40	1430	PITTSYLVANIA	7563	559203	1234539	3983	6742	400
40	1450	POWHATAN	768	103092	304246	899	645	92
40	1470	PRINCE EDWARD	1694	160967	293628	1448	1025	75
40	1490	PRINCE GEORGE	865	102805	270359	559	1225	102
40	1510	PRINCESS ANNE	1180	90050	497330	1038	1536	143
40	1530	PRINCE WILLIAM	818	125417	377932	2264	105	137
40	1550	PULASKI	1248	137741	414921	1821	150	92
40	1570	RAPPAHANNOCK	893	140561	349223	2137	255	46
40	1590	RICHMOND	1084	85522	311605	1675	300	58
40	1610	ROANOKE	1602	112650	617387	1915	284	155
40	1630	ROCKBRIDGE	1810	244927	621435	4063	145	136
40	1650	ROCKINGHAM	3434	338664	1692138	7141	280	355
40	1670	RUSSELL	2796	272140	308692	3061	662	10
40	1690	SCOTT	3791	254569	330158	3722	1245	22
40	1710	SHENANDOAH	2305	213288	879027	3989	328	136
40	1730	SMYTH	1822	180941	439538	2607	229	51
40	1750	SOUTHAMPTON	3212	266572	578882	1025	4148	168
40	1770	SPOTSYLVANIA	1464	164651	430593	1533	979	112
40	1790	STAFFORD	928	103471	270755	1378	281	118
40	1810	SURRY	938	92558	266645	671	1229	86
40	1830	SUSSEX	1285	172081	277194	592	1915	80
40	1850	TAZEWELL	1748	215280	410225	2540	288	25
40	1870	WARREN	593	91155	251452	1473	62	39
40	1875	WARWICK	243	12860	116459	192	85	40
40	1910	WASHINGTON	3813	274168	632499	4452	924	64
40	1930	WESTMORELAND	1047	99207	330639	1914	288	77
40	1950	WISE	1833	86383	139493	1043	503	6
40	1970	WYTHE	1885	234998	629679	3196	232	69
40	1990	YORK	650	33938	165325	635	121	16
40	5100	ALEXANDRIA CITY	11	260	8600	5	0	1
40	5300	BUENA VISTA	24	467	1783	28	1	0
40	5400	CHARLOTTESVILLE	10	208	2700	4	1	0
40	5600	CLIFTON FORGE	4	46	625	1	0	0
40	6600	HARRISONBURG	7	680	1925	5	0	1
40	6700	HOPEWELL	3	76	3455	2	0	0
40	6800	LYNCHBURG	59	1771	25425	29	2	2
40	7000	NEWPORT NEWS	4	9	3500	1	0	0
40	7100	NORFOLK CITY	45	3403	41052	28	88	19
40	7300	PETERSBURG	12	209	5535	4	0	1
40	7400	PORTSMOUTH	5	121	1000	2	1	0
40	7500	RADFORD	25	1016	1595	13	0	0
40	7600	RICHMOND CITY	16	396	8180	12	5	3
40	7700	ROANOKE CITY	5	171	1000	11	0	1
40	7850	SOUTH NORFOLK	3	53	550	1	5	0
40	7900	STAUNTON	10	1182	8500	13	8	2
40	8000	SUFFOLK	3	42	980	2	1	0
40	8300	WILLIAMSBURG	3	1754	6025	5	13	3
40	8400	WINCHESTER	20	1123	23015	19	0	3
40	9999	ALL OTHER INDEP CITIES	4	126	1850	3	0	1
41	0	ALABAMA	257395	17554635	33544806	97562	46957	4664
41	10	AUTAUGA	2981	215477	386405	472	3419	23
41	30	BALDWIN	2454	180859	898973	1781	2314	227
41	50	BARBOUR	3855	318040	297794	348	4855	29
41	70	BIBB	1950	141775	224645	431	2135	24
41	90	BLOUNT	4373	283493	641534	798	5931	73
41	110	BULLOCK	2921	229099	239999	859	3035	14
41	130	BUTLER	3601	269579	371033	458	3966	22
41	150	CALHOUN/BENTON	3070	214724	576421	593	4709	140
41	170	CHAMBERS	4123	275462	395391	547	5222	28
41	190	CHEROKEE	3513	251618	741353	656	6341	167
41	210	CHILTON/BAKER	3920	237603	502206	727	4244	29
41	230	CHOCTAW	2743	246489	199318	1021	2496	35
41	250	CLARKE	3105	247148	231143	1267	2446	17
41	270	CLAY	3032	213971	386468	604	3445	56
41	290	CLEBURNE	2030	175903	227322	395	2754	29
41	310	COFFEE	4174	335129	470065	231	5704	31
41	330	COLBERT	2904	181392	522945	800	5028	57
41	350	CONECUH	3473	219732	381112	329	4206	13
41	370	COOSA	1876	201724	214388	419	2194	31
41	390	COVINGTON	4426	315813	540705	335	5787	35
41	410	CRENSHAW	3595	265554	341887	426	4529	21
41	430	CULLMAN	7060	370387	993330	1256	8868	79
41	450	DALE	2906	272850	295828	150	4147	13
41	470	DALLAS	7096	343730	690625	2039	8167	82
41	490	DE KALB	6586	376406	1058406	1669	8973	96
41	510	ELMORE	4250	262214	550566	675	5100	51
41	530	ESCAMBIA	2163	140634	313325	562	2915	25
41	550	ETOWAH	3773	243602	749529	775	5584	129
41	570	FAYETTE	2780	266927	365154	425	3743	52
41	590	FRANKLIN	3429	235904	557311	738	5620	79
41	610	GENEVA	3648	262074	463583	292	5309	41
41	630	GREENE	3553	188848	274518	1285	4443	18
41	650	HALE	4833	249320	551582	1530	5140	81
41	670	HENRY	3071	262751	404634	174	4628	32
41	690	HOUSTON	4720	276430	639952	366	6640	34
41	710	JACKSON	5337	381969	721881	1699	8287	179
41	730	JEFFERSON	3349	178888	802326	904	2973	92
41	750	LAMAR/SANFORD	3075	273523	402767	597	4312	68
41	770	LAUDERDALE	5246	295589	765131	1738	9603	94
41	790	LAWRENCE	5119	274879	737700	1878	8574	90
41	810	LEE	2970	270005	343592	585	3427	25
41	830	LIMESTONE	6349	295021	920998	2528	9119	149
41	850	LOWNDES	3993	275437	378195	2403	4627	56
41	870	MACON	3714	217028	447364	795	4307	25
41	890	MADISON	7178	387270	1168292	2455	11479	307
41	910	MARENGO	6503	387095	605282	2426	6661	64
41	930	MARION	3746	306974	457353	819	5201	62
41	950	MARSHALL	6279	302657	889532	1136	8470	132
41	970	MOBILE	1557	118010	574737	1033	1136	300
41	990	MONROE	3894	318402	484812	805	4033	31
41	1010	MONTGOMERY	4069	324071	632409	1549	4861	105
41	1030	MORGAN/COTACO	5079	279771	819398	1481	7743	153
41	1050	PERRY	4347	265614	492350	1248	5122	52
41	1070	PICKENS	4127	318635	409714	1054	5511	91
41	1090	PIKE	3669	299668	457393	282	5161	31
41	1110	RANDOLPH	4069	285321	447761	763	4793	48
41	1130	RUSSELL	2657	258269	284016	461	3333	32
41	1150	ST CLAIR	2424	204873	329811	552	3338	59
41	1170	SHELBY	2241	177180	382737	730	3038	88
41	1190	SUMTER	4404	293489	407219	2570	6145	43
41	1210	TALLADEGA	4003	265205	518570	786	5901	131
41	1230	TALLAPOOSA	3340	279164	327659	536	3934	44
41	1250	TUSCALOOSA	4752	345735	497281	995	5183	49
41	1270	WALKER	3636	209945	348616	1136	3816	46
41	1290	WASHINGTON	1761	198190	207015	1047	1215	49
41	1310	WILCOX	4344	314732	362666	1945	4100	33
41	1330	WINSTON/HANCOCK	2177	179365	220779	471	2693	23
42	0	ARKANSAS	242334	16052962	33116340	162456	379117	5684
42	10	ARKANSAS	2301	315722	1460987	3168	3390	1152
42	30	ASHLEY	3841	164207	440633	2257	5157	29
42	50	BAXTER	1447	177707	142637	1607	1689	8
42	70	BENTON	5005	417068	1115096	7510	3533	247
42	90	BOONE	1923	249713	304783	2831	1845	23
42	110	BRADLEY	2000	124709	254418	1076	2683	10
42	130	CALHOUN	1497	119617	159038	730	2116	10
42	150	CARROLL	2351	278120	405940	3689	1943	43
42	170	CHICOT	4143	148567	589010	2029	5493	95
42	190	CLARK	3114	234557	320030	1957	4902	32
42	210	CLAY	3435	234411	409856	3118	6494	71
42	230	CLEBURNE	1778	160684	227800	1312	3105	7
42	250	CLEVELAND	2346	159717	253079	1074	3505	18
42	270	COLUMBIA	4800	305101	571707	1297	6505	8
42	290	CONWAY	3336	231684	344986	1186	5786	22
42	310	CRAIGHEAD	4757	260148	989080	3043	8537	120
42	330	CRAWFORD	2429	200382	294711	1889	3930	39
42	350	CRITTENDEN	8044	245533	651235	803	11988	107
42	370	CROSS	4398	182613	690863	1224	6766	152
42	390	DALLAS	1631	128134	177932	816	2302	26
42	410	DESHA	3516	115772	458114	1247	4775	46
42	430	DREW	3408	207572	400207	2218	4521	17
42	450	FAULKNER	4204	303985	633804	2147	7319	55
42	470	FRANKLIN	2239	208659	228022	1878	3221	23
42	490	FULTON	1853	253243	242195	2237	2594	15
42	510	GARLAND	1505	125759	227455	1132	1745	22
42	530	GRANT	1349	108569	158372	590	1974	14
42	550	GREENE	3388	225141	487938	3079	5686	58
42	570	HEMPSTEAD	4781	289607	511418	2469	7403	58
42	590	HOT SPRING	1882	145106	235225	1078	2838	27
42	610	HOWARD	2681	134308	251303	1088	4157	56
42	630	INDEPENDENCE	3182	256628	425411	2339	6061	68
42	650	IZARD	2377	249499	267246	1615	3519	8
42	670	JACKSON	3768	230843	634825	2083	8141	87
42	690	JEFFERSON	8099	279720	827758	2094	10964	112
42	710	JOHNSON	2387	201568	283233	1550	3599	29
42	730	LAFAYETTE	2954	129030	265149	919	3722	16
42	750	LAWRENCE	2851	225249	531946	2196	5196	60
42	770	LEE	5569	224432	652677	1689	8248	127
42	790	LINCOLN	4720	187442	471926	1549	6799	28
42	810	LITTLE RIVER	2625	140370	273262	1540	4485	30
42	830	LOGAN	3074	281770	341790	2774	5142	33
42	850	LONOKE	6189	321873	1051204	2160	9117	385
42	870	MADISON	2484	322726	260373	2585	2902	13
42	890	MARION	1474	166675	183763	1554	1832	7
42	910	MILLER	3616	180508	603050	2118	4605	45
42	930	MISSISSIPPI	10583	335034	1340026	1418	19442	151
42	950	MONROE	3415	153166	451646	971	5424	94
42	970	MONTGOMERY	1479	131611	181853	1084	2294	11
42	990	NEVADA	3313	248785	379693	1601	4343	31
42	1010	NEWTON	1864	190919	155187	1280	2021	8
42	1030	OUACHITA	2322	183256	355028	1033	2683	19
42	1050	PERRY	1218	87331	118886	892	1885	10
42	1070	PHILLIPS	5878	224070	644082	1450	8749	110
42	1090	PIKE	1654	120068	162513	877	2296	13
42	1110	POINSETT	3676	182761	742671	1487	6172	268
42	1130	POLK	1824	168509	179487	1563	2062	14
42	1150	POPE	3246	256500	369472	1395	5610	25
42	1170	PRAIRIE	2131	213743	757542	1587	3697	410
42	1190	PULASKI	4290	230550	783080	1561	5783	164
42	1210	RANDOLPH	2682	266831	387755	2468	4860	54
42	1230	ST FRANCIS	6507	258824	548954	1495	9593	127
42	1250	SALINE	1570	132106	218527	828	2121	60
42	1270	SCOTT	1630	156760	192710	1391	2556	9
42	1290	SEARCY	1880	200651	165932	1270	2540	9
42	1310	SEBASTIAN	2694	198825	332297	2409	3629	36
42	1330	SEVIER	2216	157992	223088	1569	3022	19
42	1350	SHARP	1964	231380	266780	1613	3014	22
42	1370	STONE	1385	171896	129061	851	1862	8
42	1390	UNION	3464	238182	603393	1484	3782	12
42	1410	VAN BUREN	2184	227394	256342	1050	3593	10
42	1430	WASHINGTON	4836	453855	888362	6223	5127	149
42	1450	WHITE	5113	368583	732907	2952	9011	59
42	1470	WOODRUFF	3432	172819	518579	1399	6191	92
42	1490	YELL	3133	236113	319000	2002	5912	32
43	0	FLORIDA	58966	5026617	15446476	21300	40916	5244
43	10	ALACHUA	2264	239830	450260	1706	1822	120
43	30	BAKER	461	37078	98889	183	500	11
43	50	BAY	216	63037	58249	75	132	18
43	70	BRADFORD/NEW RIVE	921	56623	131449	354	554	24
43	90	BREVARD/ST LUCIE	633	25608	201267	105	122	110
43	110	BROWARD	938	24139	313544	55	350	73
43	130	CALHOUN	579	43610	70398	139	625	4
43	150	CHARLOTTE	93	7729	29484	39	24	21
43	170	CITRUS	257	24024	69089	300	87	23
43	190	CLAY	452	146353	154477	216	329	51
43	210	COLLIER	32	3002	67635	3	34	37
43	230	COLUMBIA	1193	178958	134271	431	1303	19
43	250	DADE	1160	50620	879399	96	144	348
43	270	DE SOTO	520	35652	237926	278	204	77
43	290	DIXIE	145	11575	14416	113	67	1
43	310	DUVAL	1001	44608	360606	318	281	58
43	330	ESCAMBIA	1214	62339	221312	498	831	56
43	350	FLAGLER	144	13463	81770	56	179	36
43	370	FRANKLIN	5	1022	1300	8		0
43	390	GADSDEN	1372	156852	278165	489	1850	12
43	410	GILCHRIST	476	70447	82862	152	548	7
43	430	GLADES	131	6195	44510	150	20	33
43	450	GULF	85	3009	8303	36	39	1
43	470	HAMILTON	794	140489	82741	208	1069	5
43	490	HARDEE	1063	54558	226110	466	469	134
43	510	HENDRY	145	116317	1291931	31	52	186
43	530	HERNANDO/BENTON	561	26788	88339	273	171	39
43	550	HIGHLANDS	348	46685	113760	99	53	53
43	570	HILLSBOROUGH	2409	98029	609675	811	955	315
43	590	HOLMES	1569	115627	136620	185	1660	17
43	610	INDIAN RIVER	425	47022	146083	29	121	75
43	630	JACKSON	3802	329992	433686	1186	4943	47
43	650	JEFFERSON	1294	135225	161987	173	1459	28
43	670	LAFAYETTE	460	69417	79336	154	377	5
43	690	LAKE	1981	127027	405491	306	747	225
43	710	LEE	382	16134	184400	127	140	94
43	730	LEON	1576	168840	163790	1148	1144	33
43	750	LEVY	900	97361	119643	870	652	16
43	770	LIBERTY	272	41414	34624	98	197	7
43	790	MADISON	1428	170855	189582	290	1996	25
43	810	MANATEE	911	32275	339681	317	559	188
43	830	MARION	2175	204467	576406	2018	1383	167
43	850	MARTIN	180	7577	74355	19	52	39
43	870	MONROE	43	1858	2810			0
43	890	NASSAU	403	67495	85949	195	230	28
43	910	OKALOOSA	981	74489	132640	145	954	20
43	930	OKEECHOBEE	289	28142	42851	163	61	72
43	950	ORANGE/MOSQUITO	1608	102347	576617	379	489	269
43	970	OSCEOLA	497	75608	130136	472	100	80
43	990	PALM BEACH	874	34576	499703	134	223	339
43	1010	PASCO	753	36834	149788	431	179	85
43	1030	PINELLAS	745	31321	309807	131	176	146
43	1050	POLK	4667	318549	1317726	879	1059	469
43	1070	PUTNAM	1000	67508	371660	297	438	95
43	1090	ST JOHNS	348	22935	264957	88	623	93
43	1110	ST LUCIE	394	19013	184358	23	99	112
43	1130	SANTA ROSA	1151	74935	112337	373	1113	18
43	1150	SARASOTA	254	10881	166065	85	70	111
43	1170	SEMINOLE	780	34471	479913	150	668	182
43	1190	SUMTER	799	55762	183372	812	595	62
43	1210	SUWANNEE	1774	222578	184549	587	1994	51
43	1230	TAYLOR	423	49809	64200	144	377	9
43	1250	UNION	607	68783	83851	301	616	23
43	1270	VOLUSIA	1013	76681	405212	207	288	113
43	1290	WAKULLA	348	37977	29304	134	215	2
43	1310	WALTON	1129	76349	107590	249	988	16
43	1330	WASHINGTON	1119	85844	113260	313	1117	11
44	0	GEORGIA	255598	22078630	31216549	37325	353633	5870
44	10	APPLING	1448	164127	150839	184	1898	7
44	30	ATKINSON	720	120756	85380	74	1064	4
44	50	BACON	850	99612	109232	128	1119	2
44	70	BAKER	1289	108866	139678	235	1666	28
44	90	BALDWIN	994	97973	125031	278	1372	19
44	110	BANKS	1667	123154	170637	165	2149	50
44	130	BARROW	1861	91100	209479	270	2410	25
44	150	BARTOW/CASS	2692	185511	543718	300	4419	134
44	170	BEN HILL	995	95724	159154	176	1563	15
44	190	BERRIEN	1892	187455	219001	371	2285	15
44	210	BIBB	1012	95600	186259	134	1272	53
44	230	BLECKLEY	1022	111795	136664	120	1927	28
44	250	BRANTLEY	689	64440	62579	176	629	7
44	270	BROOKS	2447	230035	320471	470	3536	42
44	290	BRYAN	522	103686	53871	87	520	6
44	310	BULLOCH	3180	282880	396970	368	4984	45
44	330	BURKE	3673	277738	348881	515	5864	40
44	350	BUTTS	1241	85127	135182	162	1654	19
44	370	CALHOUN	1634	110370	188766	92	1980	25
44	390	CAMDEN	366	103065	29047	222	117	16
44	410	CAMPBELL	1314	104881	184039	204	1677	56
44	430	CANDLER	1180	106961	89327	280	1578	4
44	450	CARROLL	5286	265421	570757	678	6939	52
44	470	CATOOSA	974	77817	148055	432	1308	32
44	490	CHARLTON	305	153415	57815	155	197	10
44	510	CHATHAM	281	39971	99329	61	204	28
44	530	CHATTAHOOCHEE	299	51593	43164	38	409	3
44	550	CHATTOOGA	1587	142609	259608	380	2880	72
44	570	CHEROKEE	2452	188475	287160	399	2958	65
44	590	CLARKE	1041	57667	199398	163	1329	40
44	610	CLAY	957	76999	107976	66	1499	22
44	630	CLAYTON	1210	63751	169854	230	1451	37
44	650	CLINCH	340	59864	32540	73	312	2
44	670	COBB	3413	170268	405047	596	4054	86
44	690	COFFEE	2046	268526	297760	210	3388	22
44	710	COLQUITT	3088	247973	403658	371	4698	38
44	730	COLUMBIA	1253	106230	172179	198	1599	20
44	750	COOK	1295	107086	164661	162	1839	18
44	770	COWETA	2280	193965	324943	280	3286	66
44	790	CRAWFORD	959	131388	146181	95	1306	33
44	810	CRISP	1544	140825	230709	148	2733	61
44	830	DADE	486	45320	63300	215	584	28
44	850	DAWSON	685	71377	71425	68	718	32
44	870	DECATUR	1744	236575	242464	812	2393	30
44	890	DE KALB	2398	111418	396867	348	2178	97
44	910	DODGE	2619	210474	285761	211	4273	11
44	930	DOOLY	2523	186829	300747	349	4178	40
44	950	DOUGHERTY	696	114130	221990	186	1396	82
44	970	DOUGLAS	1396	90687	148331	168	1820	25
44	990	EARLY	2919	180059	259288	327	3967	34
44	1010	ECHOLS	246	55178	35085	30	224	1
44	1030	EFFINGHAM	979	130389	117058	177	1149	21
44	1050	ELBERT	2427	164276	284068	308	3360	54
44	1070	EMANUEL	3096	260654	288981	308	4718	15
44	1090	EVANS	697	60453	63253	58	1012	4
44	1110	FANNIN	1472	130560	133076	317	1070	21
44	1130	FAYETTE	1630	86768	149068	245	2013	19
44	1150	FLOYD	2847	226595	506155	553	4415	140
44	1170	FORSYTH	2169	117223	232930	152	2691	53
44	1190	FRANKLIN	2631	143655	201132	319	3322	77
44	1210	FULTON	1132	36784	251773	141	920	56
44	1230	GILMER	1234	147784	106548	174	1045	19
44	1250	GLASCOCK	702	69946	59282	42	1151	6
44	1270	GLYNN	169	47774	52580	110	100	9
44	1290	GORDON	2409	171944	378434	576	3187	99
44	1310	GRADY	2181	234253	319922	463	3201	54
44	1330	GREENE	1557	143416	172832	354	2046	40
44	1350	GWINNETT	3925	232298	332369	418	5178	66
44	1370	HABERSHAM	1216	104229	182430	406	1169	78
44	1390	HALL	2832	205234	265276	225	3283	62
44	1410	HANCOCK	1748	146174	113748	355	2143	34
44	1430	HARALSON	1841	140425	217445	275	2299	30
44	1450	HARRIS	1463	167911	101488	183	1740	16
44	1470	HART	2593	134863	239898	239	3570	65
44	1490	HEARD	1748	128916	217327	167	2292	18
44	1510	HENRY	2554	162365	267140	205	3363	63
44	1530	HOUSTON	1241	160924	201212	218	2346	65
44	1550	IRWIN	1608	192961	275079	96	3172	34
44	1570	JACKSON	2979	171416	263036	241	3931	54
44	1590	JASPER	1140	132418	172565	187	1694	50
44	1610	JEFF DAVIS	977	103387	126658	148	1208	9
44	1630	JEFFERSON	2580	234376	225408	203	3801	38
44	1650	JENKINS	1667	128166	194516	149	2439	14
44	1670	JOHNSON	1742	118680	118321	175	2444	13
44	1690	JONES	921	154226	146509	150	1396	76
44	1710	LAMAR	920	87014	192280	119	1390	50
44	1730	LANIER	569	80633	106243	136	779	6
44	1750	LAURENS	4166	339527	386226	483	6629	37
44	1770	LEE	1169	142690	231022	135	2074	69
44	1790	LIBERTY	1107	130706	91978	530	610	18
44	1810	LINCOLN	1481	92111	138253	139	1655	24
44	1830	LONG	468	57241	50732	113	443	1
44	1850	LOWNDES	1925	205258	227320	290	2772	35
44	1870	LUMPKIN	817	74366	46748	149	846	16
44	1890	MCDUFFIE	1193	89893	90127	152	1662	8
44	1910	MCINTOSH	268	35315	24265	203	43	6
44	1930	MACON	1917	223691	313895	170	3221	85
44	1950	MADISON	2601	137908	213035	294	3349	53
44	1970	MARION	1094	149888	92101	74	1443	3
44	1990	MERIWETHER	2430	229296	379451	262	3751	66
44	2010	MILLER	1474	107053	147842	397	1797	18
44	2030	MILTON	1313	69744	113054	117	1755	52
44	2050	MITCHELL	2879	223643	389637	564	5193	76
44	2070	MONROE	1277	157074	151182	248	1601	54
44	2090	MONTGOMERY	1288	90293	107154	200	1873	10
44	2110	MORGAN	1791	135025	204694	211	2701	83
44	2130	MURRAY	1498	120566	247639	374	1894	110
44	2150	MUSCOGEE	609	60686	144421	90	708	15
44	2170	NEWTON	1786	127713	221513	198	2407	36
44	2190	OCONEE	1348	92190	175720	141	2143	41
44	2210	OGLETHORPE	2115	180947	285277	333	3136	62
44	2230	PAULDING	2254	142562	185278	284	2804	16
44	2250	PEACH	785	78932	181038	112	1537	82
44	2270	PICKENS	1073	100674	100379	137	1025	16
44	2290	PIERCE	1248	128164	187240	158	1932	10
44	2310	PIKE	1561	109474	213667	71	2328	53
44	2330	POLK	1936	125809	237835	333	3051	47
44	2350	PULASKI	980	104311	148139	158	1749	19
44	2370	PUTNAM	984	117618	102043	216	1292	31
44	2390	QUITMAN	490	68411	75161	50	632	15
44	2410	RABUN	769	51146	110390	133	617	20
44	2430	RANDOLPH	2227	183058	251615	156	3036	32
44	2450	RICHMOND	967	97437	246258	161	1224	39
44	2470	ROCKDALE	985	66162	95811	77	1196	12
44	2490	SCHLEY	758	80292	84518	53	1262	16
44	2510	SCREVEN	2752	234251	158261	237	3643	11
44	2530	SEMINOLE	952	146799	132881	348	1513	30
44	2550	SPALDING	1128	102205	230294	137	1747	93
44	2570	STEPHENS	1230	75565	131016	217	1260	28
44	2590	STEWART	1194	199302	142064	183	1503	26
44	2610	SUMTER	2204	226188	344304	208	4128	78
44	2630	TALBOT	1002	130022	119385	97	1399	34
44	2650	TALIAFERRO	925	74554	56663	323	1022	15
44	2670	TATTNALL	1914	177155	203153	92	2712	15
44	2690	TAYLOR	1386	159781	175080	116	1909	30
44	2710	TELFAIR	1693	171288	179761	239	2510	16
44	2730	TERRELL	2328	153736	321999	159	3498	40
44	2750	THOMAS	2415	270977	360286	672	3467	60
44	2770	TIFT	1398	122146	260065	146	3521	37
44	2790	TOOMBS	1931	158096	202272	126	2737	16
44	2810	TOWNS	663	47796	54416	131	630	5
44	2830	TREUTLEN	1064	90120	114319	114	1550	5
44	2850	TROUP	1820	168410	261050	312	2530	40
44	2870	TURNER	1331	117024	239537	131	2334	40
44	2890	TWIGGS	947	113838	126902	161	1358	22
44	2910	UNION	1117	100486	71349	212	1070	8
44	2930	UPSON	1100	133218	251362	119	1547	80
44	2950	WALKER	2370	181944	379058	806	2689	89
44	2970	WALTON	3025	176435	411437	253	3922	64
44	2990	WARE	911	196272	156176	231	1043	17
44	3010	WARREN	1560	138802	131232	167	2146	13
44	3030	WASHINGTON	3288	247311	276118	423	4342	51
44	3050	WAYNE	1069	151810	133539	210	1529	12
44	3070	WEBSTER	727	70234	94240	100	1005	16
44	3090	WHEELER	1264	102561	120632	91	1893	10
44	3110	WHITE	921	84215	56267	166	890	13
44	3130	WHITFIELD	1811	151279	292994	529	2175	76
44	3150	WILCOX	1861	162857	203255	99	3000	24
44	3170	WILKES	2374	176165	178973	317	2983	65
44	3190	WILKINSON	1308	171195	107102	171	1686	18
44	3210	WORTH	2978	211883	380152	264	4511	32
45	0	LOUISIANA	161445	9355437	28173647	118440	200954	5016
45	10	ACADIA	3828	310702	1751417	5330	7160	767
45	30	ALLEN	1068	76740	240050	1809	908	81
45	50	ASCENSION	1335	74222	211349	1669	1410	40
45	70	ASSUMPTION	416	104615	288249	320	2650	75
45	90	AVOYELLES	5975	171967	597397	4722	5127	44
45	110	BEAUREGARD	1374	97815	249251	1721	745	23
45	130	BIENVILLE	3885	241812	433087	1064	4679	7
45	150	BOSSIER	4820	197618	502773	1418	5529	81
45	170	CADDO	7422	284449	1039587	3004	9197	100
45	190	CALCASIEU	1565	178573	745201	3504	2072	289
45	210	CALDWELL	1236	74490	161994	691	1586	23
45	230	CAMERON	814	68037	147956	2251	687	54
45	250	CATAHOULA	1957	90346	319498	1775	2179	55
45	270	CLAIBORNE	4940	357339	548244	1218	5949	12
45	290	CONCORDIA	1849	132220	247028	1517	1746	47
45	310	DE SOTO	5098	271148	437287	2175	5421	34
45	330	EAST BATON ROUGE	2366	160388	356009	2883	1968	63
45	350	EAST CARROLL	3451	113103	412838	1084	4476	65
45	370	EAST FELICIANA	2379	184645	317663	2598	2720	36
45	390	EVANGELINE	4610	169231	865028	6348	4287	83
45	410	FRANKLIN	6239	197527	730528	3619	7270	54
45	430	GRANT	1708	92593	195291	1501	1689	12
45	450	IBERIA	1297	126306	412693	885	2940	68
45	470	IBERVILLE	621	90740	303221	824	2300	50
45	490	JACKSON	1722	141501	175650	774	1919	8
45	510	JEFFERSON	243	15106	189766	124	228	26
45	530	JEFFERSON DAVIS	1664	278548	1454179	4354	3136	665
45	550	LAFAYETTE	3359	147308	515749	3729	6172	31
45	570	LAFOURCHE	1108	260969	508358	758	3099	95
45	590	LA SALLE	828	47699	109238	896	266	5
45	610	LINCOLN	3396	245269	493671	1071	4075	8
45	630	LIVINGSTON	2193	80052	274752	1626	955	15
45	650	MADISON	2457	112095	507845	955	3490	67
45	670	MOREHOUSE	3665	141930	455957	1932	5079	44
45	690	NATCHITOCHES	5726	243454	597185	4435	6990	57
45	710	ORLEANS	198	2220	116404	55	15	5
45	730	OUACHITA	2823	156964	441517	1219	3040	58
45	750	PLAQUEMINES	449	41223	113215	149	255	43
45	770	POINTE COUPEE	2652	162242	438220	3104	3350	45
45	790	RAPIDES	4305	234584	777908	3474	5255	115
45	810	RED RIVER	3102	134908	323802	1496	3677	23
45	830	RICHLAND	5103	167311	722615	2216	6044	39
45	850	SABINE	2936	195706	311933	1656	2985	7
45	870	ST BERNARD	186	12136	62534	49	88	41
45	890	ST CHARLES	175	16073	46745	181	353	27
45	910	ST HELENA	1581	86999	189497	1218	1030	2
45	930	ST JAMES	337	55832	203440	259	1488	43
45	950	ST JOHN THE BAPTI	178	43391	231953	92	1297	22
45	970	ST LANDRY	7494	297339	1126755	7513	10524	125
45	990	ST MARTIN	2084	104161	289560	1617	4217	32
45	1010	ST MARY	520	120833	415841	321	2558	92
45	1030	ST TAMMANY	1179	71335	284413	1165	421	61
45	1050	TANGIPAHOA	4336	159179	667741	2434	2642	45
45	1070	TENSAS	3139	176029	442534	1503	3517	108
45	1090	TERREBONNE	662	134987	265649	284	2267	69
45	1110	UNION	3463	256360	468855	1098	3676	10
45	1130	VERMILLION	3951	302222	1335729	3647	6847	655
45	1150	VERNON	1850	98404	227073	1797	871	15
45	1170	WASHINGTON	2592	162955	384108	1337	2404	46
45	1190	WEBSTER	3516	203505	480788	885	4493	18
45	1210	WEST BATON ROUGE	381	50122	192419	586	996	36
45	1230	WEST CARROLL	2602	86065	367180	1346	3383	14
45	1250	WEST FELICIANA	1368	127595	220345	2146	1379	28
45	1270	WINN	1669	114200	228885	1009	1778	8
46	0	MISSISSIPPI	312663	17332195	41609042	102677	369345	5542
46	10	ADAMS	1689	100738	208577	1645	2201	22
46	30	ALCORN	3334	199312	480212	906	4856	100
46	50	AMITE	3535	289209	509305	1988	3685	30
46	70	ATTALA	4342	323322	561003	1463	5105	110
46	90	BENTON	2110	177644	279244	929	2936	44
46	110	BOLIVAR	15932	409675	1496205	1426	17004	260
46	130	CALHOUN	3237	237186	700789	1040	4796	165
46	150	CARROLL	4372	282823	461903	1658	5294	57
46	170	CHICKASAW	3265	208469	499474	1636	5102	59
46	190	CHOCTAW	2204	195854	270165	779	2429	55
46	210	CLAIBORNE	2053	193642	334077	2087	2484	36
46	230	CLARKE	2252	191892	236779	1030	1807	21
46	250	CLAY	2920	176179	388240	1231	3803	59
46	270	COAHOMA	9319	255733	1143284	656	10148	184
46	290	COPIAH	4908	326945	747394	2312	5544	72
46	310	COVINGTON	2533	180137	300608	646	2944	30
46	330	DE SOTO	5437	246960	770162	2089	6924	87
46	350	FORREST	1026	86967	177079	558	866	39
46	370	FRANKLIN	1659	163598	236716	1112	1580	23
46	390	GEORGE	893	64722	128308	445	917	18
46	410	GREENE	955	103254	149189	507	815	24
46	430	GRENADA	2301	163711	236184	993	3196	38
46	450	HANCOCK	563	45743	100289	443	185	29
46	470	HARRISON	782	56679	287172	466	352	94
46	490	HINDS	6609	336652	749136	3329	6904	75
46	510	HOLMES	6604	318394	786665	1981	7837	96
46	530	HUMPHREYS	5689	132828	610227	410	6224	36
46	550	ISSAQUENA	1381	79055	347141	621	1660	80
46	570	ITAWAMBA	3459	244485	482789	969	4685	92
46	590	JACKSON	563	58075	152929	396	244	78
46	610	JASPER	3042	253551	325988	1289	3230	19
46	630	JEFFERSON	2611	211384	336675	2752	3219	30
46	650	JEFFERSON DAVIS	2913	176215	297361	681	3544	24
46	670	JONES	3471	247236	625578	1040	3893	37
46	690	KEMPER	3962	257799	373176	1213	4643	11
46	710	LAFAYETTE	3515	297275	566102	1496	5273	97
46	730	LAMAR	1231	98571	171814	523	1324	26
46	750	LAUDERDALE	3239	247409	519365	1050	3195	37
46	770	LAWRENCE	2239	165209	259228	847	2274	26
46	790	LEAKE	4240	228973	673189	1430	4466	71
46	810	LEE	5877	236291	908936	1443	8269	56
46	830	LEFLORE	9739	281102	1400323	1135	11697	156
46	850	LINCOLN	3589	283502	421488	1443	3822	70
46	870	LOWNDES	3544	228650	622819	1460	5308	114
46	890	MADISON	6478	299280	903691	2475	8180	129
46	910	MARION	2603	171506	238395	938	2776	17
46	930	MARSHALL	4794	333835	474212	1698	6313	50
46	950	MONROE	5729	342137	1112006	1889	8777	224
46	970	MONTGOMERY	2231	170292	324108	804	3167	41
46	990	NESHOBA	4630	245680	734591	988	4902	65
46	1010	NEWTON	3793	268742	599600	1430	4372	41
46	1030	NOXUBEE	4647	246749	549173	2666	5798	67
46	1050	OKTIBBEHA	2827	200220	410885	1585	3629	36
46	1070	PANOLA	5724	308597	627535	2374	6694	90
46	1090	PEARL RIVER	1239	77040	292252	840	994	57
46	1110	PERRY	997	103629	161328	498	819	27
46	1130	PIKE	3062	198671	388995	1443	3069	32
46	1150	PONTOTOC	4381	256425	685030	1858	6335	65
46	1170	PRENTISS	3713	213989	539612	1107	5453	34
46	1190	QUITMAN	5717	172400	512820	411	6049	65
46	1210	RANKIN	3256	251748	405899	1501	3574	58
46	1230	SCOTT	2982	187955	369999	1220	3572	23
46	1250	SHARKEY	3228	103831	511881	544	3404	115
46	1270	SIMPSON	3278	190441	377087	938	3654	19
46	1290	SMITH	3105	199749	431974	736	3746	23
46	1310	STONE	600	47721	80843	418	355	19
46	1330	SUNFLOWER	14694	383899	2043581	1251	15028	174
46	1350	TALLAHATCHIE	7298	276041	767093	1145	8196	123
46	1370	TATE	4098	191663	381404	1840	4994	39
46	1390	TIPPAH	3554	241172	503999	1209	5885	108
46	1410	TISHOMINGO	2534	177664	255537	583	3294	41
46	1430	TUNICA	5408	173214	519921	372	6049	104
46	1450	UNION	3724	210870	545370	1431	5795	45
46	1470	WALTHALL	2751	174095	388848	904	2970	24
46	1490	WARREN	2119	174295	296190	1466	2281	50
46	1510	WASHINGTON	8965	291842	1309273	1415	9231	285
46	1530	WAYNE	1837	181541	250358	796	1840	23
46	1550	WEBSTER	2183	189495	367296	877	2953	82
46	1570	WILKINSON	2040	198084	202863	2423	2283	11
46	1590	WINSTON	3413	240149	496924	1262	3924	53
46	1610	YALOBUSHA	2727	223660	355160	1439	3754	52
46	1630	YAZOO	7166	350824	860022	2350	8552	144
47	0	NORTH CAROLINA	279708	18055103	42211827	86716	294308	11426
47	10	ALAMANCE	2620	220290	552310	1962	2584	235
47	30	ALEXANDER	1690	134043	251781	544	1449	67
47	50	ALLEGHANY	1384	128988	237266	1499	239	20
47	70	ANSON	3172	247200	364787	542	4227	148
47	90	ASHE	3660	244419	383656	2834	340	25
47	110	AVERY	1410	87526	115208	871	208	16
47	130	BEAUFORT	3425	189017	523853	1131	3501	140
47	150	BERTIE	3474	243545	487156	872	4978	175
47	170	BLADEN	2686	208550	272317	294	2474	64
47	190	BRUNSWICK	1519	132036	158032	252	1209	36
47	210	BUNCOMBE	3895	230761	628183	1731	1642	112
47	230	BURKE	2136	156488	276226	816	1402	78
47	250	CABARRUS	2370	189412	654398	1354	3226	298
47	270	CALDWELL	2062	163327	227750	875	1099	76
47	290	CAMDEN	721	53679	185070	588	991	14
47	310	CARTERET	840	53618	123607	365	659	30
47	330	CASWELL	2934	227588	370206	1026	3184	128
47	350	CATAWBA	3102	204813	582885	1234	2783	200
47	370	CHATHAM	3191	310377	462603	1279	3584	183
47	390	CHEROKEE	1958	154406	144957	558	1405	7
47	410	CHOWAN	1102	70693	205880	369	1497	49
47	430	CLAY	898	60525	70161	263	669	14
47	450	CLEVELAND	5181	242902	819336	553	7906	174
47	470	COLUMBUS	4297	250758	497935	405	4298	79
47	490	CRAVEN	2102	127664	280823	574	2238	66
47	510	CUMBERLAND	2840	174972	429998	354	3522	74
47	530	CURRITUCK	763	70235	184740	697	969	45
47	550	DARE	53	2963	4355	46	23	0
47	570	DAVIDSON	3484	266707	636540	2450	2370	424
47	590	DAVIE	1741	138004	328588	1106	1591	156
47	610	DUPLIN	4970	281683	540221	1291	4823	84
47	630	DURHAM	1651	116567	280263	763	1352	70
47	650	EDGECOMBE	4000	237413	737950	438	7539	98
47	670	FORSYTH	3340	204164	902462	1734	2315	394
47	690	FRANKLIN	4205	230366	590299	1372	4655	73
47	710	GASTON	2555	161029	609671	491	3070	217
47	730	GATES	1400	109195	198683	732	1685	77
47	750	GRAHAM	692	48299	31280	330	279	1
47	770	GRANVILLE	3668	275273	652530	1965	4089	107
47	790	GREENE	3260	130456	416259	283	4301	53
47	810	GUILFORD	3864	300677	1030010	2234	3491	533
47	830	HALIFAX	4559	310693	786759	1180	7529	129
47	850	HARNETT	3939	204596	564533	454	4679	80
47	870	HAYWOOD	2125	160305	315528	1752	751	46
47	890	HENDERSON	1983	120226	264045	949	766	78
47	910	HERTFORD	2117	148400	289554	724	2789	80
47	930	HOKE	1885	112118	281766	248	2789	39
47	950	HYDE	1023	63970	166528	789	1129	60
47	970	IREDELL	3966	302220	757860	1487	4472	368
47	990	JACKSON	2117	132029	139954	1000	714	11
47	1010	JOHNSTON	7512	372251	1193070	690	9935	173
47	1030	JONES	1535	113123	183220	330	1786	18
47	1050	LEE	1621	107194	239819	257	1916	32
47	1070	LENOIR	3765	181403	570299	574	4355	78
47	1090	LINCOLN	2607	152740	544157	592	3478	236
47	1110	MCDOWELL	1268	111683	143195	369	979	37
47	1130	MACON	1847	130415	152337	730	1108	33
47	1150	MADISON	3267	203652	180521	1458	1632	15
47	1170	MARTIN	2651	170077	385570	222	4033	145
47	1190	MECKLENBURG	3773	246031	795189	787	4907	353
47	1210	MITCHELL	1887	91266	123589	791	637	2
47	1230	MONTGOMERY	1474	145981	247722	283	1852	107
47	1250	MOORE	2062	216784	309363	465	2265	120
47	1270	NASH	5820	237914	743381	584	7848	89
47	1290	NEW HANOVER	282	15259	147722	79	246	57
47	1310	NORTHAMPTON	3870	201230	524533	999	5272	133
47	1330	ONSLOW	2394	178002	296275	505	2214	42
47	1350	ORANGE	1870	189886	352282	1218	1991	143
47	1370	PAMLICO	887	75691	163440	527	966	27
47	1390	PASQUOTANK	1170	83003	268849	1017	1534	41
47	1410	PENDER	1984	138594	233490	343	1689	72
47	1430	PERQUIMANS	1222	91083	216908	692	1789	40
47	1450	PERSON	2996	195082	292143	1274	2785	73
47	1470	PITT	6766	282353	1173327	1142	7841	175
47	1490	POLK	1229	89094	125607	171	1210	22
47	1510	RANDOLPH	3977	378334	692223	1682	3866	397
47	1530	RICHMOND	1811	164319	249367	238	2477	100
47	1550	ROBESON	7666	340920	923746	644	10139	71
47	1570	ROCKINGHAM	4191	303596	622010	1113	4257	193
47	1590	ROWAN	3241	250325	930830	1892	3316	572
47	1610	RUTHERFORD	3791	237093	463273	555	4106	111
47	1630	SAMPSON	6102	375493	757418	801	6852	109
47	1650	SCOTLAND	1896	105963	204735	161	3127	39
47	1670	STANLY	2404	189076	535954	856	3350	312
47	1690	STOKES	3820	240229	560662	909	3603	149
47	1710	SURRY	4324	263762	608596	1142	3732	89
47	1730	SWAIN	1174	93490	88285	530	495	10
47	1750	TRANSYLVANIA	730	62858	117972	333	242	32
47	1770	TYRRELL	540	37873	79764	246	686	12
47	1790	UNION	5442	317795	750142	1348	7008	467
47	1810	VANCE	2388	138013	398231	1001	2451	37
47	1830	WAKE	6475	383744	1076368	1399	7470	182
47	1850	WARREN	2889	176912	372300	1404	2984	52
47	1870	WASHINGTON	1091	67557	162034	357	1388	41
47	1890	WATAUGA	2375	163136	298806	1629	298	25
47	1910	WAYNE	4907	256654	731677	992	6610	105
47	1930	WILKES	5125	365790	607265	1518	2369	115
47	1950	WILSON	4734	181233	703135	378	6386	86
47	1970	YADKIN	2788	179804	532547	912	2454	117
47	1990	YANCEY	2039	126158	121717	917	890	9
48	0	SOUTH CAROLINA	157931	10393113	21424986	30497	188895	3462
48	10	ABBEVILLE	3403	212313	333928	427	3923	68
48	30	AIKEN	3674	332479	661121	808	5003	55
48	50	ALLENDALE	1019	122870	173874	218	1818	20
48	70	ANDERSON	8200	373489	1084711	781	9996	239
48	90	BAMBERG	1992	144161	246885	432	2885	18
48	110	BARNWELL	2375	198434	345103	391	3684	29
48	130	BEAUFORT	2012	125849	331209	1819	944	63
48	150	BERKELEY	2183	199834	244774	836	1782	30
48	170	CALHOUN	2466	148591	387144	667	2957	67
48	190	CHARLESTON	1957	155946	494253	1091	1720	82
48	210	CHEROKEE	3258	192235	413072	405	4300	80
48	230	CHESTER	3047	239991	352586	482	3794	91
48	250	CHESTERFIELD	3555	289438	403438	551	5251	89
48	270	CLARENDON	4256	194867	392153	830	3978	20
48	290	COLLETON	3092	317243	261497	1017	3110	28
48	310	DARLINGTON	3535	240182	466090	924	4573	83
48	330	DILLON	3066	155257	364989	342	4019	56
48	350	DORCHESTER	1862	149339	166795	479	1806	23
48	370	EDGEFIELD	2724	191336	379883	561	2945	61
48	390	FAIRFIELD	2276	207318	227903	411	2670	30
48	410	FLORENCE	5642	316898	717599	1109	6449	54
48	430	GEORGETOWN	1045	130621	88671	243	887	18
48	450	GREENVILLE	7079	338217	1141167	981	7745	173
48	470	GREENWOOD	3084	225299	408881	587	3497	79
48	490	HAMPTON	1403	164927	280848	446	1960	31
48	510	HORRY	5283	314261	640292	533	5716	31
48	530	JASPER	940	77859	138741	410	1009	15
48	550	KERSHAW	3067	257901	348961	524	3924	54
48	570	LANCASTER	2778	196020	315704	444	3793	78
48	590	LAURENS	4460	314408	648368	557	6045	142
48	610	LEE	2688	176591	414918	600	3899	48
48	630	LEXINGTON	3295	253311	668588	571	4020	104
48	650	MCCORMICK	1813	147481	198841	295	2105	56
48	670	MARION	2565	121559	367004	409	2669	34
48	690	MARLBORO	3410	186917	394865	474	4825	89
48	710	NEWBERRY	3334	260870	477004	351	4251	146
48	730	OCONEE	4438	249472	505198	770	4556	64
48	750	ORANGEBURG	7329	422108	1143498	1974	9136	147
48	770	PICKENS	3696	219734	489928	576	4262	86
48	790	RICHLAND	2787	191430	440526	646	2996	116
48	810	SALUDA	2987	214649	462931	546	3669	162
48	830	SPARTANBURG	8556	404957	1548474	988	10961	205
48	850	SUMTER	3937	220113	456037	1024	4775	53
48	870	UNION	2538	188148	306232	255	3101	42
48	890	WILLIAMSBURG	4657	276111	385657	902	4790	22
48	910	YORK	5168	332079	704645	810	6697	181
49	0	TEXAS	495489	124707130	182186809	762042	1040106	37348
49	10	ANDERSON	4422	360329	770260	3074	6787	12
49	30	ANDREWS	75	748881	39925	370	130	6
49	50	ANGELINA	2632	175383	403862	1658	2891	10
49	70	ARANSAS	143	100485	106506	279	298	52
49	90	ARCHER	692	504906	498627	2701	1385	129
49	110	ARMSTRONG	472	743357	1057341	2987	832	359
49	130	ATASCOSA	1816	582615	609166	3919	5423	85
49	150	AUSTIN	3112	349119	1111145	5230	6460	129
49	170	BAILEY	758	396623	584827	2604	1960	217
49	190	BANDERA	678	505821	313937	2181	875	77
49	210	BASTROP	3207	381836	629957	2993	7509	38
49	230	BAYLOR	867	411568	579588	2764	2638	122
49	250	BEE	1731	332961	731539	3512	5095	143
49	270	BELL	5430	613136	2047212	5494	14439	391
49	290	BEXAR	3467	554209	1724037	4135	8483	482
49	310	BLANCO	708	464564	264970	2413	1214	42
49	330	BORDEN	292	458014	120455	1671	804	28
49	350	BOSQUE	2229	544335	836562	5421	5583	221
49	370	BOWIE	5451	344550	893836	3669	8527	57
49	390	BRAZORIA	2163	452027	764513	5921	3947	299
49	410	BRAZOS	2493	267897	694667	2873	5505	45
49	430	BREWSTER	287	3580524	160317	4887	673	3
49	450	BRISCOE	679	388819	661153	2634	1828	192
49	470	BROOKS	513	557850	160391	1745	1677	28
49	490	BROWN	2158	512449	869828	5420	3255	174
49	510	BURLESON	3185	308413	636574	2729	6418	50
49	530	BURNET	1548	592253	651916	4274	3091	69
49	550	CALDWELL	3149	273426	941746	2183	9094	92
49	570	CALHOUN	574	134197	479755	791	1869	167
49	590	CALLAHAN	1451	468238	550914	3432	2601	80
49	610	CAMERON	2936	134006	2173910	2191	5066	894
49	630	CAMP	1538	93471	226052	1056	2173	3
49	650	CARSON	542	429917	1831823	1702	360	600
49	670	CASS/DAVIS	5841	395750	759656	2367	8222	4
49	690	CASTRO	751	461023	1361144	3327	1170	529
49	710	CHAMBERS	577	260437	285432	2538	710	143
49	730	CHEROKEE	6693	414715	1106988	3589	9213	17
49	750	CHILDRESS	1348	393692	614821	3188	4740	94
49	770	CLAY	2106	609034	786253	5418	4070	202
49	790	COCHRAN	285	271683	182501	1055	634	69
49	810	COKE	838	545517	394096	3346	1722	35
49	830	COLEMAN	2583	684762	1180833	7895	5087	274
49	850	COLLIN	6069	502403	1676323	4602	14069	355
49	870	COLLINGSWORTH	2112	502513	1068299	4427	6202	77
49	890	COLORADO	2589	441294	937230	4791	5720	149
49	910	COMAL	897	328825	518528	1788	2240	122
49	930	COMANCHE	2768	513725	845031	5122	5038	102
49	950	CONCHO	1137	587588	651963	3213	1740	252
49	970	COOKE	2748	473313	1111033	5883	5419	392
49	990	CORYELL	3101	583085	1301578	5727	7400	236
49	1010	COTTLE	1047	477442	650351	2521	4187	74
49	1030	CRANE	13	310871	6525	221	17	0
49	1050	CROCKETT	134	1215104	84700	1373	37	1
49	1070	CROSBY	1739	467296	1124776	4717	3801	273
49	1090	CULBERSON	52	2099258	47780	1764	298	1
49	1110	DALLAM	660	801468	994229	2808	713	434
49	1130	DALLAS	4830	431127	1544419	3423	10603	428
49	1150	DAWSON	2218	528707	958471	5984	5168	172
49	1170	DEAF SMITH	630	443225	1293463	2162	534	519
49	1190	DELTA	2289	142489	530373	1143	4671	32
49	1210	DENTON	3963	529254	1368679	6628	8117	530
49	1230	DE WITT	3548	495250	1235171	5980	9357	111
49	1250	DICKENS	1228	629809	614975	3567	3174	76
49	1270	DIMMIT	241	176486	205530	420	648	82
49	1290	DONLEY	1364	539919	812918	3592	3373	81
49	1310	DUVAL	1241	718128	347374	3368	4439	23
49	1330	EASTLAND	1990	347385	478892	3405	2804	78
49	1350	ECTOR	69	367609	52945	590	144	1
49	1370	EDWARDS	258	1203655	321339	2565	296	9
49	1390	ELLIS	6082	527339	2050119	2622	16500	394
49	1410	EL PASO	1263	261185	1081832	2162	1672	141
49	1430	ERATH	2979	618746	893202	4816	3601	73
49	1450	FALLS	6014	426660	1646796	4434	15335	238
49	1470	FANNIN	5894	459659	1282950	4821	13173	114
49	1490	FAYETTE	5133	513804	1534561	7884	10070	236
49	1510	FISHER	2088	492242	919428	4284	5724	96
49	1530	FLOYD	1671	539983	1636482	5473	2781	623
49	1550	FOARD	720	447563	460349	2202	2336	116
49	1570	FORT BEND	4258	448442	1530614	5590	12309	258
49	1590	FRANKLIN	1678	126861	232394	1832	2646	11
49	1610	FREESTONE	3559	379451	465168	3060	6796	4
49	1630	FRIO	943	559808	351274	2289	3549	45
49	1650	GAINES	407	542736	184342	2965	1228	14
49	1670	GALVESTON	674	42077	289641	1034	620	172
49	1690	GARZA	796	420636	350719	1829	2053	64
49	1710	GILLESPIE	1444	628176	784796	4606	2107	166
49	1730	GLASSCOCK	125	382061	15850	852	348	10
49	1750	GOLIAD	1521	395515	533163	3447	4562	39
49	1770	GONZALES	4696	570221	854080	4677	10546	62
49	1790	GRAY	701	468128	1538045	2215	1142	430
49	1810	GRAYSON	5169	538553	1384527	5667	11963	343
49	1830	GREGG	2000	127740	282036	906	2576	11
49	1850	GRIMES	3223	300265	540377	3662	6089	20
49	1870	GUADALUPE	3820	343771	1133798	3756	11838	118
49	1890	HALE	1729	595056	2331859	6113	3316	827
49	1910	HALL	1835	387963	1088215	3361	5784	90
49	1930	HAMILTON	1982	460415	920681	5245	3934	138
49	1950	HANSFORD	430	415047	1401169	911	173	421
49	1970	HARDEMAN	1388	346965	711668	2922	4736	201
49	1990	HARDIN	633	35892	155865	1614	338	13
49	2010	HARRIS	4131	478164	1637603	6370	5058	358
49	2030	HARRISON	6802	347097	712136	2269	8584	18
49	2050	HARTLEY	264	664400	422302	1535	274	174
49	2070	HASKELL	2380	524900	1254395	5038	7048	219
49	2090	HAYS	1467	359328	440126	2177	4222	72
49	2110	HEMPHILL	414	434101	419538	1894	893	162
49	2130	HENDERSON	4471	389151	731653	3578	7723	13
49	2150	HIDALGO	4321	548165	2605165	5158	8388	1283
49	2170	HILL	5488	539385	2072196	4671	14798	339
49	2190	HOCKLEY	1344	346336	798601	3502	3253	194
49	2210	HOOD	1177	257171	257228	2211	1928	28
49	2230	HOPKINS	5005	389680	774474	5444	8149	19
49	2250	HOUSTON	5656	401044	912035	3763	10320	28
49	2270	HOWARD	1194	438459	486309	3600	3652	59
49	2290	HUDSPETH	194	1174773	232437	1169	1194	27
49	2310	HUNT	5905	468860	1405475	5137	13062	124
49	2330	HUTCHINSON	161	401578	462482	1198	298	153
49	2350	IRION	160	809685	225390	1364	170	20
49	2370	JACK	1161	492683	329593	2716	2106	60
49	2390	JACKSON	1642	376300	736065	3488	4574	251
49	2410	JASPER	1377	80781	172217	1127	1163	7
49	2430	JEFF DAVIS	99	1807407	146015	2396	478	2
49	2450	JEFFERSON	1012	251806	631388	1994	1041	316
49	2470	JIM HOGG	312	532463	120139	1709	1930	19
49	2490	JIM WELLS	1302	411284	735413	3266	4159	178
49	2510	JOHNSON	3334	400056	869365	3566	8616	165
49	2530	JONES	2804	587811	1481013	5764	9895	284
49	2550	KARNES	3167	376146	996000	3763	9265	144
49	2570	KAUFMAN	5131	442637	1036039	3354	13769	121
49	2590	KENDALL	691	388640	406877	2056	984	141
49	2610	KENEDY	13	800120	18953	899	142	5
49	2630	KENT	588	361219	277797	2103	1626	21
49	2650	KERR	591	749261	368129	2218	808	104
49	2670	KIMBLE	454	714754	292639	2124	380	18
49	2690	KING	159	508780	92600	941	603	15
49	2710	KINNEY	133	700942	98035	1098	231	10
49	2730	KLEBERG	548	510838	330147	1693	1501	72
49	2750	KNOX	1460	377137	723864	3505	5109	90
49	2770	LAMAR	6024	454648	1154493	3436	12263	89
49	2790	LAMB	2381	555706	1857245	6393	5051	511
49	2810	LAMPASAS	1202	412398	490657	3534	1921	81
49	2830	LA SALLE	627	332437	307597	1814	2422	64
49	2850	LAVACA	4191	547693	1068425	8572	6973	63
49	2870	LEE	2189	309295	435529	2749	4520	19
49	2890	LEON	4319	341509	610901	3428	7226	8
49	2910	LIBERTY	1535	156282	489991	3241	2242	124
49	2930	LIMESTONE	6081	486837	1456837	4360	13615	154
49	2950	LIPSCOMB	525	476187	1044252	2023	341	395
49	2970	LIVE OAK	1146	498698	503249	2717	3352	95
49	2990	LLANO	720	556987	275293	2211	1069	7
49	3010	LOVING	8	229350	405	177	16	0
49	3030	LUBBOCK	2495	507881	1512797	6735	6605	287
49	3050	LYNN	2138	473912	914036	5595	5452	273
49	3070	MCCULLOCH	1519	621349	845977	3811	2824	180
49	3090	MCLENNAN	6641	589010	2371255	4776	17192	492
49	3110	MCMULLEN	202	569153	72207	1723	668	8
49	3130	MADISON	2355	226379	332442	2463	4270	7
49	3150	MARION	1558	100502	167477	783	1929	3
49	3170	MARTIN	776	448860	330817	3132	2766	50
49	3190	MASON	906	610788	390900	2912	857	19
49	3210	MATAGORDA	1673	442375	684634	3412	3408	361
49	3230	MAVERICK	52	497046	64595	183	84	19
49	3250	MEDINA	1590	684743	703860	3364	5045	191
49	3270	MENARD	401	857525	320550	2513	392	35
49	3290	MIDLAND	361	577712	140905	2083	1096	18
49	3310	MILAM	5469	491852	1257933	3610	14723	114
49	3330	MILLS	1484	426512	518453	4053	1911	105
49	3350	MITCHELL	1481	551029	587103	3480	4378	64
49	3370	MONTAGUE	2360	507950	494052	4741	4289	37
49	3390	MONTGOMERY	1773	140428	262984	2054	1924	12
49	3410	MOORE	174	382806	520215	1203	261	183
49	3430	MORRIS	1572	109385	189511	1181	2424	11
49	3450	MOTLEY	910	581496	441212	2531	3158	39
49	3470	NACOGDOCHES	4486	334877	820721	2636	6254	17
49	3490	NAVARRO	6513	576358	1865956	4382	17886	169
49	3510	NEWTON	1102	64564	110315	870	740	5
49	3530	NOLAN	1154	421725	548804	3412	3087	84
49	3550	NUECES	1969	378905	2778123	1944	7656	942
49	3570	OCHILTREE	580	472934	2002822	1395	158	693
49	3590	OLDHAM	137	640987	427012	845	95	188
49	3610	ORANGE	389	66667	197715	855	287	29
49	3630	PALO PINTO	1269	629995	383432	3031	1860	69
49	3650	PANOLA	4656	302116	709452	2373	6170	19
49	3670	PARKER	2521	447778	608247	3663	3978	89
49	3690	PARMER	818	414059	1379359	2751	1736	452
49	3710	PECOS	385	2386064	415382	4921	639	62
49	3730	POLK	2300	153015	321844	1785	2906	41
49	3750	POTTER	322	580267	369046	1138	354	123
49	3770	PRESIDIO	532	957332	273965	1939	1224	16
49	3790	RAINS	1691	115980	272766	1745	2619	11
49	3810	RANDALL	843	649527	1741420	3123	912	546
49	3830	REAGAN	73	507392	58735	519	68	4
49	3850	REAL	253	411187	100472	728	209	6
49	3870	RED RIVER	5329	419402	800377	4700	10040	44
49	3890	REEVES	327	621118	149490	1052	512	24
49	3910	REFUGIO	507	374149	361507	1365	1636	158
49	3930	ROBERTS	158	631728	450505	984	190	136
49	3950	ROBERTSON	4065	342005	539939	3226	8752	24
49	3970	ROCKWALL	1031	83996	342882	541	2547	36
49	3990	RUNNELS	2544	595202	1571945	6367	5486	550
49	4010	RUSK	6426	442432	1091859	2987	10028	31
49	4030	SABINE	1458	90680	232707	844	1481	4
49	4050	SAN AUGUSTINE	1823	139615	262819	1221	2417	20
49	4070	SAN JACINTO	1515	74545	138409	1620	1584	11
49	4090	SAN PATRICIO	1626	367900	2035247	2014	5901	647
49	4110	SAN SABA	1424	654887	661271	4202	2652	110
49	4130	SCHLEICHER	300	741997	167460	1925	337	48
49	4150	SCURRY	1564	524957	674554	4696	3976	79
49	4170	SHACKELFORD	462	521955	232083	1574	890	67
49	4190	SHELBY	4908	301876	722789	2721	5588	42
49	4210	SHERMAN	298	520673	903391	1465	360	312
49	4230	SMITH	6907	446980	1045199	3515	9397	14
49	4250	SOMERVELL	456	84170	91318	795	894	7
49	4270	STARR	1349	245404	163383	2139	3262	13
49	4290	STEPHENS/BUCHANAN	765	487834	305843	2424	1157	110
49	4310	STERLING	136	581184	78440	1070	288	18
49	4330	STONEWALL	844	454777	318119	2912	2832	40
49	4350	SUTTON	154	869096	149000	2129	252	12
49	4370	SWISHER	1021	535006	1960646	3207	1324	729
49	4390	TARRANT	3366	434539	1424438	4373	6508	393
49	4410	TAYLOR	2233	529851	1008337	5886	5307	204
49	4430	TERRELL	141	1459847	128426	2856	218	2
49	4450	TERRY	1458	459192	583833	4624	3829	90
49	4470	THROCKMORTON	611	464059	284441	2096	1387	96
49	4490	TITUS	2487	193033	348496	2079	3629	16
49	4510	TOM GREEN	1234	692894	842241	3557	1075	394
49	4530	TRAVIS	3624	558872	1290386	3258	10933	212
49	4550	TRINITY	1569	143290	293831	1402	2136	27
49	4570	TYLER	998	80075	153250	940	862	16
49	4590	UPSHUR	4230	259080	504899	2046	5576	7
49	4610	UPTON	36	394337	17850	552	45	1
49	4630	UVALDE	761	915686	386192	2537	1507	95
49	4650	VAL VERDE	250	1897213	617438	4240	620	7
49	4670	VAN ZANDT	5201	442467	1132622	4450	9832	29
49	4690	VICTORIA	2142	795919	761135	4675	6130	166
49	4710	WALKER	2162	166615	275707	2120	3449	13
49	4730	WALLER	1463	196060	260141	2174	2837	32
49	4750	WARD	303	521148	115070	1270	548	12
49	4770	WASHINGTON	3930	327208	1123636	4954	7896	106
49	4790	WEBB	522	1320512	503180	2331	1924	63
49	4810	WHARTON	3965	483481	1827254	5756	9831	656
49	4830	WHEELER	1626	471891	850188	4630	4326	96
49	4850	WICHITA	1432	318682	820552	3066	2904	266
49	4870	WILBARGER	2139	560262	1229006	3933	6760	279
49	4890	WILLACY	814	259783	404469	1151	2006	207
49	4910	WILLIAMSON	4923	625292	2472273	4902	16374	343
49	4930	WILSON	2431	361458	692796	3776	6173	61
49	4950	WINKLER	28	325622	23600	296	39	0
49	4970	WISE	2534	452361	586035	4613	4367	139
49	4990	WOOD	3525	276443	536790	2632	4065	21
49	5010	YOAKUM	239	357544	96184	2136	722	0
49	5030	YOUNG	1520	483804	634698	3758	3371	144
49	5050	ZAPATA	338	288690	44594	696	1115	3
49	5070	ZAVALA	304	461581	377499	1005	611	109
51	0	KENTUCKY	246499	19927286	36546828	247955	252250	7322
51	10	ADAIR	2782	208733	221225	2072	2838	17
51	30	ALLEN	2809	196475	281151	1741	3648	93
51	50	ANDERSON	1408	117619	244850	2481	422	18
51	70	BALLARD	1394	114747	235953	1484	2591	58
51	90	BARREN	4260	290459	739593	2806	5446	174
51	110	BATH	1901	136436	261110	2529	1572	29
51	130	BELL	1302	59591	43661	443	731	1
51	150	BOONE	1563	149159	424138	2840	738	105
51	170	BOURBON	1896	184761	973638	4426	1372	167
51	190	BOYD	782	66146	161307	698	357	17
51	210	BOYLE	1251	97831	277918	1462	975	53
51	230	BRACKEN	1796	121638	418038	3165	294	13
51	250	BREATHITT	3118	235566	76420	891	2234	0
51	270	BRECKINRIDGE	2763	309139	357013	2825	3940	99
51	290	BULLITT	1229	138066	208562	1632	1339	87
51	310	BUTLER	2150	228517	202346	1719	3299	94
51	330	CALDWELL	1708	180695	188376	1679	2683	79
51	350	CALLOWAY	2990	215931	372207	2488	4072	45
51	370	CAMPBELL	1389	81152	429196	2250	449	62
51	390	CARLISLE	1153	99816	142223	1627	2103	41
51	410	CARROLL	1188	82514	255649	1913	522	38
51	430	CARTER	2394	195658	160639	1617	2024	24
51	450	CASEY	3205	215875	272264	2500	2703	25
51	470	CHRISTIAN	3215	367593	676633	2762	6389	236
51	490	CLARK	1578	145678	502224	2017	1642	63
51	510	CLAY	2815	207393	89340	856	2725	2
51	530	CLINTON	1554	103519	117984	764	1939	7
51	550	CRITTENDEN	1665	196473	205711	2212	2543	58
51	570	CUMBERLAND	1892	161717	157859	1018	2532	22
51	590	DAVIESS	3728	245053	664230	4104	5167	221
51	610	EDMONSON	2041	176316	167125	1144	2028	29
51	630	ELLIOTT	1324	145967	73562	1041	1257	1
51	650	ESTILL	1804	121853	126189	1233	1362	5
51	670	FAYETTE	1704	166722	1142071	7205	1829	184
51	690	FLEMING	2642	200761	398030	4272	957	36
51	710	FLOYD	2773	165328	95661	1403	2010	5
51	730	FRANKLIN	1598	123245	331381	2869	662	53
51	750	FULTON	1197	91233	264799	1002	2580	68
51	770	GALLATIN	866	58102	113696	1103	406	19
51	790	GARRARD	2188	129320	391136	2379	1784	26
51	810	GRANT	1941	158473	420284	3106	616	20
51	830	GRAVES	4638	308329	579001	4287	5988	140
51	850	GRAYSON	2864	268738	233369	2977	3417	60
51	870	GREEN	2761	159268	226224	1541	2899	23
51	890	GREENUP	2133	184548	184537	1233	1674	31
51	910	HANCOCK	1075	90765	175741	1277	1171	54
51	930	HARDIN	2752	315135	452497	4109	3380	109
51	950	HARLAN	786	58088	42271	227	423	1
51	970	HARRISON	2614	199796	546081	4271	526	47
51	990	HART	3075	229254	349208	2156	3731	32
51	1010	HENDERSON	2625	243558	610188	2855	5907	253
51	1030	HENRY	2186	175991	493378	4200	1103	47
51	1050	HICKMAN	1434	123655	202630	1729	2672	51
51	1070	HOPKINS	2653	220043	392182	2958	3649	137
51	1090	JACKSON	1865	126705	79686	952	1809	0
51	1110	JEFFERSON	2616	160319	1114747	2432	2660	479
51	1130	JESSAMINE	1315	97035	406796	2108	1243	63
51	1150	JOHNSON	2281	142529	96666	1178	1584	1
51	1170	KENTON	1290	81161	400676	1756	350	63
51	1190	KNOTT	1951	152719	49419	549	1514	2
51	1210	KNOX	2850	155203	137024	761	2612	4
51	1230	LARUE	1531	144979	301040	2199	1718	60
51	1250	LAUREL	2892	162313	253972	1313	2569	6
51	1270	LAWRENCE	2409	223480	197847	1909	1465	7
51	1290	LEE	1288	78198	61192	724	822	1
51	1310	LESLIE	1627	131560	44069	301	1257	0
51	1330	LETCHER	1674	109812	64808	479	1109	1
51	1350	LEWIS	2196	229264	242122	2354	1190	21
51	1370	LINCOLN	2692	200630	384632	3142	2100	77
51	1390	LIVINGSTON	1339	178770	168546	1864	2658	41
51	1410	LOGAN	3379	309324	666819	2865	5956	214
51	1430	LYON	1210	121336	136550	988	1937	49
51	1450	MCCRACKEN	1979	120435	286659	1685	2098	106
51	1470	MCCREARY	1058	59989	44472	403	474	0
51	1490	MCLEAN	1576	132838	288970	2096	2471	132
51	1510	MADISON	3814	252515	621115	4271	3605	60
51	1530	MAGOFFIN	2427	169135	116554	1653	2454	1
51	1550	MARION	1946	181217	310383	3079	1965	47
51	1570	MARSHALL	2417	170216	243273	1923	3012	41
51	1590	MARTIN	993	75243	31404	391	432	0
51	1610	MASON	1548	138279	562581	3331	610	79
51	1630	MEADE	1236	156860	206654	1980	1551	79
51	1650	MENIFEE	879	93174	55103	647	614	0
51	1670	MERCER	1850	154738	483812	3195	1006	59
51	1690	METCALFE	2154	160028	263024	1261	2688	32
51	1710	MONROE	2399	186914	218134	1574	2933	31
51	1730	MONTGOMERY	1261	100466	313563	1671	1071	45
51	1750	MORGAN	2633	209463	145264	1748	2087	3
51	1770	MUHLENBERG	2469	193010	279530	1828	3137	98
51	1790	NELSON	2081	225014	494892	3164	2505	119
51	1810	NICHOLAS	1871	117657	348331	2974	433	28
51	1830	OHIO	3191	275434	424183	3556	4285	104
51	1850	OLDHAM	783	108831	383679	1614	1012	151
51	1870	OWEN	2263	205895	418394	4022	710	37
51	1890	OWSLEY	1351	107400	47301	610	1219	0
51	1910	PENDLETON	2013	167731	481243	3899	294	61
51	1930	PERRY	2087	135491	72494	487	1321	1
51	1950	PIKE	4205	326015	201991	1741	2824	4
51	1970	POWELL	848	83104	56554	644	662	10
51	1990	PULASKI	4731	301580	386510	3238	5180	52
51	2010	ROBERTSON	826	60952	130246	1452	74	13
51	2030	ROCKCASTLE	2125	159381	184785	1402	2038	6
51	2050	ROWAN	1261	130311	93341	762	940	8
51	2070	RUSSELL	2059	150831	172489	1284	2371	32
51	2090	SCOTT	1890	157243	555642	3659	822	65
51	2110	SHELBY	2337	228302	829396	3819	2490	154
51	2130	SIMPSON	1797	148628	370556	1846	3208	128
51	2150	SPENCER	1208	117345	310206	2056	1222	43
51	2170	TAYLOR	2021	140907	301482	1837	2121	62
51	2190	TODD	2199	203491	306509	1622	3998	113
51	2210	TRIGG	2050	222770	267269	1421	4063	99
51	2230	TRIMBLE	1249	87387	278894	2338	399	61
51	2250	UNION	1342	181129	502214	2117	3461	228
51	2270	WARREN	3683	307120	705672	3050	5019	195
51	2290	WASHINGTON	2282	179902	402491	3508	1670	39
51	2310	WAYNE	2355	239947	213650	1121	2851	36
51	2330	WEBSTER	1927	171043	240649	2531	2779	118
51	2350	WHITLEY	2148	132975	109948	666	2224	4
51	2370	WOLFE	1348	115063	68942	972	900	2
51	2390	WOODFORD	1372	110112	537070	2335	1074	68
52	0	MARYLAND	43203	4374398	25682263	94099	29051	7208
52	10	ALLEGANY	1020	139322	337718	1266	141	110
52	30	ANNE ARUNDEL	1555	138315	922010	2645	825	211
52	50	BALTIMORE	3413	249744	2791722	6030	2311	742
52	70	CALVERT	1103	111639	359432	2084	64	114
52	90	CAROLINE	1922	167521	913971	3530	2015	250
52	110	CARROLL	3149	259360	1852332	7843	2170	499
52	130	CECIL	1424	175229	988971	4565	393	358
52	150	CHARLES	1592	205011	571530	3067	571	247
52	170	DORCHESTER	1598	172249	1086228	2324	2187	356
52	190	FREDERICK	3434	350343	2324025	11921	488	523
52	210	GARRETT	1839	241248	785477	3369	116	227
52	230	HARFORD	2260	212363	1723852	4013	1693	553
52	250	HOWARD	1098	128837	886216	3107	345	217
52	270	KENT	971	159460	826075	4940	727	265
52	290	MONTGOMERY	1971	238728	1395396	5702	174	419
52	310	PRINCE GEORGES	2291	207459	1078401	4508	574	373
52	330	QUEEN ANNES	1464	209415	1038221	4501	3065	247
52	350	SOMERSET	1561	117573	826502	1539	1788	278
52	370	ST MARYS	1392	167547	678645	2859	377	200
52	390	TALBOT	1113	152574	1059465	2922	2439	379
52	410	WASHINGTON	2552	230849	1467522	7681	364	313
52	430	WICOMICO	2193	147783	785712	1756	2916	154
52	450	WORCESTER	2190	188422	884840	1881	3287	155
52	5100	BALTIMORE CITY	98	3407	98000	46	21	18
53	0	OKLAHOMA	203866	33790817	92857906	505620	315353	25962
53	10	ADAIR	1779	136746	200326	2713	2104	21
53	30	ALFALFA	2328	519596	2876102	7627	1560	1269
53	50	ATOKA	1860	271441	201664	4271	3470	21
53	70	BEAVER	2047	1045528	3136783	9989	1710	1178
53	90	BECKHAM	3258	502045	1726716	9040	5975	267
53	110	BLAINE	2567	538416	1943632	9983	3183	723
53	130	BRYAN	3767	427192	640929	5584	8769	92
53	150	CADDO	5961	772110	2767170	14859	9728	543
53	170	CANADIAN	2961	533084	2158774	11071	3797	799
53	190	CARTER	2195	297641	508006	4078	4071	47
53	210	CHEROKEE	2429	209078	273881	4612	3177	18
53	230	CHOCTAW	3159	266713	467280	4019	5910	18
53	250	CIMARRON	887	1067542	1661291	4290	436	614
53	270	CLEVELAND	2011	280713	761876	4428	3029	151
53	290	COAL	1414	225093	275357	3473	2483	34
53	310	COMANCHE	2913	568241	1554957	10384	4088	408
53	330	COTTON	2045	381238	1223597	6047	3777	393
53	350	CRAIG	2219	387938	537817	7647	3580	141
53	370	CREEK	3555	364323	647560	6909	4713	44
53	390	CUSTER	2988	613007	2245077	12105	3821	669
53	410	DELAWARE	2460	269821	458362	5390	2795	62
53	430	DEWEY	2270	567023	1358640	8794	3100	419
53	450	ELLIS	1685	754350	1679138	7502	1430	602
53	470	GARFIELD	3478	710042	3610135	10149	3008	1462
53	490	GARVIN	3610	416482	981255	6906	6952	166
53	510	GRADY	4890	628851	1967323	10409	10199	433
53	530	GRANT	2757	668108	3651958	9567	2296	1517
53	550	GREER	2455	383210	1405517	5677	4881	278
53	570	HARMON	1799	306986	1048428	4548	4465	139
53	590	HARPER	1204	594817	1587392	6084	1601	598
53	610	HASKELL	2218	226183	272864	3064	4696	14
53	630	HUGHES	2993	330503	719066	5510	4619	38
53	650	JACKSON	2849	455047	1769945	7134	6786	402
53	670	JEFFERSON	1995	475335	691749	5346	4711	80
53	690	JOHNSTON	1526	318461	305014	3025	3439	40
53	710	KAY	2849	606384	2465084	11051	3275	1020
53	730	KINGFISHER	2444	530289	2234846	9103	2807	965
53	750	KIOWA	3532	604547	2758235	9849	5106	993
53	770	LATIMER	1221	130372	164095	2423	1808	13
53	790	LE FLORE	4360	322604	428165	4613	8034	18
53	810	LINCOLN	4402	550902	1198532	9053	5981	131
53	830	LOGAN	2833	408336	1139045	6055	2898	264
53	850	LOVE	1626	224329	349778	2651	3524	51
53	870	MCCLAIN	3014	323015	922817	5116	6452	131
53	890	MCCURTAIN	4221	253395	484039	4690	7233	15
53	910	MCINTOSH	3517	316712	473043	5555	7191	34
53	930	MAJOR	2093	561015	1758248	8524	1709	741
53	950	MARSHALL	1346	197111	246701	2040	3216	43
53	970	MAYES	2541	285377	539834	6084	3718	104
53	990	MURRAY	1018	165258	209650	2172	1626	24
53	1010	MUSKOGEE	4487	387929	817113	7677	8283	101
53	1030	NOBLE	2101	473812	1260186	7213	2088	479
53	1050	NOWATA	1523	266534	460177	5147	1582	148
53	1070	OKFUSKEE	3544	316954	697803	5262	6020	48
53	1090	OKLAHOMA	3111	346194	1275040	5246	3269	328
53	1110	OKMULGEE	3388	307711	520118	6214	4426	59
53	1130	OSAGE	2354	1032848	1060339	10263	4020	226
53	1150	OTTAWA	1811	220555	529130	4613	2330	109
53	1170	PAWNEE	2289	353211	586426	6680	2230	94
53	1190	PAYNE	2928	393216	848129	7393	3069	164
53	1210	PITTSBURG	3716	444771	539322	6814	6049	37
53	1230	PONTOTOC	2671	324881	550502	4626	4763	36
53	1250	POTTAWATOMIE	3760	389935	1059043	5883	4884	114
53	1270	PUSHMATAHA	1783	199838	165753	3822	2972	4
53	1290	ROGER MILLS	2353	654845	1275498	9997	4355	280
53	1310	ROGERS	2154	316639	557835	6160	2657	103
53	1330	SEMINOLE	2800	256290	676842	4416	4088	28
53	1350	SEQUOYAH	2769	207812	233212	3038	4970	23
53	1370	STEPHENS	2922	439799	769327	6589	5076	66
53	1390	TEXAS	2020	1151424	4200973	7431	1018	1462
53	1410	TILLMAN	2763	521777	2662725	5958	7955	978
53	1430	TULSA	2489	231705	906886	5208	3038	214
53	1450	WAGONER	3154	289491	496538	5595	5796	92
53	1470	WASHINGTON	1107	196766	311132	3366	952	84
53	1490	WASHITA	4506	611634	3365865	12288	6336	1011
53	1510	WOODS	2030	739633	2614690	8607	2199	931
53	1530	WOODWARD	1784	722063	1729609	8901	1991	496
54	0	TENNESSEE	245657	18003241	45758093	175375	318567	6865
54	10	ANDERSON	1445	120302	307862	919	1445	31
54	30	BEDFORD	2801	283434	706709	4539	4239	104
54	50	BENTON	1751	197306	256453	861	3352	70
54	70	BLEDSOE	927	108460	136408	639	1116	18
54	90	BLOUNT	2417	197176	630957	2001	2272	114
54	110	BRADLEY	1780	181579	482036	1081	2272	110
54	130	CAMPBELL	1754	110133	264779	951	1601	23
54	150	CANNON	1727	147444	189940	1962	2111	22
54	170	CARROLL	4310	312232	795691	2561	6394	51
54	190	CARTER	2348	114609	361834	1401	571	32
54	210	CHEATHAM	1509	121501	365512	732	2116	63
54	230	CHESTER	1891	149638	319169	661	3385	41
54	250	CLAIBORNE	3298	186120	428904	1744	2651	30
54	270	CLAY	1458	134654	145112	666	2078	17
54	290	COCKE	2707	197013	444383	1820	2922	47
54	310	COFFEE	2112	191505	355884	2223	2855	52
54	330	CROCKETT	3148	141782	632709	2170	5202	127
54	350	CUMBERLAND	1034	83812	141031	691	1124	11
54	370	DAVIDSON	2939	236290	1177989	2541	3543	234
54	390	DECATUR	1654	153686	244875	452	3102	39
54	410	DE KALB	2576	184391	282636	2125	3146	13
54	430	DICKSON	2487	213609	305435	1186	3189	64
54	450	DYER	3911	191418	918770	2079	6933	102
54	470	FAYETTE	5786	336437	759154	3713	7706	65
54	490	FENTRESS	987	80075	94637	393	1197	6
54	510	FRANKLIN	2553	214667	605706	2418	3540	76
54	530	GIBSON	6815	323881	1517359	4981	10633	232
54	550	GILES	4811	343869	808522	4832	6176	95
54	570	GRAINGER	2140	162749	264629	1980	1494	31
54	590	GREENE	5004	325421	1317158	6580	3072	145
54	610	GRUNDY	524	41431	84370	388	573	9
54	630	HAMBLEN	1501	103319	389910	1488	1318	50
54	650	HAMILTON	2407	189517	592917	1017	2746	131
54	670	HANCOCK	1613	117716	159106	1059	1294	16
54	690	HARDEMAN	3396	291008	433365	1933	4835	84
54	710	HARDIN	2708	199387	380485	842	5023	80
54	730	HAWKINS	3505	258573	579529	3026	2387	87
54	750	HAYWOOD	5079	223158	801860	2936	7403	82
54	770	HENDERSON	3290	269754	516646	978	5855	23
54	790	HENRY	3296	298547	610061	2734	5476	97
54	810	HICKMAN	1647	195327	328747	949	3103	60
54	830	HOUSTON	789	82727	98448	440	1094	17
54	850	HUMPHREYS	1452	184422	246484	774	2801	53
54	870	JACKSON	2389	170484	250586	1185	3424	37
54	890	JEFFERSON	2204	176524	488270	1994	2264	63
54	910	JOHNSON	1593	114756	291655	1556	340	36
54	930	KNOX	4039	253828	1119638	2655	3257	234
54	950	LAKE	1120	63856	257216	168	3379	33
54	970	LAUDERDALE	3981	169617	616755	1684	5795	76
54	990	LAWRENCE	3845	270865	553403	1945	5240	81
54	1010	LEWIS	507	57787	76345	355	744	11
54	1030	LINCOLN	4131	316611	907413	3946	5831	119
54	1050	LOUDON	1332	130634	329847	999	1877	55
54	1070	MCMINN	2510	233805	613603	1796	3025	75
54	1090	MCNAIRY	3414	273757	517384	1315	5819	44
54	1110	MACON	2735	177931	375491	1537	3370	32
54	1130	MADISON	4650	260511	807564	2224	7378	150
54	1150	MARION	1044	85816	191183	619	1344	50
54	1170	MARSHALL	2297	223868	533289	3249	3072	88
54	1190	MAURY	3680	346025	1077133	4288	5377	178
54	1210	MEIGS	757	121952	182114	669	1494	37
54	1230	MONROE	2800	228598	421958	1816	2725	49
54	1250	MONTGOMERY	4036	304385	665569	2003	6014	189
54	1270	MOORE	976	68818	176007	1032	1040	10
54	1290	MORGAN	1074	89874	157958	641	876	23
54	1310	OBION	3315	276119	806519	3395	6826	205
54	1330	OVERTON	2724	208924	217811	799	3510	21
54	1350	PERRY	1070	157903	214397	350	1991	42
54	1370	PICKETT	943	78469	91954	285	1196	8
54	1390	POLK	1082	97685	159505	380	1346	25
54	1410	PUTNAM	2913	206145	362398	1641	3213	27
54	1430	RHEA	1206	118980	277873	765	1801	54
54	1450	ROANE	1304	169964	337415	852	2082	40
54	1470	ROBERTSON	4420	281784	993166	2187	6118	415
54	1490	RUTHERFORD	4653	332398	946527	5177	5923	176
54	1510	SCOTT	1124	75130	91741	738	771	9
54	1530	SEQUATCHIE	537	37240	88565	329	450	9
54	1550	SEVIER	2931	225061	429517	1972	2280	39
54	1570	SHELBY	8595	286836	1612801	2872	8934	170
54	1590	SMITH	2661	192729	406676	2422	4069	48
54	1610	STEWART	1902	182907	277590	792	2876	108
54	1630	SULLIVAN	3186	208313	733108	3033	1485	89
54	1650	SUMNER	4481	309864	926606	4420	5673	166
54	1670	TIPTON	4968	201522	835442	2795	7415	57
54	1690	TROUSDALE	972	70080	210414	914	1630	25
54	1710	UNICOI	860	43381	101793	400	287	10
54	1730	UNION	1966	128088	270872	1217	1564	16
54	1750	VAN BUREN	488	51783	59277	267	594	1
54	1770	WARREN	2615	222006	490441	2150	3494	39
54	1790	WASHINGTON	2980	169936	781667	3370	1464	101
54	1810	WAYNE	1635	196511	219575	608	2614	28
54	1830	WEAKLEY	4978	309629	829332	4646	7416	97
54	1850	WHITE	1960	165183	337250	1272	2725	22
54	1870	WILLIAMSON	3005	321839	820602	3391	4865	159
54	1890	WILSON	3782	336451	732707	4794	4925	135
56	0	WEST VIRGINIA	82641	8802348	15267497	112638	12320	2792
56	10	BARBOUR	1934	184288	355671	2703	109	59
56	30	BERKELEY	1201	150167	634317	3259	313	246
56	50	BOONE	793	51806	56448	505	280	0
56	70	BRAXTON	2539	265619	282980	3725	321	17
56	90	BROOKE	222	28486	104973	461	21	38
56	110	CABELL	2004	140561	283881	2228	415	37
56	130	CALHOUN	1492	146054	161485	2059	179	5
56	150	CLAY	1147	82037	127467	1330	238	5
56	170	DODDRIDGE	1284	178449	182450	1564	78	7
56	190	FAYETTE	1446	80096	277575	1303	334	31
56	210	GILMER	1454	186042	230032	2367	103	2
56	230	GRANT	873	201015	222757	1549	29	57
56	250	GREENBRIER	2242	292783	592639	3729	219	112
56	270	HAMPSHIRE	1421	303160	489424	2387	271	179
56	290	HANCOCK	328	31803	188845	549	31	57
56	310	HARDY	1098	222970	309218	1698	163	104
56	330	HARRISON	2103	210177	418748	3279	118	72
56	350	JACKSON	2517	271033	473392	4077	333	38
56	370	JEFFERSON	824	122942	587518	3500	241	146
56	390	KANAWHA	2828	179000	396193	2647	478	37
56	410	LEWIS	1755	225303	359765	2629	73	28
56	430	LINCOLN	2328	185920	118666	2104	855	3
56	450	LOGAN	842	51644	31292	360	400	3
56	470	MCDOWELL	1430	89170	89524	787	417	3
56	490	MARION	1808	128120	281299	2107	85	33
56	510	MARSHALL	1606	163783	497232	2795	152	72
56	530	MASON	2294	246991	456045	3484	356	112
56	550	MERCER	2240	172298	361835	2228	265	41
56	570	MINERAL	754	153657	241618	1161	92	88
56	590	MINGO	628	40751	57432	229	286	0
56	610	MONONGALIA	1684	139600	372032	2236	96	75
56	630	MONROE	1826	222846	374042	3158	94	74
56	650	MORGAN	667	88242	169067	982	114	45
56	670	NICHOLAS	1800	148307	272000	1920	218	16
56	690	OHIO	513	46989	267278	866	65	86
56	710	PENDLETON	1272	272805	333276	2658	22	59
56	730	PLEASANTS	578	56000	70187	818	53	13
56	750	POCAHONTAS	1201	230824	298716	1962	90	91
56	770	PRESTON	2162	251140	688068	3627	100	267
56	790	PUTNAM	1851	170596	260427	2563	475	33
56	810	RALEIGH	1668	114498	198239	1389	357	14
56	830	RANDOLPH	1755	275146	296795	2428	72	79
56	850	RITCHIE	1630	210596	274111	2442	63	19
56	870	ROANE	2357	281662	411636	3481	376	23
56	890	SUMMERS	1912	185039	337633	2373	289	36
56	910	TAYLOR	970	82336	160058	1368	43	19
56	930	TUCKER	711	102667	89950	980	15	35
56	950	TYLER	1221	133496	201033	1723	75	19
56	970	UPSHUR	1955	168878	256429	2498	80	30
56	990	WAYNE	2745	209677	187338	2036	1384	20
56	1010	WEBSTER	1104	93609	121370	1028	92	6
56	1030	WETZEL	1664	158054	188992	2254	98	19
56	1050	WIRT	978	109069	120525	1476	184	9
56	1070	WOOD	1828	159870	359577	2869	229	73
56	1090	WYOMING	1154	104277	87997	700	381	0
61	0	ARIZONA	14173	10526627	10413814	27656	3381	2558
61	10	APACHE	1444	1026912	320274	11708	528	16
61	30	COCHISE	927	1918156	639843	3971	585	46
61	50	COCONINO	789	1099199	196334	6640	516	25
61	70	GILA	306	120142	193710	9770	311	13
61	90	GRAHAM	749	468607	507071	3164	270	96
61	110	GREENLEE	257	55158	95875	1783	234	4
61	130	MARICOPA	4597	578350	4887930	9890	3721	1621
61	150	MOHAVE	384	521492	161388	2980	184	21
61	170	NAVAJO	1287	952696	192542	10790	641	20
61	190	PIMA	757	949409	630291	7309	1366	107
61	210	PINAL	1008	385560	1008163	4507	795	224
61	230	SANTA CRUZ	220	253637	108703	1339	230	23
61	250	YAVAPAI	675	2105833	474376	3267	427	62
61	270	YUMA	773	91476	997314	2581	1502	280
62	0	COLORADO	59956	28876171	50241437	329344	29124	13334
62	10	ADAMS	1912	557561	1760342	8107	613	602
62	30	ALAMOSA	531	225192	573907	3010	510	125
62	50	ARAPAHOE	1225	459673	1212567	4344	280	372
62	70	ARCHULETA	389	163442	181099	1960	71	15
62	90	BACA	1750	1126576	1590569	12719	1284	725
62	110	BENT	882	540938	823895	6836	780	141
62	130	BOULDER	1473	203313	1078663	4417	381	307
62	150	CHAFFEE	307	74023	257144	1198	39	40
62	170	CHEYENNE	625	494428	522367	5467	566	204
62	190	CLEAR CREEK	34	14454	15440	257	1	1
62	210	CONEJOS	1467	252552	706953	4752	459	143
62	230	COSTILLA	648	349527	394569	1971	134	80
62	250	CROWLEY	626	328113	449892	3636	440	85
62	270	CUSTER	406	260169	347175	2076	75	57
62	290	DELTA	1744	187965	954450	5830	465	80
62	310	DENVER	257	3789	121654	112	11	13
62	330	DOLORES	194	71455	105321	884	86	33
62	350	DOUGLAS	438	347283	598865	2635	119	180
62	370	EAGLE	374	170616	366904	2754	76	39
62	390	ELBERT	1241	966899	1195865	8046	862	443
62	410	EL PASO	1463	1071111	1031391	7128	1405	324
62	430	FREMONT	1270	366717	431583	2350	138	41
62	450	GARFIELD	1015	251791	591639	5343	261	56
62	470	GILPIN	34	14374	15240	88	2	1
62	490	GRAND	229	212341	185745	2544	28	17
62	510	GUNNISON	370	215849	296685	2903	103	13
62	530	HINSDALE	44	18142	32885	333	14	0
62	550	HUERFANO	760	495851	358398	3285	157	100
62	570	JACKSON	203	321277	225160	4037	61	10
62	590	JEFFERSON	1817	259690	972824	3469	186	240
62	610	KIOWA	579	461829	436017	4312	679	133
62	630	KIT CARSON	1630	969104	1304837	12316	1332	548
62	650	LAKE	44	20681	30890	279	4	0
62	670	LA PLATA	1161	359127	630904	5070	271	93
62	690	LARIMER	1838	698304	1941348	8318	690	510
62	710	LAS ANIMAS	1758	1927923	836040	12203	725	168
62	730	LINCOLN	1232	1195717	1196093	8337	955	495
62	750	LOGAN	1845	961377	2269144	12524	1154	741
62	770	MESA	2665	345098	1313813	7426	484	167
62	790	MINERAL	50	25511	39870	279	7	4
62	810	MOFFAT	797	642257	476867	7245	260	101
62	830	MONTEZUMA	978	285730	576628	3863	414	119
62	850	MONTROSE	1318	231065	776623	5951	385	77
62	870	MORGAN	1569	632615	1709789	9754	956	460
62	890	OTERO	1298	467846	961300	7080	1056	180
62	910	OURAY	178	100925	151715	1070	17	10
62	930	PARK	394	535826	305954	2765	113	18
62	950	PHILLIPS	766	390370	1201783	4133	468	500
62	970	PITKIN	180	59888	135715	1245	25	14
62	990	PROWERS	1382	564644	1208892	11561	1406	282
62	1010	PUEBLO	1473	1245441	1122781	6822	583	292
62	1030	RIO BLANCO	433	336640	398142	4752	301	35
62	1050	RIO GRANDE	730	202094	1230645	3729	756	245
62	1070	ROUTT	928	527847	665166	6993	140	100
62	1090	SAGUACHE	557	454726	597750	4075	390	114
62	1110	SAN JUAN						
62	1130	SAN MIGUEL	263	171070	171480	1389	83	18
62	1150	SEDGWICK	560	307410	1138368	3439	295	363
62	1170	SUMMIT	61	32231	62660	612	3	5
62	1190	TELLER	238	134249	105696	942	63	16
62	1210	WASHINGTON	1753	1237648	1372716	14057	934	619
62	1230	WELD	5457	1977783	6446662	30124	2623	1851
62	1250	YUMA	2113	1348084	2025958	14188	1945	569
63	0	IDAHO	41674	9346908	39748803	206086	7236	4691
63	10	ADA	2305	177470	1365090	6431	138	160
63	30	ADAMS	462	213826	384172	2238	57	22
63	50	BANNOCK	1748	535664	1752763	10984	220	211
63	70	BEAR LAKE	915	284669	588877	4962	31	57
63	90	BENEWAH	534	125764	400988	1958	85	59
63	110	BINGHAM	2311	269288	2070284	10561	120	199
63	130	BLAINE	382	158952	344065	2509	100	24
63	150	BOISE	214	94518	172156	1058	57	17
63	170	BONNER	1010	155782	461531	1602	45	52
63	190	BONNEVILLE	1577	329933	2025630	8948	117	230
63	210	BOUNDARY	426	78063	419850	812	14	84
63	230	BUTTE	235	69333	298264	2098	42	23
63	250	CAMAS	261	158255	446500	2182	13	68
63	270	CANYON	3279	225270	2494584	10305	325	235
63	290	CARIBOU	357	224692	244830	1799	55	34
63	310	CASSIA	1407	271938	1403180	7748	231	139
63	330	CLARK	124	133299	120275	4036	46	13
63	350	CLEARWATER	493	92822	244992	1646	112	31
63	370	CUSTER	368	121927	346735	3688	102	28
63	390	ELMORE	333	168528	265290	1804	138	33
63	410	FRANKLIN	1131	203291	1037024	5163	98	74
63	430	FREMONT	1056	266882	1067775	6001	55	159
63	450	GEM	768	159764	634586	2946	170	78
63	470	GOODING	931	112596	801880	3989	150	57
63	490	IDAHO	1371	666146	1504524	8787	477	196
63	510	JEFFERSON	1090	149912	926417	4909	17	104
63	530	JEROME	989	111180	1366746	4752	208	166
63	550	KOOTENAI	1348	228099	795838	3120	93	129
63	570	LATAH	1688	348436	1837587	7412	429	337
63	590	LEMHI	541	163785	473847	5364	112	57
63	610	LEWIS	609	214074	730110	4309	183	89
63	630	LINCOLN	321	63173	353687	2171	39	35
63	650	MADISON	1079	213362	1130628	5879	78	126
63	670	MINIDOKA	1025	69955	838460	3457	111	29
63	690	NEZ PERCE	1309	417901	1428486	7146	612	197
63	710	ONEIDA	756	333519	888815	6088	191	103
63	730	OWYHEE	729	308585	531393	6654	226	76
63	750	PAYETTE	820	73387	698149	2556	107	105
63	770	POWER	573	359792	1077509	6057	388	90
63	790	SHOSHONE	173	22378	119968	270	14	8
63	810	TETON	470	149053	554910	3294	97	56
63	830	TWIN FALLS	2785	304873	4082921	10880	880	630
63	850	VALLEY	307	104027	235422	1646	109	17
63	870	WASHINGTON	1064	412745	782065	5867	344	54
63	875	YELLOWSTONE NATIO						
64	0	MONTANA	47495	44659152	62070274	450264	8153	19031
64	10	BEAVERHEAD	581	1109177	1035300	15985	284	82
64	30	BIG HORN	1086	1863366	1378024	11478	192	403
64	50	BLAINE	1288	1229085	1770413	14398	143	537
64	70	BROADWATER	328	364763	435028	3378	275	103
64	90	CARBON	1170	463506	1203665	8526	234	266
64	110	CARTER	848	1099247	620309	10978	199	106
64	130	CASCADE	1404	1261151	2064262	8863	264	625
64	150	CHOUTEAU	1587	1841095	3126841	11867	202	1099
64	170	CUSTER	715	1366565	707953	14123	112	207
64	190	DANIELS	906	644822	1660407	6976	142	651
64	210	DAWSON	1018	1061212	1446690	12180	187	523
64	230	DEER LODGE	142	123649	177756	1273	4	21
64	250	FALLON	650	741398	816281	7383	105	288
64	270	FERGUS	2073	1672897	2743491	18234	431	1009
64	290	FLATHEAD	1349	262258	790839	4969	81	95
64	310	GALLATIN	1336	722657	1659774	10438	219	420
64	330	GARFIELD	1077	1179346	990985	15830	108	291
64	350	GLACIER	455	1131103	519924	8694	91	124
64	370	GOLDEN VALLEY	387	511689	279593	3976	77	117
64	390	GRANITE	247	251238	263561	2278	67	44
64	410	HILL	1423	1289586	2892279	9511	70	1006
64	430	JEFFERSON	385	226525	334969	2573	69	48
64	450	JUDITH BASIN	776	792718	1399933	5497	109	537
64	470	LAKE	1197	404543	699552	6011	110	98
64	490	LEWIS AND CLARK	612	947245	772252	4972	184	169
64	510	LIBERTY	402	622896	879855	3982	59	266
64	530	LINCOLN	503	91387	259619	1359	20	13
64	550	MCCONE	1041	858707	1494713	11903	65	502
64	570	MADISON	748	669098	898092	8934	191	130
64	590	MEAGHER	276	793430	366775	3813	50	60
64	610	MINERAL	96	22146	50925	302	13	7
64	630	MISSOULA	688	228464	404317	3014	138	72
64	650	MUSSELSHELL	525	665970	427340	5568	99	152
64	670	PARK	656	701372	703374	6201	155	165
64	690	PETROLEUM	363	375149	370075	6525	65	128
64	710	PHILLIPS	1476	1515119	1846550	19852	246	617
64	730	PONDERA	919	688410	1712957	7378	102	653
64	750	POWDER RIVER	896	1210833	838220	11812	228	206
64	770	POWELL	343	736698	519783	4663	46	66
64	790	PRAIRIE	559	722167	684008	7087	67	246
64	810	RAVALLI	1286	292172	809334	5223	172	160
64	830	RICHLAND	1341	905762	1921078	13351	229	631
64	850	ROOSEVELT	1276	792780	2558014	11316	112	885
64	870	ROSEBUD	940	1536001	1113171	19707	181	330
64	890	SANDERS	663	324605	364029	3626	73	39
64	910	SHERIDAN	1492	894596	2540360	10225	196	944
64	930	SILVER BOW	212	81903	141985	786	49	12
64	950	STILLWATER	962	862893	1003659	7431	378	354
64	970	SWEET GRASS	532	716373	519552	4688	141	139
64	990	TETON	1023	975637	2071819	6704	108	695
64	1010	TOOLE	597	758240	1114792	5277	42	367
64	1030	TREASURE	266	304840	395114	3243	150	139
64	1050	VALLEY	1833	1535490	3127656	15464	286	1265
64	1070	WHEATLAND	324	819426	422610	3614	129	146
64	1090	WIBAUX	469	376952	692898	4572	24	233
64	1110	YELLOWSTONE	1748	1018795	2027519	12253	380	540
64	1130	YELLOWSTONE NATIO						
65	0	NEVADA	3442	4080906	4218855	40559	3166	360
65	10	CHURCHILL	614	88621	539855	2796	259	47
65	30	CLARK	294	40641	168059	857	48	34
65	50	DOUGLAS	135	146338	398843	1193	29	54
65	70	ELKO	518	2004716	854900	15477	1112	40
65	90	ESMERALDA	24	13473	27210	214	42	5
65	110	EUREKA	76	260439	140596	2848	214	6
65	130	HUMBOLDT	195	391827	271565	3274	259	17
65	150	LANDER	44	118655	55500	2250	223	5
65	170	LINCOLN	155	31276	98205	560	62	7
65	190	LYON	339	187732	459913	2168	81	36
65	210	MINERAL	88	25566	61889	392	38	3
65	230	NYE	142	83062	110606	1331	163	7
65	250	ORMSBY	33	14259	39245	214	18	6
65	270	PERSHING	119	111261	232720	1369	174	27
65	290	STOREY	9	1504	10700	26	0	1
65	310	WASHOE	474	434877	472613	3584	269	44
65	330	WHITE PINE	183	126659	276436	2006	175	21
66	0	NEW MEXICO	31404	30822034	12996727	141123	22935	2497
66	10	BERNALILLO	1248	84876	353883	2813	269	30
66	30	CATRON	438	648805	148814	2642	309	2
66	50	CHAVES	883	2314115	767126	5344	1242	145
66	70	COLFAX	798	1926848	459287	4960	507	97
66	90	CURRY	1263	671255	1374394	5821	1567	619
66	110	DE BACA	352	1524101	147608	3548	562	15
66	130	DONA ANA	2129	426555	1017177	4679	2107	154
66	150	EDDY	1054	1532391	757971	5290	1809	142
66	170	GRANT	576	1327076	325830	4267	380	19
66	190	GUADALUPE	596	641088	117868	2137	533	6
66	210	HARDING	628	960981	357635	4051	792	135
66	230	HIDALGO	335	753947	140370	1838	235	2
66	250	LEA	610	2011573	287015	3855	640	15
66	270	LINCOLN	569	1316403	265065	3462	435	16
66	290	LUNA	235	591752	199495	1313	267	30
66	310	MCKINLEY	996	857423	131367	5906	342	11
66	330	MORA	1318	917409	236370	4816	282	17
66	350	OTERO	537	213308	222248	3030	597	16
66	370	QUAY	1176	1647291	1031819	6232	1459	336
66	390	RIO ARRIBA	2492	722305	421233	7365	404	30
66	410	ROOSEVELT	1579	1282244	839674	7837	2258	201
66	430	SANDOVAL	1309	238128	215474	4554	341	6
66	450	SAN JUAN	1422	131401	406521	7039	462	32
66	470	SAN MIGUEL	1670	1908753	356379	7822	738	40
66	490	SANTA FE	687	441895	200863	2043	231	7
66	510	SIERRA	449	886399	139003	2733	273	3
66	530	SOCORRO	849	917770	197366	2428	213	6
66	550	TAOS	1423	147247	236290	3740	84	16
66	570	TORRANCE	1055	1207071	543489	4700	1635	121
66	590	UNION	1454	1945856	845266	10201	1743	211
66	610	VALENCIA	1274	625768	253827	4657	219	17
67	0	UTAH	27159	5613101	13636571	91218	2906	1426
67	10	BEAVER	395	67075	181637	1440	76	13
67	30	BOX ELDER	1977	657895	1679547	9932	171	248
67	50	CACHE	2372	392068	1255090	7967	155	129
67	70	CARBON	285	30869	123007	644	31	16
67	90	DAGGETT	52	24832	47005	345	3	4
67	110	DAVIS	1481	162357	911782	3673	33	141
67	130	DUCHESNE	1050	173666	425559	4397	134	44
67	150	EMERY	758	115067	260738	3377	162	22
67	170	GARFIELD	513	111421	181545	1767	182	15
67	190	GRAND	157	33128	22950	530	139	8
67	210	IRON	598	354223	269135	1896	47	28
67	230	JUAB	496	159555	320005	1888	75	62
67	250	KANE	200	112752	81590	1072	80	9
67	270	MILLARD	1243	268666	588040	4999	235	91
67	290	MORGAN	247	126685	182958	1097	21	7
67	310	PIUTE	229	40132	118778	977	31	10
67	330	RICH	273	381236	258244	2599	62	15
67	350	SALT LAKE	2932	134582	1363027	4136	69	120
67	370	SAN JUAN	442	110477	126975	4049	306	24
67	390	SANPETE	1703	466208	741066	5621	111	36
67	410	SEVIER	1038	121721	509445	4004	49	20
67	430	SUMMIT	509	202823	298198	2015	45	29
67	450	TOOELE	434	138134	233725	1386	118	61
67	470	UINTAH	1076	150107	465598	4774	149	41
67	490	UTAH	3561	469485	1594905	7780	168	132
67	510	WASATCH	450	131547	219177	1412	29	11
67	530	WASHINGTON	656	120751	219403	1491	75	10
67	550	WAYNE	256	36475	106073	1602	98	3
67	570	WEBER	1776	319164	851369	4348	52	77
68	0	WYOMING	16011	23525234	17617857	173173	4050	4110
68	10	ALBANY	548	1302481	539865	12754	112	80
68	30	BIG HORN	948	187866	1198865	6845	122	252
68	50	CAMPBELL	1310	2560755	1356592	13928	278	365
68	70	CARBON	500	2048810	694066	9489	117	74
68	90	CONVERSE	811	1753207	895676	8923	216	229
68	110	CROOK	953	1241621	899457	8613	185	252
68	130	FREMONT	942	1088284	729691	11199	137	139
68	150	GOSHEN	1487	1082004	1932753	9842	536	535
68	170	HOT SPRINGS	229	275685	295215	2897	115	54
68	190	JOHNSON	536	1229248	537447	8686	97	123
68	210	LARAMIE	996	1644740	1207222	9982	379	465
68	230	LINCOLN	666	417202	479583	5928	92	40
68	250	NATRONA	389	1133104	334947	5484	91	50
68	270	NIOBRARA	727	1221741	767604	8405	268	220
68	290	PARK	688	471906	817875	6216	178	179
68	310	PLATTE	1148	1487504	1327679	9241	468	355
68	330	SHERIDAN	926	989550	1110494	9816	145	287
68	350	SUBLETTE	292	418826	393972	6684	156	21
68	370	SWEETWATER	258	1244571	277045	2699	83	36
68	390	TETON	280	94695	303424	2747	51	23
68	410	UINTA	435	375419	304936	3617	13	37
68	430	WASHAKIE	326	256285	594493	3455	163	106
68	450	WESTON	616	999730	618956	5723	48	188
68	455	YELLOWSTONE NATIO						
71	0	CALIFORNIA	135676	30442581	135741365	225965	40908	44437
71	10	ALAMEDA	2627	315848	1996679	4587	75	524
71	30	ALPINE	19	11530	23100	119	4	2
71	50	AMADOR	371	313719	213670	883	41	63
71	70	BUTTE	2603	619584	2804092	3269	497	1198
71	90	CALAVERAS	481	370970	265210	1043	31	37
71	110	COLUSA	894	481604	1778481	1413	683	604
71	130	CONTRA COSTA	1890	379338	2391557	4373	294	797
71	150	DEL NORTE	150	36965	197071	350	13	42
71	170	EL DORADO	886	324818	550665	1085	82	131
71	190	FRESNO	10334	1493477	7274533	14688	4882	2571
71	210	GLENN	1463	586411	2350259	2456	736	682
71	230	HUMBOLDT	2045	797160	1603368	3763	215	423
71	250	IMPERIAL	3176	403663	3359778	7001	3416	1079
71	270	INYO	218	94567	262848	1495	266	29
71	290	KERN	2397	1706625	3100872	6405	1837	981
71	310	KINGS	2156	575426	2248091	5147	861	613
71	330	LAKE	1057	240445	773386	1138	145	346
71	350	LASSEN	472	473268	613791	4960	667	93
71	370	LOS ANGELES	12653	527124	9334017	8499	1844	2872
71	390	MADERA	1529	626537	1517617	3275	1162	413
71	410	MARIN	690	264559	867960	1602	45	138
71	430	MARIPOSA	285	228126	155252	845	132	38
71	450	MENDOCINO	1672	939221	1481534	3117	298	437
71	470	MERCED	3830	829377	3491718	7838	1718	1059
71	490	MODOC	621	450139	729329	6449	485	107
71	510	MONO	76	66073	99867	577	64	4
71	530	MONTEREY	1891	1305001	3535036	6972	365	1061
71	550	NAPA	1686	323963	1597794	2014	195	571
71	570	NEVADA	539	145596	263342	878	23	44
71	590	ORANGE	4960	287967	5423098	3217	1744	2311
71	610	PLACER	1628	350718	1142006	2211	383	333
71	630	PLUMAS	178	167446	167335	1079	29	30
71	650	RIVERSIDE	4746	633932	3646645	5414	1943	1414
71	670	SACRAMENTO	3882	573025	4070020	5769	788	1578
71	690	SAN BENITO	1077	659299	1757540	2979	52	568
71	710	SAN BERNARDINO	7062	295748	4471876	3756	1091	1199
71	730	SAN DIEGO	3902	833336	2919286	5356	786	935
71	750	SAN FRANCISCO	112	1272	80500	66	2	6
71	770	SAN JOAQUIN	5730	697740	6280616	9715	950	2545
71	790	SAN LUIS OBISPO	1923	1466373	2346577	7698	583	650
71	810	SAN MATEO	841	186523	869994	1595	43	183
71	830	SANTA BARBARA	1408	1066756	2324909	6916	417	723
71	850	SANTA CLARA	6237	516974	6543387	5204	196	2910
71	870	SANTA CRUZ	1855	124481	1175641	1639	113	347
71	890	SHASTA	1213	607833	699134	3153	279	129
71	910	SIERRA	92	119579	80635	393	5	12
71	930	SISKIYOU	1155	627704	1163658	5128	221	240
71	950	SOLANO	1479	431401	2543551	2959	453	865
71	970	SONOMA	6562	775121	5419301	7274	389	1571
71	990	STANISLAUS	5743	772625	5007250	9753	1618	1358
71	1010	SUTTER	1758	343654	3607761	2256	457	1362
71	1030	TEHAMA	1805	1195796	1368106	3207	776	492
71	1050	TRINITY	325	184523	173894	932	174	15
71	1070	TULARE	7154	1192432	7483811	11895	3460	2930
71	1090	TUOLUMNE	293	206615	210693	918	42	23
71	1110	VENTURA	1656	444136	5312790	5052	1792	1294
71	1130	YOLO	1641	488252	3670816	2831	868	1166
71	1150	YUBA	548	260186	899618	1359	178	289
72	0	OREGON	55153	16548678	42585751	178875	13455	9838
72	10	BAKER	1383	672906	1084664	8867	278	75
72	30	BENTON	1340	222253	886274	2643	58	321
72	50	CLACKAMAS	4747	290573	2248697	6358	276	625
72	70	CLATSOP	694	74562	345775	709	4	88
72	90	COLUMBIA	1667	118604	667395	1629	54	177
72	110	COOS	1305	227874	740096	1972	49	141
72	130	CROOK	489	634962	456012	6794	144	40
72	150	CURRY	342	114838	189385	700	58	27
72	170	DESCHUTES	824	155432	516269	2956	79	34
72	190	DOUGLAS	2488	656266	1509123	3901	201	558
72	210	GILLIAM	353	693715	1088065	4591	689	114
72	230	GRANT	632	899329	540018	6612	278	43
72	250	HARNEY	603	795205	608336	14514	1115	39
72	270	HOOD RIVER	967	37699	792170	730	61	256
72	290	JACKSON	2214	288371	1812325	3913	238	487
72	310	JEFFERSON	335	620567	485495	3241	244	86
72	330	JOSEPHINE	1164	105361	476991	1441	122	129
72	350	KLAMATH	1197	569949	1429113	7380	362	222
72	370	LAKE	485	749788	533218	6196	537	47
72	390	LANE	4069	514267	2062347	5586	209	622
72	410	LINCOLN	732	106715	227330	962	29	25
72	430	LINN	3074	468706	2165063	6733	192	724
72	450	MALHEUR	1345	572592	1107942	12868	943	121
72	470	MARION	4821	399563	2998310	7087	262	995
72	490	MORROW	628	1210456	1176448	5860	1189	164
72	510	MULTNOMAH	1733	76113	1058395	1795	47	294
72	530	POLK	1882	245363	1607375	3416	102	637
72	550	SHERMAN	369	435214	1383162	4752	329	158
72	570	TILLAMOOK	811	83031	493107	910	17	50
72	590	UMATILLA	2265	1377484	3909025	10170	3418	497
72	610	UNION	1276	457981	1439237	6733	205	262
72	630	WALLOWA	952	569759	887642	7982	603	96
72	650	WASCO	1076	892555	1284790	6861	598	240
72	670	WASHINGTON	3917	234798	2253744	5335	207	703
72	690	WHEELER	284	688056	348475	2357	97	36
72	710	YAMHILL	2690	287771	1773938	4321	161	705
73	0	WASHINGTON	70904	13533778	50511853	182503	22174	8388
73	10	ADAMS	818	1006582	2199257	8907	2705	181
73	30	ASOTIN	622	279253	512260	3082	178	46
73	50	BENTON	1668	320805	958792	4269	266	133
73	70	CHELAN	2218	159501	2534447	1735	168	530
73	90	CLALLAM	729	57820	341541	801	21	107
73	110	CLARK	3503	194482	1486956	4164	174	462
73	130	COLUMBIA	544	338260	951808	4464	2037	65
73	150	COWLITZ	1147	93589	435362	1366	56	113
73	170	DOUGLAS	1214	705255	1695058	7662	660	200
73	190	FERRY	577	133640	212770	2752	119	16
73	210	FRANKLIN	354	553547	762269	2622	1089	62
73	230	GARFIELD	393	357086	1139866	5390	845	70
73	250	GRANT	787	764407	952837	6216	376	182
73	270	GRAYS HARBOR/CHEH	1151	89473	559578	1046	30	155
73	290	ISLAND	877	48877	362301	790	6	106
73	310	JEFFERSON	272	26046	144104	351	12	27
73	330	KING	4656	137813	1843704	2596	79	456
73	350	KITSAP	1557	38367	400918	658	15	71
73	370	KITTITAS	888	359003	1005367	3751	143	263
73	390	KLICKITAT	1074	651395	884419	5348	306	183
73	410	LEWIS	3380	237429	1294213	4490	107	351
73	430	LINCOLN	1497	1356446	2882370	16344	2183	232
73	450	MASON	452	38552	219308	470	2	63
73	470	OKANOGAN	2326	691558	1393740	9387	322	151
73	490	PACIFIC	570	56430	242447	672	4	74
73	510	PEND OREILLE	613	114631	246361	1296	38	31
73	530	PIERCE	4696	139678	1509491	2700	101	323
73	550	SAN JUAN	472	63795	221680	564	6	66
73	570	SKAGIT	2721	139928	1484066	2933	56	369
73	590	SKAMANIA	278	25073	129930	277	14	26
73	610	SNOHOMISH	4262	160310	1743362	2684	58	350
73	630	SPOKANE	4268	763772	2657832	12533	566	422
73	650	STEVENS	2633	467414	1056549	6761	174	146
73	670	THURSTON	2082	143378	576222	1711	66	171
73	690	WAHKIAKUM	388	31713	169301	330	10	72
73	710	WALLA WALLA	1498	702909	2614391	7439	4619	217
73	730	WHATCOM	4282	183447	1730335	3741	117	345
73	750	WHITMAN	2631	1303748	5247486	24905	3388	499
73	770	YAKIMA	6806	598366	5709155	15296	1058	1052
