state	county	name	var2	var12	var95	var100	var123	var126	var130	var133	var144	var178	var180	var182	var185	tractors
1	0	CONNECTICUT	32157	2079933	23774	496	154	40	1621	4090	0	14006	37417	0	0	2667
1	10	FAIRFIELD	4860	214210	3631	47	10	0	89	324	0	1150	3987	0	0	310
1	30	HARTFORD	6172	313454	5326	208	23	12	190	694	0	4986	8637	0	0	718
1	50	LITCHFIELD	4880	448439	4155	66	23	6	990	1063	0	1742	7653	0	0	393
1	70	MIDDLESEX	2570	146881	1388	40	7	0	29	89	0	936	1700	0	0	159
1	90	NEW HAVEN	4407	222680	3059	35	50	19	122	456	0	1374	5643	0	0	488
1	110	NEW LONDON	3550	291767	2452	42	6	0	36	351	0	1663	4106	0	0	272
1	130	TOLLAND	2611	207731	1845	30	9	3	91	309	0	1174	2695	0	0	173
1	150	WINDHAM	3107	234771	1918	28	26	0	74	804	0	981	2996	0	0	154
2	0	MAINE	41907	4721842	51744	289	125	6311	99776	10370	0	3436	9451	0	0	3410
2	10	ANDROSCOGGIN	2062	195530	2115	4	2	2	521	844	0	151	870	0	0	143
2	30	AROOSTOOK	6714	890847	15408	59	81	6084	78756	1421	0	3	66	0	0	1614
2	50	CUMBERLAND	3040	258055	2973	27	2	3	431	418	0	239	690	0	0	191
2	70	FRANKLIN	1717	234232	1975	15	0	1	426	572	0	234	566	0	0	56
2	90	HANCOCK	1864	183780	1202	5	0	5	194	264	0	27	238	0	0	52
2	110	KENNEBEC	3585	349497	3742	22	1	13	2202	1400	0	575	1336	0	0	208
2	130	KNOX	1510	118819	1251	18	0	1	196	114	0	71	129	0	0	41
2	150	LINCOLN	1875	157044	1430	7	8	3	156	151	0	52	138	0	0	39
2	170	OXFORD	2774	358349	3049	20	0	2	496	550	0	554	945	0	0	183
2	190	PENOBSCOT	4566	523579	5735	22	24	123	7117	1536	0	205	1523	0	0	269
2	210	PISCATAQUIS	1240	179812	1575	8	0	7	2672	284	0	85	393	0	0	68
2	230	SAGADAHOC	727	81599	711	8	4	5	455	333	0	47	289	0	0	42
2	250	SOMERSET	2916	391814	3918	24	3	18	3906	1180	0	724	1181	0	0	173
2	270	WALDO	2599	300293	2781	24	0	10	1454	702	0	147	394	0	0	140
2	290	WASHINGTON	2188	256765	1605	8	0	34	711	209	0	2	65	0	0	29
2	310	YORK	2530	241827	2274	18	0	0	83	392	0	320	628	0	0	162
3	0	MASSACHUSETTS	35094	2195714	26770	201	76	21	1906	3728	0	8553	28245	0	0	3921
3	10	BARNSTABLE	1123	42002	270	4	1	0	1	8	0	128	153	0	0	68
3	30	BERKSHIRE	2527	323511	2838	21	50	20	1463	748	0	887	3516	0	0	262
3	50	BRISTOL	3408	146301	2476	22	1	0	75	302	0	283	4870	0	0	482
3	70	DUKES	118	11968	80	0	0	0	3	30	0	26	20	0	0	9
3	90	ESSEX	3040	130244	2228	14	1	0	9	132	0	166	1340	0	0	316
3	110	FRANKLIN	2679	254461	2720	9	0	0	34	86	0	2227	2562	0	0	198
3	130	HAMPDEN	2343	166266	1771	28	5	0	94	441	0	1149	2253	0	0	292
3	150	HAMPSHIRE	2753	201338	2755	7	1	0	42	393	0	2741	3232	0	0	279
3	170	MIDDLESEX	4862	223432	3205	31	9	0	9	269	0	286	1986	0	0	738
3	190	NANTUCKET	33	6564	38	0	0	0	0	0	0	18	43	0	0	6
3	210	NORFOLK	1721	68493	1360	12	4	0	22	97	0	48	1120	0	0	208
3	230	PLYMOUTH	3965	151147	1336	4	0	0	12	167	0	96	1345	0	0	288
3	250	SUFFOLK	58	861	63	0	0	0	0	5	0	0	27	0	0	1
3	270	WORCESTER	6464	469126	5630	49	4	1	142	1050	0	498	5778	0	0	774
4	0	NEW HAMPSHIRE	17695	2115548	18358	112	0	9	2878	4441	0	4088	11747	0	0	1096
4	10	BELKNAP	1083	136514	1097	14	0	0	108	327	0	207	629			55
4	30	CARROLL	1078	126625	957	13	0	0	28	141	0	170	193	0	0	60
4	50	CHESHIRE	1432	169091	1465	18	0	1	164	266	0	700	1033	0	0	86
4	70	COOS	1289	217271	2303	4	0	0	1110	1134	0	16	369	0	0	69
4	90	GRAFTON	2504	390404	3376	9	0	4	938	863	0	837	2688	0	0	146
4	110	HILLSBOROUGH	2589	256724	2263	23	0	0	45	344	0	285	2113	0	0	196
4	130	MERRIMACK	2471	298627	2309	13	0	4	182	562	0	554	1668	0	0	126
4	150	ROCKINGHAM	2740	219900	2053	9	0	0	27	323	0	468	1522	0	0	214
4	170	STRAFFORD	1176	122420	1111	1	0	0	38	28	0	244	480	0	0	81
4	190	SULLIVAN	1333	177972	1424	8	0	0	238	453	0	607	1052	0	0	63
5	0	RHODE ISLAND	4327	307725	3290	52	54	0	282	746	0	2287	4977	0	0	589
5	10	BRISTOL	193	7179	177	0	22	0	10	0	0	6	533	0	0	32
5	30	KENT	755	51661	450	10	0	0	1	21	0	90	704	0	0	79
5	50	NEWPORT	868	42507	934	12	21	0	203	323	0	785	1246	0	0	138
5	70	PROVIDENCE	1492	99443	1042	19	11	0	8	198	0	499	1715	0	0	210
5	90	WASHINGTON	1019	106935	687	11	0	0	60	204	0	907	779	0	0	130
6	0	VERMONT	27061	4042658	46196	343	114	379	37372	15231	0	13108	65318	0	0	2426
6	10	ADDISON	2207	370534	4649	43	19	141	7749	2046	0	1391	10464	0	0	504
6	30	BENNINGTON	1266	184457	1904	26	6	2	1452	419	0	1192	1886	0	0	127
6	50	CALEDONIA	2229	320807	3792	18	5	29	1889	693	0	121	3171	0	0	73
6	70	CHITTENDEN	1935	278920	3650	32	4	12	4412	2018	0	1408	9444	0	0	316
6	90	ESSEX	658	112626	1060	11	0	5	463	542	0	26	397	0	0	43
6	110	FRANKLIN	2333	363830	4821	21	31	62	7121	1874	0	730	7832	0	0	189
6	130	GRAND ISLE	476	47562	1034	1	0	43	2307	555	0	343	2335	0	0	125
6	150	LAMOILLE	1316	178568	2261	15	0	2	490	551	0	312	2713	0	0	69
6	170	ORANGE	2441	373875	3890	42	2	12	1528	237	0	1272	3976	0	0	133
6	190	ORLEANS	2390	356917	4519	31	31	17	5232	2074	0	69	3908	0	0	101
6	210	RUTLAND	2479	389439	4104	29	1	17	2059	1907	0	2050	7490	0	0	313
6	230	WASHINGTON	2143	301364	3614	33	4	27	1148	1169	0	937	4009	0	0	140
6	250	WINDHAM	1914	298803	2392	14	3	2	243	435	0	1249	2270	0	0	126
6	270	WINDSOR	3274	464956	4506	27	8	8	1279	711	0	2008	5423	0	0	167
11	0	DELAWARE	10381	921251	14084	9897	80241	0	2009	627	0	136052	2731	0	0	1600
11	10	KENT	2871	293682	5220	2430	36340	0	418	245	0	39382	680	0	0	594
11	30	NEW CASTLE	1839	206854	5438	567	29696	0	1438	198	0	22954	1427	0	0	447
11	50	SUSSEX	5671	420715	3426	6900	14205	0	153	184	0	73716	624	0	0	559
12	0	NEW JERSEY	29375	1914110	38990	4164	51383	0	42205	5183	0	152117	32998	0	0	8088
12	10	ATLANTIC	2125	56277	883	141	0	0	0	28	0	2374	41	0	0	296
12	30	BERGEN	752	18676	515	3	51	0	39	40	0	124	228	0	0	276
12	50	BURLINGTON	2122	219273	3558	1248	3412	0	246	312	0	21683	3695	0	0	932
12	70	CAMDEN	951	35015	976	168	193	0	23	120	0	2601	143	0	0	198
12	90	CAPE MAY	765	46576	485	57	4	0	0	70	0	2766	91	0	0	97
12	110	CUMBERLAND	3506	145477	2924	568	2198	0	182	94	0	11903	781	0	0	504
12	130	ESSEX	287	7968	359	2	31	0	15	54	0	69	368	0	0	80
12	150	GLOUCESTER	2511	128815	3399	593	243	0	10	87	0	10917	457	0	0	628
12	170	HUDSON	93	728	44	1	0	0	0	0	0	0	0	0	0	1
12	190	HUNTERDON	2509	203294	4151	116	14147	0	15542	465	0	21641	3823	0	0	880
12	210	MERCER	1163	88432	2033	111	4737	0	2156	330	0	9071	2109	0	0	549
12	230	MIDDLESEX	1270	73424	1790	121	2325	0	393	270	0	5756	1436	0	0	400
12	250	MONMOUTH	2762	163170	3835	320	2572	0	172	532	0	13154	1347	0	0	831
12	270	MORRIS	1167	92689	1639	50	748	0	2574	273	0	3011	2227	0	0	354
12	290	OCEAN	821	41257	427	61	107	0	0	36	0	2197	145	0	0	90
12	310	PASSAIC	529	20904	385	8	2	0	10	27	0	143	508	0	0	156
12	330	SALEM	1655	134503	3869	307	6324	0	362	255	0	19429	1246	0	0	448
12	350	SOMERSET	1270	107730	2053	76	6172	0	5240	378	0	9412	1465	0	0	553
12	370	SUSSEX	1339	179166	2619	55	731	0	3671	1415	0	3089	9047	0	0	320
12	390	UNION	334	6467	284	6	15	0	4	82	0	102	139	0	0	66
12	410	WARREN	1444	144269	2762	152	7371	0	11566	315	0	12675	3702	0	0	429
13	0	NEW YORK	177025	18685741	315110	4789	254203	7225	622787	88261	0	167638	530722	0	0	40369
13	10	ALBANY	2204	213709	3770	62	564	104	9138	385	0	2679	4626	0	0	424
13	30	ALLEGANY	3777	504876	7076	87	1463	209	14635	1929	0	367	9342	0	0	868
13	50	BRONX	20	83	9	0	0	0	0	0	0	0	0	0	0	1
13	70	BROOME	3296	346308	5136	129	98	67	9115	1100	0	739	8100	0	0	474
13	90	CATTARAUGUS	4760	593743	7770	96	495	67	15471	3182	0	1016	13899	0	0	806
13	110	CAYUGA	3885	380231	8456	240	17569	246	16669	353	0	9828	13414	0	0	1042
13	130	CHAUTAUQUA	7017	567158	9879	235	978	159	17895	3258	0	4652	16788	0	0	1409
13	150	CHEMUNG	1845	193695	3008	52	1748	138	7520	238	0	1480	5447	0	0	391
13	170	CHENANGO	3636	466938	6362	142	143	42	8828	1578	0	980	11690	0	0	570
13	190	CLINTON	3026	416453	6170	23	5	198	11679	5010	0	482	11279	0	0	333
13	210	COLUMBIA	2571	310071	4160	55	418	32	7313	1081	0	5387	8557	0	0	652
13	230	CORTLAND	1971	258688	4103	100	142	4	6526	774	0	433	8285	0	0	384
13	250	DELAWARE	4130	679735	7919	156	128	34	4859	3405	0	434	8255	0	0	285
13	270	DUTCHESS	2236	328303	4511	47	1068	28	7900	1438	0	4944	12264	0	0	777
13	290	ERIE	6442	451261	10673	130	12572	384	31041	2286	0	4865	19883	0	0	1895
13	310	ESSEX	2054	294264	2808	32	34	46	3745	1547	0	1118	3379	0	0	206
13	330	FRANKLIN	2894	331268	5199	48	0	64	11093	5040	0	651	9861	0	0	220
13	350	FULTON	1346	123053	1865	19	10	9	3970	764	0	889	3682	0	0	207
13	370	GENESEE	2747	262953	6390	87	18661	201	14405	262	0	2905	9542	0	0	1156
13	390	GREENE	1940	227702	2720	29	737	54	2700	1045	0	3668	2971	0	0	319
13	410	HAMILTON	245	35250	201	3	0	0	22	58	0	6	35	0	0	7
13	430	HERKIMER	2663	321030	5087	26	177	81	8798	2608	0	1104	12321	0	0	606
13	450	JEFFERSON	4993	691863	10585	65	33	541	45557	6357	0	724	22709	0	0	1178
13	470	KINGS	42	117	16	0	0	0	0	0	0	0	0	0	0	1
13	490	LEWIS	2766	407164	5029	40	0	61	10932	2159	0	124	6775	0	0	355
13	510	LIVINGSTON	2409	336809	7549	80	19055	200	15226	324	0	1902	12929	0	0	925
13	530	MADISON	3358	344044	6353	151	1881	122	9262	1023	0	1895	16621	0	0	905
13	550	MONROE	5084	337092	9930	121	27600	208	22265	271	0	6894	11970	0	0	1842
13	570	MONTGOMERY	1920	218362	4294	35	135	256	15174	734	0	2247	12350	0	0	856
13	590	NASSAU	614	27895	1044	11	19	3	6	4	0	108	300	0	0	391
13	610	NEW YORK	0	0	0	0	0	0	0	0	0	0	0	0	0	0
13	630	NIAGARA	4193	287348	7469	140	24123	279	22018	251	0	7969	10781	0	0	2209
13	650	ONEIDA	5739	550566	9415	107	1037	120	11276	3154	0	2517	22763	0	0	1085
13	670	ONONDAGA	5648	408934	9888	161	9528	373	14628	553	0	6910	19244	0	0	1230
13	690	ONTARIO	3885	360550	8545	133	22620	358	16190	249	0	7508	6928	0	0	1416
13	710	ORANGE	3878	324449	5634	81	663	31	1247	2079	0	4729	9708	0	0	628
13	730	ORLEANS	2608	222930	5535	69	17069	193	11548	118	0	4176	4661	0	0	1274
13	750	OSWEGO	5555	426253	7635	187	654	71	11605	1633	0	4457	16900	0	0	714
13	770	OTSEGO	4377	530270	7960	108	102	114	12554	1733	0	2260	13740	0	0	609
13	790	PUTNAM	513	78055	783	10	21	0	130	223	0	170	1627	0	0	97
13	810	QUEENS	292	2234	189	3	0	0	0	0	0	0	0	0	0	46
13	830	RENSSELAER	2710	280427	4548	51	227	43	8093	981	0	5470	7634	0	0	427
13	850	RICHMOND	91	1298	99	0	0	0	0	0	0	30	7	0	0	8
13	870	ROCKLAND	321	18193	351	24	15	0	97	80	0	188	433	0	0	177
13	890	ST LAWRENCE	7000	991642	14061	61	0	111	38250	12562	0	1311	31372	0	0	1108
13	910	SARATOGA	2826	272763	3946	28	174	13	7907	1032	0	3773	8830	0	0	484
13	930	SCHENECTADY	890	85060	1453	27	106	41	3527	195	0	664	2914	0	0	248
13	950	SCHOHARIE	2591	314761	4752	52	762	107	9288	1470	0	970	8690	0	0	411
13	970	SCHUYLER	1547	165440	2592	134	4363	181	4471	171	0	2139	2303	0	0	326
13	990	SENECA	1943	191420	3765	82	13960	487	10867	395	0	5994	3811	0	0	839
13	1010	STEUBEN	5784	764821	11674	259	6637	201	35929	1066	0	2388	15094	0	0	1247
13	1030	SUFFOLK	2220	123251	3118	60	636	38	867	726	0	2869	1502	0	0	972
13	1050	SULLIVAN	3208	292065	3638	38	32	8	2276	1531	0	1236	4160	0	0	126
13	1070	TIOGA	2431	266570	4065	117	1551	111	11155	362	0	1538	8365	0	0	443
13	1090	TOMPKINS	2458	237347	4040	146	4834	113	6399	209	0	2608	6769	0	0	547
13	1110	ULSTER	3774	314414	4307	57	1540	45	2382	2175	0	4359	6107	0	0	540
13	1130	WARREN	1213	148050	1246	10	0	1	455	296	0	790	932	0	0	23
13	1150	WASHINGTON	3093	420578	6212	50	194	51	11822	4762	0	9437	13795	0	0	511
13	1170	WAYNE	4999	337291	8635	122	17121	360	18174	607	0	13206	8139	0	0	1577
13	1190	WESTCHESTER	795	77109	1350	18	28	0	70	359	0	246	1165	0	0	129
13	1210	WYOMING	2784	333460	6515	74	8930	114	11484	1002	0	699	11997	0	0	803
13	1230	YATES	1768	188074	3618	79	11543	103	6334	74	0	4506	3077	0	0	630
14	0	PENNSYLVANIA	191284	15855343	294040	54071	934656	11268	871306	36189	0	1086129	232142	0	0	33513
14	10	ADAMS	3581	274644	5405	2664	33970	259	11704	136	0	35987	3208	0	0	662
14	30	ALLEGHENY	3594	190447	3972	218	5665	178	7859	937	0	10635	1416	0	0	656
14	50	ARMSTRONG	3351	278349	4960	220	13242	105	17599	421	0	16394	1786	0	0	338
14	70	BEAVER	2354	179959	3066	120	4348	91	7854	857	0	9773	2477	0	0	316
14	90	BEDFORD	3160	407996	5211	632	20410	165	18056	231	0	22574	3973	0	0	438
14	110	BERKS	6002	400857	9297	3525	50171	453	36167	408	0	52015	4411	0	0	1691
14	130	BLAIR	1871	156723	2608	349	9821	183	9422	340	0	11357	2366	0	0	327
14	150	BRADFORD	4984	571856	8596	240	3309	324	26257	696	0	7343	18371	0	0	903
14	170	BUCKS	5070	283463	7972	411	23268	845	16438	495	0	30965	4185	0	0	1465
14	190	BUTLER	4186	320480	6180	200	12555	409	22273	955	0	18297	4522	0	0	693
14	210	CAMBRIA	2829	191515	3038	303	4100	200	12686	399	0	6798	1416	0	0	369
14	230	CAMERON	199	19081	204	3	2	7	567	226	0	507	96	0	0	12
14	250	CARBON	924	61937	1104	159	2922	42	3588	129	0	2802	498	0	0	180
14	270	CENTRE	2105	243240	4224	449	21710	166	21277	241	0	21783	2421	0	0	511
14	290	CHESTER	4936	389311	10330	1324	27300	30	16123	828	0	42054	8304	0	0	1404
14	310	CLARION	2596	231747	4084	144	12701	121	18730	141	0	12212	2694	0	0	424
14	330	CLEARFIELD	3306	210839	2997	356	4496	81	12499	698	0	8638	2205	0	0	337
14	350	CLINTON	1023	94264	1588	171	6487	129	6092	203	0	6950	797	0	0	212
14	370	COLUMBIA	2475	200559	3929	706	18977	222	17977	181	0	19122	981	0	0	435
14	390	CRAWFORD	6420	535598	10637	255	7281	157	31236	1301	0	18769	11516	0	0	729
14	410	CUMBERLAND	3032	244097	5516	2724	37516	190	22666	133	0	37550	4187	0	0	455
14	430	DAUPHIN	2640	188876	3613	2023	21406	339	18404	202	0	25026	2106	0	0	444
14	450	DELAWARE	995	55837	2171	62	2106	0	997	123	0	4540	716	0	0	191
14	470	ELK	892	63592	836	48	87	76	3004	412	0	589	770	0	0	156
14	490	ERIE	5386	403563	8555	117	4072	163	21418	2136	0	12616	10696	0	0	1062
14	510	FAYETTE	3954	271148	4630	205	8230	318	11314	1352	0	16431	806	0	0	494
14	530	FOREST	441	38752	429	6	464	2	1284	188	0	711	192	0	0	39
14	550	FRANKLIN	3861	342475	9530	1346	62895	258	4301	704	0	47868	5063	0	0	690
14	570	FULTON	1355	173497	2109	390	14946	35	2291	76	0	11701	573	0	0	109
14	590	GREENE	3170	337102	4857	228	5382	125	6305	1698	0	16212	377	0	0	194
14	610	HUNTINGDON	2035	281354	2881	920	15666	200	11332	430	0	15827	1876	0	0	309
14	630	INDIANA	3842	346163	5697	525	14886	156	20479	281	0	20101	1398	0	0	447
14	650	JEFFERSON	2738	213891	3560	250	6913	210	16064	259	0	9258	2383	0	0	274
14	670	JUNIATA	1449	144766	2097	982	13772	13	11365	25	0	13354	1243	0	0	256
14	690	LACKAWANNA	1563	111685	2118	193	41	8	2622	1341	0	481	4100	0	0	288
14	710	LANCASTER	8863	519282	14391	9476	85404	0	12038	1119	0	85401	11241	0	0	2001
14	730	LAWRENCE	2655	180478	4146	137	8444	88	13064	652	0	13228	3947	0	0	458
14	750	LEBANON	2268	157440	3735	2290	24244	306	13841	100	0	24652	3540	0	0	521
14	770	LEHIGH	2861	167656	4948	532	23292	166	12664	177	0	18284	595	0	0	755
14	790	LUZERNE	2769	183267	3120	702	4779	137	8429	414	0	7094	3706	0	0	485
14	810	LYCOMING	3014	301255	5463	177	16910	121	21288	232	0	21216	3657	0	0	452
14	830	MCKEAN	1497	125594	1580	12	17	6	2775	913	0	66	1507	0	0	122
14	850	MERCER	4626	365301	7434	217	10993	89	25091	790	0	22051	6379	0	0	624
14	870	MIFFLIN	1220	129593	2401	711	12778	151	10019	120	0	12524	1464	0	0	293
14	890	MONROE	1450	139835	1767	116	3740	39	5161	161	0	5120	761	0	0	168
14	910	MONTGOMERY	3846	184930	6111	215	17916	133	9218	233	0	23998	3771	0	0	1170
14	930	MONTOUR	683	69924	1700	97	8766	28	8659	16	0	8367	609	0	0	184
14	950	NORTHAMPTON	2775	160523	4959	309	20545	198	16677	284	0	20501	1226	0	0	764
14	970	NORTHUMBERLAND	2387	191384	3891	1076	22350	95	21155	147	0	21166	1864	0	0	402
14	990	PERRY	1854	198943	2571	1864	18340	207	15559	75	0	18239	2341	0	0	321
14	1010	PHILADELPHIA	286	13899	504	2	522	0	184	31	0	1110	30	0	0	105
14	1030	PIKE	443	47969	368	20	96	1	397	73	0	330	466	0	0	43
14	1050	POTTER	1749	249115	2957	45	65	21	9228	681	0	189	2767	0	0	212
14	1070	SCHUYLKILL	2803	183923	3941	948	14204	251	13902	203	0	13466	667	0	0	484
14	1090	SNYDER	1712	134546	2617	688	14983	428	13159	34	0	15820	882	0	0	298
14	1110	SOMERSET	3844	435763	6407	280	10409	222	32707	136	0	12182	7784	0	0	702
14	1130	SULLIVAN	718	79841	1157	27	257	12	3298	64	0	1245	1345	0	0	52
14	1150	SUSQUEHANNA	3271	416069	5884	145	135	10	9747	2346	0	1179	13063	0	0	491
14	1170	TIOGA	3239	426739	6028	51	649	128	22005	527	0	1943	11198	0	0	504
14	1190	UNION	1141	96158	2366	375	14239	0	11320	94	0	12198	1499	0	0	284
14	1210	VENANGO	2281	190062	2695	110	2898	37	9508	479	0	5876	2191	0	0	313
14	1230	WARREN	2104	208677	2978	64	925	56	6883	695	0	1848	4485	0	0	255
14	1250	WASHINGTON	5072	470422	7543	335	11405	134	17711	2017	0	23445	4801	0	0	669
14	1270	WAYNE	2849	314719	4243	133	42	18	3943	1684	0	713	6661	0	0	241
14	1290	WESTMORELAND	5368	406573	7608	423	19111	1063	25530	1473	0	27565	3172	0	0	922
14	1310	WYOMING	1460	148469	2149	245	362	41	4758	673	0	2687	5150	0	0	306
14	1330	YORK	7857	497331	8377	9781	74719	822	23138	363	0	75186	5244	0	0	1402
21	0	ILLINOIS	231312	31661205	745827	114618	2047881	32376	2629160	344053	0	6889686	914926	6111	0	69628
21	10	ADAMS	3675	492933	10064	2654	43540	269	21777	8283	0	19525	38265	0	0	905
21	30	ALEXANDER	1017	103133	802	1564	6574	0	225	57	0	21336	19	4050	0	71
21	50	BOND	1771	221362	5069	776	21330	21	9751	5491	0	24710	10087	0	0	235
21	70	BOONE	1218	174000	4671	250	701	1615	18031	154	0	21403	27008	0	0	548
21	90	BROWN	1217	172844	3716	451	6832	94	1671	1447	0	23287	7432	0	0	227
21	110	BUREAU	3166	520711	13919	764	3320	49	29200	2700	0	143280	13490	0	0	1473
21	130	CALHOUN	1139	149906	2192	1060	8033	0	422	286	0	16062	2373	0	0	185
21	150	CARROLL	1745	271978	7025	292	1111	359	34945	1709	0	48820	10975	0	0	493
21	170	CASS	1144	218074	4561	1194	32163	841	11095	4160	0	51172	178	0	0	371
21	190	CHAMPAIGN	3409	612154	14830	1597	19756	99	109223	3295	0	214073	2317	0	0	2007
21	210	CHRISTIAN	2816	433424	9557	2222	59420	85	17308	4087	0	111884	903	0	0	1128
21	230	CLARK	2535	283229	6380	568	20445	83	6262	2564	0	53854	1026	0	0	367
21	250	CLAY	2355	251682	6163	639	7203	0	8788	3246	0	49082	383	0	0	215
21	270	CLINTON	1861	267080	6205	1625	57799	0	24106	9244	0	37882	8905	0	0	334
21	290	COLES	2286	303413	6350	1258	23425	169	20165	3056	0	78097	899	0	0	1054
21	310	COOK	4021	231764	7609	135	295	968	20016	637	0	24060	24718	0	0	1415
21	330	CRAWFORD	2031	226382	4670	537	17870	12	4742	2815	0	46145	675	0	0	349
21	350	CUMBERLAND	1911	201031	5169	493	6683	4	4608	3043	0	36491	853	0	0	332
21	370	DE KALB	2354	392411	11162	428	803	2362	51366	536	0	83349	45849	0	0	1274
21	390	DE WITT	1476	239754	6240	569	8170	45	32475	1952	0	80218	992	0	0	662
21	410	DOUGLAS	1490	251634	6125	649	19346	224	35520	1310	0	78813	595	0	0	874
21	430	DU PAGE	1270	141633	3776	103	296	280	11626	1316	0	15036	18421	0	0	749
21	450	EDGAR	2445	379905	7548	1244	38746	907	56992	2302	0	103244	1257	0	0	977
21	470	EDWARDS	1245	139198	2853	886	16793	0	5765	714	0	27116	1600	0	0	161
21	490	EFFINGHAM	2255	278378	7051	986	17560	151	13119	1939	0	42500	4965	0	0	290
21	510	FAYETTE	3520	406168	9841	1237	25504	825	13790	6932	0	70219	2611	0	0	333
21	530	FORD	1576	299921	7728	508	695	0	76261	1437	0	107611	2125	0	0	1012
21	550	FRANKLIN	2811	196612	4428	1525	12728	0	4677	1787	0	36772	1130	0	0	159
21	570	FULTON	3547	518373	12106	894	45274	442	17475	3886	0	103784	6966	0	0	1085
21	590	GALLATIN	1207	160853	2520	2090	22060	0	3948	783	0	41794	158	0	0	129
21	610	GREENE	1921	320679	6784	1480	36043	124	4175	7041	0	63546	9060	0	0	557
21	630	GRUNDY	1400	255650	6722	386	0	30	47990	2033	0	78830	10750	0	0	745
21	650	HAMILTON	2479	230552	5163	1383	14851	0	7724	2708	0	45470	95	0	0	76
21	670	HANCOCK	3407	465270	12264	1026	26428	249	33432	7395	0	54817	32998	0	0	982
21	690	HARDIN	691	81089	878	825	237	0	4	0	0	11615	2	0	0	18
21	710	HENDERSON	1060	210015	4884	412	7387	284	9798	2152	0	47598	7506	0	0	401
21	730	HENRY	3111	485439	13951	714	3312	180	36732	1926	0	137332	8504	0	0	1385
21	750	IROQUOIS	3827	687944	19211	1327	4100	404	197313	6992	0	230024	5276	0	0	1586
21	770	JACKSON	2581	312463	4724	2748	37005	0	6338	2948	0	50065	956	0	0	478
21	790	JASPER	2490	282756	7416	667	12118	91	12773	2518	0	54465	1057	0	0	331
21	810	JEFFERSON	3597	314882	7074	1323	12225	128	6608	3678	0	53466	909	4	0	161
21	830	JERSEY	1445	215104	4151	794	27119	0	3865	2882	0	19834	12110	0	0	324
21	850	JO DAVIESS	2143	356638	8262	194	143	764	31573	247	0	39613	10104	0	0	602
21	870	JOHNSON	1721	194853	2806	1445	2078	0	321	516	0	26185	200	0	0	114
21	890	KANE	2235	300922	8796	235	728	707	29609	682	0	46520	43313	0	0	1175
21	910	KANKAKEE	2275	386110	10119	421	3919	99	90265	2047	0	113276	12566	0	0	939
21	930	KENDALL	1194	198471	4935	205	46	0	42258	1349	0	41872	20326	0	0	705
21	950	KNOX	2627	418070	11118	669	3460	56	9949	1434	0	102537	4249	0	0	982
21	970	LAKE	1758	191029	4843	130	475	2037	12409	1153	0	10682	28740	0	0	745
21	990	LA SALLE	4124	669496	17427	794	471	0	67214	7768	0	195242	36617	0	0	2079
21	1010	LAWRENCE	1575	182215	3662	1040	24058	220	4068	2677	0	44293	179	0	0	277
21	1030	LEE	2519	437789	11557	431	5727	61	47155	1319	0	117040	13395	0	0	1103
21	1050	LIVINGSTON	3575	644571	16858	1558	737	538	158233	4986	0	236351	3010	0	0	2101
21	1070	LOGAN	2017	366933	9520	1386	58524	142	47360	2928	0	116456	2885	0	0	1091
21	1090	MCDONOUGH	2468	349554	8967	781	24457	355	25513	4654	0	83631	12259	0	0	934
21	1110	MCHENRY	2721	363894	10125	181	188	3007	24836	1292	0	27472	79772	0	0	1080
21	1130	MCLEAN	4210	719297	19015	1744	12960	244	140167	5831	0	259445	3300	0	0	2062
21	1150	MACON	2620	347178	8384	1092	33052	29	22946	1784	0	109794	1489	0	0	1052
21	1170	MACOUPIN	3769	504925	12459	1653	60675	496	13937	9055	0	42835	39703	0	0	858
21	1190	MADISON	3808	384549	8145	3759	82135	1151	16589	9643	0	44374	30179	0	0	837
21	1210	MARION	3225	319766	7104	1051	11517	60	10570	5874	0	46975	1560	0	0	292
21	1230	MARSHALL	1243	227487	5442	275	2338	8	22584	2559	0	64332	2505	0	0	585
21	1250	MASON	1364	301649	5625	1519	61991	148	11872	4120	0	79229	219	0	0	501
21	1270	MASSAC	1177	128895	1873	1611	7105	0	1402	1226	0	20760	355	0	0	76
21	1290	MENARD	1062	184611	4463	736	35643	113	14069	2947	0	45352	3104	0	0	358
21	1310	MERCER	1988	328292	8000	828	2913	0	6479	3716	0	84102	4354	0	0	683
21	1330	MONROE	1504	215652	2237	2949	52418	0	6904	4417	0	28296	367	0	0	474
21	1350	MONTGOMERY	3166	414156	10149	1672	47871	208	18161	11294	0	59036	14729	0	0	660
21	1370	MORGAN	2266	340954	8150	1767	49052	91	15701	9847	0	80579	5515	0	0	673
21	1390	MOULTRIE	1495	208092	5249	594	18051	48	11503	885	0	60669	374	0	0	607
21	1410	OGLE	2897	467122	12097	570	1515	1679	68354	1334	0	93938	30418	0	0	1095
21	1430	PEORIA	2687	350399	9164	558	14378	504	20077	2630	0	75348	5842	0	0	822
21	1450	PERRY	1965	222889	4764	1126	31997	0	10488	5212	0	31533	2613	0	0	232
21	1470	PIATT	1348	267833	6763	933	21654	240	30468	781	0	84827	787	0	0	765
21	1490	PIKE	3151	473844	9257	1677	49905	663	7329	6565	0	39983	19296	0	0	622
21	1510	POPE	1476	182626	1919	1389	4165	0	903	501	0	23191	35	0	0	60
21	1530	PULASKI	1305	103166	1293	2010	5923	129	1312	567	0	22042	554	2057	0	102
21	1550	PUTNAM	556	94165	2097	158	1655	106	2961	310	0	22125	1570	0	0	276
21	1570	RANDOLPH	2411	319535	5995	2467	67884	63	6776	13567	0	37403	5720	0	0	425
21	1590	RICHLAND	1960	211344	4729	490	9643	21	9203	1122	0	38211	458	0	0	214
21	1610	ROCK ISLAND	1873	234633	6234	438	2034	23	5811	734	0	52293	4046	0	0	649
21	1630	ST CLAIR	3427	345637	6014	5112	84820	127	23062	6238	0	47693	7935	0	0	784
21	1650	SALINE	2591	203106	3510	2279	20372	0	5397	1291	0	41710	254	0	0	159
21	1670	SANGAMON	3472	507269	11882	2276	65543	672	36462	10089	0	143525	6540	0	0	1085
21	1690	SCHUYLER	1639	254350	5384	498	25279	32	5553	590	0	34619	10891	0	0	428
21	1710	SCOTT	935	145325	2947	827	23013	27	1541	3697	0	31835	3261	0	0	351
21	1730	SHELBY	3768	466284	11118	1536	19198	154	13169	5509	0	100738	3278	0	0	852
21	1750	STARK	966	169989	4240	327	245	0	1991	343	0	51284	2353	0	0	453
21	1770	STEPHENSON	2706	346031	9690	307	557	1853	51091	1112	0	64548	11679	0	0	1032
21	1790	TAZEWELL	2511	381776	9928	932	41558	408	42165	1401	0	104915	1714	0	0	975
21	1810	UNION	1983	208184	2912	2394	10219	0	395	1138	0	29747	152	0	0	337
21	1830	VERMILION	3648	516208	10716	1362	24703	1179	78601	4567	0	150227	3853	0	0	1546
21	1850	WABASH	987	124584	2169	909	23687	8	4601	746	0	28055	320	0	0	253
21	1870	WARREN	1884	322488	8283	577	1967	0	9152	2625	0	91541	7318	0	0	826
21	1890	WASHINGTON	2265	308437	6712	2196	81639	97	8020	24937	0	34315	5528	0	0	271
21	1910	WAYNE	3452	376937	8806	1370	12059	191	5960	3173	0	74535	701	0	0	212
21	1930	WHITE	2026	275132	4482	3084	43539	0	9319	1214	0	68379	371	0	0	334
21	1950	WHITESIDE	2745	412864	11388	473	16594	426	43923	2596	0	110436	9138	0	0	1030
21	1970	WILL	3284	471632	12296	453	1146	55	98943	3867	0	93781	43100	0	0	1445
21	1990	WILLIAMSON	2862	205609	3844	2209	8630	0	1717	1532	0	37135	387	0	0	206
21	2010	WINNEBAGO	2144	285520	7757	168	473	1639	29451	843	0	50024	21346	0	0	693
21	2030	WOODFORD	2017	318456	8595	510	3855	104	59217	3531	0	94121	1702	0	0	991
22	0	INDIANA	200835	20518745	401808	81503	1840754	4212	1125072	164965	0	3849780	210866	0	0	41979
22	10	ADAMS	2150	205087	5937	247	18432	99	24681	1734	0	34678	2333	0	0	710
22	30	ALLEN	4148	382149	9419	512	28828	115	50309	2404	0	66443	2503	0	0	1172
22	50	BARTHOLOMEW	2084	229621	3646	2231	36226	0	2296	1076	0	45499	275	0	0	376
22	70	BENTON	1175	251166	5601	539	6674	216	57893	630	0	81816	3432	0	0	578
22	90	BLACKFORD	1089	100605	2164	120	5698	0	5991	1409	0	19395	700	0	0	212
22	110	BOONE	2723	257377	6568	420	21919	0	20200	4224	0	64645	1960	0	0	726
22	130	BROWN	1204	128258	1350	356	686	0	84	319	0	9477	4	0	0	41
22	150	CARROLL	1831	223941	4618	641	27239	0	17651	1683	0	55470	1989	0	0	758
22	170	CASS	2345	248315	5448	789	25789	59	19514	1951	0	55931	2340	0	0	516
22	190	CLARK	1880	193611	2554	1437	11517	0	1131	1104	0	24534	1833	0	0	322
22	210	CLAY	2510	202036	4047	1131	22492	0	3628	1342	0	36637	432	0	0	282
22	230	CLINTON	2310	250279	5775	379	37490	111	22861	2311	0	65022	2678	0	0	751
22	250	CRAWFORD	1770	173411	1984	909	5420	0	433	1049	0	17280	81	0	0	83
22	270	DAVIESS	2661	249197	5076	2213	26408	0	6736	1227	0	51021	651	0	0	369
22	290	DEARBORN	2015	181020	3140	1205	11288	0	1168	1168	0	19918	2658	0	0	283
22	310	DECATUR	2038	229855	4131	1156	33911	0	1619	1367	0	49489	1581	0	0	601
22	330	DE KALB	2360	218123	4791	245	22831	37	23272	1158	0	30023	1921	0	0	613
22	350	DELAWARE	2874	231565	5274	394	16939	30	12881	3510	0	49724	2209	0	0	608
22	370	DUBOIS	2209	258134	4321	1977	27119	0	9521	665	0	32523	427	0	0	270
22	390	ELKHART	3253	254902	6632	478	27566	113	18815	2427	0	37664	5231	0	0	488
22	410	FAYETTE	1076	132230	2493	408	17153	0	1176	905	0	26696	229	0	0	393
22	430	FLOYD	1266	75585	1183	689	2885	0	293	699	0	8079	449	0	0	151
22	450	FOUNTAIN	1826	230168	4322	636	23745	0	16230	5469	0	46305	2869	0	0	526
22	470	FRANKLIN	1928	239327	3856	993	22845	0	1056	1134	0	35530	1590	0	0	459
22	490	FULTON	2099	225768	5069	414	16189	158	12483	1650	0	43219	4120	0	0	250
22	510	GIBSON	2422	259754	4446	2808	41085	0	3183	487	0	59822	409	0	0	553
22	530	GRANT	2756	245625	4920	457	15295	0	22195	3593	0	51639	2835	0	0	832
22	550	GREENE	3251	295933	4400	1626	17679	0	6139	2070	0	44147	731	0	0	285
22	570	HAMILTON	2678	237260	5696	365	22887	0	15064	1420	0	55910	2394	0	0	873
22	590	HANCOCK	1988	187698	4954	336	21167	0	14160	2571	0	47199	1535	0	0	572
22	610	HARRISON	2883	267977	4169	1146	17921	0	1771	561	0	29708	973	0	0	270
22	630	HENDRICKS	2680	245097	5468	856	21729	0	9468	3233	0	57056	2455	0	0	645
22	650	HENRY	2565	236070	5289	434	21097	0	16609	4702	0	55118	1768	0	0	693
22	670	HOWARD	2025	173562	4114	229	16993	108	12704	1133	0	42270	1351	0	0	652
22	690	HUNTINGTON	2461	229647	5392	458	14661	129	30254	2345	0	44242	2437	0	0	653
22	710	JACKSON	2261	268010	2763	3413	26440	0	2179	2109	0	43713	578	0	0	323
22	730	JASPER	1833	328059	6524	353	13019	0	43507	1204	0	73801	7156	0	0	526
22	750	JAY	2463	234122	5320	333	13475	0	18536	3009	0	40638	1205	0	0	461
22	770	JEFFERSON	2243	211273	3334	1183	8458	0	398	1079	0	25731	1383	0	0	227
22	790	JENNINGS	1765	195798	2679	971	8555	0	669	382	0	25011	945	0	0	177
22	810	JOHNSON	1994	191610	4699	674	28439	25	3021	1829	0	44025	1517	0	0	648
22	830	KNOX	2436	296115	4367	3456	57065	0	7257	2812	0	69420	1098	0	0	702
22	850	KOSCIUSKO	3370	321927	7620	623	33001	177	20009	3267	0	56529	5231	0	0	462
22	870	LAGRANGE	1934	225575	5565	346	27842	72	12047	2247	0	32933	4749	0	0	294
22	890	LAKE	1805	210455	4921	138	9801	489	26431	2651	0	36395	12125	0	0	536
22	910	LA PORTE	2565	335683	6944	378	34334	84	23972	1005	0	56047	12515	0	0	678
22	930	LAWRENCE	2337	236955	2626	1207	8029	0	1687	2250	0	27330	770	0	0	251
22	950	MADISON	3427	264335	6049	387	24464	255	21185	2780	0	64942	2058	0	0	908
22	970	MARION	2964	171521	4091	836	15281	0	7284	2055	0	36701	2139	0	0	740
22	990	MARSHALL	2808	270460	6178	588	24777	56	13548	1784	0	46201	6188	0	0	400
22	1010	MARTIN	1464	175710	1872	960	5109	0	1347	381	0	18954	245	0	0	132
22	1030	MIAMI	2225	226577	4739	577	22750	117	14199	2072	0	46231	2749	0	0	572
22	1050	MONROE	2444	207977	2730	691	3755	0	2146	1753	0	21093	575	0	0	142
22	1070	MONTGOMERY	2560	308298	6514	766	33975	0	25426	4475	0	70513	1259	0	0	722
22	1090	MORGAN	2343	230455	4297	685	18223	0	4507	2341	0	45048	948	0	0	451
22	1110	NEWTON	957	228503	4122	543	6994	0	42618	1377	0	59143	2095	0	0	389
22	1130	NOBLE	2545	243608	5500	410	27895	33	18088	1847	0	36266	4193	0	0	488
22	1150	OHIO	549	54157	839	297	2892	0	73	256	0	5618	617	0	0	71
22	1170	ORANGE	2105	220046	2613	1135	8529	0	1938	1387	0	26047	848	0	0	232
22	1190	OWEN	1719	193971	2823	516	6316	0	1651	1274	0	22651	228	0	0	132
22	1210	PARKE	2261	254706	4386	715	20294	75	6961	3508	0	41882	960	0	0	380
22	1230	PERRY	1764	207657	2532	1368	9975	0	1615	381	0	18914	141	0	0	121
22	1250	PIKE	2073	160071	3244	1226	12396	0	881	563	0	31149	60	0	0	196
22	1270	PORTER	1845	218147	4954	266	15642	102	18185	1088	0	24705	17439	0	0	460
22	1290	POSEY	1795	235282	2892	3762	47107	0	3584	614	0	54339	417	0	0	468
22	1310	PULASKI	1720	249417	5251	272	16488	0	23218	1239	0	47419	7315	0	0	386
22	1330	PUTNAM	2566	275208	5193	623	16253	0	5858	3051	0	45064	911	0	0	399
22	1350	RANDOLPH	3188	282405	6576	330	21529	0	21283	5176	0	62476	1916	0	0	734
22	1370	RIPLEY	2743	259569	4449	1447	21058	0	1535	1123	0	38086	1848	0	0	406
22	1390	RUSH	2139	250050	5546	523	45425	0	4838	743	0	69033	839	0	0	791
22	1410	ST JOSEPH	3059	241488	5431	221	24648	315	13326	1863	0	39028	5702	0	0	527
22	1430	SCOTT	1088	101750	1610	638	3371	0	192	949	0	14678	207	0	0	125
22	1450	SHELBY	2483	247564	6444	583	47345	273	6141	2234	0	65460	1475	0	0	753
22	1470	SPENCER	2221	224908	3832	2804	30398	0	3772	598	0	39232	383	0	0	200
22	1490	STARKE	1607	170678	3464	231	9226	0	6674	737	0	25258	9301	0	0	303
22	1510	STEUBEN	1703	179099	3596	294	15858	135	10702	904	0	21130	3482	0	0	365
22	1530	SULLIVAN	3212	251790	4919	1162	27366	0	3079	4180	0	50838	1144	0	0	393
22	1550	SWITZERLAND	1498	134702	2565	524	5224	0	241	525	0	12177	1031	0	0	111
22	1570	TIPPECANOE	2381	299290	5852	867	35895	165	26599	3187	0	76673	3754	0	0	737
22	1590	TIPTON	1676	160129	4048	253	19273	154	12377	891	0	40536	1143	0	0	547
22	1610	UNION	731	102290	1885	355	16359	0	659	176	0	21977	737	0	0	290
22	1630	VANDERBURGH	1733	122085	1535	2764	20384	0	844	236	0	23780	131	0	0	289
22	1650	VERMILLION	1289	142302	2969	541	16437	69	7440	1266	0	31326	791	0	0	259
22	1670	VIGO	2916	208777	3893	1278	24491	0	2534	1203	0	45144	572	0	0	363
22	1690	WABASH	2427	249474	5166	616	21393	35	24962	2373	0	48725	2990	0	0	697
22	1710	WARREN	1300	215809	3958	510	11805	0	32736	1311	0	53795	2181	0	0	472
22	1730	WARRICK	2295	202982	3276	2904	21016	0	1774	714	0	35793	436	0	0	237
22	1750	WASHINGTON	2483	292882	3480	1622	13351	0	5035	2768	0	34495	1068	0	0	308
22	1770	WAYNE	2403	239956	4632	514	28765	0	5876	2614	0	49922	994	0	0	717
22	1790	WELLS	2487	226562	5311	429	12126	89	22793	3092	0	46490	762	0	0	704
22	1810	WHITE	1927	304235	6267	805	18406	159	52945	1659	0	81500	4225	0	0	610
22	1830	WHITLEY	2173	205928	4676	356	14229	158	19221	1643	0	33646	1714	0	0	401
23	0	MICHIGAN	196517	18459922	377377	7459	836703	17958	1229673	64215	0	1030593	557008	0	0	34579
23	10	ALCONA	941	127244	1582	6	1656	118	3207	283	0	1091	2169	0	0	75
23	30	ALGER	671	50497	626	1	37	55	1761	95	0	16	119	0	0	74
23	50	ALLEGAN	5620	417215	9908	256	30792	340	29237	1207	0	33686	16419	0	0	938
23	70	ALPENA	1395	163892	2477	9	2229	393	7534	336	0	541	3213	0	0	130
23	90	ANTRIM	1434	163933	2304	64	860	92	5781	316	0	5795	2767	0	0	141
23	110	ARENAC	1416	147880	3141	21	1112	84	9564	299	0	6181	3251	0	0	162
23	130	BARAGA	838	62245	662	5	26	102	1488	62	0	15	532	0	0	96
23	150	BARRY	3084	312374	6148	86	21411	322	17232	764	0	20226	5336	0	0	424
23	170	BAY	3391	231157	7017	92	7118	298	23362	632	0	15840	4537	0	0	691
23	190	BENZIE	726	75736	1025	43	915	7	917	57	0	2443	2652	0	0	71
23	210	BERRIEN	5896	307238	8739	418	16906	365	14574	941	0	27641	7642	0	0	895
23	230	BRANCH	2932	303127	6563	202	26637	395	20211	3038	0	31929	7360	0	0	503
23	250	CALHOUN	3761	392793	8073	144	35744	482	23586	2622	0	27939	13269	0	0	499
23	270	CASS	2651	273605	5496	246	20337	303	12212	981	0	33662	3546	0	0	314
23	290	CHARLEVOIX	1342	128033	2120	22	1102	88	3606	286	0	2827	3493	0	0	95
23	310	CHEBOYGAN	1234	126714	1945	11	397	23	3583	417	0	1934	2537	0	0	86
23	330	CHIPPEWA	1779	211669	3293	19	505	1222	9920	446	0	37	388	0	0	210
23	350	CLARE	1107	156869	2032	30	852	51	3957	1085	0	4066	4063	0	0	100
23	370	CLINTON	3181	340720	8062	189	29989	429	31647	385	0	23016	11536	0	0	994
23	390	CRAWFORD	157	21660	201	4	23	0	173	89	0	54	751	0	0	18
23	410	DELTA	1554	159042	1980	13	90	129	6414	289	0	37	2506	0	0	228
23	430	DICKINSON	772	64818	778	20	43	72	1338	277	0	6	1421	0	0	94
23	450	EATON	3686	347070	8179	145	31011	218	28666	548	0	22492	10508	0	0	929
23	470	EMMET	1372	133912	1951	14	677	260	3377	212	0	2763	3067	0	0	85
23	490	GENESEE	4474	326522	7592	204	18412	161	32484	1538	0	18655	15619	0	0	954
23	510	GLADWIN	1435	162908	2873	31	728	32	6820	1662	0	5828	4677	0	0	104
23	530	GOGEBIC	913	42008	672	4	3	30	765	67	0	0	160	0	0	45
23	550	GRAND TRAVERSE	1540	152169	2495	55	2364	58	6646	238	0	8623	3997	0	0	223
23	570	GRATIOT	3611	328860	8051	160	15250	210	35917	400	0	28368	12680	0	0	1004
23	590	HILLSDALE	3878	362705	8052	270	27300	335	29056	2925	0	37255	7680	0	0	650
23	610	HOUGHTON	2000	158036	1941	20	75	398	5358	470	0	22	995	0	0	152
23	630	HURON	4393	479417	12177	75	30591	362	49084	233	0	11396	11681	0	0	1192
23	650	INGHAM	3218	313892	6926	70	17946	251	24387	1358	0	14044	18230	0	0	852
23	670	IONIA	3074	329999	7536	117	29909	250	27445	378	0	20934	12456	0	0	779
23	690	IOSCO	781	108410	1591	48	361	14	4257	207	0	2134	2141	0	0	79
23	710	IRON	1010	74597	952	6	44	29	856	150	0	3	199	0	0	87
23	730	ISABELLA	2930	293624	6584	47	6966	185	24142	1392	0	15959	11804	0	0	480
23	750	JACKSON	3579	387405	7601	164	22230	861	19339	2193	0	27025	12076	0	0	516
23	770	KALAMAZOO	3048	286604	5604	197	24257	354	15238	2569	0	21930	8111	0	0	526
23	790	KALKASKA	582	82994	1047	35	479	11	1642	299	0	3629	2577	0	0	57
23	810	KENT	5620	431283	9364	132	20965	667	30246	652	0	23368	14928	0	0	766
23	830	KEWEENAW	177	9626	111	2	0	10	91	54	0	0	0	0	0	4
23	850	LAKE	652	75696	1131	21	430	11	1499	168	0	2134	2728	0	0	33
23	870	LAPEER	3594	382044	8911	195	15703	299	33555	949	0	18765	15445	0	0	595
23	890	LEELANAU	1208	139653	2156	18	3033	59	6628	41	0	5852	1200	0	0	127
23	910	LENAWEE	4661	444770	9917	425	39024	437	48640	2126	0	48120	21923	0	0	1591
23	930	LIVINGSTON	2419	305802	5708	116	16145	443	20152	1452	0	16020	10392	0	0	596
23	950	LUCE	322	34380	299	1	1	32	780	20	0	20	508	0	0	36
23	970	MACKINAC/MICHILIM	618	60620	880	0	153	181	2367	348	0	26	336	0	0	68
23	990	MACOMB	3845	235352	6504	102	17128	301	25076	1286	0	19567	10683	0	0	936
23	1010	MANISTEE	1371	139666	2118	23	2136	14	3368	61	0	7671	3926	0	0	100
23	1030	MARQUETTE	1381	114779	1212	11	2	18	1887	594	0	5	249	0	0	110
23	1050	MASON	1807	175840	3402	64	4262	91	7840	357	0	5647	6340	0	0	224
23	1070	MECOSTA	2315	270489	4361	46	2047	46	10521	574	0	12390	7852	0	0	165
23	1090	MENOMINEE	2186	250513	3430	29	290	142	10075	911	0	381	8032	0	0	246
23	1110	MIDLAND	2170	198461	4035	46	1974	56	12673	881	0	11130	4073	0	0	395
23	1130	MISSAUKEE	1200	169808	2494	40	1834	62	7892	782	0	4251	6145	0	0	89
23	1150	MONROE	4315	308911	8481	195	30669	346	37682	616	0	44916	9239	0	0	1149
23	1170	MONTCALM	3799	385276	7909	64	12814	201	25354	1514	0	18836	14129	0	0	463
23	1190	MONTMORENCY	511	60331	778	13	473	61	1560	130	0	723	1253	0	0	55
23	1210	MUSKEGON	1964	140154	2749	24	3963	56	8443	589	0	8796	3764	0	0	234
23	1230	NEWAYGO	2629	270701	4645	68	5321	153	10595	450	0	16075	6256	0	0	254
23	1250	OAKLAND	3995	367152	6767	470	9267	120	21028	2554	0	14748	15764	0	0	856
23	1270	OCEANA	2089	215160	3807	60	3781	64	5836	210	0	12342	4633	0	0	244
23	1290	OGEMAW	1312	171274	2464	10	676	32	5934	544	0	3357	3748	0	0	96
23	1310	ONTONAGON	1409	113937	1112	3	125	345	3470	184	0	8	417	0	0	149
23	1330	OSCEOLA	2061	264444	4052	39	1428	82	8948	1531	0	5738	10030	0	0	103
23	1350	OSCODA	310	56903	533	11	123	0	427	19	0	581	749	0	0	51
23	1370	OTSEGO	593	81133	989	12	143	142	3579	254	0	581	2076	0	0	38
23	1390	OTTAWA	4397	294851	7854	97	22181	570	27622	381	0	23034	15584	0	0	492
23	1410	PRESQUE ISLE	1154	150406	2237	5	2159	567	7500	148	0	668	2140	0	0	98
23	1430	ROSCOMMON	142	17213	215	4	14	57	237	10	0	168	352	0	0	19
23	1450	SAGINAW	5346	439054	11666	143	19758	463	42801	593	0	35829	10807	0	0	1576
23	1470	ST CLAIR	4780	383663	8887	77	23636	313	40289	930	0	20079	13902	0	0	884
23	1490	ST JOSEPH	2624	290700	5418	364	26053	242	8447	2403	0	34834	3816	0	0	322
23	1510	SANILAC	5040	559796	13973	144	30523	315	62959	748	0	12364	23430	0	0	907
23	1530	SCHOOLCRAFT	451	43326	595	0	15	9	1193	165	0	16	132	0	0	61
23	1550	SHIAWASSEE	3272	318079	7384	142	22545	173	34467	600	0	21212	11323	0	0	1039
23	1570	TUSCOLA	4867	457538	11049	130	19869	281	40633	1103	0	26952	9633	0	0	1305
23	1590	VAN BUREN	5159	341713	7670	280	13766	504	13015	1872	0	29949	8522	0	0	582
23	1610	WASHTENAW	3506	402780	8746	175	27558	347	34119	2014	0	23849	22825	0	0	1104
23	1630	WAYNE	2500	131835	3250	55	6223	205	10260	1259	0	13445	3532	0	0	800
23	1650	WEXFORD	1340	145217	2118	40	1109	52	3202	392	0	6104	6027	0	0	65
24	0	OHIO	255146	22857692	478456	33991	1983236	10639	1253895	69548	0	3114743	202073	0	0	52974
24	10	ADAMS	3080	311427	4652	810	14914	0	271	198	0	35615	441	0	0	172
24	30	ALLEN	3016	235791	6098	248	24366	217	25293	1039	0	42467	1993	0	0	625
24	50	ASHLAND	2543	249304	5364	242	29513	243	20324	144	0	26192	2351	0	0	428
24	70	ASHTABULA	5196	379251	7454	173	5974	138	23823	1714	0	22265	10892	0	0	1030
24	90	ATHENS	2658	248283	3348	347	5208	0	170	199	0	13933	993	0	0	143
24	110	AUGLAIZE	2555	238897	6390	392	28652	214	27303	1571	0	46356	1416	0	0	830
24	130	BELMONT	3883	305244	5409	335	7358	237	6432	1369	0	18776	1950	0	0	252
24	150	BROWN	3460	298781	5850	1035	13446	0	429	356	0	46820	777	0	0	291
24	170	BUTLER	2902	267156	5092	1298	34804	0	2367	1682	0	49703	4098	0	0	964
24	190	CARROLL	1877	216621	3530	119	9155	56	11405	470	0	12266	1320	0	0	169
24	210	CHAMPAIGN	2344	261031	5789	474	28630	0	13713	1451	0	48743	5417	0	0	609
24	230	CLARK	2625	241344	5480	353	29667	0	7830	1348	0	48735	2528	0	0	683
24	250	CLERMONT	4007	276060	5126	1352	7582	0	411	452	0	41902	1814	0	0	423
24	270	CLINTON	2230	256983	5632	626	36192	0	2176	505	0	58343	1942	0	0	700
24	290	COLUMBIANA	4102	282948	6043	212	14716	157	18428	1066	0	19395	4478	0	0	488
24	310	COSHOCTON	2956	329780	5007	256	19728	50	5525	334	0	24113	1320	0	0	237
24	330	CRAWFORD	2324	244095	5741	280	30910	184	26018	485	0	38574	1548	0	0	653
24	350	CUYAHOGA	2251	83715	2285	52	2096	22	3746	249	0	4727	997	0	0	383
24	370	DARKE	5123	368786	10772	900	50950	50	24302	3752	0	86064	1262	0	0	1444
24	390	DEFIANCE	2266	244064	5547	185	27985	135	31593	686	0	36202	1874	0	0	849
24	410	DELAWARE	3000	273395	6265	300	24690	0	9355	1495	0	39462	5098	0	0	649
24	430	ERIE	1846	140041	3458	113	17061	152	12858	344	0	16893	1569	0	0	645
24	450	FAIRFIELD	3428	307906	7196	336	46166	0	1055	189	0	50899	1883	0	0	637
24	470	FAYETTE	1660	249611	5719	281	35566	0	7265	1548	0	60190	1461	0	0	686
24	490	FRANKLIN	3842	269565	6935	317	37373	0	4895	1566	0	51642	4061	0	0	955
24	510	FULTON	2955	246697	6706	176	28142	718	33888	198	0	45068	3211	0	0	941
24	530	GALLIA	2924	266534	3970	364	6921	0	199	255	0	19461	689	0	0	90
24	550	GEAUGA	2550	217281	4571	65	4208	125	12922	794	0	11026	6236	0	0	494
24	570	GREENE	2335	242728	5949	452	33015	0	4686	1492	0	53898	2561	0	0	702
24	590	GUERNSEY	3174	301598	4741	289	7366	61	2331	727	0	16628	1067	0	0	157
24	610	HAMILTON	3085	152509	3500	1425	7843	0	380	559	0	16388	1857	0	0	567
24	630	HANCOCK	3270	324549	7661	258	43114	532	33075	1575	0	62915	1838	0	0	1164
24	650	HARDIN	2757	289385	6500	332	27597	65	26875	1348	0	53777	918	0	0	736
24	670	HARRISON	1925	232460	3316	155	5447	90	5796	184	0	10033	1568	0	0	154
24	690	HENRY	2694	254652	6613	270	32388	184	41773	207	0	58420	1280	0	0	1168
24	710	HIGHLAND	3265	342357	7245	561	37106	0	533	407	0	58467	980	0	0	522
24	730	HOCKING	1791	207290	2341	185	7736	0	263	223	0	13158	238	0	0	93
24	750	HOLMES	2394	249455	6577	191	26297	89	16492	141	0	24137	1421	0	0	338
24	770	HURON	2914	296595	6121	312	34121	414	30101	561	0	35443	2569	0	0	908
24	790	JACKSON	1891	192909	2427	393	5712	0	176	402	0	13653	239	0	0	70
24	810	JEFFERSON	2155	203075	2972	125	3879	43	5835	898	0	8323	1186	0	0	211
24	830	KNOX	3003	318662	5773	300	32629	0	6395	656	0	35619	1843	0	0	384
24	850	LAKE	1639	86280	1754	48	1681	37	3324	241	0	5351	762	0	0	362
24	870	LAWRENCE	2491	184282	2620	598	1294	0	211	841	0	15655	294	0	0	92
24	890	LICKING	4453	407333	8156	395	35981	224	5746	805	0	50467	3732	0	0	586
24	910	LOGAN	2765	275737	6016	353	21192	74	20312	1716	0	45277	2817	0	0	599
24	930	LORAIN	3949	266713	6418	124	19751	174	23129	641	0	22272	8409	0	0	1206
24	950	LUCAS	2730	135244	3615	139	13289	225	13758	259	0	23300	1304	0	0	669
24	970	MADISON	1696	291703	6491	307	34758	0	19632	2986	0	66706	2089	0	0	590
24	990	MAHONING	3009	196736	4506	165	9187	198	13631	309	0	13117	4926	0	0	598
24	1010	MARION	2055	242530	4674	358	25131	69	21599	1286	0	46908	1488	0	0	721
24	1030	MEDINA	3385	244489	5819	279	21611	91	23546	511	0	24428	5933	0	0	762
24	1050	MEIGS	2886	243837	3444	308	7820	0	425	354	0	15461	600	0	0	117
24	1070	MERCER	3026	278637	7687	420	30354	106	37681	1454	0	52374	783	0	0	876
24	1090	MIAMI	3071	244917	6499	669	37852	134	17716	1061	0	56601	1032	0	0	921
24	1110	MONROE	2889	258233	4070	115	6654	37	3711	694	0	15773	373	0	0	92
24	1130	MONTGOMERY	4587	245425	6345	1088	30774	282	7190	1331	0	50638	1825	0	0	1334
24	1150	MORGAN	2318	247871	3624	195	6843	53	340	450	0	12891	379	0	0	84
24	1170	MORROW	2641	249120	5259	371	21194	108	11533	601	0	30835	1758	0	0	371
24	1190	MUSKINGUM	3843	369553	5724	343	15318	95	1823	686	0	25738	2596	0	0	273
24	1210	NOBLE	2493	242219	3914	87	5556	26	551	63	0	13891	363	0	0	52
24	1230	OTTAWA	2134	140908	3966	126	18525	818	16182	265	0	19641	683	0	0	825
24	1250	PAULDING	1964	245183	4955	261	17923	42	43316	764	0	50608	1150	0	0	859
24	1270	PERRY	2267	206784	3397	111	14276	0	700	117	0	17455	990	0	0	212
24	1290	PICKAWAY	2153	305916	7266	330	59847	0	1658	442	0	69784	1099	0	0	822
24	1310	PIKE	1944	223706	2844	483	9561	0	355	1041	0	26584	190	0	0	174
24	1330	PORTAGE	3729	260819	5874	127	12877	52	21060	398	0	19947	8223	0	0	755
24	1350	PREBLE	2741	255821	5608	1063	39778	0	5019	1390	0	57270	2029	0	0	961
24	1370	PUTNAM	3135	294078	8013	350	42571	521	29673	1767	0	60280	1520	0	0	876
24	1390	RICHLAND	3070	285958	6326	358	32568	61	23906	166	0	31543	2140	0	0	637
24	1410	ROSS	2967	387783	6829	457	45093	0	429	545	0	62910	1106	0	0	556
24	1430	SANDUSKY	2748	240589	6303	255	36252	257	28942	533	0	42335	1262	0	0	995
24	1450	SCIOTO	3300	256383	2876	1267	6246	0	411	864	0	28638	660	0	0	260
24	1470	SENECA	3030	335780	8255	505	51845	377	34764	1040	0	55114	2634	0	0	1154
24	1490	SHELBY	2550	244385	6254	428	24852	23	32573	1713	0	46377	2033	0	0	923
24	1510	STARK	4750	289211	7411	253	27520	123	29780	256	0	29994	4955	0	0	931
24	1530	SUMMIT	2800	152111	3159	185	8594	96	10629	549	0	12932	3631	0	0	611
24	1550	TRUMBULL	4213	302322	6312	143	8287	170	17740	542	0	19188	6809	0	0	690
24	1570	TUSCARAWAS	3240	301804	5501	212	20545	151	13659	492	0	19571	3001	0	0	381
24	1590	UNION	2566	263497	5965	255	20847	39	18044	1552	0	44242	3365	0	0	582
24	1610	VAN WERT	2629	248992	6596	294	15266	123	43630	330	0	55322	510	0	0	743
24	1630	VINTON	1460	181309	1607	276	2944	0	238	170	0	9172	226	0	0	60
24	1650	WARREN	2575	244795	5231	994	25151	0	1292	659	0	45136	2141	0	0	636
24	1670	WASHINGTON	4029	349915	5077	481	11268	0	1425	597	0	19412	1636	0	0	225
24	1690	WAYNE	4154	336340	9091	574	49460	391	30420	222	0	43190	5842	0	0	925
24	1710	WILLIAMS	2796	259370	6260	203	27349	107	32744	721	0	34611	3525	0	0	770
24	1730	WOOD	3911	364135	8380	449	45984	987	63012	355	0	87614	4916	0	0	1876
24	1750	WYANDOT	2109	250124	5300	300	35344	192	17729	930	0	41499	1150	0	0	586
25	0	WISCONSIN	199877	23459203	521058	5889	16676	87369	2019148	83343	0	999427	1661471	0	0	50173
25	10	ADAMS	1494	300780	3755	70	30	153	6033	584	0	18857	8307	0	0	115
25	30	ASHLAND	1457	141654	1931	17	54	236	4988	320	0	61	1452	0	0	132
25	50	BARRON/DALLAS	4639	483896	10404	112	21	895	36477	1345	0	1073	50621	0	0	896
25	70	BAYFIELD/LA POINT	2407	225682	2815	40	411	757	5580	487	0	220	3366	0	0	209
25	90	BROWN	3385	310994	8467	42	199	1775	43701	1088	0	3619	22970	0	0	1042
25	110	BUFFALO	2144	413529	8450	65	296	1328	36457	636	0	20184	14669	0	0	604
25	130	BURNETT	2079	242949	3767	51	15	1002	7755	1318	0	4271	14462	0	0	180
25	150	CALUMET	2047	195320	5986	12	253	2392	24283	438	0	4987	13357	0	0	1086
25	170	CHIPPEWA	4053	500958	10422	79	16	743	49599	2784	0	9848	51190	0	0	705
25	190	CLARK	5445	549144	12734	84	35	476	52794	2784	0	5674	57310	0	0	995
25	210	COLUMBIA	3275	459610	11448	130	579	1942	45412	954	0	45252	29475	0	0	893
25	230	CRAWFORD	1971	341265	6792	133	277	831	16124	427	0	19590	7263	0	0	321
25	250	DANE	6157	725144	20933	174	865	2584	69956	2584	0	72178	62954	0	0	2226
25	270	DODGE	4735	526465	15767	97	490	4031	81280	539	0	25388	57938	0	0	2754
25	290	DOOR	2418	249767	4571	79	1908	3037	24252	217	0	304	11643	0	0	681
25	310	DOUGLAS	2681	205029	2615	63	126	535	5167	489	0	166	2869	0	0	233
25	330	DUNN	3651	512179	10971	129	37	2894	48121	2131	0	24056	44489	0	0	734
25	350	EAU CLAIRE	2403	307335	7056	24	16	1412	36839	857	0	12482	26738	0	0	309
25	370	FLORENCE	580	58322	743	12	15	27	1709	196	0	27	1385	0	0	66
25	390	FOND DU LAC	4140	441145	13004	94	122	2623	58856	370	0	18904	44270	0	0	1964
25	410	FOREST	915	91278	1231	6	31	122	3042	204	0	354	1404	0	0	65
25	430	GRANT	4235	696811	17046	502	345	1417	66461	2436	0	73395	21632	0	0	1128
25	450	GREEN	2478	361399	9454	99	48	447	29640	620	0	42844	26452	0	0	874
25	470	GREEN LAKE	1534	212338	5304	17	269	1225	23442	358	0	19361	12172	0	0	382
25	490	IOWA	2577	467675	10253	91	356	745	28978	1418	0	30164	22552	0	0	637
25	510	IRON	675	52336	698	4	8	79	1063	136	0	28	421	0	0	45
25	530	JACKSON	2528	381286	7121	69	106	1381	22830	1089	0	16488	19879	0	0	355
25	550	JEFFERSON	3170	332575	9628	60	651	2486	36526	652	0	20180	42533	0	0	1117
25	570	JUNEAU	2428	331997	6008	89	69	271	27253	756	0	19335	14498	0	0	348
25	590	KENOSHA	1564	152347	3997	95	108	1596	13898	617	0	3981	27236	0	0	657
25	610	KEWAUNEE	2042	210484	5606	12	832	2625	29503	350	0	263	10332	0	0	832
25	630	LA CROSSE	1759	272674	5956	102	63	625	18056	596	0	16837	11284	0	0	390
25	650	LAFAYETTE	2345	386208	9450	149	85	465	37787	1912	0	48391	15481	0	0	759
25	670	LANGLADE	2313	217516	3239	82	24	134	12188	563	0	274	9619	0	0	318
25	690	LINCOLN	2106	216024	3076	27	4	118	12207	1317	0	81	9960	0	0	229
25	710	MANITOWOC	3839	355909	10313	57	360	2513	49021	377	0	1873	20478	0	0	1835
25	730	MARATHON	7039	783199	14295	102	79	1626	83138	4442	0	4015	54788	0	0	1382
25	750	MARINETTE	2951	334110	5105	73	622	346	16952	1173	0	4123	18605	0	0	471
25	770	MARQUETTE	1416	266496	4328	61	87	286	7791	131	0	19288	7159	0	0	203
25	790	MILWAUKEE	1833	77725	2875	16	118	634	9598	198	0	2013	7855	0	0	697
25	810	MONROE	3548	485485	10062	189	70	1105	36584	1690	0	22752	25174	0	0	590
25	830	OCONTO	3372	353659	7027	38	568	800	30496	1638	0	6620	25119	0	0	570
25	850	ONEIDA	973	120515	1249	13	15	63	4484	476	0	201	2343	0	0	141
25	870	OUTAGAMIE	3903	358022	9981	132	74	1085	47448	2255	0	17994	35472	0	0	1466
25	890	OZAUKEE	1704	136923	4192	9	115	1062	20004	380	0	3848	10803	0	0	872
25	910	PEPIN	1021	141925	3263	16	56	1016	12921	570	0	10405	5993	0	0	230
25	930	PIERCE	3089	356357	9325	125	74	2750	29931	922	0	16227	31620	0	0	652
25	950	POLK	4488	477969	10224	123	93	1907	36632	2560	0	3376	53334	0	0	558
25	970	PORTAGE	3322	457610	7722	61	36	718	34741	2109	0	15445	21607	0	0	352
25	990	PRICE	2514	224764	2858	19	5	77	4183	302	0	55	3470	0	0	180
25	1010	RACINE	2217	188464	5537	39	182	1842	19826	982	0	6002	30605	0	0	930
25	1030	RICHLAND	2506	366683	7654	101	569	319	14254	913	0	19744	12980	0	0	389
25	1050	ROCK	3667	429755	12464	220	547	2385	28947	3676	0	52735	51178	0	0	1102
25	1070	RUSK	2608	261528	4263	99	7	160	10594	1010	0	570	13556	0	0	214
25	1090	ST CROIX	3279	437172	10848	126	76	2637	47120	6147	0	3821	61469	0	0	623
25	1110	SAUK	3543	499087	11647	233	2081	1131	48499	701	0	40794	23664	0	0	944
25	1130	SAWYER	1509	136149	1865	39	1	71	3020	736	0	227	3353	0	0	71
25	1150	SHAWANO	4108	471257	8935	120	189	1653	39047	1849	0	17481	33649	0	0	1054
25	1170	SHEBOYGAN	3502	299197	9241	27	99	2756	46011	227	0	5821	28172	0	0	1491
25	1190	TAYLOR	3253	311954	4969	47	6	250	15309	467	0	533	15153	0	0	312
25	1210	TREMPEALEAU	3233	463690	10914	85	360	2677	47509	648	0	22527	19630	0	0	557
25	1230	VERNON/BAD AX	4063	494646	11377	244	400	1115	29138	2186	0	24074	15376	0	0	606
25	1250	VILAS	673	52279	523	5	1	33	881	180	0	25	1137	0	0	58
25	1270	WALWORTH	2749	331596	9445	130	199	1752	24644	2240	0	13415	67024	0	0	1023
25	1290	WASHBURN	1754	215316	3078	55	11	193	6339	1090	0	2373	12426	0	0	156
25	1310	WASHINGTON	2796	264429	7740	24	360	2900	38848	470	0	7757	25931	0	0	1408
25	1330	WAUKESHA	3439	315462	8308	63	294	1708	39559	1492	0	7403	45536	0	0	1616
25	1350	WAUPACA	3737	431544	8804	81	30	1028	37016	2384	0	17887	33936	0	0	880
25	1370	WAUSHARA	2396	353567	6064	53	9	918	15522	630	0	24126	15992	0	0	422
25	1390	WINNEBAGO	2662	257851	7148	69	99	2236	31241	792	0	15746	23446	0	0	1201
25	1410	WOOD	3341	372794	6717	84	20	208	33643	1728	0	9014	31255	0	0	636
31	0	IOWA	221986	34359152	902512	67320	269000	24386	4434753	280462	0	5981258	3376590	0	0	66258
31	10	ADAIR	2182	358856	9228	686	3859	165	25885	3497	0	5616	89864	0	0	578
31	30	ADAMS	1637	262966	6177	656	4957	60	10434	2488	0	8650	57023	0	0	361
31	50	ALLAMAKEE	2128	374392	8449	138	414	661	35828	604	0	37047	9104	0	0	402
31	70	APPANOOSE	2304	319861	5957	514	591	0	1523	1708	0	8658	29570	0	0	204
31	90	AUDUBON	1879	282293	7997	690	1233	76	42821	1009	0	43599	37936	0	0	504
31	110	BENTON	2680	445992	12181	567	1019	198	56358	7608	0	100357	23648	0	0	926
31	130	BLACK HAWK	2465	338878	8595	366	231	251	45780	7796	0	73192	22686	0	0	785
31	150	BOONE	2567	345502	9489	922	1330	201	69715	6066	0	78178	40802	0	0	832
31	170	BREMER	2090	269205	8768	220	137	114	48241	1379	0	53421	14285	0	0	667
31	190	BUCHANAN	2435	353850	9974	476	425	114	52873	4638	0	82875	14203	0	0	407
31	210	BUENA VISTA	2179	361611	10028	528	231	130	93180	515	0	111065	12066	0	0	916
31	230	BUTLER	2277	353672	10687	232	213	74	65923	4358	0	78153	25999	0	0	544
31	250	CALHOUN	2174	356342	9984	933	246	62	115037	541	0	115690	5430	0	0	871
31	270	CARROLL	2152	356888	10094	819	1903	617	72310	1398	0	91910	23433	0	0	779
31	290	CASS	2243	350174	9008	1327	8551	105	38030	6621	0	17484	84996	0	0	633
31	310	CEDAR	2264	350800	9480	771	2165	103	31503	4607	0	81999	11226	0	0	714
31	330	CERRO GORDO	2048	348436	9375	301	304	99	78100	2283	0	70607	32813	0	0	617
31	350	CHEROKEE	1903	362476	9688	461	71	133	60182	592	0	99744	14654	0	0	792
31	370	CHICKASAW	2105	310684	9118	145	482	241	54009	6396	0	55603	20795	0	0	396
31	390	CLARKE	1556	264459	5503	387	669	0	2691	1109	0	1682	47451	0	0	343
31	410	CLAY	1790	345095	9389	383	128	163	79537	373	0	94690	11433	0	0	809
31	430	CLAYTON	3058	463850	12128	337	271	791	63368	4578	0	62208	10881	0	0	991
31	450	CLINTON	2802	417151	11704	473	2918	272	45790	2190	0	100276	11911	0	0	978
31	470	CRAWFORD	2595	447260	12467	958	2848	1024	51647	1018	0	95528	39279	0	0	1028
31	490	DALLAS	2468	366013	8836	898	5338	208	36301	5708	0	30683	87386	0	0	979
31	510	DAVIS	1978	307876	5921	494	1364	0	716	741	0	6190	31370	0	0	265
31	530	DECATUR	2088	332549	6507	728	458	0	404	841	0	9928	41834	0	0	231
31	550	DELAWARE	2345	351921	9935	549	203	259	58183	1841	0	72970	12331	0	0	501
31	570	DES MOINES	1894	245913	6819	432	5844	7	4948	1071	0	36461	18149	0	0	571
31	590	DICKINSON	1290	234877	6511	285	268	277	49107	651	0	61419	6990	0	0	429
31	610	DUBUQUE	2482	365630	9447	313	94	644	49250	1926	0	55034	9673	0	0	545
31	630	EMMET	1315	245861	6610	431	158	146	63778	603	0	66017	8952	0	0	500
31	650	FAYETTE	3195	449222	12681	309	414	353	71440	4790	0	79956	17534	0	0	585
31	670	FLOYD	1954	307851	8048	200	419	149	65022	5516	0	62475	26862	0	0	583
31	690	FRANKLIN	2154	363015	10588	298	82	178	77353	3372	0	87458	29203	0	0	793
31	710	FREMONT	1871	311286	6660	1964	11908	159	4964	5408	0	18461	110582	0	0	478
31	730	GREENE	2127	356653	9780	900	553	133	84551	831	0	104367	25870	0	0	803
31	750	GRUNDY	1826	316725	9039	336	105	70	44001	9853	0	78439	17776	0	0	623
31	770	GUTHRIE	2524	370053	9212	800	2640	216	42540	5476	0	30688	64743	0	0	600
31	790	HAMILTON	2263	363229	9870	617	263	267	96878	3904	0	101175	23597	0	0	958
31	810	HANCOCK	2035	353263	10303	460	30	101	92548	851	0	93399	14886	0	0	777
31	830	HARDIN	2239	350908	9924	572	63	134	65741	3678	0	88650	25486	0	0	741
31	850	HARRISON	2942	427344	11547	1971	14292	3643	23737	3534	0	92807	63352	0	0	950
31	870	HENRY	2060	261228	6931	625	1998	0	6961	3450	0	29907	27504	0	0	551
31	890	HOWARD	1775	293422	8015	149	68	216	42668	6720	0	47057	13695	0	0	412
31	910	HUMBOLDT	1533	276029	7477	434	137	165	79425	645	0	83433	9209	0	0	653
31	930	IDA	1453	273499	7913	733	166	35	42192	714	0	68770	22484	0	0	551
31	950	IOWA	2247	367146	9133	777	1905	81	25207	3480	0	59583	25419	0	0	839
31	970	JACKSON	2208	379873	8135	705	387	388	27267	2538	0	48773	9188	0	0	458
31	990	JASPER	3125	452885	11356	954	5700	196	27416	7542	0	37988	91582	0	0	920
31	1010	JEFFERSON	1898	262504	6629	511	2162	2	5446	2465	0	11813	39351	0	0	359
31	1030	JOHNSON	2566	367644	9649	1161	1924	87	30720	4369	0	70577	18811	0	0	841
31	1050	JONES	2222	349072	8839	532	106	206	24430	2013	0	58303	16327	0	0	540
31	1070	KEOKUK	2703	358590	9778	1066	2292	100	13361	6175	0	23050	64404	0	0	592
31	1090	KOSSUTH	3153	603983	17231	778	314	188	178014	1224	0	171097	21334	0	0	1376
31	1110	LEE	2186	296338	6845	649	5928	0	7814	3381	0	23107	22159	0	0	528
31	1130	LINN	3848	423576	11589	695	856	451	46915	6182	0	86855	18303	0	0	705
31	1150	LOUISA	1460	233156	5800	438	9080	56	3643	3207	0	49344	8840	0	0	520
31	1170	LUCAS	1730	264380	5793	648	1116	48	5032	1328	0	2569	40596	0	0	214
31	1190	LYON/BUNCOMBE	1885	364282	10881	311	31	330	87547	817	0	104566	10822	0	0	542
31	1210	MADISON	2238	346468	7703	644	6525	42	4231	1554	0	825	74132	0	0	597
31	1230	MAHASKA	2853	351254	8977	1266	5305	31	7688	1910	0	3148	88232	0	0	606
31	1250	MARION	2476	346771	8088	853	8675	71	5264	3944	0	3087	76774	0	0	492
31	1270	MARSHALL	2401	357113	10222	564	1709	312	54390	3993	0	82440	21673	0	0	878
31	1290	MILLS	1663	264758	6272	1301	9616	98	16117	5247	0	29603	72194	0	0	536
31	1310	MITCHELL	1797	287767	8167	160	201	762	55265	4343	0	42216	28219	0	0	509
31	1330	MONONA	2182	417119	9507	1233	6460	1784	17723	1095	0	114338	23013	0	0	1031
31	1350	MONROE	1768	262059	4862	791	3095	7	1325	1852	0	1747	35805	0	0	164
31	1370	MONTGOMERY	1677	264830	6666	1131	15319	177	21809	2392	0	15789	70154	0	0	538
31	1390	MUSCATINE	1852	251192	6705	611	3825	77	12422	1561	0	57002	6737	0	0	614
31	1410	O BRIEN	2006	353961	9805	374	37	155	73369	790	0	99647	12386	0	0	831
31	1430	OSCEOLA	1317	251306	7270	273	173	91	62919	798	0	70118	8524	0	0	486
31	1450	PAGE	2299	339876	8604	1553	19552	114	18372	2579	0	14805	89464	0	0	648
31	1470	PALO ALTO	1947	353228	9668	547	576	43	97048	512	0	98950	11425	0	0	679
31	1490	PLYMOUTH	2881	539772	14591	899	705	662	73320	1510	0	146938	28943	0	0	1176
31	1510	POCAHONTAS	2094	363198	10001	670	398	157	113865	758	0	115898	7483	0	0	1095
31	1530	POLK	3351	330018	8045	1009	12123	139	27790	4259	0	43757	54126	0	0	894
31	1550	POTTAWATTAMIE	4205	586294	15418	2132	9904	249	59330	4549	0	75900	143005	0	0	1544
31	1570	POWESHIEK	2263	360146	8366	746	672	328	22218	3765	0	22865	72311	0	0	833
31	1590	RINGGOLD	2033	330816	7401	717	1274	0	2387	1030	0	10168	53640	0	0	372
31	1610	SAC	1995	359319	10220	924	264	89	71644	1670	0	94418	26256	0	0	810
31	1630	SCOTT	2379	275526	8578	676	6710	108	28007	1373	0	66610	3642	0	0	976
31	1650	SHELBY	2186	370310	11370	873	1613	385	60694	930	0	78179	45164	0	0	763
31	1670	SIOUX	3037	478637	15860	462	316	346	100610	1267	0	128913	34415	0	0	816
31	1690	STORY	2403	352551	9942	854	1214	81	75620	4735	0	96865	28905	0	0	817
31	1710	TAMA	2781	446384	11773	636	1413	404	55763	5244	0	97040	16051	0	0	904
31	1730	TAYLOR	2295	338404	8805	795	7257	108	11506	3316	0	12526	71763	0	0	390
31	1750	UNION	1662	263636	5989	516	941	47	3357	1221	0	3481	53580	0	0	303
31	1770	VAN BUREN	1945	295516	6260	530	1417	25	1423	1097	0	13353	24417	0	0	316
31	1790	WAPELLO	2123	258131	5236	564	5868	128	2106	980	0	9635	36056	0	0	418
31	1810	WARREN	2623	349568	7824	818	11999	124	2061	2034	0	2470	75099	0	0	518
31	1830	WASHINGTON	2452	343283	8821	945	2053	226	9412	3078	0	61680	22092	0	0	735
31	1850	WAYNE	1938	324996	7124	650	382	0	4698	3920	0	6794	48128	0	0	309
31	1870	WEBSTER	2799	438116	11656	753	175	334	131638	2158	0	129057	12628	0	0	1308
31	1890	WINNEBAGO	1753	251611	7929	316	24	173	58481	393	0	54452	16247	0	0	494
31	1910	WINNESHIEK	2933	427055	12479	306	385	725	63895	3644	0	61556	17218	0	0	681
31	1930	WOODBURY	3334	532261	13553	1532	6480	185	32250	1861	0	142601	47490	0	0	1146
31	1950	WORTH	1491	248425	7085	162	404	264	53538	555	0	42314	19853	0	0	530
31	1970	WRIGHT	1999	358988	9970	521	79	188	94913	2328	0	108472	11254	0	0	911
32	0	KANSAS	174589	48009770	589375	103465	8292449	31192	1049789	216410	0	172495	2848911	2049	0	66275
32	10	ALLEN	2166	306138	5982	964	18462	88	20839	1500	0	8504	39448	0	0	509
32	30	ANDERSON	1907	336593	6323	864	14318	58	22069	1597	0	4003	48052	0	0	342
32	50	ATCHISON	1887	259712	5249	1637	38197	7	6179	5913	0	1609	45999	0	0	466
32	70	BARBER	1102	678119	5557	1359	121234	0	2287	1338	0	747	10680	0	0	669
32	90	BARTON	1758	563391	5639	1052	268189	1695	2650	556	0	122	4621	0	0	1360
32	110	BOURBON	2418	372826	7617	1085	18808	198	23334	2172	0	8850	49978	0	0	312
32	130	BROWN	2294	350780	7773	2351	46226	74	22028	4331	0	1529	107022	0	0	735
32	150	BUTLER	2738	800146	11272	2059	50101	142	50210	5281	0	1825	46141	0	0	1026
32	170	CHASE	917	465465	3709	619	10070	100	4811	1758	0	380	23454	183	0	278
32	190	CHAUTAUQUA	1311	389256	4669	963	10365	168	12390	1957	0	2768	12334	0	0	205
32	210	CHEROKEE/MCGHEE	2671	332408	6352	1984	52054	215	28909	7323	0	1557	53685	0	0	493
32	230	CHEYENNE	1143	628695	7052	602	75724	2418	722	206	0	7433	62916	0	0	502
32	250	CLARK	615	622280	2378	401	78973	0	0	40	0	0	1	0	0	531
32	270	CLAY	2070	395375	7476	1080	78764	230	8661	4073	0	379	13323	0	0	716
32	290	CLOUD	2190	435659	7750	1083	109148	576	8750	4318	0	409	47873	0	0	697
32	310	COFFEY	2364	394111	7800	1381	24028	20	25177	1426	0	7079	59952	0	0	445
32	330	COMANCHE	575	478965	2581	326	87639	950	202	73	0	0	2360	0	0	491
32	350	COWLEY	2946	680337	9929	2115	59837	55	30957	3785	0	2241	40408	0	0	713
32	370	CRAWFORD	2897	338244	7130	1589	39363	145	33074	6501	0	2821	55578	0	0	420
32	390	DECATUR	1414	568926	6368	721	54326	120	187	24	0	1264	12345	0	0	496
32	410	DICKINSON	2565	531327	9899	1514	149583	202	27639	3607	0	36	50726	0	0	1445
32	430	DONIPHAN	1739	230677	4006	2612	17724	114	6235	3648	0	13388	32589	0	0	363
32	450	DOUGLAS	2209	285000	5965	1195	26194	109	12956	4683	0	3618	46541	0	0	594
32	470	EDWARDS	829	391039	2754	362	137258	0	557	133	0	51	234	0	0	795
32	490	ELK	1308	378296	4803	774	8386	95	14330	1689	0	4044	22208	0	0	185
32	510	ELLIS	1343	563500	6958	360	165059	181	137	15	0	676	1953	0	0	732
32	530	ELLSWORTH	1181	436697	5000	920	133879	125	1781	1246	0	711	10241	0	0	768
32	550	FINNEY	1029	610276	3146	373	65563	781	116	66	0	181	96	0	0	614
32	570	FORD	1407	666468	2975	284	196426	810	310	19	0	0	92	0	0	1331
32	590	FRANKLIN	2526	343688	7118	1072	14889	79	21087	4401	0	3007	61849	0	0	448
32	610	GEARY	773	218676	3025	673	20367	38	4272	772	0	152	17432	0	0	318
32	630	GOVE	911	620439	3697	148	87586	261	10	84	0	108	922	0	0	487
32	650	GRAHAM	1296	534592	4626	762	8312	40	0	6	0	15	1718	0	0	382
32	670	GRANT	466	318612	2951	336	85819	300	0	0	0	4899	1048	0	0	471
32	690	GRAY	935	512366	1492	171	88120	116	0	0	0	0	142	0	0	833
32	710	GREELEY	311	232838	1004	50	29106	25	0	0	0	115	1459	0	0	150
32	730	GREENWOOD	2137	653853	7728	1478	8811	34	13106	1547	0	1682	48650	0	0	456
32	750	HAMILTON	529	360897	1509	130	48235	0	0	0	0	211	728	0	0	217
32	770	HARPER	1642	474661	6295	913	179710	133	14888	3660	0	192	8280	0	0	1031
32	790	HARVEY	1720	329198	6165	1267	107958	34	30510	2340	0	392	25672	0	0	1009
32	810	HASKELL	429	296937	539	24	55579	0	0	0	0	0	177	0	0	528
32	830	HODGEMAN	790	532485	2510	115	112417	0	983	238	0	0	43	0	0	697
32	850	JACKSON	2588	412649	8022	1766	25127	592	4392	7992	0	276	91098	0	0	389
32	870	JEFFERSON	2286	337800	7082	1700	23602	305	9950	7858	0	1347	66686	0	0	456
32	890	JEWELL	2601	562492	9867	1686	65417	484	1126	169	0	0	19950	0	0	509
32	910	JOHNSON	2830	274425	5923	1447	20826	170	22577	5095	0	1354	40267	0	0	416
32	930	KEARNY	516	378208	1643	162	31275	130	26	31	0	1426	839	0	0	283
32	950	KINGMAN	1638	524447	6620	1111	189171	320	10225	1817	0	1198	23675	0	0	1008
32	970	KIOWA	730	445902	2900	456	101030	0	28	45	0	54	1171	0	0	627
32	990	LABETTE	2698	398699	7352	2011	52847	708	52610	8213	0	4302	36671	0	0	622
32	1010	LANE	554	430801	1977	392	98866	770	92	0	0	0	57	0	0	437
32	1030	LEAVENWORTH	2260	268812	5166	1929	27240	113	8678	5320	0	4629	40813	0	0	344
32	1050	LINCOLN	1427	435449	5545	833	95690	113	1085	1332	0	15	3590	0	0	774
32	1070	LINN	2372	360064	7609	1220	21744	37	15450	3300	0	7640	55491	0	0	343
32	1090	LOGAN	601	551869	3035	147	38828	330	0	0	0	0	815	0	0	279
32	1110	LYON	2623	498063	8995	1768	20568	100	13742	4844	0	1036	74972	0	0	596
32	1130	MCPHERSON	2563	552798	9227	1592	207157	476	24710	6027	0	136	31240	0	0	1705
32	1150	MARION	2527	564235	10370	717	125050	380	58456	3234	0	0	56528	0	0	1528
32	1170	MARSHALL	2918	561682	11570	2342	61961	429	13745	6306	0	1048	141288	0	0	728
32	1190	MEADE	883	596484	2190	180	104221	214	19	0	0	68	18	0	0	856
32	1210	MIAMI/LYKINS	2520	354893	7088	1232	17950	86	25368	4313	0	2647	69491	0	0	541
32	1230	MITCHELL	1699	439619	5380	569	118700	372	213	484	0	110	14194	0	0	848
32	1250	MONTGOMERY	2750	384931	6366	1552	39949	127	38030	4643	0	9684	18921	1866	0	546
32	1270	MORRIS	1622	432661	6669	987	23117	90	11539	1504	0	509	57014	0	0	472
32	1290	MORTON	475	339818	1354	193	57979	0	30	0	0	373	45	0	0	237
32	1310	NEMAHA	2468	443931	10426	1958	22567	299	11308	3319	0	859	131739	0	0	521
32	1330	NEOSHO/DORN	2311	338714	6750	1180	36144	107	29966	3522	0	9788	27299	0	0	409
32	1350	NESS	1218	669407	4279	186	160455	140	226	164	0	0	440	0	0	922
32	1370	NORTON	1688	538205	7340	1186	31509	363	53	10	0	506	19304	0	0	262
32	1390	OSAGE	2702	438396	8455	1908	13966	103	15270	2432	0	3618	88627	0	0	439
32	1410	OSBORNE	1692	553867	6607	533	59785	200	166	89	0	4	14989	0	0	675
32	1430	OTTAWA	1631	412883	5321	849	117766	223	1891	1873	0	56	17940	0	0	759
32	1450	PAWNEE	1164	489027	4414	381	240475	354	1325	369	0	18	919	0	0	1140
32	1470	PHILLIPS	2074	548648	8290	1768	43086	103	135	107	0	394	35434	0	0	288
32	1490	POTTAWATOMIE	2282	504061	7890	1605	19489	381	5913	3135	0	48	60950	0	0	475
32	1510	PRATT	1168	433278	4214	744	196837	377	842	543	0	90	2405	0	0	1066
32	1530	RAWLINS	1143	659386	6121	388	124332	2614	411	364	0	4018	17257	0	0	690
32	1550	RENO	3140	756513	9935	1768	306074	301	15962	2618	0	1065	26275	0	0	1935
32	1570	REPUBLIC	2357	441862	9333	1635	61545	241	14795	5618	0	114	53360	0	0	510
32	1590	RICE	1447	420032	6129	1204	165821	215	5097	1034	0	200	8257	0	0	1067
32	1610	RILEY	1625	388375	5513	1094	24465	46	7243	2167	0	85	16359	0	0	519
32	1630	ROOKS	1402	536010	5167	684	66428	290	20	7	0	0	1863	0	0	433
32	1650	RUSH	1188	447264	4169	216	201128	0	831	349	0	22	448	0	0	986
32	1670	RUSSELL	1357	538442	5571	285	110238	0	35	71	0	2	2146	0	0	910
32	1690	SALINE	1862	418774	5863	1208	142867	312	2849	2004	0	45	20738	0	0	971
32	1710	SCOTT	552	376188	1911	135	82032	10	241	33	0	208	778	0	0	317
32	1730	SEDGWICK	3865	586864	9477	2427	191181	277	45428	2987	0	4163	41898	0	0	1635
32	1750	SEWARD	560	350747	1653	191	57358	295	0	0	0	260	23	0	0	470
32	1770	SHAWNEE	2460	316693	6829	1308	15774	153	5711	5114	0	468	55307	0	0	510
32	1790	SHERIDAN	1050	553704	3707	337	51540	130	58	5	0	21	1004	0	0	511
32	1810	SHERMAN	839	606610	3448	132	59838	2504	398	50	0	2551	20397	0	0	539
32	1830	SMITH	2323	549931	8742	1622	43231	659	235	159	0	87	7127	0	0	379
32	1850	STAFFORD	1317	479902	4302	1355	207768	84	778	872	0	155	9992	0	0	1167
32	1870	STANTON	411	347401	1282	66	96862	925	6	0	0	5	111	0	0	273
32	1890	STEVENS	612	358365	2198	325	82649	0	52	25	0	356	206	0	0	435
32	1910	SUMNER	3097	723088	10377	2319	273452	123	51595	7571	0	4063	18186	0	0	1594
32	1930	THOMAS	1000	669546	2959	230	129923	783	77	202	0	133	8805	0	0	716
32	1950	TREGO	963	546485	3821	250	105992	0	0	4	0	30	401	0	0	595
32	1970	WABAUNSEE	1770	508279	6118	1527	17002	150	6501	2179	0	845	55648	0	0	452
32	1990	WALLACE	440	439375	2650	80	12947	0	0	0	0	718	5994	0	0	141
32	2010	WASHINGTON	2830	553273	10546	1786	61006	582	20326	7647	0	1021	111264	0	0	787
32	2030	WICHITA	419	357508	1624	49	45392	581	80	11	0	113	1244	0	0	205
32	2050	WILSON	2020	350937	5850	1326	25531	81	25260	2562	0	8775	22067	0	0	405
32	2070	WOODSON	1325	270665	3878	899	14384	104	13459	1368	0	1989	20960	0	0	259
32	2090	WYANDOTTE	1678	60385	1495	561	2488	0	802	973	0	752	6946	0	0	104
33	0	MINNESOTA	203302	32817911	746154	13039	90832	1065640	3094256	96324	0	1789907	2967596	0	0	48457
33	10	AITKIN	3012	342680	4971	109	126	135	7392	1337	0	740	7158	0	0	191
33	30	ANOKA	1763	225060	4136	74	53	544	4509	1123	0	8814	26242	0	0	235
33	50	BECKER	3227	516765	10339	174	638	17518	48782	2383	0	503	26607	0	0	321
33	70	BELTRAMI	2440	316057	4363	103	250	957	11766	509	0	692	6704	0	0	110
33	90	BENTON	1680	243819	5594	34	135	2944	23911	2073	0	4217	31468	0	0	210
33	110	BIG STONE	1154	309843	5736	124	229	7640	3138	17	0	79	32254	0	0	436
33	130	BLUE EARTH	3129	456417	13863	288	12226	7342	65464	1223	0	81189	36927	0	0	1247
33	150	BROWN	2116	370593	11135	140	3863	14867	56332	329	0	57329	27986	0	0	780
33	170	CARLTON	2594	234389	3486	83	22	209	7403	798	0	30	2125	0	0	170
33	190	CARVER	2153	221455	7371	87	2621	6023	21203	317	0	17195	23120	0	0	566
33	210	CASS	2546	341234	4879	136	95	363	10155	2081	0	2615	16102	0	0	173
33	230	CHIPPEWA	1687	350941	8641	209	41	8031	12053	997	0	8479	80663	0	0	659
33	250	CHISAGO	2183	245571	5603	41	42	2690	17659	839	0	3893	27047	0	0	254
33	270	CLAY	2207	617449	11986	129	473	84483	75303	667	0	2619	36384	0	0	737
33	290	CLEARWATER	1919	276873	4023	83	1213	4368	14811	804	0	180	3476	0	0	203
33	310	COOK	220	19095	130	0	0	5	50	17	0	0	0	0	0	8
33	330	COTTONWOOD	1997	397617	10751	208	172	3005	54908	1400	0	61541	38157	0	0	859
33	350	CROW WING	2201	285076	3793	83	15	349	10335	700	0	4442	12918	0	0	149
33	370	DAKOTA	2315	334006	8333	163	1235	7760	28182	1994	0	26283	41399	0	0	609
33	390	DODGE	1867	269836	7755	178	280	2305	31090	535	0	26394	32236	0	0	670
33	410	DOUGLAS	2879	386168	9498	84	231	19772	31761	898	0	1997	44973	0	0	462
33	430	FARIBAULT	2581	442386	13419	264	1982	3412	85733	1561	0	84718	30750	0	0	1033
33	450	FILLMORE	3204	521085	13536	196	1868	2533	55379	2743	0	43625	24765	0	0	792
33	470	FREEBORN	3126	434409	13447	307	850	4031	46058	803	0	54127	40127	0	0	1114
33	490	GOODHUE	3162	463789	12471	152	1037	6330	45801	644	0	27226	43959	0	0	1328
33	510	GRANT	1425	335445	7358	150	273	17236	40259	347	0	6552	46095	0	0	467
33	530	HENNEPIN	4701	272051	8432	90	196	3868	8965	973	0	6078	34117	0	0	648
33	550	HOUSTON	2005	340543	7469	128	548	868	22180	581	0	26534	7489	0	0	448
33	570	HUBBARD	1682	228281	3413	68	86	1380	15566	1283	0	1570	16577	0	0	111
33	590	ISANTI	2168	259427	5391	87	58	2771	14957	824	0	3233	22967	0	0	252
33	610	ITASCA	2803	264174	3317	64	111	378	6581	547	0	88	2518	0	0	191
33	630	JACKSON	2303	439325	11925	401	688	869	78837	457	0	104458	23104	0	0	978
33	650	KANABEC	1727	216932	4288	54	22	344	12810	657	0	449	18915	0	0	230
33	670	KANDIYOHI	2645	474923	12000	227	177	7459	25251	3868	0	2468	86962	0	0	837
33	690	KITTSON/PEMBINA	1481	482269	6348	73	479	68637	45406	1738	0	42	10999	0	0	614
33	710	KOOCHICHING	1438	177516	1797	34	171	952	6280	345	0	24	776	0	0	140
33	730	LAC QUI PARLE	2141	483166	11052	182	159	16985	7396	484	0	4693	84309	0	0	917
33	750	LAKE	486	33904	281	2	1	81	356	43	0	1	58	0	0	47
33	770	LAKE OF THE WOODS	966	145503	1259	53	295	883	4599	109	0	47	469	0	0	52
33	790	LE SUEUR	2249	273982	8901	79	12849	15516	20705	213	0	41039	11468	0	0	588
33	810	LINCOLN	1602	333852	8368	193	56	6610	15601	202	0	1262	70514	0	0	502
33	830	LYON	2026	437903	10920	299	261	11589	62793	1465	0	24925	88721	0	0	737
33	850	MCLEOD	2550	304846	9773	144	778	13515	41682	1711	0	26413	37347	0	0	728
33	870	MAHNOMEN	841	202657	3710	71	106	9388	19070	100	0	216	7130	0	0	102
33	890	MARSHALL	2971	872176	11526	220	694	60972	67902	536	0	17	20009	0	0	1011
33	910	MARTIN	2505	438310	13360	383	766	675	108144	480	0	104231	35778	0	0	952
33	930	MEEKER	2547	369624	10165	161	365	15988	35270	1398	0	17032	54580	0	0	668
33	950	MILLE LACS	2313	229290	4994	65	9	599	13345	2385	0	988	24669	0	0	168
33	970	MORRISON	3591	510180	10575	129	123	11956	43956	1096	0	9633	44392	0	0	345
33	990	MOWER	2572	431430	11456	221	467	2335	80748	2899	0	39900	43451	0	0	866
33	1010	MURRAY	2110	435159	11688	318	31	929	54599	405	0	65867	36139	0	0	757
33	1030	NICOLLET	1566	268897	8094	92	5848	9786	34342	445	0	42345	14680	0	0	714
33	1050	NOBLES	2191	443530	13705	293	80	407	96646	1383	0	115123	19716	0	0	735
33	1070	NORMAN	2068	536838	11080	141	253	60787	93930	364	0	408	29204	0	0	633
33	1090	OLMSTED	2518	402303	11501	247	516	3272	38111	1151	0	33447	38106	0	0	785
33	1110	OTTER TAIL	7284	1166424	25749	338	909	54229	122083	2490	0	7686	116386	0	0	1014
33	1130	PENNINGTON	1300	344534	4606	103	305	8854	34773	397	0	11	7647	0	0	240
33	1150	PINE	3814	412780	8201	125	91	1048	21349	1788	0	1582	28019	0	0	366
33	1170	PIPESTONE	1313	284435	7053	205	10	370	29131	1044	0	31522	34416	0	0	388
33	1190	POLK	4729	1147621	19942	237	1789	150739	122922	1884	0	450	37781	0	0	1263
33	1210	POPE	1905	396403	8094	100	113	6008	9338	1138	0	1038	53122	0	0	435
33	1230	RAMSEY	1254	45568	1406	15	16	306	1220	277	0	364	6264	0	0	113
33	1250	RED LAKE	981	246598	4325	118	225	14112	38964	1397	0	215	7457	0	0	190
33	1270	REDWOOD	2728	543327	14840	267	838	25436	100498	1395	0	92626	52546	0	0	1061
33	1290	RENVILLE	3184	608752	16008	284	956	38426	80182	1258	0	38122	107035	0	0	1270
33	1310	RICE	2432	301217	9432	137	3592	9604	21936	964	0	28474	32671	0	0	698
33	1330	ROCK	1382	297735	8901	148	257	145	63665	362	0	79584	12092	0	0	435
33	1350	ROSEAU	2287	534169	6853	193	609	7792	31967	1196	0	62	6048	0	0	398
33	1370	ST LOUIS	7919	609052	6248	87	209	799	11713	1189	0	23	710	0	0	586
33	1390	SCOTT	1679	214740	6527	54	6289	8309	17894	125	0	19579	19082	0	0	361
33	1410	SHERBURNE	1355	245593	4198	94	35	2309	7018	1815	0	3494	43416	0	0	191
33	1430	SIBLEY	2334	365164	11166	118	5248	15969	53278	479	0	49809	23201	0	0	816
33	1450	STEARNS	4896	818644	20129	189	471	22548	53556	6783	0	20663	109002	0	0	937
33	1470	STEELE	2090	269665	9208	150	1525	3219	26767	154	0	34511	25466	0	0	727
33	1490	STEVENS	1361	354198	7197	111	184	9516	14606	279	0	3734	61469	0	0	528
33	1510	SWIFT	1890	447599	9617	220	66	4278	5998	253	0	1433	74533	0	0	518
33	1530	TODD	3900	540715	12522	243	219	9522	52869	2313	0	7693	63355	0	0	403
33	1550	TRAVERSE	1171	345950	6219	166	652	17553	15826	448	0	1810	58475	0	0	483
33	1570	WABASHA	1759	322038	8001	100	545	2830	30628	1384	0	18147	23565	0	0	747
33	1590	WADENA	1703	258497	4538	105	42	1294	18553	1908	0	2374	25946	0	0	133
33	1610	WASECA	1704	258572	8473	214	4786	5552	29098	475	0	32494	26273	0	0	613
33	1630	WASHINGTON	2181	232031	5778	122	138	3553	15933	811	0	8627	33884	0	0	375
33	1650	WATONWAN	1536	270755	7855	153	1951	1137	53439	250	0	52865	25734	0	0	658
33	1670	WILKIN/TOOMBS	1278	425443	7696	61	331	36840	26998	106	0	5106	50079	0	0	628
33	1690	WINONA	2169	368952	8763	68	875	2877	35213	1546	0	24710	15827	0	0	700
33	1710	WRIGHT	4019	401952	11739	127	746	13752	23346	3000	0	16527	55266	0	0	717
33	1730	YELLOW MEDICINE	2212	471739	11465	269	647	32063	38030	2135	0	6562	106023	0	0	926
34	0	MISSOURI	278454	35054542	523648	245554	1635647	7363	598216	567631	198	1520565	3327818	316442	0	24999
34	10	ADAIR	2343	330118	6448	777	553	0	798	1008	0	26717	16192	0	0	182
34	30	ANDREW	2324	257602	5965	1595	8883	79	7720	2700	0	25054	27583	0	0	291
34	50	ATCHISON	1674	327873	5804	3742	12243	30	7775	3931	0	55262	66436	0	0	398
34	70	AUDRAIN	2389	414829	6886	2876	5610	50	7495	19831	0	2812	84649	0	0	394
34	90	BARRY	3926	389556	6157	1810	17424	0	3846	5901	0	3632	29627	0	0	65
34	110	BARTON	2357	339259	6173	2010	22137	670	21468	6456	0	950	76903	0	0	322
34	130	BATES	3515	512746	10200	2467	33340	309	25528	17138	0	4156	102789	0	0	478
34	150	BENTON	2242	390088	5047	1712	7697	49	6631	5655	0	2378	42723	0	0	138
34	170	BOLLINGER	2140	277786	2719	2218	10535	0	1408	1874	0	20822	6126	31	0	64
34	190	BOONE	3108	394575	5636	3472	10355	89	1243	8854	0	5105	55058	0	0	196
34	210	BUCHANAN	2479	220090	4043	2365	23927	68	7426	4356	0	13839	22564	0	0	417
34	230	BUTLER	2950	206703	2449	3793	3753	0	312	2584	160	34124	3581	10427	0	94
34	250	CALDWELL	1904	265824	5287	1261	3779	136	10331	7721	0	1921	56128	0	0	285
34	270	CALLAWAY	3010	475857	5362	4074	15817	269	4466	13832	0	19681	38545	0	0	241
34	290	CAMDEN	1413	243454	2174	663	1214	0	36	824	0	2981	13346	0	0	32
34	310	CAPE GIRARDEAU	2806	323866	4642	3869	25282	0	5511	4637	0	42259	2036	138	0	203
34	330	CARROLL	2996	416910	8149	3001	49359	252	19357	13326	0	5039	40591	0	0	544
34	350	CARTER	777	91789	682	649	800	0	121	46	0	3855	875	0	0	32
34	370	CASS/VAN BUREN	3142	421777	8944	1921	24628	88	23579	12377	0	3573	87492	0	0	579
34	390	CEDAR	2462	284421	5013	1274	11357	110	7340	11600	0	6956	26421	0	0	62
34	410	CHARITON	3201	433129	8531	2607	38125	391	14453	6534	0	5397	62489	0	0	499
34	430	CHRISTIAN	2687	281351	4492	1296	11763	0	2149	2672	0	414	25852	0	0	96
34	450	CLARK	1879	296988	5940	857	7770	80	3347	5415	0	17158	25165	0	0	308
34	470	CLAY	1835	209071	3699	1464	7807	0	4533	4169	0	17484	18275	0	0	232
34	490	CLINTON	1548	265282	3755	2245	5143	0	12289	4074	0	3071	53903	0	0	236
34	510	COLE	1724	224878	2481	1950	19004	14	2890	2414	0	14789	4895	0	0	232
34	530	COOPER	2295	331433	4112	4248	36700	26	12271	14285	0	2112	42211	0	0	319
34	550	CRAWFORD	1897	280413	2084	1407	7005	0	1017	2184	0	12163	3245	0	0	72
34	570	DADE	2282	286987	4758	1625	23625	62	8153	8772	0	732	32840	0	0	160
34	590	DALLAS	2398	278286	4154	941	5893	0	2223	1984	0	3672	24023	0	0	55
34	610	DAVIESS	2746	342622	6818	1797	4458	151	2820	2920	0	3217	51905	0	0	332
34	630	DE KALB	2040	260347	5797	1275	3066	40	6779	4385	0	10742	49877	0	0	242
34	650	DENT	1929	292701	2384	1225	6489	0	829	1905	0	4526	7272	0	0	9
34	670	DOUGLAS	2919	380441	4602	916	5377	0	255	544	0	703	20567	0	0	11
34	690	DUNKLIN	3659	246042	2042	7646	4483	0	591	212	0	79707	2354	72854	0	81
34	710	FRANKLIN	3548	466461	4716	3946	42229	0	1676	5349	0	33858	10789	0	0	476
34	730	GASCONADE	1717	296170	2088	2264	23831	0	1116	2010	0	14602	5959	0	0	184
34	750	GENTRY	2056	288483	6630	1035	3864	45	3577	3510	0	22929	36324	0	0	141
34	770	GREENE	4559	375770	6828	2469	18439	0	6717	12086	0	1917	42280	0	0	180
34	790	GRUNDY	2040	260130	5530	677	592	46	1843	2328	0	2755	40736	0	0	158
34	810	HARRISON	3032	429127	8566	1477	531	27	1189	3177	0	9086	60428	0	0	252
34	830	HENRY/RIVES	3040	426271	8466	2383	15149	83	26074	24730	0	2692	77452	0	0	339
34	850	HICKORY	1448	209661	3071	752	6561	0	3282	2923	0	2875	21594	0	0	60
34	870	HOLT	1812	257815	4996	2167	14505	84	4424	1572	0	36651	44844	0	0	374
34	890	HOWARD	1920	285778	3679	2707	20322	163	3128	1859	0	4106	34812	0	0	251
34	910	HOWELL	3164	380699	3638	1505	8043	5	514	593	0	3184	14491	794	0	42
34	930	IRON	1109	122644	856	893	2861	0	600	463	0	2620	1148	0	0	30
34	950	JACKSON	4136	298274	5503	2057	15108	91	7285	8475	0	2329	46291	0	0	407
34	970	JASPER	3548	340772	5946	2325	46880	104	18249	8339	0	1022	32418	0	0	424
34	990	JEFFERSON	2696	326396	2306	2492	11575	0	2170	942	0	14428	8702	0	0	406
34	1010	JOHNSON	3344	488718	9692	2690	30566	115	22747	15387	0	3272	77588	0	0	465
34	1030	KNOX	1816	313033	5584	744	747	0	1123	1407	0	9888	36241	0	0	316
34	1050	LACLEDE	2888	366912	4356	1375	7395	0	1064	1402	0	4751	20080	0	0	96
34	1070	LAFAYETTE	3026	374644	7563	4172	54440	64	16660	8659	0	11820	55912	0	0	602
34	1090	LAWRENCE	3434	353575	5878	2247	36494	28	8998	9750	0	1128	39083	0	0	190
34	1110	LEWIS	1798	291140	5206	1023	10504	122	4675	1394	0	6943	32371	0	0	305
34	1130	LINCOLN	2391	342363	5222	2079	32523	87	3361	7689	7	22430	26288	0	0	329
34	1150	LINN	2375	358255	6487	1216	2331	27	5090	3888	0	3357	48963	0	0	248
34	1170	LIVINGSTON	2220	306778	5979	1344	11165	100	10887	4711	0	816	40833	0	0	237
34	1190	MCDONALD	2758	246338	3569	1296	6472	0	2141	1113	0	2484	12742	0	0	26
34	1210	MACON	3706	486537	8784	1949	3476	183	2996	3920	0	16871	58315	0	0	244
34	1230	MADISON	1049	137590	1070	1045	3731	5	790	626	0	9243	909	0	0	29
34	1250	MARIES	1603	270631	2038	1647	11794	0	1089	1378	0	10368	12568	0	0	55
34	1270	MARION	1734	252604	4126	1077	16441	172	4569	3869	0	3160	34426	0	0	344
34	1290	MERCER	1865	275627	5324	537	567	0	154	533	0	14208	25992	0	0	116
34	1310	MILLER	2243	327914	3243	1676	15550	0	1068	3417	0	7189	19048	0	0	105
34	1330	MISSISSIPPI	2287	182023	834	5515	17733	0	323	753	0	59561	257	27702	0	153
34	1350	MONITEAU	1858	248282	3542	2418	19429	0	4846	9077	0	6673	23680	0	0	165
34	1370	MONROE	2515	393471	7524	1545	3045	54	845	8215	0	3422	57299	0	0	344
34	1390	MONTGOMERY	2085	291907	3826	2416	15361	73	7662	11920	0	10456	35286	0	0	201
34	1410	MORGAN	1993	275353	3481	1850	10853	44	4184	5471	0	4065	22838	0	0	115
34	1430	NEW MADRID	4267	289875	2124	9621	16734	0	2351	1258	31	95158	896	64752	0	222
34	1450	NEWTON	4255	332596	6187	1438	24630	183	7441	8300	0	2243	23754	0	0	184
34	1470	NODAWAY	3614	534243	12469	2350	19393	344	14732	7577	0	20326	117485	0	0	505
34	1490	OREGON	2055	305641	2302	1638	3673	0	645	1202	0	3732	13545	1314	0	38
34	1510	OSAGE	2004	351117	2406	2548	24435	0	1359	3358	0	18018	6475	0	0	213
34	1530	OZARK	2066	316769	3023	1114	8546	0	421	542	0	2937	13323	1138	0	16
34	1550	PEMISCOT	4457	240419	779	9650	406	0	125	431	0	76217	370	94313	0	113
34	1570	PERRY	1922	254810	3001	2657	25942	0	5195	3323	0	28173	466	0	0	222
34	1590	PETTIS	2793	405718	6316	2935	28419	206	23828	12808	0	2528	34688	0	0	466
34	1610	PHELPS	2109	306246	2326	1434	8057	0	1987	786	0	9911	2425	0	0	50
34	1630	PIKE	2484	386809	6188	2359	20603	352	1740	6132	0	7688	47863	0	0	358
34	1650	PLATTE	1927	223686	3652	2009	29653	387	10407	5437	0	16002	18817	0	0	453
34	1670	POLK	3400	375223	6531	1938	15254	0	6391	14426	0	2540	36471	0	0	82
34	1690	PULASKI	1729	236178	2292	1080	3866	0	204	497	0	6324	7266	0	0	58
34	1710	PUTNAM	2239	315248	5614	691	178	0	551	315	0	14282	25415	0	0	115
34	1730	RALLS	1836	280453	4549	1428	8363	201	1825	8837	0	487	40006	0	0	268
34	1750	RANDOLPH	2216	282695	5399	1160	5843	81	1646	11540	0	1916	43778	0	0	181
34	1770	RAY	2841	340188	5861	2986	20563	116	9936	10564	0	22446	42931	0	0	314
34	1790	REYNOLDS	1289	175105	1158	1276	1727	0	111	868	0	12790	1111	0	0	41
34	1810	RIPLEY	1823	187360	1908	1950	1789	0	279	629	0	8022	8972	4984	0	54
34	1830	ST CHARLES	2027	293092	3629	3148	63528	54	2553	7120	0	32287	9778	0	0	618
34	1850	ST CLAIR	2427	353777	5577	1756	9188	210	14829	11764	0	576	57210	0	0	160
34	1870	ST FRANCOIS	1598	160637	1623	1309	7905	0	2277	431	0	3641	5060	0	0	86
34	1890	ST LOUIS	4186	205819	2560	4207	27854	193	1489	3488	0	17129	5000	0	0	857
34	1930	STE GENEVIEVE	1273	240394	2085	1298	13402	0	4692	1216	0	13825	3002	0	0	82
34	1950	SALINE	2971	433555	6711	5467	58804	258	7857	12702	0	4201	59223	0	0	597
34	1970	SCHUYLER	1276	184916	3235	296	1299	0	685	1054	0	5070	14185	0	0	88
34	1990	SCOTLAND	1640	260353	5072	524	212	0	15	558	0	6737	28520	0	0	219
34	2010	SCOTT	2004	224142	1861	4792	34314	0	3801	894	0	49615	622	14477	0	200
34	2030	SHANNON	1610	203473	1799	1176	1465	0	218	380	0	9216	2151	0	0	16
34	2050	SHELBY	2106	302090	5733	880	2572	0	2052	5364	0	2280	42854	0	0	354
34	2070	STODDARD	4475	387158	4666	6650	30395	0	4873	1689	0	91335	470	23076	0	229
34	2090	STONE	2166	237137	3131	1316	3228	0	927	2497	0	1233	18596	0	0	35
34	2110	SULLIVAN	2600	399540	7107	1323	318	93	532	1204	0	28924	20479	0	0	127
34	2130	TANEY	1689	260303	2649	788	1097	0	106	758	0	1748	11140	409	0	12
34	2150	TEXAS	3714	469936	5172	1581	12591	0	1037	908	0	3800	12759	0	0	61
34	2170	VERNON	3412	470433	8954	2706	32008	0	27982	11938	0	5761	89847	0	0	372
34	2190	WARREN	1266	211634	1985	1784	25164	0	1610	6542	0	18540	4139	0	0	195
34	2210	WASHINGTON	1539	205310	1523	1443	8474	0	2322	843	0	8663	2301	0	0	83
34	2230	WAYNE	1823	197492	1296	2068	4006	0	387	2389	0	22355	314	33	0	84
34	2250	WEBSTER	2974	330222	4890	1329	5857	0	1205	2325	0	630	29023	0	0	83
34	2270	WORTH	1207	162522	3732	485	1349	0	820	447	0	13927	18768	0	0	131
34	2290	WRIGHT	3212	375743	4926	885	6035	0	667	2227	0	3077	22758	0	0	43
34	5100	ST LOUIS CITY	124	1245	71	23	0	0	0	8	0	93	37	0	0	4
35	0	NEBRASKA	133616	46615762	650669	74796	2084708	165561	722571	123910	0	999367	3516161	0	0	40729
35	10	ADAMS	1759	345942	7045	1131	51490	314	558	1491	0	250	21515	0	0	391
35	30	ANTELOPE	2184	540523	10947	971	3310	612	14286	3148	0	47927	87247	0	0	534
35	50	ARTHUR	230	431204	2708	69	93	0	121	0	0	3894	1008	0	0	25
35	70	BANNER	383	422942	1924	69	34908	1531	1497	889	0	2902	10501	0	0	275
35	90	BLAINE	291	385790	2813	106	35	12	50	4	0	408	0	0	0	27
35	110	BOONE	2037	435595	10494	1141	3330	164	12276	1038	0	2109	103136	0	0	528
35	130	BOX BUTTE	932	638458	4822	155	34916	23948	3499	741	0	8720	24919	0	0	647
35	150	BOYD	1114	326085	5001	433	140	1504	5865	247	0	3026	38186	0	0	202
35	170	BROWN	797	714526	5416	185	111	94	200	68	0	1019	3644	0	0	128
35	190	BUFFALO	2585	591023	12169	1178	14760	193	515	102	0	7561	37225	0	0	687
35	210	BURT	1602	294368	6940	1382	4906	222	24455	4382	0	33750	70107	0	0	787
35	230	BUTLER	1968	365618	9695	1368	61336	48	22387	9680	0	10642	107132	0	0	657
35	250	CASS	2051	339482	8637	1554	25748	174	11957	5126	0	7318	112651	0	0	634
35	270	CEDAR	2283	460775	11135	792	351	332	33876	3605	0	23139	103324	0	0	803
35	290	CHASE	779	539485	4786	489	56707	1827	387	369	0	42426	38884	0	0	331
35	310	CHERRY	1450	3511661	20106	463	532	964	1190	469	0	12231	13745	0	0	282
35	330	CHEYENNE	1321	738121	4794	221	114108	43612	9670	2647	0	22336	46885	0	0	964
35	350	CLAY	1781	357594	6700	1030	8499	10	25	22	0	162	1287	0	0	436
35	370	COLFAX	1462	254722	6989	570	17240	234	34888	1222	0	31963	48294	0	0	681
35	390	CUMING	1936	358547	9993	863	1243	232	55231	2366	0	53139	68299	0	0	1020
35	410	CUSTER	3842	1611624	23281	1251	3735	132	487	116	0	175	59808	0	0	836
35	430	DAKOTA	846	151748	3662	489	261	283	6502	4251	0	33521	16942	0	0	293
35	450	DAWES	886	888359	6097	244	3710	7794	1577	471	0	2731	18283	0	0	517
35	470	DAWSON	2123	606262	10721	882	7502	179	763	175	0	2978	41707	0	0	649
35	490	DEUEL	544	278560	1726	183	60145	10866	2369	504	0	15479	16868	0	0	428
35	510	DIXON	1527	287947	7267	652	541	76	28276	3546	0	58579	39327	0	0	421
35	530	DODGE	1921	322877	8373	1072	25404	801	37930	3296	0	45827	69441	0	0	976
35	550	DOUGLAS	1851	174267	4657	1101	5723	50	10045	1911	0	22881	42585	0	0	493
35	570	DUNDY	736	569161	5073	565	10711	992	34	502	0	40019	24015	0	0	217
35	590	FILLMORE	1930	364168	8497	1189	40287	152	0	0	0	0	7556	0	0	522
35	610	FRANKLIN	1421	354327	6094	1197	26914	122	1994	1530	0	887	27984	0	0	173
35	630	FRONTIER	1401	608134	8105	727	16696	91	98	784	0	879	49057	0	0	337
35	650	FURNAS	1589	439745	6698	1129	25411	23	144	46	0	3069	11176	0	0	387
35	670	GAGE	2997	535691	12115	2820	81883	300	3869	975	0	450	52495	0	0	681
35	690	GARDEN	765	1044222	6093	183	28689	6114	2445	762	0	31529	12661	0	0	246
35	710	GARFIELD	499	337845	3342	200	10	0	79	59	0	51	3847	0	0	57
35	730	GOSPER	869	284163	4136	593	8509	12	45	15	0	5	6176	0	0	199
35	750	GRANT	115	698410	3328	34	10	0	40	0	0	433	163	0	0	11
35	770	GREELEY	1157	354064	5782	585	390	0	119	168	0	78	17994	0	0	181
35	790	HALL	1658	312526	6195	968	28670	222	2174	423	0	2358	12860	0	0	427
35	810	HAMILTON	1831	338380	7604	782	12834	30	744	167	0	530	12176	0	0	397
35	830	HARLAN	1300	356635	5619	1112	32798	223	583	698	0	2694	21659	0	0	272
35	850	HAYES	662	441036	4015	508	14580	120	60	95	0	4514	11790	0	0	258
35	870	HITCHCOCK	950	431153	5714	538	48209	703	657	181	0	9151	26731	0	0	439
35	890	HOLT	2471	1435057	14612	950	1965	209	10363	1008	0	14265	36468	0	0	359
35	910	HOOKER	158	317897	1602	51	0	0	0	0	0	385	1367	0	0	7
35	930	HOWARD	1624	347427	7188	682	6282	221	1904	306	0	1875	36256	0	0	285
35	950	JEFFERSON	1936	355906	7312	1198	58104	0	1201	262	0	11	9643	0	0	558
35	970	JOHNSON/JOHNSTON	1334	235305	5059	971	26537	309	1184	2288	0	18	9196	0	0	414
35	990	KEARNEY	1222	321273	5415	723	70903	501	2466	282	0	478	57493	0	0	373
35	1010	KEITH	807	664998	4472	322	55925	4951	2682	580	0	23142	37608	0	0	485
35	1030	KEYA PAHA	571	471305	3496	116	0	55	74	0	0	392	413	0	0	103
35	1050	KIMBALL	631	532637	1875	115	101150	3810	1164	322	0	6884	10482	0	0	577
35	1070	KNOX/L'EAU QUI CO	2704	691140	12707	1103	736	172	28462	1076	0	7086	103150	0	0	631
35	1090	LANCASTER	3328	509309	12638	2453	55131	214	379	297	0	545	103007	0	0	846
35	1110	LINCOLN	2262	1521233	14694	1048	23224	583	602	379	0	17800	28519	0	0	481
35	1130	LOGAN	295	335812	2123	135	380	0	0	0	0	60	1072	0	0	65
35	1150	LOUP	331	254354	2327	129	7	29	133	155	0	265	4004	0	0	23
35	1170	MCPHERSON	319	517215	3107	90	0	10	25	0	0	3042	1918	0	0	13
35	1190	MADISON	2010	354978	9301	805	3109	91	36950	3989	0	24386	91339	0	0	622
35	1210	MERRICK	1402	286443	6067	618	15789	110	6940	2494	0	3588	60483	0	0	371
35	1230	MORRILL	1127	780780	7060	346	21376	4800	5016	633	0	30449	16005	0	0	292
35	1250	NANCE	1216	281899	6807	663	15384	396	10618	2921	0	1784	68620	0	0	285
35	1270	NEMAHA	1577	251902	5500	1642	27548	447	5965	4578	0	4829	43899	0	0	491
35	1290	NUCKOLLS	1610	350280	6895	1479	25642	110	18	387	0	168	6518	0	0	230
35	1310	OTOE	2252	380115	7937	3091	34940	280	8795	3838	0	643	66604	0	0	710
35	1330	PAWNEE	1404	261079	5587	917	18099	155	797	153	0	0	27749	0	0	389
35	1350	PERKINS	958	542582	3929	291	106816	7085	1194	436	0	12776	47682	0	0	688
35	1370	PHELPS	1210	331963	5204	599	52430	42	327	266	0	157	42795	0	0	393
35	1390	PIERCE	1651	349408	8501	734	1074	108	38941	3922	0	35624	63495	0	0	389
35	1410	PLATTE	2323	424300	11027	1288	17767	427	43014	1930	0	27310	118765	0	0	892
35	1430	POLK	1541	273575	6570	1073	34420	135	7981	3645	0	3963	66978	0	0	472
35	1450	RED WILLOW	1229	441619	5695	756	28905	656	577	142	0	4646	59119	0	0	406
35	1470	RICHARDSON	2081	338149	7345	2190	28325	186	10278	3608	0	1537	94098	0	0	567
35	1490	ROCK	610	604989	4457	192	63	28	344	109	0	1504	1933	0	0	82
35	1510	SALINE	2188	361070	9291	1161	74496	161	236	104	0	229	21102	0	0	814
35	1530	SARPY	1153	143018	3722	1096	4429	48	9648	1864	0	6501	42962	0	0	388
35	1550	SAUNDERS	2790	468632	12638	1758	45343	113	19734	3661	0	35456	113947	0	0	1158
35	1570	SCOTTS BLUFF	1977	420819	8200	871	6618	1680	11836	165	0	9119	11255	0	0	629
35	1590	SEWARD	2232	362248	9788	1263	65407	70	1999	1194	0	4057	78818	0	0	707
35	1610	SHERIDAN	1320	1580056	10492	328	11400	28794	6462	1041	0	34644	36062	0	0	715
35	1630	SHERMAN	1444	349247	7321	409	2721	0	316	0	0	248	10731	0	0	264
35	1650	SIOUX	818	1204140	5554	344	524	2158	1757	307	0	2335	9848	0	0	290
35	1670	STANTON	1249	265180	6515	625	1063	99	27713	2104	0	26940	56667	0	0	489
35	1690	THAYER	1833	360389	7639	1356	61771	321	3760	1411	0	311	7642	0	0	425
35	1710	THOMAS	219	338379	1874	55	0	0	0	0	0	961	139	0	0	9
35	1730	THURSTON	1289	223193	6054	751	403	56	18583	3684	0	23039	65240	0	0	377
35	1750	VALLEY	1371	355558	6506	380	760	5	10	28	0	45	3236	0	0	284
35	1770	WASHINGTON	1637	243026	6402	1095	12176	396	27323	1103	0	14990	64276	0	0	801
35	1790	WAYNE	1523	282448	7388	704	302	55	28572	6733	0	15491	84577	0	0	636
35	1810	WEBSTER	1568	352694	6097	1303	11656	20	14	128	0	423	5838	0	0	213
35	1830	WHEELER	436	339082	2736	189	153	99	1074	133	0	1109	9288	0	0	52
35	1850	YORK	2010	357889	8635	1164	36070	54	1173	1953	0	117	36565	0	0	523
36	0	NORTH DAKOTA	84606	39118136	503382	4951	34954	2906200	538231	31115	0	16521	1313524	0	0	37605
36	10	ADAMS	970	558152	4245	25	80	6964	282	51	0	120	17488	0	0	649
36	30	BARNES	2331	950947	13830	87	2296	158272	39142	923	0	353	57920	0	0	994
36	50	BENSON	2133	803852	12259	123	1559	106137	10791	828	0	1	23708	0	0	781
36	70	BILLINGS	597	557049	5098	20	70	5201	88	0	0	0	2869	0	0	208
36	90	BOTTINEAU	2371	963346	9430	96	40	19802	279	6	0	6	7742	0	0	1274
36	110	BOWMAN	765	549699	4104	24	391	7950	188	98	0	0	7439	0	0	517
36	130	BURKE	1438	604762	6522	55	0	136	0	0	0	0	1944	0	0	608
36	150	BURLEIGH	1406	819120	8680	75	296	29377	950	78	0	0	27509	0	0	687
36	170	CASS	2640	1078982	19297	148	2397	213031	84484	1699	0	3528	118899	0	0	1584
36	190	CAVALIER	2151	899014	12375	81	1624	169260	26063	2446	0	0	9759	0	0	805
36	210	DICKEY	1432	646282	9084	132	58	6588	474	30	0	30	39697	0	0	630
36	230	DIVIDE	1576	703652	8395	46	228	7378	329	121	0	0	6794	0	0	789
36	250	DUNN	1564	1003732	11710	54	450	43676	1415	504	0	22	21503	0	0	707
36	270	EDDY	731	351553	4793	79	930	27137	6434	230	0	50	14178	0	0	299
36	290	EMMONS	1578	858090	12375	87	0	483	50	0	0	110	14456	0	0	657
36	310	FOSTER	818	378631	4734	82	260	31644	3904	44	0	27	19796	0	0	335
36	330	GOLDEN VALLEY	590	485857	3848	35	1314	46136	1030	777	0	121	12954	0	0	346
36	350	GRAND FORKS	2431	854562	13154	123	806	161430	60305	1245	0	111	41775	0	0	882
36	370	GRANT	1502	936225	10591	30	120	7149	70	40	0	0	17988	0	0	573
36	390	GRIGGS	1078	437252	5917	50	270	51485	9084	152	0	22	20596	0	0	482
36	410	HETTINGER	1235	685267	7499	52	702	31874	805	140	0	138	24311	0	0	725
36	430	KIDDER	1140	658164	7594	65	169	6590	144	62	0	0	14396	0	0	505
36	450	LA MOURE	1729	699864	10463	111	304	51852	4431	58	0	5	48717	0	0	694
36	470	LOGAN	1134	553383	8910	69	0	8031	168	52	0	0	11085	0	0	383
36	490	MCHENRY	2242	1046972	11765	197	170	53668	4246	418	0	80	40291	0	0	848
36	510	MCINTOSH	1160	584804	9268	43	0	524	2	3	0	5	6502	0	0	429
36	530	MCKENZIE	1931	1340093	13376	142	0	31921	1659	361	0	106	11471	0	0	974
36	550	MCLEAN	2642	1227598	15941	162	2025	92309	6520	401	0	102	50140	0	0	1214
36	570	MERCER	1204	634667	8544	60	1970	67183	3439	1230	0	582	30334	0	0	494
36	590	MORTON	1960	1116873	14298	53	531	49974	3347	296	0	68	28274	0	0	889
36	610	MOUNTRAIL	2213	988342	9901	75	0	3600	35	143	0	0	937	0	0	1021
36	630	NELSON	1375	584338	7964	44	591	93048	18435	541	0	40	15552	0	0	572
36	650	OLIVER	745	401707	5367	40	262	46977	4137	441	0	86	19884	0	0	331
36	670	PEMBINA	2140	680983	9215	82	1598	130940	44412	7456	0	20	20010	0	0	924
36	690	PIERCE	1259	620287	9025	133	265	61124	4672	507	0	29	16640	0	0	452
36	710	RAMSEY	1718	753033	11149	149	1599	177009	25247	1408	0	17	16224	0	0	818
36	730	RANSOM	1431	504357	7826	64	108	9708	2153	170	0	213	43364	0	0	506
36	750	RENVILLE	1274	512887	5329	73	0	7485	259	62	0	0	6752	0	0	689
36	770	RICHLAND	2656	861524	15371	286	633	39798	17924	231	0	8849	105233	0	0	1048
36	790	ROLETTE	1618	512489	7368	105	390	26097	1774	149	0	0	2051	0	0	381
36	810	SARGENT	1467	500099	7539	108	72	1571	327	123	0	340	37435	0	0	546
36	830	SHERIDAN	1147	574964	8780	39	0	45278	2133	122	0	77	23065	0	0	424
36	850	SIOUX	757	474474	5086	23	0	230	0	0	0	0	1723	0	0	260
36	870	SLOPE	753	645617	4587	40	2289	18638	514	38	0	0	6613	0	0	429
36	890	STARK	1390	792313	10262	27	299	74331	2690	179	0	479	32329	0	0	832
36	910	STEELE	1090	436458	6011	58	602	84629	21196	396	0	0	24100	0	0	531
36	930	STUTSMAN	2792	1312096	16991	239	1994	95923	10360	646	0	150	44362	0	0	1208
36	950	TOWNER	1267	619940	7430	189	575	80115	6236	430	0	0	6509	0	0	648
36	970	TRAILL	1557	534222	9078	106	1091	134862	46348	451	0	532	35377	0	0	824
36	990	WALSH	2631	797085	13443	241	1424	143892	48181	4857	0	40	26966	0	0	999
36	1010	WARD	2784	1159745	13892	231	457	45956	2248	115	0	18	38226	0	0	1272
36	1030	WELLS	1670	761890	11959	95	1575	77926	8413	271	0	44	33683	0	0	707
36	1050	WILLIAMS	2393	1100842	11710	98	70	13901	414	86	0	0	5954	0	0	1221
37	0	SOUTH DAKOTA	83303	37101871	450465	11025	40515	113063	262744	17062	0	509828	1729106	0	0	33837
37	10	ARMSTRONG	8	2320	64	0	0	0	0	0	0	0	0	0	0	2
37	30	AURORA	1152	414241	4522	184	0	0	0	2	0	0	11498	0	0	452
37	50	BEADLE	1882	681245	8252	280	0	0	0	0	0	436	50222	0	0	861
37	70	BENNETT	783	557925	4179	93	10242	5658	60	355	0	1758	4691	0	0	439
37	90	BON HOMME	1499	356480	8391	303	358	2300	5284	1261	0	1701	78024	0	0	431
37	110	BROOKINGS	2047	498840	10321	307	137	1293	7523	510	0	15864	95731	0	0	663
37	130	BROWN	2479	1008816	13210	228	0	270	68	64	0	32	69200	0	0	1236
37	150	BRULE	984	484306	4390	106	20	365	60	0	0	0	166	0	0	361
37	170	BUFFALO	304	227175	1422	18	0	51	0	0	0	0	134	0	0	109
37	190	BUTTE	967	949317	5505	80	271	3694	2949	575	0	2226	6195	0	0	331
37	210	CAMPBELL	865	440322	5521	27	0	0	0	0	0	0	532	0	0	447
37	230	CHARLES MIX	2253	666907	10929	740	436	3183	625	70	0	9823	86559	0	0	706
37	250	CLARK	1684	542277	7545	162	20	245	5	25	0	137	23313	0	0	562
37	270	CLAY	1311	251530	6183	531	1048	832	17595	1695	0	36841	52141	0	0	661
37	290	CODINGTON	1300	393785	6617	236	60	836	226	55	0	1340	34600	0	0	448
37	310	CORSON	1464	1102011	9976	72	0	516	0	0	0	1	919	0	0	742
37	330	CUSTER	645	555072	4164	78	541	663	301	40	0	227	2602	0	0	202
37	350	DAVISON	1031	266645	5033	192	15	518	742	253	0	1136	55043	0	0	348
37	370	DAY	2082	620037	10812	172	206	1553	456	48	0	275	41748	0	0	702
37	390	DEUEL	1355	375662	6801	162	139	5283	10230	897	0	2439	45775	0	0	461
37	410	DEWEY	777	451545	5538	36	0	74	0	0	0	0	278	0	0	392
37	430	DOUGLAS	1046	273320	5132	130	0	25	252	187	0	3498	67329	0	0	383
37	450	EDMUNDS	1271	628336	7735	64	0	160	0	0	0	0	14300	0	0	643
37	470	FALL RIVER	873	808397	5100	75	744	4614	430	595	0	4318	11650	0	0	361
37	490	FAULK	977	512709	4727	103	0	0	0	0	0	0	5830	0	0	664
37	510	GRANT	1442	398040	7199	110	296	11531	3327	78	0	961	58695	0	0	432
37	530	GREGORY	1590	619648	7669	471	8	778	4675	45	0	756	19895	0	0	441
37	550	HAAKON	846	703184	5062	78	172	1480	0	60	0	163	1197	0	0	382
37	570	HAMLIN	1179	309317	5716	129	0	2221	1863	134	0	878	45012	0	0	442
37	590	HAND	1576	822668	8336	154	0	0	0	0	0	10	8282	0	0	790
37	610	HANSON	930	265079	5405	217	25	1793	1608	461	0	5733	51913	0	0	351
37	630	HARDING	738	1394555	6971	15	8	1157	63	102	0	140	4717	0	0	299
37	650	HUGHES	547	331661	3503	43	0	260	0	73	0	126	2558	0	0	285
37	670	HUTCHINSON	1805	505082	11452	184	107	1527	8791	392	0	27750	76969	0	0	761
37	690	HYDE	581	358531	3981	26	0	0	0	40	0	4	1333	0	0	319
37	710	JACKSON	393	279047	2819	63	372	2321	93	48	0	210	1143	0	0	177
37	730	JERAULD	800	312065	3406	129	0	0	0	0	0	8	16032	0	0	369
37	750	JONES	507	418665	3139	62	3592	2461	40	113	0	70	3457	0	0	252
37	770	KINGSBURY	1625	470449	7072	209	0	331	690	23	0	117	60368	0	0	673
37	790	LAKE	1437	349865	8270	198	14	685	9874	174	0	18728	65259	0	0	563
37	810	LAWRENCE	490	189889	2212	55	297	1907	822	211	0	293	3498	0	0	111
37	830	LINCOLN	1876	356486	10104	446	795	181	52947	1993	0	85375	38189	0	0	669
37	850	LYMAN	1049	851027	5833	120	6994	3691	200	0	0	544	3918	0	0	486
37	870	MCCOOK	1427	352682	7812	195	124	268	1496	50	0	26124	44870	0	0	407
37	890	MCPHERSON	1243	651388	8480	77	0	0	80	0	0	0	422	0	0	526
37	910	MARSHALL	1392	487592	7538	138	0	556	12	0	0	0	20033	0	0	488
37	930	MEADE	1756	1518425	12267	179	1288	16189	2981	340	0	3220	14494	0	0	883
37	950	MELLETTE	820	570808	4224	83	0	30	0	0	0	0	95	0	0	306
37	970	MINER	1229	331854	6002	199	0	13	14	0	0	408	9245	0	0	372
37	990	MINNEHAHA	2498	497109	13560	425	115	973	47108	1106	0	95159	55578	0	0	769
37	1010	MOODY	1358	323663	7950	193	50	295	22231	371	0	42885	44556	0	0	501
37	1030	PENNINGTON	1311	850697	7375	138	518	11254	820	216	0	284	2808	0	0	654
37	1050	PERKINS	1461	1196451	10051	77	360	5081	71	14	0	181	5342	0	0	805
37	1070	POTTER	713	472337	2879	39	0	0	0	0	0	98	924	0	0	586
37	1090	ROBERTS	2394	618122	10908	172	184	5880	3257	1866	0	966	60826	0	0	673
37	1110	SANBORN	1067	319419	4887	161	0	70	24	16	0	367	34269	0	0	388
37	1130	SHANNON	654	363033	4225	23	6566	1699	525	41	0	2062	1688	0	0	138
37	1150	SPINK	2025	872953	9346	222	0	80	0	0	0	3	23362	0	0	1010
37	1170	STANLEY	416	306821	4387	63	345	585	0	25	0	0	1720	0	0	144
37	1190	SULLY	672	508028	3173	32	0	172	0	0	0	0	1905	0	0	603
37	1210	TODD	892	724993	5371	103	0	398	81	0	0	327	363	0	0	331
37	1230	TRIPP	1879	879082	7848	183	165	593	0	0	0	544	1159	0	0	583
37	1250	TURNER	2078	384726	10365	263	702	196	27326	995	0	31086	89839	0	0	825
37	1270	UNION	1550	270651	7794	424	2163	3086	20316	593	0	71617	27202	0	0	638
37	1290	WALWORTH	755	407935	3720	21	0	25	0	0	0	0	0	0	0	496
37	1310	WASHABAUGH	518	338283	3488	41	385	20	0	0	0	80	153	0	0	232
37	1330	WASHINGTON	364	238545	2281	29	73	0	0	0	0	0	310	0	0	80
37	1350	YANKTON	1648	316109	7155	404	458	437	4603	850	0	10499	66909	0	0	685
37	1370	ZIEBACH	733	1295687	7161	53	102	706	0	0	0	0	119	0	0	305
40	0	VIRGINIA	197632	17644898	162633	93198	605119	0	38574	51147	0	1359935	55968	56818	0	
40	10	ACCOMACK	2547	164663	1816	4174	201	0	3	132	0	31800	227	0	0	101
40	30	ALBEMARLE	3197	364758	4184	867	6787	0	1531	770	0	20441	780	0	0	310
40	50	ALLEGHANY	618	84912	597	35	1406	0	135	410	0	3223	85	0	0	27
40	70	AMELIA	1535	167673	798	1077	4756	0	442	314	0	12434	653	10	0	102
40	90	AMHERST	2508	201673	2445	248	5389	0	128	1298	0	12718	177	0	0	62
40	110	APPOMATTOX	1217	163739	1057	641	5692	0	271	108	0	9473	263	0	0	46
40	130	ARLINGTON/ALEXAND	35	1002	52	1	35	0	5	8	0	94	111	0	0	10
40	150	AUGUSTA	3835	381269	7125	252	44556	0	1811	193	0	28762	3488	0	0	429
40	170	BATH	609	126031	845	42	2187	0	439	426	0	3710	142	0	0	90
40	190	BEDFORD	4347	398198	4494	1177	14659	0	844	1542	0	22857	703	0	0	188
40	210	BLAND	851	129445	1165	85	3094	0	269	499	0	5351	12	0	0	18
40	230	BOTETOURT	1749	172219	2140	183	6925	0	382	489	0	9544	964	0	0	155
40	250	BRUNSWICK	2492	277787	695	2736	4921	0	42	307	0	21871	99	9021	0	76
40	270	BUCHANAN	2776	189574	830	818	744	0	286	1645	0	15883	220	0	0	6
40	290	BUCKINGHAM	2398	245391	1311	1220	6699	0	374	234	0	14977	188	0	0	87
40	310	CAMPBELL	3315	278785	1903	1493	9964	0	435	784	0	18743	683	0	0	92
40	330	CAROLINE	2578	264279	1096	1807	7518	0	155	24	0	19722	353	0	0	130
40	350	CARROLL	3962	249275	1842	457	6257	0	362	3321	0	19384	63	0	0	29
40	360	CHARLES CITY	753	68886	237	377	1117	0	261	23	0	4597	110	0	0	70
40	370	CHARLOTTE	2813	252576	1054	1788	7394	0	121	317	0	18802	386	999	0	77
40	410	CHESTERFIELD	2407	152024	668	1126	1894	0	281	335	0	10397	680	5	0	136
40	430	CLARKE	584	99049	2360	149	10319	0	171	124	0	9077	528	0	0	75
40	450	CRAIG	644	104002	759	14	2361	0	244	80	0	3173	19	0	0	27
40	470	CULPEPER	1747	186858	2516	491	8971	0	807	86	0	17333	421	0	0	163
40	490	CUMBERLAND	1537	159219	742	831	3746	0	186	20	0	10654	203	0	0	57
40	510	DICKENSON	2264	122907	760	603	1125	0	21	1999	0	10109	311	0	0	3
40	530	DINWIDDIE	2189	232196	829	1894	3434	0	120	347	0	16151	339	1382	0	119
40	550	ELIZABETH CITY	392	17047	234	206	73	0	12	19	0	1289	261	0	0	32
40	570	ESSEX	1127	118796	899	844	4746	0	49	49	0	13659	8	5	0	53
40	590	FAIRFAX	2001	141538	2395	205	4342	0	406	348	0	8478	2687	0	0	273
40	610	FAUQUIER	2328	372595	6356	272	14497	0	555	232	0	25884	5101	0	0	262
40	630	FLOYD	2416	229496	2343	139	6588	0	1995	1172	0	11941	60	0	0	34
40	650	FLUVANNA	1367	136894	961	742	4037	0	218	230	0	8239	31	0	0	53
40	670	FRANKLIN	3953	373982	2895	1785	16255	0	689	851	0	23250	619	0	0	136
40	690	FREDERICK	1919	232968	2866	319	12702	0	967	399	0	13230	936	0	0	252
40	710	GILES	1556	137678	1603	107	4369	0	181	572	0	9061	49	0	0	23
40	730	GLOUCESTER	1336	65762	976	346	1230	0	115	29	0	8690	50	0	0	57
40	750	GOOCHLAND	1272	126275	784	1025	4159	0	352	89	0	9662	332	0	0	73
40	770	GRAYSON	3291	253623	2858	261	5530	0	1433	2211	0	13963	459	0	0	33
40	790	GREENE	908	84293	1104	141	3886	0	420	133	0	6484	32	0	0	18
40	810	GREENSVILLE	1311	136504	241	1805	423	0	21	485	0	12310	113	8704	0	36
40	830	HALIFAX	5847	487600	1975	4931	14198	0	345	1620	0	38116	480	349	0	195
40	850	HANOVER	2479	227124	1366	2104	6227	0	649	141	0	18181	1153	0	0	181
40	870	HENRICO	1318	73261	580	641	1766	0	602	215	0	5664	1870	0	0	237
40	890	HENRY	2260	189201	683	1356	4472	0	40	302	0	14352	673	0	0	72
40	910	HIGHLAND	728	167909	1201	4	1535	0	519	46	0	2364	4	0	0	12
40	930	ISLE OF WIGHT	1416	147992	783	1941	7	0	28	976	0	16749	441	1906	0	100
40	950	JAMES CITY	400	39389	318	258	163	0	136	71	0	3408	344	1	0	38
40	970	KING AND QUEEN	1271	120252	1105	551	2846	0	107	16	0	12029	23	6	0	41
40	990	KING GEORGE	997	88660	993	311	2504	0	269	50	0	7661	104	0	0	80
40	1010	KING WILLIAM	919	109731	524	958	2979	0	275	40	0	10486	226	0	0	83
40	1030	LANCASTER	993	47869	861	96	1381	0	86	41	0	5213	18	0	0	48
40	1050	LEE	3683	221750	2018	1799	5736	0	262	1057	0	25887	200	0	0	37
40	1070	LOUDOUN	2107	297582	6795	247	23428	0	1232	261	0	30368	3113	0	0	311
40	1090	LOUISA	2415	212733	1477	1371	7390	0	418	139	0	15122	145	0	0	86
40	1110	LUNENBURG	1972	209207	693	1750	4796	0	93	340	0	16055	88	1769	0	65
40	1130	MADISON	1579	166609	2031	218	7446	0	592	102	0	13222	213	0	0	91
40	1150	MATHEWS	1236	32152	610	182	259	0	27	3	0	5661	57	0	0	23
40	1170	MECKLENBURG	4232	362422	1222	4551	9393	0	221	971	0	32306	705	10037	0	138
40	1190	MIDDLESEX	1162	56422	962	232	1591	0	81	28	0	7186	27	0	0	60
40	1210	MONTGOMERY	2158	190180	2071	102	6585	0	577	429	0	10398	812	0	0	81
40	1230	NANSEMOND	1928	166735	681	2903	60	0	0	984	0	17933	134	5504	0	129
40	1250	NELSON	2465	227745	2121	404	5001	0	306	596	0	12883	62	0	0	85
40	1270	NEW KENT	634	67055	291	410	609	0	45	11	0	5406	84	157	0	50
40	1290	NORFOLK	1267	92125	512	1888	24	0	78	408	0	17622	1301	957	0	131
40	1310	NORTHAMPTON	961	81863	1030	2155	8	0	33	369	0	14907	620	0	0	87
40	1330	NORTHUMBERLAND	1530	84276	1580	274	4005	0	147	33	0	9993	108	0	0	76
40	1350	NOTTOWAY	1530	142756	721	993	3466	0	143	293	0	9907	615	233	0	46
40	1370	ORANGE	1630	170886	2261	656	8305	0	992	96	0	13198	507	0	0	114
40	1390	PAGE	1605	121295	1758	140	11316	0	333	84	0	9373	173	0	0	56
40	1410	PATRICK	2949	236591	992	1276	4592	0	112	704	0	17834	150	0	0	37
40	1430	PITTSYLVANIA	7529	575530	2048	6216	24081	0	296	1212	0	46053	979	28	0	400
40	1450	POWHATAN	926	115233	638	591	2845	0	348	71	0	6878	453	2	0	92
40	1470	PRINCE EDWARD	1842	172573	840	1091	4577	0	135	152	0	12144	441	3	0	75
40	1490	PRINCE GEORGE	827	100491	267	1065	1639	0	517	249	0	8885	20	258	0	102
40	1510	PRINCESS ANNE	1277	91601	765	1670	223	0	226	111	0	17434	924	190	0	143
40	1530	PRINCE WILLIAM	1383	150508	2175	93	7376	0	192	104	0	10662	1904	0	0	137
40	1550	PULASKI	1358	134264	1588	174	6536	0	653	404	0	10167	459	0	0	92
40	1570	RAPPAHANNOCK	836	135569	1710	278	2810	0	143	133	0	8147	304	0	0	46
40	1590	RICHMOND	1026	82250	1250	312	5084	0	75	43	0	7833	7	0	0	58
40	1610	ROANOKE	1824	112823	1498	252	3905	0	502	358	0	6187	632	0	0	155
40	1630	ROCKBRIDGE	2337	263242	3399	90	17750	0	1302	333	0	15180	624	0	0	136
40	1650	ROCKINGHAM	3831	332631	5953	255	38090	0	519	140	0	24056	3665	0	0	355
40	1670	RUSSELL	3721	284302	2992	604	8150	0	358	3466	0	20742	919	0	0	10
40	1690	SCOTT	4406	272767	2963	1288	6416	0	391	1639	0	24554	426	0	0	22
40	1710	SHENANDOAH	2566	220336	3386	234	19228	0	519	111	0	15641	1635	0	0	136
40	1730	SMYTH	2547	187302	2499	264	6918	0	1176	1232	0	13601	220	0	0	51
40	1750	SOUTHAMPTON	2987	266057	647	4229	40	0	30	900	0	27479	538	11233	0	168
40	1770	SPOTSYLVANIA	1492	160070	1308	797	4872	0	695	62	0	10699	610	0	0	112
40	1790	STAFFORD	1167	96503	1234	360	2263	0	693	330	0	7907	224	0	0	118
40	1810	SURRY	790	95269	443	1059	41	0	164	439	0	8927	429	427	0	86
40	1830	SUSSEX	1216	183475	316	1815	357	0	8	356	0	12170	196	3580	0	80
40	1850	TAZEWELL	2198	235151	2374	394	4960	0	660	2866	0	13463	747	0	0	25
40	1870	WARREN	883	111378	1406	157	7352	0	145	169	0	6958	725	0	0	39
40	1875	WARWICK	253	11097	143	82	147	0	18	70	0	1017	343	0	0	40
40	1910	WASHINGTON	4405	288685	3849	1078	14595	0	841	1024	0	26047	361	0	0	64
40	1930	WESTMORELAND	1207	106909	1643	296	6211	0	187	26	0	9762	28	0	0	77
40	1950	WISE	2677	89710	907	495	499	0	137	1258	0	10991	309	0	0	6
40	1970	WYTHE	2293	226653	2566	190	10614	0	1316	696	0	14657	232	0	0	69
40	1990	YORK	649	20966	497	115	55	0	33	14	0	3259	49	0	0	16
40	5100	ALEXANDRIA CITY														0
40	5200	BRISTOL														0
40	5300	BUENA VISTA														0
40	5400	CHARLOTTESVILLE														1
40	5600	CLIFTON FORGE														0
40	5900	DANVILLE														2
40	6300	FREDERICKSBURG														0
40	6500	HAMPTON														19
40	6600	HARRISONBURG														1
40	6700	HOPEWELL														0
40	6800	LYNCHBURG														0
40	6900	MARTINSVILLE														3
40	7000	NEWPORT NEWS														1
40	7100	NORFOLK CITY														0
40	7300	PETERSBURG														2
40	7400	PORTSMOUTH														0
40	7500	RADFORD														3
40	7600	RICHMOND CITY														3
40	7700	ROANOKE CITY														1
40	7850	SOUTH NORFOLK														9757
40	7900	STAUNTON														-1
40	8000	SUFFOLK														
40	8300	WILLIAMSBURG														
40	8400	WINCHESTER														
40	9999	INDEPENDENT CITIES	824	16340	279	169	409	0	8	99	0	1531	169	52	0	1
41	0	ALABAMA	273455	19660828	49593	321613	9075	0	15084	90128	652	3629604	19053	2130062	26653	4664
41	10	AUTAUGA	2761	241634	344	3291	29	0	508	2968	11	43026	106	27616	307	23
41	30	BALDWIN	2676	170571	1581	2496	0	0	23	78	15	30448	171	5183	420	227
41	50	BARBOUR	3691	399002	320	3732	0	0	0	909	0	61491	136	35620	1095	29
41	70	BIBB	1955	155700	279	1927	0	0	0	505	0	23806	15	10869	202	24
41	90	BLOUNT	4897	329116	698	5928	85	0	115	1485	0	62248	190	30763	0	73
41	110	BULLOCK	3100	265120	677	2928	0	0	10	325	6	46616	2564	29397	569	14
41	130	BUTLER	3857	304833	309	4402	0	0	21	2547	7	63919	79	31085	1480	22
41	150	CALHOUN/BENTON	3289	244893	307	4727	398	0	76	1606	0	40529	329	26960	0	140
41	170	CHAMBERS	4131	317550	450	4548	390	0	702	6110	0	56403	407	39986	143	28
41	190	CHEROKEE	3442	282051	427	5396	223	0	200	1597	0	46181	55	36434	6	167
41	210	CHILTON/BAKER	3987	262050	436	4172	150	0	94	3658	0	49602	19	25596	357	29
41	230	CHOCTAW	3104	266166	804	2277	0	0	0	480	8	39837	21	15595	755	35
41	250	CLARKE	3953	305866	1041	2860	0	0	23	791	0	44928	6	16897	1022	17
41	270	CLAY	3313	250551	443	3217	315	0	409	2295	0	38098	126	19562	25	56
41	290	CLEBURNE	2192	191959	178	2529	454	0	75	846	0	27057	141	15220	0	29
41	310	COFFEE	4273	352455	202	5455	0	0	0	112	1	70392	3344	42544	1500	31
41	330	COLBERT	2726	219825	579	4560	15	0	83	445	0	38478	0	31898	8	57
41	350	CONECUH	3795	251650	246	3899	0	0	0	1255	2	64881	133	25297	1643	13
41	370	COOSA	1998	229825	251	2035	102	0	42	1581	0	24182	12	11227	63	31
41	390	COVINGTON	4218	349155	209	5177	0	0	4	1038	94	94000	154	38872	1674	35
41	410	CRENSHAW	3484	273186	279	4237	0	0	0	642	0	73724	73	33352	744	21
41	430	CULLMAN	7376	407531	977	9557	150	0	43	4405	0	82089	156	53032	5	79
41	450	DALE	2946	291445	567	3996	0	0	6	732	2	45974	1148	25071	1124	13
41	470	DALLAS	7025	416148	1725	6570	5	0	690	834	0	62502	78	63818	260	82
41	490	DE KALB	6684	386272	1311	8092	374	0	110	425	0	91995	45	46973	0	96
41	510	ELMORE	4549	302064	411	5091	16	0	706	5940	0	63342	233	44083	163	51
41	530	ESCAMBIA	2913	161429	456	3225	0	0	400	466	401	51928	90	19878	1174	25
41	550	ETOWAH	4182	277929	476	5659	15	0	109	238	0	52804	157	28964	0	129
41	570	FAYETTE	3189	298475	328	3812	19	0	0	671	0	43184	88	21089	104	52
41	590	FRANKLIN	3741	297693	564	5302	24	0	2	967	0	50390	227	26472	6	79
41	610	GENEVA	3732	287970	257	5045	0	0	10	538	20	79392	867	42632	1009	41
41	630	GREENE	3917	216304	1052	3590	0	0	171	513	0	35046	43	29306	214	18
41	650	HALE	4666	265569	843	5187	10	0	1056	532	0	41716	9	35711	296	81
41	670	HENRY	2823	292693	122	3687	0	0	412	1496	0	47697	1040	31089	664	32
41	690	HOUSTON	4594	327824	346	6280	7	0	630	2242	4	94469	569	52334	1243	34
41	710	JACKSON	5517	417274	1417	8154	188	0	230	295	0	82990	172	34207	0	179
41	730	JEFFERSON	6491	198322	1019	5081	32	0	6	1575	0	47084	424	10425	13	92
41	750	LAMAR/SANFORD	3210	296374	363	4352	7	0	5	592	0	41844	7	25383	285	68
41	770	LAUDERDALE	5170	367941	1382	7818	1178	0	188	294	0	65564	108	45802	0	94
41	790	LAWRENCE	4855	305705	1323	7747	75	0	0	739	0	71929	234	49542	0	90
41	810	LEE	3301	313581	375	4169	58	0	487	3448	0	57969	260	38300	411	25
41	830	LIMESTONE	6266	338151	1884	9190	599	0	60	1668	0	72680	452	64035	0	149
41	850	LOWNDES	4329	276437	1724	4077	9	0	666	772	0	43041	209	32150	380	56
41	870	MACON	3942	245172	519	4136	0	0	360	2306	0	59147	334	39791	574	25
41	890	MADISON	7034	422883	1833	10668	699	0	433	681	0	88959	107	77759	0	307
41	910	MARENGO	6412	430757	1762	6236	0	0	637	261	6	55424	80	46769	504	64
41	930	MARION	4345	329172	636	5525	37	0	13	980	0	58932	106	24351	17	62
41	950	MARSHALL	6316	343095	887	8053	134	0	52	1164	0	81331	156	49376	0	132
41	970	MOBILE	1905	129914	862	1226	0	0	0	28	2	16704	437	3682	579	300
41	990	MONROE	4182	292727	534	4470	0	0	0	1147	69	58954	51	34970	787	31
41	1010	MONTGOMERY	4464	344316	1251	5198	0	0	1986	1334	0	53689	785	33511	488	105
41	1030	MORGAN/COTACO	4912	332425	1288	7065	784	0	110	879	0	68213	198	42975	0	153
41	1050	PERRY	4394	300628	943	5020	34	0	897	1028	0	45216	259	34401	397	52
41	1070	PICKENS	4490	374614	973	5807	0	0	155	1800	0	56530	39	37625	198	91
41	1090	PIKE	3699	312551	190	5499	0	0	0	627	0	71521	47	41721	860	31
41	1110	RANDOLPH	4103	315223	501	4523	1562	0	308	3770	0	57291	78	31377	70	48
41	1130	RUSSELL	3168	307610	341	3243	2	0	174	1024	2	51669	68	31074	648	32
41	1150	ST CLAIR	3612	249856	300	3527	96	0	47	816	0	42310	11	17013	14	59
41	1170	SHELBY	2728	214985	485	3026	148	0	151	1254	0	36095	266	13898	59	88
41	1190	SUMTER	4697	336705	2135	5304	0	0	197	280	0	46671	278	34204	460	43
41	1210	TALLADEGA	4255	309505	499	5751	521	0	642	2256	0	55673	280	37620	54	131
41	1230	TALLAPOOSA	3794	348791	492	4055	113	0	401	3790	0	47626	345	28496	354	44
41	1250	TUSCALOOSA	5297	376169	633	5571	0	0	35	1846	0	61125	64	37153	314	49
41	1270	WALKER	4700	252636	1005	4613	2	0	0	1258	0	54274	119	17368	4	46
41	1290	WASHINGTON	1580	111746	784	1042	0	0	0	328	1	22779	178	4861	407	49
41	1310	WILCOX	4554	367772	1414	3887	5	0	114	255	1	40625	46	25112	501	33
41	1330	WINSTON/HANCOCK	2554	205287	344	2694	11	0	0	361	0	33371	24	14686	0	23
42	0	ARKANSAS	253013	17741627	124527	307160	60105	0	56018	101779	135773	2038551	334706	2162914	937	5684
42	10	ARKANSAS	2467	340322	2713	2689	490	0	14777	412	67451	20351	1309	14210	0	1152
42	30	ASHLEY	3924	179550	2280	5095	0	0	60	289	0	33521	225	37123	237	29
42	50	BAXTER	1512	155385	1169	1302	1006	0	95	824	0	3371	6276	3611	0	8
42	70	BENTON	5920	456930	6863	3239	7709	0	4670	4068	0	4277	34981	8	0	247
42	90	BOONE	2483	285115	2877	1624	4987	0	1792	1611	0	1966	17199	954	0	23
42	110	BRADLEY	1986	134798	882	2245	0	0	0	1370	0	20924	70	17016	4	10
42	130	CALHOUN	1627	125963	785	1868	0	0	13	967	0	19411	228	13921	10	10
42	150	CARROLL	2711	301754	3407	1517	5382	0	953	1046	0	3936	15811	0	0	43
42	170	CHICOT	4734	252223	1716	5752	0	0	314	443	0	42829	317	43878	26	95
42	190	CLARK	3338	233418	1661	4407	0	0	47	1220	0	31498	1966	25636	0	32
42	210	CLAY	4057	272238	3513	5956	5393	0	402	1038	341	63524	2663	36989	0	71
42	230	CLEBURNE	2258	189072	1209	2507	2	0	0	761	0	14553	4958	14098	0	7
42	250	CLEVELAND	2290	178567	850	2812	5	0	0	594	0	19016	1154	22382	0	18
42	270	COLUMBIA	4652	332936	1033	5908	0	0	48	3852	0	53983	988	54995	245	8
42	290	CONWAY	3179	255241	1218	4900	26	0	43	1494	0	25772	6727	40636	0	22
42	310	CRAIGHEAD	5303	298069	3243	8276	1442	0	416	1989	3543	68093	6355	63867	0	120
42	330	CRAWFORD	2912	219903	1674	3305	24	0	0	1050	0	14809	6382	9737	0	39
42	350	CRITTENDEN	7828	306404	591	9755	235	0	553	648	0	59509	8028	103200	0	107
42	370	CROSS	4233	213484	899	4921	30	0	1012	867	4601	33371	851	40942	0	152
42	390	DALLAS	1830	143231	900	2004	2	0	0	618	0	18698	1792	11869	0	26
42	410	DESHA	3728	127540	1253	4784	10	0	425	346	0	29925	250	36898	31	46
42	430	DREW	3381	209367	1659	3458	0	0	195	938	0	28227	712	27050	135	17
42	450	FAULKNER	4150	329465	2058	5687	40	0	340	2675	0	39249	3870	46171	0	55
42	470	FRANKLIN	2566	233870	2169	2812	337	0	3147	1695	0	22225	4182	12998	0	23
42	490	FULTON	2098	262703	1877	2133	1466	0	67	34	0	4544	10062	8675	0	15
42	510	GARLAND	1945	120830	908	1624	316	0	292	713	0	8698	2671	3806	0	22
42	530	GRANT	1602	122470	693	1689	6	0	0	751	0	15302	338	10392	0	14
42	550	GREENE	3838	243272	3400	4961	1431	0	366	1275	0	47068	2407	32689	0	58
42	570	HEMPSTEAD	4977	327477	2172	6910	37	0	267	3777	0	47063	688	45294	39	58
42	590	HOT SPRING	2420	158413	941	2598	215	0	224	1591	80	21006	2128	12569	0	27
42	610	HOWARD	2423	155838	992	3329	2	0	0	1637	0	23545	1162	20838	0	56
42	630	INDEPENDENCE	3339	277561	2071	5011	3123	0	254	1400	0	29307	6874	25186	0	68
42	650	IZARD	2420	273222	1392	2761	703	0	16	860	0	11595	10103	14778	0	8
42	670	JACKSON	3366	278776	1672	6522	1347	0	251	207	1971	40997	1360	53688	0	87
42	690	JEFFERSON	7635	327137	1535	8406	0	0	1002	1122	0	43155	1422	92153	0	112
42	710	JOHNSON	2693	206679	1665	2576	32	0	152	1876	0	19541	2063	9977	0	29
42	730	LAFAYETTE	2851	171303	924	3817	0	0	196	1083	0	25387	1045	35003	44	16
42	750	LAWRENCE	2853	246795	1961	4758	208	0	32	811	10	26566	7151	35375	0	60
42	770	LEE	5251	256947	1156	6618	0	0	139	468	2121	50989	809	54125	0	127
42	790	LINCOLN	4302	187630	1258	4999	2	0	80	426	0	31298	466	48510	15	28
42	810	LITTLE RIVER	2686	178215	1795	3598	0	0	20	502	0	21538	841	26273	21	30
42	830	LOGAN	3247	293304	2834	4143	929	0	1618	2132	0	23198	6138	27195	0	33
42	850	LONOKE	5948	363579	1878	8350	62	0	1424	1988	12968	47971	2719	72085	0	385
42	870	MADISON	2725	318382	2145	2435	2903	0	1888	2206	0	10356	12959	0	0	13
42	890	MARION	1834	181233	1412	1621	1635	0	330	2368	0	6330	8664	4179	0	7
42	910	MILLER	3581	231669	1813	4164	0	0	5	833	0	25672	834	38624	42	45
42	930	MISSISSIPPI	9989	418524	1484	16274	45	0	478	1830	0	122782	8216	156693	0	151
42	950	MONROE	3056	193022	898	3990	0	0	691	700	1321	20027	3001	40878	0	94
42	970	MONTGOMERY	1601	138954	919	1953	820	0	533	1301	0	14213	1931	7815	0	11
42	990	NEVADA	3276	268383	1394	3875	4	0	86	1954	0	40257	128	32228	3	31
42	1010	NEWTON	2144	188370	1109	1529	949	0	316	2269	0	5748	10940	898	0	8
42	1030	OUACHITA	2563	198661	802	2399	0	0	5	444	0	25210	1285	16975	24	19
42	1050	PERRY	1289	99744	642	1650	16	0	3	614	0	8987	148	10887	0	10
42	1070	PHILLIPS	6035	256317	1392	6773	89	0	465	572	0	51595	169	67389	0	110
42	1090	PIKE	1768	144985	896	2179	21	0	38	1105	0	18908	190	12873	0	13
42	1110	POINSETT	3870	215867	1119	5848	348	0	454	522	13154	42351	2752	46897	0	268
42	1130	POLK	2325	192679	1474	2048	373	0	114	1271	0	12737	4356	7720	0	14
42	1150	POPE	3435	268972	1346	4487	58	0	35	2068	0	25721	3796	33437	0	25
42	1170	PRAIRIE	2164	238032	1396	3223	71	0	5345	905	23683	20034	3321	17734	0	410
42	1190	PULASKI	4537	254530	1230	5385	284	0	209	2039	0	31002	1957	39231	0	164
42	1210	RANDOLPH	2776	274081	2145	4025	914	0	45	1027	0	26530	5177	21733	0	54
42	1230	ST FRANCIS	6358	312046	1132	7496	219	0	199	548	3383	50293	649	69176	0	127
42	1250	SALINE	2038	146882	772	1960	79	0	195	1430	0	13522	3864	4788	0	60
42	1270	SCOTT	1908	149153	1363	2322	3	0	10	1570	0	16839	4783	11125	0	9
42	1290	SEARCY	2115	215212	1174	2028	1870	0	894	3007	0	7428	10358	2727	0	9
42	1310	SEBASTIAN	2867	222504	2125	3348	75	0	1073	2056	0	20293	4562	15228	0	36
42	1330	SEVIER	2197	155804	1193	2367	0	0	2	673	0	16353	610	12650	0	19
42	1350	SHARP	2051	254193	1343	2477	248	0	5	1044	0	7942	8229	12968	0	22
42	1370	STONE	1720	157388	871	1618	1371	0	586	1163	0	9211	1637	3453	0	8
42	1390	UNION	3670	258149	1200	3452	0	0	9	689	0	33954	1106	25553	61	12
42	1410	VAN BUREN	2381	246929	1072	2762	58	0	31	943	0	20917	3171	13280	0	10
42	1430	WASHINGTON	5716	453221	5541	4460	10380	0	5856	7469	0	16279	23524	27	0	149
42	1450	WHITE	5632	415756	2698	7226	11	0	65	1071	10	36412	12483	52652	0	59
42	1470	WOODRUFF	3291	192950	1028	5150	0	0	135	462	1136	31697	1519	42620	0	92
42	1490	YELL	3138	252039	1653	5010	262	0	216	2158	0	37145	646	33676	0	32
43	0	FLORIDA	72857	6048406	17976	40946	0	0	361	7089	358	685211	32188	91629	32436	5244
43	10	ALACHUA	2155	228725	1159	1783	0	0	0	412	0	36760	2591	775	367	120
43	30	BAKER	447	33292	118	446	0	0	0	61	2	8413	20	224	152	11
43	50	BAY	223	16080	52	140	0	0	0	149	16	1657	95	146	69	18
43	70	BRADFORD/NEW RIVE	942	57175	274	510	0	0	0	53	0	9488	322	9	184	24
43	90	BREVARD/ST LUCIE	721	35555	87	90	0	0	0	0	0	27	0	0	1	110
43	110	BROWARD	1550	62190	99	921	0	0	0	0	0	160	7	0	0	73
43	130	CALHOUN	712	58420	100	629	0	0	7	159	24	14831	3	953	324	4
43	150	CHARLOTTE	149	81472	40	23	0	0	0	0	0	0	0	0	3	21
43	170	CITRUS	298	18265	216	67	0	0	0	91	0	52	1774	12	74	23
43	190	CLAY	367	185078	133	152	0	0	0	0	0	1357	3000	0	48	51
43	210	COLLIER	54	4992	23	77	0	0	0	0	0	6	3	0	55	37
43	230	COLUMBIA	1448	169502	381	1275	0	0	0	330	3	31364	1529	3408	342	19
43	250	DADE	1825	62846	105	425	0	0	0	0	0	67	0	0	6	348
43	270	DE SOTO	441	38535	236	153	0	0	0	0	2	705	42	0	24	77
43	290	DIXIE	282	123408	163	85	0	0	0	0	0	1570	515	47	48	1
43	310	DUVAL	1111	45103	207	330	0	0	0	90	0	2233	151	0	92	58
43	330	ESCAMBIA	1828	76286	521	936	0	0	2	201	11	13772	329	4173	352	56
43	350	FLAGLER	134	12277	55	217	0	0	0	0	0	1033	0	3	0	36
43	370	FRANKLIN	44	2717	7	5	0	0	0	0	0	0	14	0	0	0
43	390	GADSDEN	1570	172177	339	1874	0	0	3	771	2	35280	828	572	1197	12
43	410	GILCHRIST	525	66609	235	531	0	0	0	154	0	12041	404	311	81	7
43	430	GLADES	174	83746	152	29	0	0	0	0	0	237	60	0		33
43	450	GULF	124	5740	25	37	0	0	0	55	42	804	0	32	26	1
43	470	HAMILTON	856	110896	191	1037	0	0	0	51	0	16667	6178	4090	193	5
43	490	HARDEE	1485	145272	610	552	0	0	0	2	10	3772	184	0	60	134
43	510	HENDRY	190	131472	142	26	0	0	0	0	0	40	0	0		186
43	530	HERNANDO/BENTON	522	23605	291	113	0	0	0	22	1	1745	110	0	59	39
43	550	HIGHLANDS	666	216755	159	84	0	0	0	0	4	87	23	0	20	53
43	570	HILLSBOROUGH	4109	139945	844	1415	0	0	0	0	6	6777	532	0	126	315
43	590	HOLMES	1811	138991	172	1845	0	0	14	136	49	36998	117	9529	754	17
43	610	INDIAN RIVER	622	52907	17	118	0	0	0	0	0	0	10	0		75
43	630	JACKSON	3958	358727	747	4671	0	0	124	1598	27	87158	2147	18393	1750	47
43	650	JEFFERSON	1398	147802	162	1483	0	0	40	78	1	35353	195	4688	457	28
43	670	LAFAYETTE	440	60813	151	437	0	0	0	33	0	9957	554	1024	99	5
43	690	LAKE	2565	134197	165	374	0	0	0	0	0	962	316	3	57	225
43	710	LEE	520	33242	106	156	0	0	1	10	0	31	0	0	0	94
43	730	LEON	1647	160530	733	1112	0	0	3	265	0	26809	2892	7517	566	33
43	750	LEVY	961	93908	666	755	0	0	0	278	0	20556	1036	283	150	16
43	770	LIBERTY	232	27757	75	132	0	0	0	64	0	3553	0	20	79	7
43	790	MADISON	1305	149056	169	1721	0	0	83	483	0	36098	304	7203	381	25
43	810	MANATEE	1189	53872	290	749	0	0	0	0	1	1078	579	0	4	188
43	830	MARION	3190	248396	1625	1393	0	0	55	300	2	28464	1174	12	308	167
43	850	MARTIN	186	10727	20	26	0	0	0	0	0	0	0	0	0	39
43	870	MONROE	110	3596	0	0	0	0	0	0	0	1	0	0	5	0
43	890	NASSAU	690	84450	187	261	0	0	0	76	1	3003	6	0	212	28
43	910	OKALOOSA	1127	89816	144	875	0	0	0	185	44	16683	83	4761	474	20
43	930	OKEECHOBEE	265	29505	156	39	0	0	0	0	1	460	6	0	27	72
43	950	ORANGE/MOSQUITO	3280	169779	209	287	0	0	0	37	0	1577	66	1	6	269
43	970	OSCEOLA	546	89123	469	91	0	0	0	1	0	452	0	0	15	80
43	990	PALM BEACH	1288	65151	206	282	0	0	0	0	0	110	13	0		339
43	1010	PASCO	1262	58737	425	188	0	0	0	5	3	2713	218	2	72	85
43	1030	PINELLAS	769	31080	101	187	0	0	0	0	1	119	20	0	14	146
43	1050	POLK	4080	347579	936	832	0	0	0	0	0	5867	193	0	81	469
43	1070	PUTNAM	1016	47810	284	414	0	0	0	7	0	4481	0	0	98	95
43	1090	ST JOHNS	513	48502	152	513	0	0	0	9	11	5424	15	0	68	93
43	1110	ST LUCIE	395	12658	24	21	0	0	0	0	0	0	0	0	0	112
43	1130	SANTA ROSA	1266	94504	333	1193	0	0	0	17	6	21009	184	10423	674	18
43	1150	SARASOTA	183	13470	65	28	0	0	0	0	0	52	0	0	8	111
43	1170	SEMINOLE	980	72438	122	727	0	0	0	13	0	2341	4	0	2	182
43	1190	SUMTER	1071	57297	679	440	0	0	0	197	0	7747	52	45	163	62
43	1210	SUWANNEE	1810	251815	415	2039	0	0	0	168	13	49761	1278	5051	392	51
43	1230	TAYLOR	591	55752	149	431	0	0	24	37	0	8226	256	187	153	9
43	1250	UNION	567	77624	207	620	0	0	2	134	0	13207	1086	98	415	23
43	1270	VOLUSIA	2983	76796	136	333	0	0	0	9	0	1632	94	5	40	113
43	1290	WAKULLA	371	33393	83	242	0	0	0	9	0	6788	33	160	104	2
43	1310	WALTON	1480	81823	171	1000	0	0	3	96	27	22620	374	4248	649	16
43	1330	WASHINGTON	1238	76648	261	969	0	0	0	243	48	22976	169	3221	774	11
44	0	GEORGIA	250544	25296522	25180	333529	168528	0	77370	278683	1072	4356309	42350	2157099	37133	18
44	10	APPLING	1475	198847	218	1649	31	0	6	1270	4	28512	190	8364	473	7
44	30	ATKINSON	728	82865	77	936	13	0	16	1087	14	15281	20	3395	219	4
44	50	BACON	855	113222	72	1039	2	0	6	496	4	17153	49	4648	289	2
44	70	BAKER	1144	116871	162	1605	0	0	53	229	4	25704	51	9184	463	28
44	90	BALDWIN	1020	125234	156	1493	394	0	370	794	0	21617	0	9132	153	19
44	110	BANKS	1698	126058	119	1763	2124	0	917	2413	0	16569	75	11357	0	50
44	130	BARROW	1896	96437	129	2247	3012	0	1181	2191	0	19102	181	17772	0	25
44	150	BARTOW/CASS	2373	211264	196	3584	1219	0	359	470	0	26094	112	29101	0	134
44	170	BEN HILL	923	118716	132	1437	46	0	18	1590	28	21427	63	10369	180	15
44	190	BERRIEN	1724	201606	156	2662	2	0	66	3261	10	39900	175	8203	600	15
44	210	BIBB	1295	100003	92	1259	235	0	371	1074	0	12845	569	4579	106	53
44	230	BLECKLEY	1095	129313	121	1918	39	0	347	2243	0	35637	0	15387	140	28
44	250	BRANTLEY	813	101368	131	560	0	0	0	544	1	9340	22	178	287	7
44	270	BROOKS	2327	271515	192	3455	0	0	283	2658	10	55603	595	16198	960	42
44	290	BRYAN	543	82796	92	447	2	0	17	589	113	7332	58	1211	111	6
44	310	BULLOCH	3293	355275	197	4861	317	0	227	3606	35	79250	2659	36547	685	45
44	330	BURKE	3199	381762	345	5650	1254	0	2111	7044	0	77851	500	53337	197	40
44	350	BUTTS	1220	97050	113	1586	2051	0	676	1432	0	15508	203	10247	28	19
44	370	CALHOUN	1387	124194	76	1970	6	0	25	355	0	22391	376	9649	429	25
44	390	CAMDEN	412	108687	121	119	0	0	8	178	53	1859	1	23	73	16
44	430	CANDLER	1128	126188	73	1801	43	0	55	1048	5	29938	128	12572	315	56
44	450	CARROLL	4699	293529	365	6039	3269	0	731	5066	0	60449	151	44373	9	4
44	470	CATOOSA	1182	84741	242	1620	85	0	34	93	0	10840	118	5528	0	52
44	490	CHARLTON	322	115154	105	230	0	0	0	378	0	3938	6	39	116	32
44	510	CHATHAM	399	58686	121	403	0	0	1	447	42	4571	161	156	112	10
44	530	CHATTAHOOCHEE	334	79118	25	431	6	0	12	93	0	7456	0	3172	45	28
44	550	CHATTOOGA	1450	154883	278	2387	68	0	98	253	0	19490	142	11866	0	3
44	570	CHEROKEE	2530	231746	207	2613	1680	0	162	1077	0	25279	111	16089	0	72
44	590	CLARKE	939	66232	109	1154	1884	0	640	1131	0	8993	374	8409	0	65
44	610	CLAY	978	125087	124	1344	3	0	13	265	0	15712	42	7733	295	40
44	630	CLAYTON	1353	83738	86	1432	1456	0	264	1665	0	13403	134	7551	9	22
44	650	CLINCH	341	44276	64	293	0	0	0	402	2	4383	123	190	129	37
44	670	COBB	3292	176264	339	3529	1898	0	164	2182	0	29696	161	21721	0	2
44	690	COFFEE	2090	283954	129	2973	33	0	260	3724	17	51078	279	14194	665	86
44	710	COLQUITT	2981	288022	342	4715	14	0	76	2906	4	72253	743	29715	990	22
44	730	COLUMBIA	1394	140538	139	1631	1120	0	447	3265	0	19036	526	11656	30	38
44	750	COOK	1320	132180	125	1785	0	0	67	1427	3	27401	109	6262	571	20
44	770	COWETA	2271	219383	137	3135	2413	0	1362	2933	0	36596	696	20815	16	18
44	790	CRAWFORD	882	139238	37	1293	635	0	45	1573	2	18295	0	7777	190	66
44	810	CRISP	1368	153258	106	2512	397	0	746	1504	3	29285	118	16375	266	33
44	830	DADE	555	52892	160	566	774	0	46	17	0	5417	2	1163	22	61
44	850	DAWSON	729	83406	46	716	676	0	84	166	0	9986	7	2962	0	28
44	870	DECATUR	2016	250355	631	2456	4	0	333	940	1	54158	569	8335	1108	32
44	890	DE KALB	2693	124447	303	2035	1591	0	336	1616	0	18875	1699	9631	1	30
44	910	DODGE	2523	249691	164	4285	52	0	16	1591	2	84804	71	33474	926	97
44	930	DOOLY	2023	222282	224	3840	1526	0	1405	3816	0	51461	1602	31679	473	11
44	950	DOUGHERTY	820	124589	118	1070	4	0	90	559	0	14398	155	5114	153	40
44	970	DOUGLAS	1423	106816	101	1556	611	0	87	964	0	15909	49	9766	0	82
44	990	EARLY	2375	197879	272	3746	0	0	10	666	4	49679	522	25122	886	25
44	1010	ECHOLS	250	70223	49	232	0	0	0	392	0	4973	51	378	71	34
44	1030	EFFINGHAM	1024	179546	140	1172	14	0	9	898	88	18090	54	4332	390	1
44	1050	ELBERT	2276	179974	196	2932	3758	0	2710	4990	0	24171	366	22339	0	21
44	1070	EMANUEL	2821	321311	138	4427	261	0	11	3817	44	80189	1692	39754	910	54
44	1090	EVANS	678	76913	59	1033	4	0	61	485	7	17439	397	6575	212	15
44	1110	FANNIN	1896	149789	212	1008	211	0	2	41	0	14342	0	0	0	4
44	1130	FAYETTE	1467	107828	80	1886	1772	0	274	2102	0	19742	106	12904	34	21
44	1150	FLOYD	2835	241735	355	3963	492	0	331	873	0	30222	262	23452	12	19
44	1170	FORSYTH	2116	142759	148	2407	2599	0	276	1181	0	21693	48	16688	0	140
44	1190	FRANKLIN	2355	149387	185	3272	5704	0	4487	4280	0	23705	195	23591	0	53
44	1210	FULTON	3605	210787	346	3754	2159	0	485	3858	0	33527	1275	19783	7	77
44	1230	GILMER	1379	167133	112	917	127	0	2	84	0	13056	7	532	0	56
44	1250	GLASCOCK	684	67276	25	979	883	0	30	818	0	15556	18	8744	6	19
44	1270	GLYNN	299	60359	75	88	0	0	8	237	12	1158	2	20	54	6
44	1290	GORDON	2632	204018	494	3385	970	0	101	167	0	26143	79	20952	0	9
44	1310	GRADY	2175	229033	327	2996	2	0	222	1540	0	48565	307	7895	3854	99
44	1330	GREENE	1761	198196	268	2399	3780	0	998	2900	0	22272	327	11838	2	54
44	1350	GWINNETT	3811	241357	262	4791	4685	0	539	3426	0	44977	110	30292	0	40
44	1370	HABERSHAM	1401	115541	147	1277	1000	0	133	509	0	15427	9	3223	0	66
44	1390	HALL	3257	233493	253	3041	3865	0	519	2084	0	29859	404	20900	0	78
44	1410	HANCOCK	1780	200723	255	2288	1630	0	360	2086	0	32075	979	15353	186	62
44	1430	HARALSON	1982	146855	177	2164	540	0	62	602	2	20622	121	12775	0	34
44	1450	HARRIS	1462	194499	167	1653	224	0	108	1132	0	25251	132	10370	159	30
44	1470	HART	2549	153304	222	3091	5114	0	4045	5713	0	24568	167	28818	0	16
44	1490	HEARD	1657	149459	89	2029	632	0	126	2063	0	24473	163	14628	34	65
44	1510	HENRY	2314	186951	149	3382	5647	0	1108	4479	0	35655	174	27597	29	18
44	1530	HOUSTON	1120	194393	104	2086	2908	0	1331	1730	0	31653	0	16476	204	63
44	1550	IRWIN	1622	200419	114	2730	57	0	250	2686	6	39072	394	17661	470	65
44	1570	JACKSON	2826	193484	150	3747	5140	0	2292	4799	0	30488	351	28018	0	34
44	1590	JASPER	1157	166608	117	1693	2297	0	407	2316	0	17702	804	11008	31	54
44	1610	JEFF DAVIS	1023	117322	114	1213	2	0	10	1288	0	18056	5	4077	312	50
44	1630	JEFFERSON	2393	281442	180	4067	3633	0	526	4605	2	66279	227	34000	374	9
44	1650	JENKINS	1468	164013	93	2361	37	0	522	2569	1	37264	60	21784	241	38
44	1670	JOHNSON	1779	177791	94	2657	173	0	488	2173	0	53636	80	23102	261	14
44	1690	JONES	1176	178433	134	1372	416	0	34	1100	0	17114	354	5701	78	13
44	1710	LAMAR	883	101022	33	1435	1985	0	799	1921	0	16216	85	9310	7	76
44	1730	LANIER	587	77573	88	746	5	0	28	1120	2	10911	34	1666	246	50
44	1750	LAURENS	3959	417364	414	6223	520	0	1572	7063	0	111434	557	54765	813	6
44	1770	LEE	971	162253	115	1425	85	0	808	656	0	17903	91	5504	37	37
44	1790	LIBERTY	980	139116	269	469	0	0	22	509	370	8231	9	744	198	69
44	1810	LINCOLN	1614	122148	46	1785	2465	0	1440	4696	0	17409	103	11797	4	18
44	1830	LONG	529	79720	89	416	0	0	9	500	0	7452	13	1122	194	24
44	1850	LOWNDES	1842	225676	205	2390	5	0	158	2002	11	36446	374	7705	600	1
44	1870	LUMPKIN	865	69943	79	635	264	0	31	221	0	9281	0	1566	0	35
44	1890	MCDUFFIE	1312	114840	92	1834	1069	0	234	2380	0	21752	309	14363	48	16
44	1910	MCINTOSH	328	38335	145	53	0	0	4	60	30	1202	0	15	54	8
44	1930	MACON	1628	218467	174	2863	1735	0	1636	2907	0	45327	157	28098	193	6
44	1950	MADISON	2358	173120	185	3191	8301	0	3659	4402	2	27722	236	25075	0	85
44	1970	MARION	955	183688	61	1285	130	0	98	658	0	23739	232	10298	147	53
44	1990	MERIWETHER	2286	239957	115	3402	1961	0	944	2838	0	44504	343	24638	67	3
44	2010	MILLER	1415	109273	311	1814	0	0	52	257	0	30617	185	10448	382	66
44	2050	MITCHELL	2839	265488	437	4004	20	0	208	1337	0	64171	1088	23484	950	18
44	2070	MONROE	1285	191610	134	1596	1681	0	778	1468	0	16928	444	8576	124	52
44	2090	MONTGOMERY	1177	120507	109	1653	123	0	103	1005	5	32445	116	12673	340	76
44	2110	MORGAN	1732	176334	136	2691	3132	0	1537	2512	0	25793	344	20308	0	54
44	2130	MURRAY	1581	143446	282	1742	717	0	24	48	0	16017	62	9719	0	10
44	2150	MUSCOGEE	659	79504	95	727	36	0	57	669	0	11422	127	3450	86	83
44	2170	NEWTON	1577	139939	90	2366	2504	0	1059	2965	0	23102	503	16886	16	110
44	2190	OCONEE	1354	107219	83	2112	3814	0	1082	3302	2	19046	28	15443	0	15
44	2210	OGLETHORPE	2233	223090	245	3004	5902	0	2995	2897	8	27238	713	20919	0	36
44	2230	PAULDING	2088	155713	133	2534	661	0	50	1128	0	22821	108	15563	0	41
44	2250	PEACH	688	81128	26	1328	2677	0	783	1386	0	17332	107	10506	45	62
44	2270	PICKENS	1212	98790	80	993	343	0	5	83	0	10009	0	5696	0	16
44	2290	PIERCE	1458	165244	124	1764	10	0	0	989	0	29107	28	5165	721	82
44	2310	PIKE	1396	117241	49	2045	2357	0	960	2680	0	23863	54	16022	122	16
44	2330	POLK	1933	136056	197	2581	797	0	189	921	0	21744	154	18181	0	10
44	2350	PULASKI	987	114173	113	1708	181	0	173	1470	0	24056	29	13856	183	53
44	2370	PUTNAM	1115	181981	182	1369	1275	0	371	1363	0	13611	343	7472	37	47
44	2390	QUITMAN	362	69145	51	496	0	0	10	123	0	7179	253	3678	76	19
44	2410	RABUN	955	55886	127	517	40	0	0	26	0	6630	48	0	0	31
44	2430	RANDOLPH	2013	254724	122	3060	195	0	421	1243	0	37967	503	21859	352	15
44	2450	RICHMOND	1147	124437	89	1641	973	0	1563	2398	0	18413	487	9544	47	20
44	2470	ROCKDALE	793	64749	59	1083	842	0	160	1137	0	12472	110	8638	0	32
44	2490	SCHLEY	872	92283	21	1141	291	0	252	587	0	16831	0	8790	68	39
44	2510	SCREVEN	2750	326046	153	4303	443	0	635	4873	44	76841	1415	32780	707	12
44	2530	SEMINOLE	936	132744	346	1404	0	0	493	465	3	26048	921	7727	377	16
44	2550	SPALDING	1011	99302	57	1539	2358	0	1181	2029	0	16071	40	11454	13	11
44	2570	STEPHENS	1206	90757	145	1124	1514	0	620	1391	0	11012	54	7061	0	30
44	2590	STEWART	1069	233160	133	1504	32	0	798	1009	0	23693	56	11301	197	93
44	2610	SUMTER	1931	262374	157	3740	2772	0	1382	5156	0	44193	490	25752	590	28
44	2630	TALBOT	991	147742	65	1220	362	0	43	1573	0	17645	14	7201	57	26
44	2650	TALIAFERRO	944	92881	211	1052	1226	0	227	1404	0	10212	140	8252	5	78
44	2670	TATTNALL	1738	200473	76	2355	76	0	34	1758	18	43923	225	11377	474	34
44	2690	TAYLOR	1282	187766	63	1926	848	0	360	1527	0	33396	72	16014	224	15
44	2710	TELFAIR	1745	169546	176	2354	53	0	18	2246	1	48445	147	14912	728	15
44	2730	TERRELL	2014	191020	71	3075	738	0	531	2598	0	34160	7	19874	303	30
44	2750	THOMAS	2292	242763	272	3323	0	0	140	2327	7	52318	416	13498	1525	16
44	2770	TIFT	1254	135611	110	2200	89	0	367	2116	5	25266	408	11005	359	40
44	2790	TOOMBS	1594	162905	77	2234	113	0	68	1227	0	38397	171	18035	531	60
44	2810	TOWNS	840	51255	138	580	935	0	4	21	0	7760	4	0	0	37
44	2830	TREUTLEN	866	95630	65	1273	16	0	8	918	0	24306	505	11713	285	16
44	2850	TROUP	1925	200265	219	2238	268	0	295	1875	0	29027	491	17367	272	5
44	2870	TURNER	1217	130465	116	2214	205	0	308	842	1	27047	343	13799	123	5
44	2890	TWIGGS	939	111243	72	1261	18	0	76	1132	0	22917	133	9140	153	40
44	2910	UNION	1345	101799	166	974	743	0	10	80	0	13633	8	0	0	40
44	2930	UPSON	1258	149184	72	1745	1015	0	293	1648	0	21763	73	8006	124	22
44	2950	WALKER	2616	200250	663	2724	405	0	168	151	0	24458	161	11019	0	8
44	2970	WALTON	2676	192993	140	4075	5366	0	2495	4160	0	39423	167	34391	0	80
44	2990	WARE	1082	116037	131	972	0	0	37	2040	3	16400	49	2043	486	89
44	3010	WARREN	1468	141626	97	2175	1743	0	164	2295	0	26741	565	20613	42	64
44	3030	WASHINGTON	3112	365404	249	4593	1945	0	1502	4861	0	80337	610	31222	288	17
44	3050	WAYNE	1029	171258	132	1293	0	0	19	1752	2	24395	351	5697	282	13
44	3070	WEBSTER	729	116910	74	998	89	0	24	436	0	15695	0	5703	136	51
44	3090	WHEELER	1186	133574	98	1733	100	0	93	1368	1	33325	209	13926	427	12
44	3110	WHITE	1012	80082	142	880	725	0	130	436	8	11841	3	2638	0	16
44	3130	WHITFIELD	2031	158995	415	2313	475	0	50	171	0	20239	35	10860	0	10
44	3150	WILCOX	1707	175433	80	2877	341	0	374	3380	19	43236	315	25392	517	13
44	3170	WILKES	2261	227214	188	2992	4445	0	2398	3500	0	29619	643	19996	1	76
44	3190	WILKINSON	1180	210507	111	1528	158	0	68	937	0	33223	159	8352	313	24
44	3210	WORTH	2480	256117	196	4295	91	0	175	1740	7	60193	156	27557	786	65
45	0	LOUISIANA	170216	10444288	121358	198748	73	0	10699	21350	358804	1585306	10772	1186488	268200	28
45	10	ACADIA	3850	304961	5908	6570	0	0	10	12	91823	25498	17	24652	442	-5821
45	30	ALLEN	1269	98390	1961	890	0	0	0	130	8739	9179	5	3848	223	
45	50	ASCENSION	1415	85363	1272	1354	0	0	0	0	2695	14360	30	401	4834	767
45	70	ASSUMPTION	423	101383	388	2377	0	0	0	146	352	15708	214	20	22531	81
45	90	AVOYELLES	5847	178063	4916	5844	0	0	117	57	1008	54191	28	36755	5339	40
45	110	BEAUREGARD	1551	89032	1870	884	0	0	7	69	0	9014	20	4030	139	75
45	130	BIENVILLE	3767	267907	1053	3936	0	0	50	1176	0	42997	182	44359	543	44
45	150	BOSSIER	4481	239979	1634	5083	0	0	89	433	0	29924	19	44710	184	23
45	170	CADDO	7115	308529	2584	7399	0	0	97	344	0	44347	285	75915	255	7
45	190	CALCASIEU	1931	225566	4291	1882	0	0	6	1	35044	13296	28	4167	186	81
45	210	CALDWELL	1370	90613	702	1472	0	0	0	90	0	12565	5	9711	358	100
45	230	CAMERON	892	129355	3372	484	0	0	0	0	6662	6159	2	5265	78	289
45	250	CATAHOULA	2203	109538	1530	2257	0	0	150	83	40	21005	42	16213	257	23
45	270	CLAIBORNE	4982	403197	1137	5482	0	0	220	3120	0	59325	42	55638	710	54
45	290	CONCORDIA	1936	170122	2039	1994	0	0	519	143	0	15885	440	16371	36	55
45	310	DE SOTO	4744	297047	2355	4381	10	0	47	412	0	35562	1115	45770	258	12
45	330	EAST BATON ROUGE	2557	165862	2212	1802	0	0	1	313	333	18728	44	6288	853	47
45	350	EAST CARROLL	2940	141596	826	3506	0	0	360	470	0	23135	34	30510	24	34
45	370	EAST FELICIANA	2509	224999	1905	2339	2	0	116	99	42	27250	441	13913	344	63
45	390	EVANGELINE	5017	193714	6764	3920	0	0	0	85	11354	55840	453	34667	536	65
45	410	FRANKLIN	6200	231203	2861	6644	0	0	829	798	0	54275	48	58552	254	36
45	430	GRANT	2147	105205	1433	1896	0	0	98	122	0	14292	33	10439	583	83
45	450	IBERIA	1538	130379	1139	4307	0	0	0	3	3299	22507	0	515	31299	54
45	470	IBERVILLE	923	103662	1076	2605	0	0	0	0	1569	16668	472	779	21148	12
45	490	JACKSON	1628	123345	632	1599	0	0	144	534	0	15614	8	14041	345	68
45	510	JEFFERSON	413	7981	140	323	0	0	0	4	0	70	215	15	0	50
45	530	JEFFERSON DAVIS	1754	309010	4944	2751	0	0	0	15	79038	13831	26	7196	131	8
45	550	LAFAYETTE	3677	155054	4135	7081	0	0	0	9	7201	50284	161	28681	16208	26
45	570	LAFOURCHE	1222	219751	408	3294	0	0	0	70	280	29355	0	960	15820	665
45	590	LA SALLE	956	48345	1099	335	0	0	0	51	0	5135	33	2673	320	31
45	610	LINCOLN	3396	250859	949	4073	0	0	54	2471	0	35946	6	36574	196	95
45	630	LIVINGSTON	2588	101219	1414	944	0	0	0	23	39	9186	104	569	530	5
45	650	MADISON	2321	149404	933	2777	0	0	1900	49	0	19461	112	21478	59	8
45	670	MOREHOUSE	3748	204894	1821	5125	0	0	259	284	0	38086	19	36779	179	15
45	690	NATCHITOCHES	6109	296265	4289	7143	0	0	42	258	0	49488	195	52062	867	67
45	710	ORLEANS	312	8080	79	100	0	0	0	0	0	234	3	0	0	44
45	730	OUACHITA	2883	161180	1008	2857	0	0	320	818	0	24743	135	22632	304	57
45	750	PLAQUEMINES	704	26241	327	389	0	0	0	0	0	1203	2	0	3	5
45	770	POINTE COUPEE	2804	191593	2988	3363	0	0	7	21	0	34273	70	15363	11456	58
45	790	RAPIDES	4931	269291	3621	5669	0	0	596	694	226	41537	240	31090	4369	43
45	810	RED RIVER	2972	163129	1324	2813	0	0	64	157	0	24227	51	34625	144	45
45	830	RICHLAND	4764	195693	1982	5363	0	0	1050	564	0	40913	69	49407	281	115
45	850	SABINE	3533	208939	1753	2798	0	0	0	444	0	28312	153	22044	598	23
45	870	ST BERNARD	272	11742	83	243	0	0	0	0	0	104	119	0	0	39
45	890	ST CHARLES	328	26268	241	558	0	0	0	15	0	773	1629	0	1941	7
45	910	ST HELENA	1621	105868	991	937	0	0	0	43	2	15534	5	4610	348	41
45	930	ST JAMES	675	61231	449	1455	0	0	0	40	4317	10318	223	30	8532	27
45	950	ST JOHN THE BAPTI	305	47535	151	1366	0	0	0	137	1007	6836	149	8	9492	2
45	970	ST LANDRY	7845	296986	8727	11780	0	0	18	33	8962	89094	150	58966	4076	43
45	990	ST MARTIN	2762	108946	1741	5336	0	0	0	2	2680	35961	133	9764	19175	22
45	1010	ST MARY	509	120382	232	2310	0	0	0	1	2784	12253	435	139	27197	125
45	1030	ST TAMMANY	1610	62195	1044	438	0	0	0	25	105	6847	12	759	302	32
45	1050	TANGIPAHOA	4792	175194	1712	3188	0	0	104	273	35	20960	106	5610	687	92
45	1070	TENSAS	2499	208155	1549	3104	1	0	2205	377	0	21741	1269	25354	31	61
45	1090	TERREBONNE	1151	141391	260	2682	0	0	0	17	8	16845	151	0	19284	45
45	1110	UNION	3485	273734	1089	4089	0	0	40	889	0	43206	12	34372	287	108
45	1130	VERMILLION	3959	312740	5010	7285	0	0	0	22	89123	33875	103	17248	16167	69
45	1150	VERNON	2506	118534	2097	979	0	0	3	67	0	16358	14	8959	345	10
45	1170	WASHINGTON	2977	184942	1060	2671	0	0	19	79	35	41681	130	21362	1433	655
45	1190	WEBSTER	3788	258248	1045	4101	0	0	75	3001	0	40084	449	37310	732	15
45	1210	WEST BATON ROUGE	464	38999	633	1337	0	0	0	7	0	10854	31	968	11372	46
45	1230	WEST CARROLL	2830	118680	1292	3710	0	0	896	1075	0	26971	26	25505	162	18
45	1250	WEST FELICIANA	1446	166779	1774	1522	60	0	176	63	2	15383	20	5435	3001	36
45	1270	WINN	2070	119801	1104	1552	0	0	11	612	0	16020	5	10412	412	14
46	0	MISSISSIPPI	311683	19655413	76508	350481	837	0	12620	31666	500	3014507	9985	2528432	34313	52
46	10	ADAMS	1911	166311	1527	1681	0	0	8	81	0	12166	231	10083	78	893
46	30	ALCORN	2958	211587	656	4169	0	0	0	93	0	33245	37	21256	0	
46	50	AMITE	3803	291869	1310	3394	0	0	85	197	24	42612	85	24548	736	22
46	70	ATTALA	4736	374023	1230	4749	0	0	240	459	0	51898	608	27609	724	100
46	90	BENTON	2258	211203	591	2881	3	0	0	0	0	23230	110	13927	0	30
46	110	BOLIVAR	13003	414668	822	16961	160	0	910	959	0	85252	135	176998	10	110
46	130	CALHOUN	3204	250444	957	4464	0	0	25	164	0	44776	249	19923	33	44
46	150	CARROLL	3929	303407	1103	4581	9	0	0	37	0	41593	164	25892	354	260
46	170	CHICKASAW	3172	223147	1096	4199	0	0	0	50	0	36328	99	25848	13	165
46	190	CHOCTAW	2168	190102	676	2424	5	0	127	512	0	24486	9	10441	215	57
46	210	CLAIBORNE	2230	256083	1566	2026	0	0	156	27	0	18271	28	12430	163	59
46	230	CLARKE	2721	208047	878	2017	0	0	21	611	11	29613	23	13815	856	55
46	250	CLAY	2851	222643	883	3517	0	0	40	55	0	28822	197	20693	7	36
46	270	COAHOMA	8147	284313	406	9756	69	0	360	296	0	60978	180	105951	0	21
46	290	COPIAH	5364	356267	1656	4774	0	0	8	100	1	37852	84	19935	828	59
46	310	COVINGTON	2493	177465	401	2806	0	0	13	727	2	33439	69	19771	948	184
46	330	DE SOTO	5443	276437	1392	6649	0	0	2	155	0	40730	261	49003	0	72
46	350	FORREST	1143	104003	371	990	0	0	125	243	13	13196	176	4977	550	30
46	370	FRANKLIN	2026	209603	866	1622	0	0	92	0	6	19293	15	9791	448	87
46	390	GEORGE	1034	69701	336	966	0	0	3	136	19	13330	60	4160	723	39
46	410	GREENE	1088	107742	310	839	0	0	17	335	30	12555	29	3180	543	23
46	430	GRENADA	2287	196347	904	2621	0	0	11	70	0	27892	187	18351	24	18
46	450	HANCOCK	756	39253	388	182	0	0	0	3	18	2503	5	306	267	24
46	470	HARRISON	1231	67006	403	329	0	0	0	16	9	3273	43	175	198	38
46	490	HINDS	7301	437084	2745	6682	2	0	343	382	1	60467	529	53142	768	29
46	510	HOLMES	6981	374633	1172	7796	0	0	62	129	0	60208	379	58399	268	94
46	530	HUMPHREYS	4638	172717	209	5774	0	0	301	28	0	36217	71	57500	12	75
46	550	ISSAQUENA	1325	86810	494	1278	10	0	584	133	0	12517	32	14756	6	96
46	570	ITAWAMBA	3771	273966	865	4136	4	0	0	74	0	40958	17	21348	24	36
46	590	JACKSON	1078	73826	327	277	0	0	0	7	7	3219	24	238	285	80
46	610	JASPER	3530	274378	1018	3268	0	0	108	1469	0	43261	44	20148	1171	92
46	630	JEFFERSON	2804	234167	1721	2574	0	0	8	47	0	23071	147	13730	222	78
46	650	JEFFERSON DAVIS	2958	176562	430	3774	0	0	95	1133	2	41369	9	25181	1225	19
46	670	JONES	4037	270304	962	4194	0	0	11	2563	1	44489	36	26508	1729	30
46	690	KEMPER	4175	314135	986	4400	0	0	2	284	0	50163	89	27423	777	24
46	710	LAFAYETTE	3709	341816	1074	5067	0	0	0	1	0	45830	33	21056	6	37
46	730	LAMAR	1374	112133	376	1455	0	0	12	350	30	17876	53	9158	646	11
46	750	LAUDERDALE	3767	288503	775	3297	0	0	24	542	1	37738	16	19751	1084	97
46	770	LAWRENCE	2348	172022	509	2339	0	0	0	348	2	28141	14	17862	732	26
46	790	LEAKE	3989	240089	1257	3734	0	0	35	762	0	40190	26	28279	804	37
46	810	LEE	5289	246742	1318	6859	0	0	5	62	0	49018	94	41207	0	26
46	830	LEFLORE	8083	303467	354	10110	50	0	379	427	0	63769	291	95648	25	71
46	850	LINCOLN	3916	297748	1172	3550	0	0	114	515	2	41521	217	24445	841	56
46	870	LOWNDES	3943	264781	1210	4995	0	0	65	1381	0	40051	40	32571	47	156
46	890	MADISON	6594	385352	1602	7443	0	0	2030	762	0	63493	118	53419	983	70
46	910	MARION	3000	186982	710	2860	0	0	52	455	52	35168	68	21979	1594	114
46	930	MARSHALL	5202	391889	1193	6408	2	0	4	7	0	44464	34	37786	0	129
46	950	MONROE	5392	406505	1433	7270	0	0	201	658	0	63297	190	42520	25	17
46	970	MONTGOMERY	2436	221029	508	3117	1	0	8	74	0	27187	103	17058	142	50
46	990	NESHOBA	4603	268625	1029	4805	0	0	69	1008	0	48714	254	34161	1029	224
46	1010	NEWTON	3988	291542	1136	4091	2	0	106	1439	1	46088	82	25018	1011	41
46	1030	NOXUBEE	4711	297218	2028	5322	0	0	14	334	0	42843	456	37050	290	65
46	1050	OKTIBBEHA	3502	233768	1208	3494	0	0	4	102	0	34011	182	16189	144	41
46	1070	PANOLA	6317	393379	1746	7661	3	0	0	119	0	52953	122	52281	11	67
46	1090	PEARL RIVER	1418	127072	657	1118	0	0	313	330	40	14859	371	2651	863	36
46	1110	PERRY	1227	108589	348	921	0	0	0	235	88	13654	37	4707	684	90
46	1130	PIKE	3460	221752	904	3143	0	0	137	382	3	34202	117	22880	1141	57
46	1150	PONTOTOC	4123	271937	1627	5374	6	0	3	75	0	46843	621	29953	73	27
46	1170	PRENTISS	3385	222289	1086	4631	0	0	0	45	0	36540	75	22863	1	32
46	1190	QUITMAN	5336	171100	157	5953	0	0	0	128	0	40116	19	59010	23	65
46	1210	RANKIN	3884	300274	1014	3612	0	0	317	820	23	35000	57	20151	861	34
46	1230	SCOTT	3540	214402	1162	3429	18	0	124	708	1	37455	24	22089	819	65
46	1250	SHARKEY	2754	99953	387	3751	17	0	445	240	0	26744	99	35556	70	58
46	1270	SIMPSON	3265	209141	740	3440	0	0	7	824	12	35689	85	20571	1058	23
46	1290	SMITH	3277	204442	699	3426	0	0	148	716	8	37608	41	22107	1134	115
46	1310	STONE	678	58898	291	369	0	0	2	28	61	6460	3	1019	379	19
46	1330	SUNFLOWER	12374	420834	447	15198	465	0	2882	1567	0	95576	314	172645	50	23
46	1350	TALLAHATCHIE	6243	306647	558	8143	0	0	39	44	0	53986	132	67009	9	19
46	1370	TATE	4427	237139	1095	5069	0	0	0	41	0	31919	31	32919	2	174
46	1390	TIPPAH	3415	266543	871	5268	0	0	0	29	0	37936	26	24220	0	123
46	1410	TISHOMINGO	2369	179312	481	2840	3	0	4	194	0	27627	120	16660	1	39
46	1430	TUNICA	4887	190705	217	6064	0	0	0	124	0	36530	50	60288	1	108
46	1450	UNION	3946	227270	971	5602	0	0	0	47	0	43807	43	25251	2	41
46	1470	WALTHALL	3396	205392	745	3597	0	0	32	517	1	44039	71	28504	1548	104
46	1490	WARREN	2604	233224	1316	2304	0	0	4	145	0	15896	16	13276	38	45
46	1510	WASHINGTON	7716	314746	1259	9485	7	0	859	1658	0	63690	210	100537	25	24
46	1530	WAYNE	2265	195506	699	1856	0	0	0	552	30	32342	18	13377	836	50
46	1550	WEBSTER	2429	204423	665	2963	0	0	25	271	0	32132	31	16031	59	285
46	1570	WILKINSON	2160	243647	2171	1971	0	0	124	37	0	21259	0	10413	149	23
46	1590	WINSTON	3400	261587	1075	3394	1	0	124	800	1	43522	266	20828	441	82
46	1610	YALOBUSHA	2710	260397	906	3516	0	0	0	41	0	32427	32	16890	3	11
46	1630	YAZOO	6278	454349	1665	7417	0	0	152	147	0	61025	222	61153	424	53
47	0	NORTH CAROLINA	300967	19936307	66716	295388	495806	0	74769	150345	36	2398119	30930	969710	0	117
47	10	ALAMANCE	2831	230425	1497	2650	12107	0	1566	634	0	22575	779	1553	0	-6122
47	30	ALEXANDER	2166	148966	587	1559	8830	0	464	348	0	15099	440	4450	0	
47	50	ALLEGHANY	1651	135375	1327	149	1384	0	417	384	0	7825	42	0	0	235
47	70	ANSON	3505	280202	533	4316	8814	0	2750	8953	0	32458	156	31731	0	67
47	90	ASHE	4061	257445	2356	210	4215	0	672	1582	0	18846	56	0	0	20
47	110	AVERY	1990	94355	682	166	359	0	191	801	0	6581	18	0	0	148
47	130	BEAUFORT	3553	237497	764	4072	119	0	771	818	0	40386	275	5004	0	25
47	150	BERTIE	3237	258644	415	4642	31	0	42	760	0	26121	140	9585	0	16
47	170	BLADEN	3026	234825	237	2787	49	0	20	802	0	31221	107	7853	0	140
47	190	BRUNSWICK	2079	173239	203	1300	0	0	30	160	15	11457	15	399	0	175
47	210	BUNCOMBE	5519	263817	1595	1851	5770	0	394	880	0	24023	1162	0	0	64
47	230	BURKE	2668	159655	626	1626	7693	0	286	322	0	16705	132	1464	0	36
47	250	CABARRUS	2385	211553	1101	3176	12372	0	4512	2004	0	21624	358	16586	0	112
47	270	CALDWELL	2623	186874	792	1057	5778	0	259	473	0	15290	273	406	0	78
47	290	CAMDEN	879	62953	490	1411	28	0	0	183	0	16472	30	2576	0	298
47	310	CARTERET	885	62330	282	708	0	0	0	143	0	4852	10	587	0	76
47	330	CASWELL	3007	256670	516	3100	7914	0	57	465	0	17425	965	164	0	14
47	350	CATAWBA	3481	213100	1129	3024	16050	0	1993	1641	0	21801	248	16532	0	30
47	370	CHATHAM	3243	309555	1037	3430	17565	0	960	1909	0	27965	520	6213	0	128
47	390	CHEROKEE	2490	169259	402	1161	658	0	57	67	0	19821	106	0	0	200
47	410	CHOWAN	1027	72901	272	1537	0	0	0	80	0	10938	117	4257	0	183
47	430	CLAY	1008	64480	291	541	1687	0	6	48	0	9042	16	0	0	7
47	450	CLEVELAND	5268	264732	362	6913	15080	0	1777	7121	0	44875	88	50775	0	49
47	470	COLUMBUS	4826	265473	330	4852	48	0	4	1129	12	40509	201	3194	0	14
47	490	CRAVEN	2339	149057	409	2476	0	0	2	815	0	22286	54	2450	0	174
47	510	CUMBERLAND	3255	222010	245	3831	917	0	240	2394	0	35962	146	23554	0	79
47	530	CURRITUCK	932	70736	505	1016	4	0	11	94	0	14035	22	1260	0	66
47	550	DARE	126	5249	112	19	0	0	0	0	0	166	15	0	0	74
47	570	DAVIDSON	3641	272685	2279	2626	18191	0	3992	645	0	22192	212	3807	0	45
47	590	DAVIE	1872	146165	1074	1666	8858	0	2956	747	0	14428	304	5896	0	0
47	610	DUPLIN	5627	333774	882	5282	50	0	8	697	0	53148	80	10139	0	424
47	630	DURHAM	1961	146582	597	1842	4190	0	199	798	0	12744	546	1014	0	156
47	650	EDGECOMBE	3514	284034	305	6813	342	0	80	3202	0	39118	1037	26976	0	84
47	670	FORSYTH	3420	217313	1453	2612	11237	0	4392	1129	0	19712	865	674	0	70
47	690	FRANKLIN	4160	255919	458	4676	2094	0	31	1037	0	30823	204	19966	0	98
47	710	GASTON	2871	183553	376	3328	9076	0	1382	2499	0	22913	478	14715	0	394
47	730	GATES	1395	98051	453	1711	0	0	2	52	0	13949	40	5066	0	73
47	750	GRAHAM	861	51344	246	250	53	0	0	27	0	5653	20	0	0	217
47	770	GRANVILLE	3278	287437	919	3695	7273	0	70	1113	0	24709	671	2046	0	77
47	790	GREENE	2832	139010	147	3769	43	0	27	1239	0	27676	107	9548	0	1
47	810	GUILFORD	5145	341247	1982	4252	13797	0	3030	1206	0	31391	1572	865	0	107
47	830	HALIFAX	4048	362141	815	6694	3390	0	243	1706	0	42875	1032	38605	0	53
47	850	HARNETT	4220	228871	294	5094	3096	0	106	4078	0	35132	33	25665	0	533
47	870	HAYWOOD	3197	200028	1905	718	3077	0	338	1782	0	17181	204	0	0	129
47	890	HENDERSON	2690	145428	962	1037	1487	0	21	322	0	18629	322	0	0	80
47	910	HERTFORD	2038	118295	435	2666	21	0	0	289	0	14999	202	5484	0	46
47	930	HOKE	1644	106948	121	2318	2194	0	368	3268	0	20053	40	18603	0	78
47	950	HYDE	1052	66143	654	958	4	0	583	65	0	17552	41	2690	0	80
47	970	IREDELL	4206	342493	1595	4482	26349	0	4257	2539	0	34183	445	25943	0	39
47	990	JACKSON	2701	146741	801	623	1959	0	70	99	0	12629	21	0	0	60
47	1010	JOHNSTON	7617	434804	434	10229	474	0	126	6129	0	65909	748	52019	0	368
47	1030	JONES	1599	135834	179	1852	0	0	0	290	0	19563	208	3376	0	11
47	1050	LEE	1786	123928	244	1677	2713	0	176	1371	0	12335	333	5841	0	173
47	1070	LENOIR	3387	187698	376	4434	46	0	27	1923	0	38582	719	9856	0	18
47	1090	LINCOLN	2938	175725	496	3313	14361	0	1689	2083	0	21757	48	20398	0	32
47	1110	MCDOWELL	1707	119892	298	963	2759	0	55	98	0	11418	57	29	0	78
47	1130	MACON	2283	148609	608	933	2834	0	90	241	0	14062	81	0	0	236
47	1150	MADISON	4195	221537	1328	1724	6950	0	581	851	0	20925	86	0	0	37
47	1170	MARTIN	2683	198109	175	4102	0	0	123	846	0	22067	153	7275	0	33
47	1190	MECKLENBURG	4123	274591	605	5248	8042	0	1456	3466	0	33993	1656	29588	0	15
47	1210	MITCHELL	2043	91979	675	532	1779	0	234	1617	0	8853	7	0	0	145
47	1230	MONTGOMERY	1476	153079	216	1635	8565	0	999	1178	0	12135	88	4445	0	353
47	1250	MOORE	2338	226893	327	2204	8308	0	376	1497	0	18464	248	2709	0	2
47	1270	NASH	5416	301787	352	7380	1725	0	56	4021	0	41276	811	26709	0	107
47	1290	NEW HANOVER	435	21267	67	395	6	0	0	22	6	2396	96	16	0	120
47	1310	NORTHAMPTON	3386	268130	559	5012	258	0	192	1256	0	29036	394	23700	0	89
47	1330	ONSLOW	2734	206571	253	2582	6	0	6	174	0	24560	31	3050	0	57
47	1350	ORANGE	1956	181975	802	1973	8648	0	447	459	0	15764	429	1353	0	133
47	1370	PAMLICO	1077	88664	364	1131	5	0	39	328	0	18247	9	1947	0	42
47	1390	PASQUOTANK	1155	77585	767	1620	36	0	87	273	1	21217	246	2278	0	143
47	1410	PENDER	2508	189973	213	1835	0	0	25	450	0	17501	247	1525	0	27
47	1430	PERQUIMANS	1192	84963	431	1766	12	0	96	149	0	17127	266	6294	0	41
47	1450	PERSON	2672	226109	670	3232	7591	0	149	927	0	19211	101	13	0	72
47	1470	PITT	6384	301758	678	7830	56	0	72	3625	0	54769	567	15126	0	40
47	1490	POLK	1565	103772	125	1316	1688	0	140	717	0	11739	14	6203	0	73
47	1510	RANDOLPH	4888	406121	1404	3946	24421	0	2994	929	0	32632	451	1709	0	175
47	1530	RICHMOND	1952	179458	247	2284	3426	0	512	2822	0	20311	283	14797	0	22
47	1550	ROBESON	7996	415545	559	9955	2183	0	333	9613	2	85806	149	60177	0	397
47	1570	ROCKINGHAM	4423	309521	721	4222	8154	0	274	1072	0	22666	2100	0	0	100
47	1590	ROWAN	3699	272569	1835	3770	23480	0	7729	1312	0	24955	504	19899	0	71
47	1610	RUTHERFORD	4319	271478	447	4305	11116	0	754	3906	0	36019	298	26842	0	193
47	1630	SAMPSON	6311	368012	505	7102	289	0	37	2332	0	60204	174	43503	0	572
47	1650	SCOTLAND	1873	113677	144	2645	2561	0	1032	4298	0	20830	63	24886	0	111
47	1670	STANLY	2728	210597	877	3196	24082	0	4943	842	0	23074	146	12282	0	109
47	1690	STOKES	3867	261163	594	3676	10480	0	374	641	0	21708	453	0	0	39
47	1710	SURRY	4699	282738	809	3697	10606	0	358	854	0	32610	215	0	0	312
47	1730	SWAIN	1733	103931	325	402	342	0	6	121	0	10331	36	0	0	149
47	1750	TRANSYLVANIA	1078	62880	373	313	94	0	7	21	0	9274	57	0	0	89
47	1770	TYRRELL	713	37142	164	843	0	0	3	159	0	8606	20	462	0	10
47	1790	UNION	5074	358685	1277	6392	15816	0	4928	6532	0	44501	196	38980	0	32
47	1810	VANCE	2561	142033	447	2745	2508	0	31	472	0	14776	536	5690	0	12
47	1830	WAKE	5975	408892	747	7008	4839	0	165	2967	0	43159	1066	20466	0	467
47	1850	WARREN	3187	224548	711	3015	4146	0	98	958	0	22355	171	17501	0	37
47	1870	WASHINGTON	1202	70477	264	1295	0	0	22	559	0	12457	136	2336	0	182
47	1890	WATAUGA	2614	166394	1487	259	1096	0	668	1296	0	9772	34	0	0	52
47	1910	WAYNE	5075	273058	596	6722	281	0	179	3196	0	54472	270	28119	0	41
47	1930	WILKES	5630	372849	1348	2194	9899	0	319	418	0	37575	221	152	0	25
47	1950	WILSON	4352	206154	89	6415	250	0	68	5383	0	36118	302	19343	0	105
47	1970	YADKIN	3079	192812	747	2582	11983	0	1585	1010	0	20782	439	521	0	115
47	1990	YANCEY	2851	144762	907	795	2639	0	473	1092	0	12171	0	0	0	86
48	0	SOUTH CAROLINA	165504	12329958	20420	182645	156275	0	93922	325802	3977	1750631	13535	1281826	4404	22
48	10	ABBEVILLE	3207	257232	306	3467	4998	0	3948	6822	0	25650	230	27511	0	5156
48	30	AIKEN	3771	414657	493	4878	4574	0	2024	7219	0	67348	672	37322	202	
48	50	ALLENDALE	1171	131930	137	1933	21	0	760	3457	4	30459	16	14308	56	68
48	70	ANDERSON	7887	436416	452	9064	13995	0	13676	14128	0	59120	496	82891	0	55
48	90	BAMBERG	2154	194894	209	3000	624	0	1206	6808	38	37624	209	21837	378	20
48	110	BARNWELL	2459	250468	266	3593	1038	0	1576	5308	1	51844	59	28935	280	239
48	130	BEAUFORT	2320	204782	1218	773	3	0	38	710	380	13433	197	2668	94	18
48	150	BERKELEY	3128	194102	580	1724	0	0	100	1554	208	25600	104	7265	29	29
48	170	CALHOUN	2231	174677	322	2646	1631	0	3117	6301	22	30263	501	23662	71	63
48	190	CHARLESTON	3733	191837	1314	1636	4	0	6	714	323	19046	160	2317	29	30
48	210	CHEROKEE	3219	212194	149	3937	6975	0	936	4975	0	25571	464	28678	0	67
48	230	CHESTER	2874	295696	265	3831	2950	0	1651	5246	0	28217	602	27276	0	82
48	250	CHESTERFIELD	4064	359693	421	5125	2947	0	908	9219	0	50824	101	43809	3	80
48	270	CLARENDON	4269	232613	439	3909	262	0	849	7640	78	55713	61	27711	114	91
48	290	COLLETON	3685	342228	982	2771	50	0	363	2988	422	41075	138	17610	269	89
48	310	DARLINGTON	3711	241197	486	4842	4093	0	2532	13385	14	48956	623	32410	161	20
48	330	DILLON	3069	196706	227	3931	1060	0	672	10028	8	32187	88	27357	130	28
48	350	DORCHESTER	1884	160111	288	1727	26	0	278	1862	166	23457	19	12846	114	83
48	370	EDGEFIELD	2817	235125	327	3129	4055	0	2335	10042	0	28983	342	21120	19	56
48	390	FAIRFIELD	2275	280146	262	2475	2231	0	909	3126	0	22525	91	18203	50	23
48	410	FLORENCE	6083	378338	656	6827	548	0	620	9204	70	67771	266	26869	396	61
48	430	GEORGETOWN	1312	107258	187	863	0	0	5	180	329	12313	6	1461	20	30
48	450	GREENVILLE	7539	379694	758	7813	8798	0	2279	10951	3	54942	699	51566	1	54
48	470	GREENWOOD	2785	234918	244	3205	4761	0	3352	7396	0	22663	817	22619	18	18
48	490	HAMPTON	1673	155292	254	1866	45	0	488	5042	215	26976	10	11888	25	173
48	510	HORRY	6339	351887	401	5844	12	0	302	2528	68	53115	107	3638	214	79
48	530	JASPER	1404	112068	295	826	0	0	53	389	872	13228	27	3106	144	31
48	550	KERSHAW	3282	346828	465	3550	1059	0	1435	6080	1	40550	334	33310	4	31
48	570	LANCASTER	2918	236091	341	3415	1603	0	773	4971	0	28705	202	22725	4	15
48	590	LAURENS	4454	366501	254	5641	7545	0	4562	12871	0	38831	161	47472	62	54
48	610	LEE	3026	208470	370	3974	3970	0	2946	10662	48	39760	328	39211	250	78
48	630	LEXINGTON	3530	297262	302	4097	9338	0	1970	7884	5	43303	285	22162	120	142
48	650	MCCORMICK	1813	170779	187	1737	1890	0	1397	4099	0	14919	419	12730	5	48
48	670	MARION	2528	160967	366	2745	458	0	222	5265	3	24344	77	12276	96	104
48	690	MARLBORO	3107	223618	509	4212	1877	0	1627	12995	0	32009	0	51903	44	56
48	710	NEWBERRY	3404	322735	241	4274	8254	0	5439	11168	0	34754	436	28064	68	34
48	730	OCONEE	3988	269555	514	4260	4164	0	3909	6009	0	34665	386	25626	0	89
48	750	ORANGEBURG	7538	527106	1294	9052	4349	0	4844	21185	519	101978	596	84579	440	146
48	770	PICKENS	3751	241860	423	4166	4304	0	1887	6156	0	33229	528	25239	0	64
48	790	RICHLAND	3220	251784	587	3267	2120	0	2272	4732	2	30893	585	19068	16	147
48	810	SALUDA	3002	241401	298	3574	8535	0	5104	12836	0	29942	207	20656	35	86
48	830	SPARTANBURG	8463	446043	508	9981	18204	0	2860	15267	1	69001	627	78500	119	116
48	850	SUMTER	4070	280048	611	4977	1877	0	3128	10101	80	57563	443	40365	126	162
48	870	UNION	2599	271169	197	3086	3797	0	498	4357	0	25897	334	21691	0	205
48	890	WILLIAMSBURG	4705	359798	514	4704	45	0	262	3277	97	58417	90	26186	141	53
48	910	YORK	5043	381784	501	6298	7185	0	3804	8665	0	42968	392	43180	57	42
49	0	TEXAS	501017	137597389	686442	889329	3090411	1459	1373035	240816	110500	4479780	157655	10015375	9817	3
49	10	ANDERSON	4417	462569	2548	5854	0	0	38	449	0	38827	1672	46143	103	8412
49	30	ANDREWS	85	704329	612	118	0	0	0	0	0	50	0	306	0	
49	50	ANGELINA	2802	215077	1910	3144	0	0	1	294	0	23469	427	21248	564	12
49	70	ARANSAS	169	98417	302	128	0	0	0	0	0	218	0	2128	0	6
49	90	ARCHER	744	572867	2335	1238	20686	0	14660	2818	0	637	591	10246	0	10
49	110	ARMSTRONG	456	573905	1800	341	98090	0	1121	200	0	153	0	3199	0	52
49	130	ATASCOSA	2531	690715	4062	5718	0	0	0	64	0	32128	509	42396	0	129
49	150	AUSTIN	3308	368631	4288	6476	0	0	0	3	0	41739	93	39295	1	359
49	170	BAILEY	903	424345	2630	1564	10148	0	45	0	0	811	0	38782	0	85
49	190	BANDERA	940	511395	2181	680	294	0	7622	1775	0	6463	2101	272	7	129
49	210	BASTROP	3270	402597	2541	6934	0	0	15	51	0	35165	215	56543	0	217
49	230	BAYLOR	920	362489	2392	2046	30691	75	13910	2165	0	1754	679	39273	0	77
49	250	BEE	1655	450197	2991	4024	0	0	0	0	0	23237	187	42338	0	38
49	270	BELL	4981	622049	3675	12446	7540	0	26010	6484	0	88304	1227	133719	0	122
49	290	BEXAR	4093	585530	4244	8778	2684	0	9495	5573	0	63944	1867	38366	0	143
49	310	BLANCO	694	436508	1756	938	326	0	2930	995	0	11192	20	7041	0	391
49	330	BORDEN	301	612887	1493	516	876	0	0	0	0	13	0	4027	0	482
49	350	BOSQUE	2280	607679	4795	4412	9954	0	45878	3134	0	25094	362	45908	0	42
49	370	BOWIE	5081	407121	3139	7136	0	0	874	1691	0	51630	1224	63285	128	28
49	390	BRAZORIA	2444	642968	6279	4358	0	0	0	1	1580	32425	184	20975	268	221
49	410	BRAZOS	2197	299463	1828	4369	2	0	276	87	0	25999	2056	39332	6	57
49	430	BREWSTER	241	2362319	2985	480	37	0	0	7	0	114	20	96	0	299
49	450	BRISCOE	699	492462	2161	1260	45701	0	260	38	0	3	35	21322	0	45
49	470	BROOKS	488	370706	1640	1175	0	0	0	0	0	2240	23	11796	0	3
49	490	BROWN	2306	546746	5101	2662	14242	77	29898	1462	0	12839	3996	36959	0	192
49	510	BURLESON	2878	327748	2035	6081	0	0	175	42	0	32998	322	57916	58	28
49	530	BURNET	1510	605686	3470	2382	981	0	10338	1240	0	26726	358	23938	2	174
49	550	CALDWELL	2499	282675	1586	7156	0	0	6	93	0	39097	448	69768	2	50
49	570	CALHOUN	537	197931	874	1497	0	0	0	0	0	6884	288	22572	0	69
49	590	CALLAHAN	1623	529855	3625	2287	8811	0	13319	457	0	6842	375	27470	0	92
49	610	CAMERON	5969	368619	5220	8635	0	0	0	0	0	14576	142	48551	0	167
49	630	CAMP	1560	115715	792	2026	0	0	2	396	0	9452	4868	16286	208	80
49	650	CARSON	614	573600	1158	209	179220	0	2612	258	0	0	0	637	0	894
49	670	CASS/DAVIS	5504	455111	1719	6607	0	0	0	1192	0	54469	1728	68576	404	3
49	690	CASTRO	1068	542962	2811	642	174864	0	98	0	0	40	0	7878	0	600
49	710	CHAMBERS	428	166518	1419	498	0	0	0	2	9968	3663	18	1756	0	4
49	730	CHEROKEE	6475	472432	2615	8089	0	0	11	744	0	46776	2876	64627	326	529
49	750	CHILDRESS	1334	399048	2847	3625	10017	0	128	215	0	164	16	41270	0	143
49	770	CLAY	1978	652053	4691	3368	21066	0	38882	5901	0	11010	3096	51225	0	17
49	790	COCHRAN	456	434912	1641	675	770	0	0	0	0	544	349	17557	0	94
49	810	COKE	876	597940	2779	1175	387	0	2902	1518	0	1954	1066	22200	0	202
49	830	COLEMAN	2373	706966	6618	3755	10484	0	42345	763	0	9016	2254	82243	0	69
49	850	COLLIN	5785	497570	3761	11505	34754	0	42596	9508	0	83329	531	141732	6	35
49	870	COLLINGSWORTH	1817	538882	4385	5125	3913	0	246	233	0	4600	87	86598	0	274
49	890	COLORADO	2488	499903	3960	5566	0	0	0	6	9025	28897	1077	34147	0	355
49	910	COMAL	890	323860	1540	2003	1060	0	4524	481	0	17805	32	8756	0	77
49	930	COMANCHE	2878	496036	4540	3873	7138	23	17744	1533	0	23000	311	35152	0	149
49	950	CONCHO	891	607037	2433	870	5040	0	13534	515	0	1522	0	44308	0	122
49	970	COOKE	2841	466182	4596	4191	33749	48	38656	2266	0	18557	4558	52561	0	102
49	990	CORYELL	3320	595883	5216	5842	7874	91	45668	2890	0	51232	643	69230	0	252
49	1010	COTTLE	1177	457166	2099	3501	643	0	30	0	0	183	0	45848	0	392
49	1030	CRANE	106	566270	439	29	0	0	0	0	0	0	0	0	0	236
49	1050	CROCKETT	184	1580068	2317	75	0	0	0	0	0	10	0	0	0	74
49	1070	CROSBY	1389	520798	4058	2376	30046	0	40	69	0	823	321	43021	0	0
49	1090	CULBERSON	58	1386688	793	70	0	0	0	0	0	0	0	0	0	1
49	1110	DALLAM	709	785249	1727	345	4600	0	0	0	0	90	0	0	0	273
49	1130	DALLAS	5106	450296	3671	9295	18513	80	37307	6296	0	48216	2549	85098	5	1
49	1150	DAWSON	1946	549041	5323	3465	4232	0	40	0	0	1207	89	38332	0	434
49	1170	DEAF SMITH	1085	825910	1872	346	58813	0	43	34	0	44	4	289	0	428
49	1190	DELTA	2192	149738	1236	4419	695	0	3243	2854	0	24938	1096	54384	0	172
49	1210	DENTON	3796	533750	5750	6093	50682	0	57362	3700	0	29153	1423	76581	0	519
49	1230	DE WITT	3873	545859	5148	8883	0	0	0	0	0	51126	976	76420	3	32
49	1250	DICKENS	1062	454143	2827	2559	7606	0	0	25	0	463	0	42400	0	530
49	1270	DIMMIT	452	728985	1364	1156	0	0	0	9	0	4120	10	831	0	111
49	1290	DONLEY	1140	568581	3064	2211	9811	0	95	95	0	2914	108	42940	0	76
49	1310	DUVAL	1257	856593	3680	3717	0	0	0	35	0	9495	32	39196	0	82
49	1330	EASTLAND	2420	413943	3438	2529	3279	0	6377	1311	0	12069	752	16966	0	81
49	1350	ECTOR	102	445307	437	104	0	0	0	7	0	25	0	290	0	23
49	1370	EDWARDS	282	1267324	2031	280	0	0	0	0	0	12	0	0	0	78
49	1390	ELLIS	4728	525283	2184	14063	9616	0	43438	10607	0	71837	1086	194822	0	1
49	1410	EL PASO	1548	373975	2054	1963	62	0	60	205	0	2562	1368	29330	0	9
49	1430	ERATH	3048	615824	5367	3677	2239	0	15965	2195	0	26461	1300	44497	0	394
49	1450	FALLS	5051	429757	2916	12435	514	0	6029	2217	0	73059	1258	138379	22	141
49	1470	FANNIN	5815	491778	3506	11627	7060	41	17199	15568	0	83044	347	122444	0	73
49	1490	FAYETTE	5279	538012	6175	10171	0	0	13	242	0	67610	346	75095	33	238
49	1510	FISHER	1828	528761	4070	4379	5932	0	2560	443	0	1634	822	106395	0	114
49	1530	FLOYD	1743	614420	4815	2118	185143	0	166	205	0	71	131	27893	0	236
49	1550	FOARD	830	430737	2311	2016	36367	0	5535	1323	0	740	51	37272	0	96
49	1570	FORT BEND	4296	510045	5458	11315	0	0	0	68	5414	53682	153	89040	42	623
49	1590	FRANKLIN	1641	152802	1515	2042	8	0	910	614	0	12507	551	22504	322	116
49	1610	FREESTONE	3403	363587	2326	6381	0	0	199	318	0	35089	1769	56455	64	258
49	1630	FRIO	1067	666113	2399	2424	0	0	0	85	0	23757	1690	6056	0	11
49	1650	GAINES	459	813140	2881	717	0	0	0	0	0	6256	618	3373	0	4
49	1670	GALVESTON	683	84618	1093	570	0	0	0	0	0	794	5	232	0	45
49	1690	GARZA	608	445454	1812	1558	533	0	0	0	0	739	0	23336	0	14
49	1710	GILLESPIE	1461	655588	4181	2077	3463	0	15565	660	0	19453	3986	16635	0	172
49	1730	GLASSCOCK	169	537559	997	262	0	0	0	36	0	176	0	3328	0	64
49	1750	GOLIAD	1699	470694	2851	3911	0	0	0	1	0	23993	33	31836	0	166
49	1770	GONZALES	4216	606278	4145	9067	0	0	0	26	0	54253	437	80462	0	10
49	1790	GRAY	1109	584478	1797	774	114877	0	308	0	0	504	13	7570	0	39
49	1810	GRAYSON	5493	549014	4607	9827	33211	55	62198	8208	0	56732	1113	99072	0	62
49	1830	GREGG	1701	120720	457	1635	0	0	24	196	0	8518	1070	13622	18	430
49	1850	GRIMES	3123	347270	3135	5561	0	0	0	492	0	34375	176	51732	38	343
49	1870	GUADALUPE	3842	398950	3358	10906	217	0	869	547	0	72730	272	86799	26	11
49	1890	HALE	1859	591102	5279	2225	189648	0	489	71	0	158	84	63196	0	20
49	1910	HALL	1521	469481	2887	4614	390	0	0	37	0	211	0	75416	0	118
49	1930	HAMILTON	2019	487082	4850	3083	8456	18	45168	1934	0	29086	352	45006	0	827
49	1950	HANSFORD	470	537616	703	96	204981	0	229	6	0	20	0	0	0	90
49	1970	HARDEMAN	1408	374301	2837	3791	37640	0	1645	853	0	1176	979	71953	0	138
49	1990	HARDIN	903	52311	1503	341	0	0	2	1	0	4087	43	854	5	421
49	2010	HARRIS	3846	523485	6273	4952	0	0	0	0	8246	32016	691	22442	12	201
49	2030	HARRISON	6749	402035	1622	7762	0	0	13	479	0	46754	1512	72954	164	13
49	2050	HARTLEY	518	997625	2237	455	2620	0	0	0	0	895	0	0	0	358
49	2070	HASKELL	2421	571458	3989	4583	25584	0	8947	1273	0	1053	756	127087	0	18
49	2090	HAYS	1578	417954	1885	3748	10	0	958	892	0	20466	10	30190	2	174
49	2110	HEMPHILL	401	531526	1941	617	19414	0	144	0	0	331	0	7449	0	219
49	2130	HENDERSON	4678	464824	2705	6549	0	0	296	1232	0	46201	568	56552	129	72
49	2150	HIDALGO	6965	661707	6087	8076	0	0	0	0	0	16794	1121	55375	0	162
49	2170	HILL	4841	556920	3596	11900	3271	0	33046	5620	0	78474	604	162524	0	13
49	2190	HOCKLEY	1482	531226	3889	2537	231	0	0	0	0	868	594	70576	0	1283
49	2210	HOOD	1083	231643	1857	1429	899	0	5277	696	0	10138	246	12754	0	339
49	2230	HOPKINS	5067	436433	4625	7219	165	0	11834	3447	0	37965	757	89893	163	194
49	2250	HOUSTON	5187	430637	3274	8163	10	0	4	99	0	56330	2511	70585	468	28
49	2270	HOWARD	1034	542502	3254	2595	1875	0	222	0	0	1521	299	60495	0	19
49	2290	HUDSPETH	159	1409536	1238	748	0	0	0	35	0	124	120	8088	0	28
49	2310	HUNT	5891	487011	4117	11141	3526	0	31349	11661	0	62296	330	148227	4	59
49	2330	HUTCHINSON	184	448498	772	156	35303	0	120	0	0	0	0	25	0	27
49	2350	IRION	176	735158	1004	110	7	0	225	72	0	193	23	1210	0	124
49	2370	JACK	1490	553726	2359	1739	7696	0	12411	711	0	6782	894	14091	0	153
49	2390	JACKSON	1555	489087	3049	3717	0	0	0	0	783	26076	49	38648	9	20
49	2410	JASPER	1859	84888	1496	1378	0	0	10	62	0	12815	844	7686	213	60
49	2430	JEFF DAVIS	110	1377106	1746	304	0	0	0	0	0	34	5	10	0	251
49	2450	JEFFERSON	1616	352004	3916	1203	0	0	0	9	28331	6222	46	3060	75	7
49	2470	JIM HOGG	242	859380	1968	1026	0	0	0	0	0	2023	0	10679	0	2
49	2490	JIM WELLS	1550	532525	3615	3964	0	0	0	0	0	12838	32	53440	0	316
49	2510	JOHNSON	3722	426715	3024	6679	3115	0	38114	3929	0	28853	7640	74404	0	19
49	2530	JONES	2810	524724	5227	6898	16690	0	10253	1210	0	3013	560	164087	0	178
49	2550	KARNES	2775	405633	3190	8316	0	0	0	20	0	48718	53	113483	2	165
49	2570	KAUFMAN	4793	453010	2809	10959	1033	0	22621	5593	0	51872	447	135068	1	284
49	2590	KENDALL	731	388843	1976	870	4249	179	11076	1177	0	8200	662	1298	0	144
49	2610	KENEDY	20	1203495	1740	200	0	0	0	0	0	0	0	220	0	121
49	2630	KENT	619	452238	1899	1347	391	0	22	0	0	210	60	21493	0	141
49	2650	KERR	719	698957	2250	747	2384	488	8655	574	0	3916	2	533	0	5
49	2670	KIMBLE	402	681956	1594	311	0	0	164	0	0	1547	0	2302	0	21
49	2690	KING	163	484174	823	473	771	0	540	102	0	165	130	10155	0	104
49	2710	KINNEY	128	687898	1425	187	0	0	0	0	0	48	0	0	0	18
49	2730	KLEBERG	490	637867	1943	1311	0	0	0	0	0	2974	53	16222	0	15
49	2750	KNOX	1268	459905	3069	3923	11673	0	5017	340	0	2221	491	87398	0	10
49	2770	LAMAR	5582	430577	3152	10700	432	0	5007	8425	0	78843	974	109149	11	72
49	2790	LAMB	2340	644332	6730	4579	34912	0	15	5	0	2113	2855	100682	0	90
49	2810	LAMPASAS	1185	457395	2999	1418	1555	0	14990	1050	0	17851	304	16825	0	89
49	2830	LA SALLE	629	700115	2375	1651	0	0	0	0	0	9286	20	13100	0	511
49	2850	LAVACA	4236	562804	7135	7420	0	0	0	20	0	57654	367	70902	0	81
49	2870	LEE	2301	334302	2447	4229	0	0	0	9	0	26300	100	35417	74	64
49	2890	LEON	3481	496026	2233	5394	0	0	0	385	0	34154	2230	47229	29	63
49	2910	LIBERTY	1789	172514	3542	2296	0	0	0	2	8791	20519	242	11826	59	19
49	2930	LIMESTONE	4563	484283	3090	10609	37	0	7185	2389	0	64458	573	134945	25	8
49	2950	LIPSCOMB	647	546584	1744	228	104441	0	30	34	0	35	0	955	0	124
49	2970	LIVE OAK	1150	449969	2271	2892	0	0	0	0	0	19330	136	45093	0	154
49	2990	LLANO	769	543757	2001	768	4	0	79	790	0	6886	346	4286	0	395
49	3010	LOVING	17	200060	80	8	0	0	0	0	0	0	0	0	0	95
49	3030	LUBBOCK	2652	542662	6128	4988	6213	0	9	0	0	38	304	69447	0	7
49	3050	LYNN	2001	516544	5517	3621	2281	0	0	0	0	695	671	82526	0	0
49	3070	MCCULLOCH	1287	652058	3552	1974	2776	0	16462	1393	0	6509	127	49337	0	287
49	3090	MCLENNAN	5570	594880	3424	13666	10169	96	40347	4938	0	66261	2650	144580	2	273
49	3110	MCMULLEN	217	487263	1603	466	0	0	0	2	0	1854	0	4460	0	180
49	3130	MADISON	2267	242123	2013	4090	0	0	120	15	0	23329	3764	34851	42	492
49	3150	MARION	1598	140244	650	1525	0	0	3	114	0	10497	898	15512	131	8
49	3170	MARTIN	805	571870	2695	1921	1261	0	0	0	0	658	0	34284	0	7
49	3190	MASON	826	619540	2556	714	6	0	436	571	0	8394	117	8192	0	3
49	3210	MATAGORDA	1923	532048	3241	3014	0	0	0	0	13778	17978	77	21394	10	50
49	3230	MAVERICK	460	736771	1071	438	0	0	0	0	0	262	61	128	0	19
49	3250	MEDINA	1799	770205	3239	4685	1342	0	10260	3038	0	45041	1350	5986	20	361
49	3270	MENARD	410	585427	1732	325	145	0	1162	942	0	2541	163	4622	0	19
49	3290	MIDLAND	520	586927	1735	809	8	0	15	10	0	167	23	15586	0	191
49	3310	MILAM	4995	533690	3167	12952	39	0	858	1111	0	69892	1265	130543	0	35
49	3330	MILLS	1543	417056	3689	1410	2612	0	17102	1365	0	14828	1139	23782	0	18
49	3350	MITCHELL	1348	557157	2917	3234	724	0	300	302	0	691	151	79725	0	114
49	3370	MONTAGUE	2649	546119	4586	3527	1537	45	7707	1387	0	12859	1916	32230	0	105
49	3390	MONTGOMERY	1659	155752	1910	1868	0	0	0	89	0	13568	121	12039	54	64
49	3410	MOORE	287	482698	1057	195	15317	0	0	0	0	0	0	0	0	37
49	3430	MORRIS	1452	118213	774	2002	0	0	11	128	0	14268	26	18202	59	12
49	3450	MOTLEY	619	491070	2446	2376	1189	0	0	0	0	355	0	29941	0	183
49	3470	NACOGDOCHES	5000	376429	2323	6285	0	0	1	733	0	49824	1039	52873	345	11
49	3490	NAVARRO	5607	599872	3486	15035	627	0	11562	4384	0	90381	1975	176610	16	39
49	3510	NEWTON	1528	81368	1084	923	0	0	0	60	0	10644	55	5043	228	17
49	3530	NOLAN	1133	523195	2928	1905	7675	40	4074	734	0	847	186	51887	0	169
49	3550	NUECES	1650	469964	2106	6207	0	0	0	0	0	8371	2315	168718	0	5
49	3570	OCHILTREE	685	544296	950	86	239446	16	1091	241	0	0	0	100	0	84
49	3590	OLDHAM	220	943988	1123	104	7742	0	0	0	0	0	0	0	0	942
49	3610	ORANGE	745	139285	1439	380	0	0	0	4	51	3726	40	984	23	693
49	3630	PALO PINTO	1414	593355	2549	1472	7088	0	10441	892	0	9014	365	11605	0	188
49	3650	PANOLA	4389	359997	1876	5245	0	0	2	284	0	34264	753	48888	276	29
49	3670	PARKER	2962	495559	3413	3942	5120	0	12982	1183	0	11988	4374	25330	0	69
49	3690	PARMER	901	494546	2870	1251	88076	0	24	62	0	769	0	13344	0	19
49	3710	PECOS	374	2545031	4386	371	133	0	918	71	0	349	20	2622	0	89
49	3730	POLK	2546	186117	1959	3120	0	0	0	26	0	23570	162	19219	332	452
49	3750	POTTER	396	604220	883	220	23857	0	153	0	0	0	0	0	0	62
49	3770	PRESIDIO	756	2220444	2550	1249	556	0	0	71	0	840	83	3741	0	41
49	3790	RAINS	1536	128138	1311	2087	121	0	3043	882	0	13073	595	21860	81	123
49	3810	RANDALL	813	548619	2282	390	89152	0	104	7	0	16	5	30	0	16
49	3830	REAGAN	90	592995	533	30	0	0	0	0	0	0	0	0	0	11
49	3850	REAL	272	413904	635	170	5	0	0	148	0	287	65	6	0	546
49	3870	RED RIVER	5108	456703	3690	8777	43	0	909	3814	0	55648	531	73932	10	4
49	3890	REEVES	376	1372477	1204	405	47	0	191	73	0	146	11	4644	0	6
49	3910	REFUGIO	605	501029	2039	1756	0	0	0	0	0	9550	54	25055	0	44
49	3930	ROBERTS	175	597319	806	143	30994	0	51	27	0	35	0	20	0	24
49	3950	ROBERTSON	3403	368236	2064	7312	0	0	358	194	0	31963	1339	73916	8	158
49	3970	ROCKWALL	852	84105	463	2322	550	4	8364	1962	0	13186	70	32288	0	136
49	3990	RUNNELS	2337	619027	5626	3837	6074	0	17899	3580	0	2944	2136	120214	0	24
49	4010	RUSK	5838	460680	2139	7928	0	0	51	1018	0	44915	1837	67992	380	36
49	4030	SABINE	1597	101136	1127	1591	0	0	0	91	0	14229	91	13027	387	550
49	4050	SAN AUGUSTINE	2372	145725	1477	2871	0	0	0	70	0	23046	15	22951	313	31
49	4070	SAN JACINTO	1765	103246	1725	1852	0	0	2	16	0	13976	22	12702	121	4
49	4090	SAN PATRICIO	1574	312025	1878	4818	0	0	0	5	0	9001	230	111818	0	20
49	4110	SAN SABA	1422	668117	3459	2066	838	0	8316	935	0	13842	1027	24401	0	11
49	4130	SCHLEICHER	341	830082	1802	293	226	0	816	51	0	144	59	7545	0	647
49	4150	SCURRY	1603	540599	4109	2751	4689	0	767	284	0	187	36	72930	0	110
49	4170	SHACKELFORD	498	516578	1411	783	7224	45	7102	310	0	439	139	11341	0	48
49	4190	SHELBY	5046	315835	3308	6099	0	0	8	46	0	41646	547	47611	725	79
49	4210	SHERMAN	412	561537	717	157	119001	0	60	0	0	0	0	0	0	67
49	4230	SMITH	6795	502492	2214	8540	3	0	14	654	0	51879	1267	77561	315	42
49	4250	SOMERVELL	500	99964	815	707	406	0	1461	309	0	3611	131	5831	0	312
49	4270	STARR	1463	567628	3100	3914	0	0	0	0	0	11300	124	28762	0	14
49	4290	STEPHENS/BUCHANAN	856	503263	2181	979	13103	31	13117	630	0	1849	150	5710	0	7
49	4310	STERLING	121	508000	995	143	173	0	96	10	0	34	0	672	0	13
49	4330	STONEWALL	1052	522503	2597	2208	4489	0	1131	180	0	327	0	42704	0	110
49	4350	SUTTON	168	909150	1565	110	0	0	0	0	0	24	0	78	0	18
49	4370	SWISHER	1042	529131	2455	849	186521	0	436	180	0	28	7	7572	0	40
49	4390	TARRANT	4032	471399	3954	5141	12723	0	48149	2646	0	18522	2576	32231	0	12
49	4410	TAYLOR	2112	491762	5038	4204	12432	0	20901	2413	0	1432	1550	83040	0	729
49	4430	TERRELL	128	1433560	2182	173	0	0	0	40	0	80	60	0	0	393
49	4450	TERRY	1486	514702	4883	2769	205	0	0	0	0	28517	355	58547	0	204
49	4470	THROCKMORTON	745	482092	1838	1129	12880	0	11764	183	0	646	20	17452	0	2
49	4490	TITUS	2482	207414	1789	3344	0	0	12	1025	0	22445	36	28860	349	90
49	4510	TOM GREEN	1523	999715	3761	974	2094	0	13280	1298	0	1073	710	41463	0	96
49	4530	TRAVIS	3187	531294	2607	8974	51	0	2962	2192	0	45169	605	79727	0	16
49	4550	TRINITY	1869	126607	1554	2213	0	0	0	10	0	17541	228	16176	204	394
49	4570	TYLER	1198	95926	1191	932	0	0	0	27	0	10636	12	6282	128	212
49	4590	UPSHUR	4234	330795	1448	4899	0	0	20	550	0	31438	728	47092	398	27
49	4610	UPTON	100	416087	372	40	0	0	0	0	0	2	0	0	0	16
49	4630	UVALDE	853	1060337	2820	1254	28	0	1475	30	0	1694	375	3803	0	7
49	4650	VAL VERDE	259	2072914	3162	551	0	0	0	0	0	31	0	0	0	1
49	4670	VAN ZANDT	5172	490999	3360	8141	89	0	10676	2431	0	60613	775	93183	236	95
49	4690	VICTORIA	2108	760498	3897	5435	0	0	0	1	0	33500	494	47274	0	7
49	4710	WALKER	2125	214161	1966	2585	0	0	6	227	0	16934	64	22092	142	29
49	4730	WALLER	1569	234549	2200	3074	0	0	0	0	1160	18656	298	19332	0	166
49	4750	WARD	230	364674	693	329	0	0	0	122	0	0	0	4198	0	13
49	4770	WASHINGTON	4081	340691	4135	7955	0	0	0	14	0	48786	132	60526	1	32
49	4790	WEBB	565	1744364	3031	1722	0	0	0	27	0	3756	32	7178	0	12
49	4810	WHARTON	4212	462362	4099	8950	0	0	0	19	23373	51713	362	84832	4	106
49	4830	WHEELER	1793	520317	5200	3806	7659	0	90	81	0	6023	35	56905	0	63
49	4850	WICHITA	1773	309689	2738	2582	36978	0	19897	3221	0	3806	548	36194	0	656
49	4870	WILBARGER	1699	851123	4201	5659	23233	0	17122	3380	0	10533	1224	97092	0	96
49	4890	WILLACY	1288	210036	1711	2591	0	0	0	0	0	2957	115	34509	0	266
49	4910	WILLIAMSON	4666	662872	4080	14476	1511	7	9263	4295	0	93713	705	170072	3	279
49	4930	WILSON	2809	441261	3796	6391	0	0	12	170	0	41404	371	45704	0	207
49	4950	WINKLER	68	327668	249	27	0	0	0	0	0	0	0	0	0	343
49	4970	WISE	2713	492337	4060	3606	12316	0	17484	2319	0	14485	1313	25380	0	61
49	4990	WOOD	3960	307719	2240	4477	0	0	2	1439	0	30899	5456	43045	373	0
49	5010	YOAKUM	240	439934	1933	461	0	0	0	0	0	5166	0	5081	0	139
49	5030	YOUNG	1801	555872	3676	3143	25640	0	20983	1273	0	9155	602	39313	0	21
49	5050	ZAPATA	450	524328	1190	1330	0	0	0	0	0	3494	508	6191	0	0
49	5070	ZAVALA	298	780524	990	469	0	0	50	278	0	2186	87	836	0	144
51	0	KENTUCKY	278298	20698510	209641	240196	402905	0	21972	59921	0	2838054	20012	23404	0	2
51	10	ADAIR	3161	221043	1872	3191	4945	0	310	211	0	36357	48	0	0	45646
51	30	ALLEN	3197	206741	1327	3248	4978	0	310	1874	0	34871	30	0	0	
51	50	ANDERSON	1543	120392	2254	407	2582	0	5	100	0	7832	0	0	0	17
51	70	BALLARD	1631	148898	1505	2357	4020	0	112	123	0	31815	60	31	0	93
51	90	BARREN	4403	297203	2536	5070	8166	0	393	1331	0	54543	143	0	0	18
51	110	BATH	2078	153873	2040	1251	2741	0	0	350	0	16963	23	0	0	58
51	130	BELL	2466	75872	356	836	1	0	9	58	0	11337	0	0	0	174
51	150	BOONE	1534	142937	2520	768	1281	0	112	494	0	13755	397	0	0	29
51	170	BOURBON	1899	182380	3676	1229	7220	0	16	239	0	14825	518	0	0	1
51	190	BOYD	831	63021	549	345	86	0	4	151	0	6014	0	0	0	105
51	210	BOYLE	1319	103226	1389	1138	6532	0	76	189	0	11283	136	0	0	167
51	230	BRACKEN	1651	124683	2766	364	2996	0	20	189	0	9630	29	0	0	17
51	250	BREATHITT	3590	235693	788	2280	8	0	28	373	0	36771	37	0	0	53
51	270	BRECKINRIDGE	2834	318430	2399	3482	4802	0	308	535	0	41053	76	0	0	13
51	290	BULLITT	1384	145882	1564	1518	2591	0	58	482	0	20431	341	0	0	0
51	310	BUTLER	2273	233505	1463	2919	2313	0	403	1021	0	36364	12	0	0	99
51	330	CALDWELL	1885	188420	1342	2566	968	0	61	36	0	27556	161	0	0	87
51	350	CALLOWAY	3100	223680	2016	3979	3871	0	64	290	0	35564	575	3470	0	94
51	370	CAMPBELL	1578	84026	1939	579	1373	0	530	200	0	6630	962	0	0	79
51	390	CARLISLE	1171	101192	1562	1719	2019	0	0	41	0	19688	281	886	0	45
51	410	CARROLL	1024	84273	1694	453	1061	0	55	239	0	8287	153	0	0	62
51	430	CARTER	3173	209901	1544	1929	1507	0	108	693	0	25541	0	0	0	41
51	450	CASEY	3480	226504	2186	2378	2210	0	81	675	0	31117	27	0	0	38
51	470	CHRISTIAN	3402	362842	2098	5528	13109	0	438	469	0	54703	539	0	0	24
51	490	CLARK	1747	151309	1879	1684	3038	0	7	97	0	11999	268	0	0	25
51	510	CLAY	3446	228808	669	2533	694	0	24	535	0	28945	29	0	0	236
51	530	CLINTON	1820	114123	680	1657	1865	0	112	493	0	19187	0	0	0	63
51	550	CRITTENDEN	1777	205460	1905	2449	740	0	107	307	0	31211	231	0	0	2
51	570	CUMBERLAND	2016	172440	823	2203	436	0	25	261	0	23536	107	0	0	7
51	590	DAVIESS	3764	262821	3385	4901	11414	0	366	742	0	49206	21	0	0	58
51	610	EDMONSON	2067	156859	851	1696	1128	0	68	424	0	26494	4	0	0	22
51	630	ELLIOTT	1661	141438	857	1189	1131	0	156	579	0	15426	17	0	0	221
51	650	ESTILL	2069	125051	950	1321	0	0	2	256	0	19014	2	0	0	29
51	670	FAYETTE	1707	163234	5661	1640	5359	0	335	767	0	11466	228	0	0	1
51	690	FLEMING	2911	203981	3403	922	3728	0	19	642	0	18899	18	0	0	5
51	710	FLOYD	3950	151114	1208	2045	11	0	9	87	0	25929	28	0	0	184
51	730	FRANKLIN	1512	119440	2284	588	2410	0	38	298	0	8095	15	0	0	36
51	750	FULTON	1225	101229	825	2450	5188	0	120	268	0	23478	663	10768	0	5
51	770	GALLATIN	684	60370	998	409	207	0	0	21	0	5771	45	0	0	53
51	790	GARRARD	2217	140839	2062	1918	3974	0	25	276	0	18314	209	0	0	68
51	810	GRANT	1918	156040	2690	663	1720	0	30	232	0	11141	121	0	0	19
51	830	GRAVES	4852	316910	3367	5730	3845	0	35	240	0	60021	541	1708	0	26
51	850	GRAYSON	3018	278522	2511	3003	3647	0	336	636	0	45583	114	0	0	20
51	870	GREEN	2599	160819	1331	2843	3676	0	258	313	0	27889	111	0	0	140
51	890	GREENUP	2293	178124	884	1532	634	0	8	305	0	17137	0	0	0	60
51	910	HANCOCK	1167	96335	1015	1273	2334	0	368	439	0	15419	24	0	0	23
51	930	HARDIN	3319	346993	3480	3356	6115	0	1017	1051	0	49884	219	0	0	31
51	950	HARLAN	1815	84516	290	660	6	0	0	54	0	9341	0	0	0	54
51	970	HARRISON	2512	194750	3922	447	6542	0	61	176	0	13351	126	0	0	109
51	990	HART	3131	241840	1805	3501	1728	0	25	137	0	35123	119	0	0	1
51	1010	HENDERSON	2542	264385	2201	5240	9982	0	217	529	0	69910	272	0	0	47
51	1030	HENRY	2162	177516	3489	1014	4366	0	121	734	0	15896	178	0	0	32
51	1050	HICKMAN	1606	124013	1407	2526	5294	0	86	193	0	28260	289	5162	0	253
51	1070	HOPKINS	3092	255087	2511	3592	6157	0	289	563	0	44201	54	0	0	47
51	1090	JACKSON	2218	127191	731	1672	647	0	62	1306	0	17717	36	0	0	51
51	1110	JEFFERSON	3368	179462	2512	3390	5240	0	568	263	0	24277	1547	0	0	137
51	1130	JESSAMINE	1482	104575	1784	1118	7569	0	131	332	0	9844	36	0	0	0
51	1150	JOHNSON	3009	142276	956	1506	829	0	5	751	0	20449	14	0	0	479
51	1170	KENTON	1287	80211	1743	378	662	0	34	277	0	7276	308	0	0	63
51	1190	KNOTT	2625	164907	431	1377	0	0	0	68	0	18452	32	0	0	1
51	1210	KNOX	3579	158248	652	2481	89	0	11	473	0	27293	1	0	0	63
51	1230	LARUE	1537	141821	1755	1584	3804	0	581	931	0	23771	66	0	0	2
51	1250	LAUREL	3431	171631	1143	2469	2376	0	190	850	0	23889	24	0	0	4
51	1270	LAWRENCE	3081	233592	1546	1487	277	0	2	908	0	25945	22	0	0	60
51	1290	LEE	1321	82053	512	757	63	0	30	106	0	11011	24	0	0	6
51	1310	LESLIE	2005	153347	261	1022	0	0	2	332	0	15369	19	0	0	7
51	1330	LETCHER	2518	125322	425	1065	55	0	6	111	0	16007	15	0	0	1
51	1350	LEWIS	2664	265532	2019	1192	613	0	16	858	0	20327	0	0	0	0
51	1370	LINCOLN	3046	181138	2493	1934	5908	0	350	1044	0	25538	192	0	0	1
51	1390	LIVINGSTON	1423	184358	1554	2201	735	0	211	169	0	27398	642	0	0	21
51	1410	LOGAN	3612	303677	2247	5373	13028	0	700	1446	0	45810	108	1	0	77
51	1430	LYON	1253	121884	693	1765	410	0	38	8	0	17285	80	0	0	41
51	1450	MCCRACKEN	2168	132783	1682	2158	1200	0	54	269	0	22796	391	4	0	214
51	1470	MCCREARY	1532	59692	232	617	7	0	2	194	0	7766	0	0	0	49
51	1490	MCLEAN	1691	142224	1743	2155	6837	0	585	449	0	27322	13	0	0	106
51	1510	MADISON	3637	254696	3317	3348	2673	0	33	423	0	34127	37	0	0	0
51	1530	MAGOFFIN	2975	152160	921	2905	193	0	4	134	0	24782	2	0	0	132
51	1550	MARION	2079	188644	2757	1888	3967	0	254	916	0	22314	225	0	0	60
51	1570	MARSHALL	2856	189283	1718	2843	3017	0	88	331	0	31779	201	1371	0	1
51	1590	MARTIN	1264	92156	277	474	0	0	0	7	0	7597	0	0	0	47
51	1610	MASON	1522	147708	2967	691	7372	0	53	122	0	13422	54	0	0	41
51	1630	MEADE	1465	175850	1654	1680	5421	0	682	625	0	20582	22	0	0	0
51	1650	MENIFEE	1028	93386	532	570	46	0	5	288	0	8692	2	0	0	79
51	1670	MERCER	2117	154385	3107	1020	10517	0	39	385	0	13975	160	0	0	79
51	1690	METCALFE	2202	160814	1111	2467	3525	0	37	1013	0	22453	1032	0	0	0
51	1710	MONROE	2732	193730	1344	2781	2962	0	114	952	0	30848	83	0	0	59
51	1730	MONTGOMERY	1522	112653	1298	1135	1272	0	2	285	0	11326	1	0	0	32
51	1750	MORGAN	3190	208429	1527	1860	706	0	9	1426	0	27727	43	0	0	31
51	1770	MUHLENBERG	3232	226182	1687	3362	5293	0	191	778	0	35257	23	0	0	45
51	1790	NELSON	2151	226922	2610	2293	9091	0	757	427	0	27191	78	0	0	3
51	1810	NICHOLAS	1648	117001	2533	420	2402	0	13	193	0	8911	41	0	0	98
51	1830	OHIO	4013	320356	3059	4206	3632	0	506	681	0	50085	99	0	0	119
51	1850	OLDHAM	922	107817	1480	946	3469	0	884	523	0	11603	926	0	0	28
51	1870	OWEN	2470	201660	3616	585	2198	0	79	144	0	12313	22	0	0	104
51	1890	OWSLEY	1591	102580	540	1098	137	0	0	468	0	14229	26	0	0	151
51	1910	PENDLETON	2128	170580	3552	326	2722	0	73	740	0	15218	683	0	0	37
51	1930	PERRY	3086	132563	398	1183	0	0	9	64	0	19502	25	0	0	0
51	1950	PIKE	6390	318209	1147	2770	38	0	21	229	0	35117	8	0	0	61
51	1970	POWELL	1012	86877	536	679	14	0	0	20	0	9007	117	0	0	1
51	1990	PULASKI	5694	317475	2399	4794	7001	0	336	2928	0	56288	243	0	0	4
51	2010	ROBERTSON	895	60588	1261	93	965	0	0	55	0	3773	0	0	0	10
51	2030	ROCKCASTLE	2641	162236	1154	1963	1278	0	62	704	0	27199	24	0	0	52
51	2050	ROWAN	1424	131080	569	824	164	0	25	784	0	12406	2	0	0	13
51	2070	RUSSELL	2327	144524	1124	2252	2530	0	223	660	0	25602	37	0	0	6
51	2090	SCOTT	1974	164473	3200	831	6259	0	250	111	0	11519	57	0	0	8
51	2110	SHELBY	2553	234481	3381	2441	15206	0	122	763	0	22845	1785	0	0	32
51	2130	SIMPSON	1885	140901	1404	2729	9711	0	708	768	0	24483	8	0	0	65
51	2150	SPENCER	1111	107365	1598	1076	3276	0	221	239	0	11220	161	0	0	154
51	2170	TAYLOR	2187	157091	1714	2286	5255	0	922	614	0	24346	70	0	0	128
51	2190	TODD	2217	213671	1218	3736	5804	0	189	342	0	33358	9	0	0	43
51	2210	TRIGG	2037	232712	1012	3423	3232	0	20	139	0	30034	163	3	0	62
51	2230	TRIMBLE	1227	90196	1925	356	2506	0	178	366	0	8600	127	0	0	113
51	2250	UNION	1347	193640	2133	3542	12727	0	2071	1512	0	45651	725	0	0	99
51	2270	WARREN	3888	317641	2393	5005	5892	0	781	2749	0	54204	227	0	0	61
51	2290	WASHINGTON	2272	177911	3022	1464	6434	0	162	218	0	16724	17	0	0	228
51	2310	WAYNE	2837	237875	914	2675	2010	0	326	1105	0	28449	27	0	0	195
51	2330	WEBSTER	2023	184462	2276	2618	6577	0	115	282	0	35144	0	0	0	39
51	2350	WHITLEY	3328	168111	566	2412	0	0	3	336	0	25984	21	0	0	36
51	2370	WOLFE	1870	124849	969	853	99	0	14	666	0	16577	0	0	0	118
51	2390	WOODFORD	1273	117680	1879	1073	6214	0	48	243	0	6993	228	0	0	4
52	0	MARYLAND	44412	4383641	79933	28956	407578	485	34276	4275	0	451207	29394	0	0	154
52	10	ALLEGANY	1352	140660	1336	139	2346	56	2198	271	0	4656	835	0	0	-52744
52	30	ANNE ARUNDEL	1447	128715	2275	785	1281	0	58	57	0	9742	367	0	0	
52	50	BALTIMORE	3263	247792	5272	2705	16248	71	4621	678	0	20662	1761	0	0	110
52	70	CALVERT	1269	111775	1698	124	710	0	0	42	0	7709	18	0	0	742
52	90	CAROLINE	1977	169551	2862	2047	21023	0	229	233	0	22605	389	0	0	18
52	110	CARROLL	3290	267260	6533	2413	42576	0	4157	225	0	33810	2911	0	0	114
52	130	CECIL	1298	163280	3643	409	20395	0	2023	267	0	17134	877	0	0	250
52	150	CHARLES	1663	203317	2510	583	5055	0	96	57	0	14549	25	0	0	499
52	170	DORCHESTER	1961	203153	1793	2194	18785	0	66	117	0	20249	82	0	0	358
52	190	FREDERICK	3474	346043	10762	592	61861	0	2301	295	0	45586	5302	0	0	247
52	210	GARRETT	1999	238825	3127	89	3155	6	10422	475	0	6352	1164	0	0	356
52	230	HARFORD	2128	198600	3299	1600	10282	130	4002	302	0	16492	4698	0	0	523
52	250	HOWARD	1226	136329	2811	418	15436	76	484	213	0	12781	1584	0	0	227
52	270	KENT	1014	161711	4274	615	30261	0	528	76	0	21268	499	0	0	553
52	290	MONTGOMERY	1900	235400	5377	172	24787	0	540	213	0	23891	2809	0	0	217
52	310	PRINCE GEORGES	2303	205040	3941	585	5316	0	219	169	0	15669	762	0	0	265
52	330	QUEEN ANNES	1220	205036	3475	2678	37979	0	494	111	0	27643	617	0	0	419
52	350	SOMERSET	1653	116959	964	1660	2917	19	378	65	0	14281	322	0	0	247
52	370	ST MARYS	1436	161682	2194	422	8433	0	119	21	0	13721	167	0	0	373
52	390	TALBOT	1046	152472	2335	2205	28161	51	304	36	0	14265	1978	0	0	200
52	410	WASHINGTON	2600	220045	6840	374	42856	65	812	174	0	31242	1217	0	0	278
52	430	WICOMICO	2635	174770	1349	3156	1803	0	132	113	0	27071	730	0	0	379
52	450	WORCESTER	2103	192088	1108	2956	5862	11	81	65	0	29658	174	0	0	313
52	5100	BALTIMORE CITY	155	3138	155	35	50	0	12	0	0	171	106	0	0	211
53	0	OKLAHOMA	213325	35334870	425485	246261	3539993	840	1046879	216877	0	1353275	213930	2626668	44	931
53	10	ADAIR	2409	174099	2426	1962	4173	0	2740	3558	0	11185	5958	624	0	46776
53	30	ALFALFA	2164	499232	6618	860	217606	32	11023	2044	0	1848	3121	324	0	
53	50	ATOKA	2348	292879	3778	2848	107	0	4679	1963	0	28892	658	18635	0	21
53	70	BEAVER	2080	1077774	6956	916	125330	80	98	66	0	0	5	0	0	1269
53	90	BECKHAM	3135	545574	7217	4519	14382	15	2243	1445	0	3518	2315	84276	0	21
53	110	BLAINE	2709	553344	8530	2157	127421	10	16927	3393	0	15533	5042	44655	0	1178
53	130	BRYAN	4132	454602	4665	6721	1160	0	33139	5865	0	59745	623	55824	15	267
53	150	CADDO	5579	797823	12499	7784	50641	0	19491	4722	0	31085	4090	135606	0	723
53	170	CANADIAN	2704	529604	9083	2669	104927	50	41521	2574	0	12794	7806	41389	0	92
53	190	CARTER	2808	382341	3957	3847	399	0	6993	1697	0	14343	278	23597	10	543
53	210	CHEROKEE	2793	190632	3945	2275	3692	0	5765	4439	0	24925	1931	10032	0	799
53	230	CHOCTAW	3472	303991	3511	4588	316	0	2354	2030	0	40147	1716	33260	2	47
53	250	CIMARRON	975	1273516	2536	222	90064	0	10	0	0	259	2	0	0	18
53	270	CLEVELAND	2221	300762	3748	2742	7263	0	15533	1578	0	18205	1329	26038	0	18
53	290	COAL	1769	249220	3422	2214	687	0	7077	3056	0	20410	637	18054	0	614
53	310	COMANCHE	2826	558474	7919	3077	43675	0	35099	4475	0	7726	683	55290	0	151
53	330	COTTON	2052	397717	5111	2875	59363	16	40357	1888	0	3724	370	58329	0	34
53	350	CRAIG	2482	414560	6705	2466	7408	0	54661	2061	0	4730	8576	1697	0	408
53	370	CREEK	3782	400525	5362	4131	130	0	2254	1889	0	30351	1271	43087	0	393
53	390	CUSTER	2747	607029	9758	2470	99197	0	14010	4921	0	5318	8407	43610	0	141
53	410	DELAWARE	2711	262936	4585	2274	14099	0	12886	4275	0	11021	7928	484	0	44
53	430	DEWEY	2280	576499	8729	1899	82041	0	4361	3740	0	2153	3310	26257	0	669
53	450	ELLIS	1720	771820	6892	919	113092	0	1018	379	0	1116	2082	5239	0	62
53	470	GARFIELD	3056	652602	8598	1841	269295	20	31543	6925	0	338	2493	1773	0	419
53	490	GARVIN	3824	444043	5674	6255	1790	0	9675	3288	0	33219	2747	60163	0	602
53	510	GRADY	4812	637322	8904	8487	28131	5	28243	6114	0	38025	2213	107042	0	1462
53	530	GRANT	2609	619666	8067	1343	267431	0	19219	5254	0	728	3640	112	0	166
53	550	GREER	1985	374034	4590	3293	24867	15	5291	2634	0	2072	323	74517	0	433
53	570	HARMON	1667	328494	4100	3003	34396	10	1148	673	0	762	88	52189	0	1517
53	590	HARPER	1150	619663	4887	822	41865	0	136	205	0	0	10	20	0	278
53	610	HASKELL	2433	245996	2700	3958	35	0	3670	2559	0	37006	1328	27561	0	139
53	630	HUGHES	3004	352001	4122	4106	109	0	3607	3958	0	44933	6386	33476	0	598
53	650	JACKSON	2594	472072	5984	4628	61389	0	21871	2814	0	2490	706	106589	0	14
53	670	JEFFERSON	1994	461872	4734	3632	2318	0	20465	1599	0	4142	356	53162	0	38
53	690	JOHNSTON	1795	313416	2599	2654	1155	0	5225	1809	0	24278	639	20309	0	402
53	710	KAY	2997	574702	9068	2024	139587	47	36648	4188	0	1753	12313	1430	0	80
53	730	KINGFISHER	2623	545493	7562	1845	184592	47	27972	2732	0	4567	4624	13834	0	40
53	750	KIOWA	3090	634804	7575	3469	118759	52	19671	3513	0	848	208	103472	0	1020
53	770	LATIMER	1386	139729	2199	1516	80	0	1077	2123	0	13002	413	6729	0	965
53	790	LE FLORE	4971	390119	4121	6801	52	0	500	6446	0	51196	1743	45608	2	993
53	810	LINCOLN	4478	567311	7079	4817	2103	0	14742	3919	0	19786	3923	55926	0	13
53	830	LOGAN	2681	436253	6015	2495	41408	65	26715	2543	0	8489	4953	32387	0	18
53	850	LOVE	1759	244449	2217	3000	816	0	6646	1373	0	14698	69	25606	0	131
53	870	MCCLAIN	2872	330366	3893	5373	2229	0	12293	2843	0	30601	2089	62527	0	264
53	890	MCCURTAIN	5092	313364	4447	6820	0	0	68	2402	0	46338	807	43847	15	51
53	910	MCINTOSH	3410	329907	4272	5414	83	0	6538	3327	0	54965	1774	52181	0	131
53	930	MAJOR	2131	568443	7025	1034	129556	0	8279	2015	0	1660	3763	7483	0	15
53	950	MARSHALL	1476	206066	1890	2824	1208	0	14589	2556	0	18346	162	20671	0	34
53	970	MAYES	2810	326797	6083	2784	11193	0	35443	2502	0	19473	3122	11407	0	741
53	990	MURRAY	1165	184276	1956	1507	899	0	3888	879	0	10680	510	14359	0	43
53	1010	MUSKOGEE	4480	398045	6036	6844	1734	0	16504	5178	0	56145	1194	70004	0	104
53	1030	NOBLE	1977	405790	5944	1495	81668	82	26353	1523	0	3479	959	9492	0	24
53	1050	NOWATA	1605	275378	4250	1087	8521	98	24637	1842	0	5673	2182	3836	0	101
53	1070	OKFUSKEE	3520	335427	3821	5295	160	0	4991	2606	0	43747	1050	48022	0	479
53	1090	OKLAHOMA	4001	380286	4829	3060	22582	26	22494	3506	0	8822	4730	23648	0	148
53	1110	OKMULGEE	3534	307949	5083	3868	278	0	7812	3171	0	35585	678	40664	0	48
53	1130	OSAGE	2644	1165408	8374	2845	7118	37	14710	4464	0	14988	16733	15066	0	328
53	1150	OTTAWA	1999	220817	3974	1774	12040	0	19873	4529	0	3446	16377	122	0	59
53	1170	PAWNEE	2269	350713	5591	1550	5145	0	11928	1121	0	12056	1918	14515	0	226
53	1190	PAYNE	3034	414742	6395	2346	6128	0	18229	3657	0	12430	5439	27713	0	109
53	1210	PITTSBURG	4291	489122	6071	5256	240	0	11145	5204	0	53230	418	40976	0	94
53	1230	PONTOTOC	3038	368897	4216	4073	432	0	5114	3578	0	37637	397	31380	0	164
53	1250	POTTAWATOMIE	4378	426391	5090	4378	296	0	5906	1901	0	32356	1129	45866	0	37
53	1270	PUSHMATAHA	2253	225347	3558	2498	0	0	2112	2314	0	26467	408	12008	0	36
53	1290	ROGER MILLS	2326	679501	8744	2762	22357	15	769	823	0	2754	2874	42714	0	114
53	1310	ROGERS	2634	362668	5635	2028	6687	0	32031	3404	0	15832	3304	14688	0	4
53	1330	SEMINOLE	3117	264224	3326	3988	104	0	3066	2599	0	36424	572	33027	0	280
53	1350	SEQUOYAH	3151	232099	2799	3923	17	0	336	1195	0	33595	1037	27816	0	103
53	1370	STEPHENS	3023	450176	6399	4420	3290	0	17281	2621	0	12123	5519	54940	0	28
53	1390	TEXAS	2135	1245742	4970	548	352903	0	109	32	0	131	51	0	0	23
53	1410	TILLMAN	2420	532530	4186	4518	101831	118	29538	2405	0	5768	1307	131086	0	66
53	1430	TULSA	3119	272332	4754	2713	2673	0	20809	2034	0	19743	2597	15159	0	1462
53	1450	WAGONER	3252	305756	4389	4698	2500	0	21138	2998	0	35637	1206	42607	0	978
53	1470	WASHINGTON	1559	205935	3281	861	3824	0	11073	1121	0	4622	1785	648	0	214
53	1490	WASHITA	3859	631018	10042	4687	101053	0	15054	7128	0	4786	3783	116104	0	92
53	1510	WOODS	2112	732168	7140	1238	168017	0	3011	1788	0	486	1998	79	0	84
53	1530	WOODWARD	1833	728196	8275	1328	95876	0	1455	884	0	1890	4745	3801	0	1011
54	0	TENNESSEE	273783	19085837	140621	304827	418249	24	38618	49474	0	2835976	22541	758589	0	159
54	10	ANDERSON	2142	129771	820	1414	1135	0	155	144	0	11827	7	1	0	71152
54	30	BEDFORD	3116	288238	3805	3648	13014	0	1935	1295	0	45245	425	3757	0	
54	50	BENTON	1888	204258	591	3125	217	0	0	8	0	27357	4	7206	0	31
54	70	BLEDSOE	1108	113346	561	1068	2244	0	115	130	0	17938	66	0	0	104
54	90	BLOUNT	2988	207760	1847	2245	8952	0	1905	574	0	26552	414	0	0	70
54	110	BRADLEY	2002	186464	938	2207	3038	0	379	523	0	21098	245	4829	0	18
54	130	CAMPBELL	2343	120886	678	1508	1319	0	5	474	0	16996	19	0	0	114
54	150	CANNON	1923	163750	1506	2063	3418	0	290	313	0	22373	106	44	0	110
54	170	CARROLL	4716	332283	2258	7206	203	0	0	288	0	51263	97	27441	0	23
54	190	CARTER	3003	124667	1224	481	4009	0	435	981	0	12011	95	0	0	22
54	210	CHEATHAM	1753	137851	543	2056	3140	0	12	243	0	14704	76	0	0	51
54	230	CHESTER	2012	148106	469	3451	55	0	0	264	0	21539	44	14026	0	32
54	250	CLAIBORNE	4220	205549	1388	2794	5649	0	127	297	0	27831	63	0	0	63
54	270	CLAY	1665	138435	638	1682	984	0	118	246	0	22360	160	0	0	41
54	290	COCKE	3294	201065	1597	1931	9370	0	288	590	0	25125	124	0	0	30
54	310	COFFEE	2274	217691	1783	2571	5039	0	294	96	0	33199	54	1660	0	17
54	330	CROCKETT	3390	147939	1786	5409	536	0	192	410	0	31584	22	28937	0	47
54	350	CUMBERLAND	1128	76721	445	850	218	0	9	284	0	7912	77	0	0	52
54	370	DAVIDSON	3661	256686	2227	3640	2929	0	632	887	0	28669	1676	28	0	127
54	390	DECATUR	1665	163844	428	2858	0	0	0	60	0	22635	4	8563	0	11
54	410	DE KALB	2852	192824	1833	2919	5321	0	108	429	0	34931	144	44	0	234
54	430	DICKSON	2714	228407	932	2899	2760	0	261	547	0	26137	66	15	0	39
54	450	DYER	4053	246528	1577	6861	1630	0	568	647	0	56987	235	39974	0	13
54	470	FAYETTE	6282	375275	2424	8483	29	0	38	746	0	63280	390	60138	0	64
54	490	FENTRESS	1488	80313	365	1102	456	0	57	250	0	11732	41	0	0	102
54	510	FRANKLIN	2794	226357	2235	3366	6678	0	1278	44	0	37069	311	6734	0	65
54	530	GIBSON	6921	344977	3671	9948	837	0	125	274	0	68879	281	47005	0	6
54	550	GILES	4813	357189	3687	5429	6168	0	1056	1148	0	64970	405	17814	0	76
54	570	GRAINGER	2660	165487	1587	1556	4722	0	382	400	0	22716	11	0	0	232
54	590	GREENE	6285	337881	5646	3000	27689	0	679	396	0	45549	310	0	0	95
54	610	GRUNDY	964	43799	371	758	1414	0	43	126	0	6259	28	105	0	31
54	630	HAMBLEN	1876	104001	1176	1222	6361	0	376	288	0	16156	71	0	0	145
54	650	HAMILTON	3060	198125	941	2956	1571	0	145	1371	0	30797	926	2153	0	9
54	670	HANCOCK	2052	124236	902	1295	3118	0	83	331	0	15704	24	0	0	50
54	690	HARDEMAN	3612	341644	1366	5528	19	0	0	226	0	40950	173	27539	0	131
54	710	HARDIN	2486	230867	801	4665	34	0	0	131	0	36649	48	16946	0	16
54	730	HAWKINS	4397	283370	2524	2441	10299	0	303	474	0	31242	213	0	0	84
54	750	HAYWOOD	5324	254181	2015	6156	212	0	23	534	0	46806	397	44099	0	80
54	770	HENDERSON	3192	288882	835	5663	0	0	2	332	0	42580	23	25798	0	87
54	790	HENRY	3792	315641	2220	6236	2582	0	208	628	0	43641	129	12601	0	82
54	810	HICKMAN	1772	208614	689	2729	1210	0	248	1474	0	26194	152	62	0	23
54	830	HOUSTON	827	82713	279	997	326	0	11	198	0	8494	4	0	0	97
54	850	HUMPHREYS	1607	221371	636	2542	3164	0	41	595	0	27537	419	163	0	60
54	870	JACKSON	2457	172652	1017	2925	2144	0	78	1227	0	33134	296	1	0	17
54	890	JEFFERSON	2569	184610	1658	2173	11283	0	1057	695	0	28098	194	0	0	53
54	910	JOHNSON	2000	118020	1347	265	3569	0	499	841	0	9754	57	0	0	37
54	930	KNOX	5490	257953	2305	3438	4618	0	931	1497	0	28410	1074	13	0	63
54	950	LAKE	735	74072	126	2939	65	0	50	0	0	18677	106	28962	0	36
54	970	LAUDERDALE	4147	231230	1202	5650	792	0	206	198	0	42067	965	33436	0	234
54	990	LAWRENCE	4088	291264	1682	4656	3442	0	395	1488	0	52082	914	24891	0	33
54	1010	LEWIS	554	62340	270	672	480	0	0	333	0	7352	49	453	0	76
54	1030	LINCOLN	4591	343744	2950	5410	11320	0	576	1791	0	60660	209	16386	0	81
54	1050	LOUDON	1654	139853	841	1720	5334	0	596	395	0	18917	394	22	0	11
54	1070	MCMINN	2869	241721	1501	3081	6936	0	686	908	0	30209	200	5531	0	119
54	1090	MCNAIRY	3153	266903	749	5541	0	0	0	310	0	37835	6	23907	0	55
54	1110	MACON	2948	175096	1138	3016	2256	0	95	1495	0	31607	62	1	0	75
54	1130	MADISON	4908	289336	1760	9548	77	0	42	370	0	45022	281	39921	0	44
54	1150	MARION	1306	72080	490	1383	554	0	73	293	0	15083	25	442	0	32
54	1170	MARSHALL	2315	224214	2530	2704	10802	0	1706	1364	0	31506	495	1010	0	150
54	1190	MAURY	4419	351105	3441	5225	16766	0	2674	2051	0	56751	440	861	0	50
54	1210	MEIGS	807	120625	477	1353	2553	0	208	93	0	14505	108	1072	0	88
54	1230	MONROE	3045	236739	1509	2424	7757	0	930	765	0	31075	257	1325	0	178
54	1250	MONTGOMERY	4237	319580	1289	5246	7953	0	275	449	0	36370	113	0	0	37
54	1270	MOORE	1005	79387	822	913	1695	0	27	71	0	10935	20	205	0	49
54	1290	MORGAN	1449	96677	485	774	222	0	65	266	0	7222	12	1	0	189
54	1310	OBION	3404	312390	2795	6642	6850	0	544	251	0	70916	1681	20246	0	10
54	1330	OVERTON	3392	211675	786	2911	2702	0	332	277	0	36676	25	18	0	23
54	1350	PERRY	1144	172291	255	1736	75	0	0	96	0	16104	108	368	0	205
54	1370	PICKETT	1115	74123	221	1063	1596	0	72	131	0	10782	11	0	0	21
54	1390	POLK	1383	101517	289	1262	1205	0	49	358	0	11151	120	4941	0	42
54	1410	PUTNAM	3640	215454	1326	3081	2499	0	222	729	0	40198	90	4	0	8
54	1430	RHEA	1365	118034	508	1589	1812	0	218	176	0	16916	124	28	0	25
54	1450	ROANE	1843	191179	731	1962	2474	0	360	966	0	19963	81	3	0	27
54	1470	ROBERTSON	4377	285209	1397	5755	20510	0	588	474	0	34269	107	0	0	54
54	1490	RUTHERFORD	4745	351143	4065	5451	10426	10	1234	1336	0	54133	800	18350	0	40
54	1510	SCOTT	1848	93936	482	797	2	0	4	33	0	10017	4	0	0	415
54	1530	SEQUATCHIE	574	42803	272	441	857	0	33	3	0	5856	7	15	0	176
54	1550	SEVIER	3079	204506	1578	2106	9185	0	640	475	0	27597	349	1	0	9
54	1570	SHELBY	8251	359368	2215	9272	159	0	92	524	0	60402	593	67223	0	9
54	1590	SMITH	3192	202396	1975	3837	9041	0	738	294	0	34460	127	0	0	39
54	1610	STEWART	1762	168432	584	2775	2778	0	30	110	0	25269	99	43	0	170
54	1630	SULLIVAN	3939	211841	2799	1540	14651	0	517	189	0	26242	299	0	0	48
54	1650	SUMNER	4807	314960	3722	5124	19246	0	3340	1340	0	44169	643	0	0	108
54	1670	TIPTON	4861	242621	1847	6228	246	0	129	106	0	42920	137	46288	0	89
54	1690	TROUSDALE	1053	68667	715	1409	3464	0	280	688	0	12624	112	0	0	166
54	1710	UNICOI	1199	47342	302	313	1473	0	168	339	0	6154	110	0	0	57
54	1730	UNION	2172	136223	1030	1514	2644	0	109	333	0	16670	37	1	0	25
54	1750	VAN BUREN	567	43701	168	489	62	0	0	69	0	6093	7	10	0	10
54	1770	WARREN	2771	225817	1728	3143	3417	0	468	463	0	41780	99	830	0	16
54	1790	WASHINGTON	3864	171758	3262	1446	15942	0	528	374	0	22687	370	0	0	1
54	1810	WAYNE	1836	198613	547	2411	541	14	14	647	0	23350	278	4613	0	39
54	1830	WEAKLEY	5183	321640	3964	7136	621	0	111	107	0	63906	672	18566	0	101
54	1850	WHITE	2005	172022	1043	2147	1916	0	268	240	0	28903	123	130	0	28
54	1870	WILLIAMSON	3568	313480	2640	4486	15605	0	1300	873	0	43590	416	560	0	97
54	1890	WILSON	3984	345503	3542	4747	13563	0	2135	877	0	41431	56	229	0	22
56	0	WEST VIRGINIA	104747	9423655	98626	12386	144619	66	42941	41553	0	514793	15054	0	0	73
56	10	BARBOUR	2182	190084	2374	106	2695	16	1621	837	0	9060	122	0	0	77650
56	30	BERKELEY	1341	148145	2525	335	12917	0	385	92	0	13178	390	0	0	
56	50	BOONE	1556	77847	536	270	99	0	10	206	0	6979	84	0	0	59
56	70	BRAXTON	3194	276271	2980	248	3599	0	331	2088	0	18258	60	0	0	246
56	90	BROOKE	394	39217	588	30	339	0	695	142	0	1766	239	0	0	0
56	110	CABELL	2204	143098	1786	423	1658	0	96	323	0	13589	176	0	0	17
56	130	CALHOUN	1945	158327	1571	155	795	0	129	1026	0	11486	32	0	0	38
56	150	CLAY	1532	92583	1005	170	904	0	75	1189	0	8203	14	0	0	37
56	170	DODDRIDGE	1526	180149	1573	73	484	0	68	236	0	5618	11	0	0	5
56	190	FAYETTE	1934	88862	1186	388	708	0	693	1289	0	6053	492	0	0	5
56	210	GILMER	1800	187147	1887	79	919	0	42	212	0	10249	6	0	0	7
56	230	GRANT	900	201777	1253	25	3571	25	1070	206	0	4932	454	0	0	31
56	250	GREENBRIER	2942	319555	3459	221	8325	0	1907	1488	0	14939	1054	0	0	2
56	270	HAMPSHIRE	1721	323968	1898	259	5080	0	1974	244	0	7634	268	0	0	57
56	290	HANCOCK	363	33536	416	47	353	0	650	158	0	1281	241	0	0	112
56	310	HARDY	1314	238137	1523	151	5224	0	1372	353	0	7252	1447	0	0	179
56	330	HARRISON	2845	235037	3312	146	851	0	255	996	0	9376	329	0	0	57
56	350	JACKSON	2743	269480	3294	313	4029	0	146	527	0	16456	221	0	0	104
56	370	JEFFERSON	951	119976	2902	234	21478	0	335	78	0	15827	368	0	0	72
56	390	KANAWHA	4690	220402	2389	544	854	0	78	1218	0	18610	550	0	0	38
56	410	LEWIS	1867	232952	2376	67	1048	0	193	219	0	7750	69	0	0	146
56	430	LINCOLN	2751	200074	1649	767	2461	2	193	1063	0	18331	121	0	0	37
56	450	LOGAN	1379	55855	271	475	23	0	5	103	0	6685	174	0	0	28
56	470	MCDOWELL	2060	80249	547	452	5	0	46	802	0	8021	314	0	0	3
56	490	MARION	2746	158557	2224	96	1022	0	560	1531	0	8192	271	0	0	3
56	510	MARSHALL	1875	175818	2813	166	3529	0	3717	1047	0	10668	782	0	0	3
56	530	MASON	2443	255498	3227	367	5928	0	220	1090	0	16801	598	0	0	33
56	550	MERCER	3186	194622	2159	255	4925	0	413	2354	0	12602	230	0	0	72
56	570	MINERAL	971	173064	1077	89	1798	0	774	232	0	3952	715	0	0	112
56	590	MINGO	1298	70533	206	399	0	0	2	97	0	6176	9	0	0	41
56	610	MONONGALIA	2106	159668	2134	144	964	0	832	834	0	7250	413	0	0	88
56	630	MONROE	2037	230816	2732	104	8844	0	573	465	0	12053	595	0	0	0
56	650	MORGAN	712	91067	812	149	2975	0	628	55	0	4076	75	0	0	75
56	670	NICHOLAS	2169	157439	1604	243	1684	0	1225	2316	0	9555	20	0	0	74
56	690	OHIO	678	49284	898	86	724	0	893	733	0	2377	636	0	0	45
56	710	PENDLETON	1359	266797	2197	26	5185	18	757	121	0	6248	385	0	0	16
56	730	PLEASANTS	785	63008	707	70	358	0	162	242	0	3532	6	0	0	86
56	750	POCAHONTAS	1409	228689	1822	88	2022	0	2451	387	0	5391	286	0	0	59
56	770	PRESTON	2987	272408	3441	132	3632	0	8678	678	0	10568	473	0	0	13
56	790	PUTNAM	2118	167307	2104	419	2604	0	94	202	0	12752	41	0	0	91
56	810	RALEIGH	2507	144869	1397	423	334	0	59	2650	0	8592	191	0	0	267
56	830	RANDOLPH	1988	289581	2264	90	1270	0	2039	933	0	7119	284	0	0	33
56	850	RITCHIE	2136	239378	2291	86	1212	5	157	780	0	8811	29	0	0	14
56	870	ROANE	2805	293600	2776	338	2732	0	204	708	0	16267	37	0	0	79
56	890	SUMMERS	2089	171736	1768	205	3915	0	553	1508	0	10113	294	0	0	19
56	910	TAYLOR	1220	93599	1162	50	478	0	489	638	0	3446	126	0	0	23
56	930	TUCKER	803	86607	823	24	277	0	1422	338	0	2866	24	0	0	36
56	950	TYLER	1431	151835	1460	76	726	0	226	589	0	6697	254	0	0	19
56	970	UPSHUR	2410	176041	2176	59	1786	0	1198	852	0	8722	14	0	0	35
56	990	WAYNE	3397	221700	1563	1280	1373	0	75	774	0	22783	365	0	0	19
56	1010	WEBSTER	1526	95160	789	69	208	0	234	927	0	5844	72	0	0	30
56	1030	WETZEL	2017	174923	2135	110	2792	0	1407	1794	0	11722	55	0	0	20
56	1050	WIRT	1142	117035	1179	151	553	0	76	176	0	6397	67	0	0	6
56	1070	WOOD	2419	183058	2639	228	2278	0	167	738	0	12307	366	0	0	19
56	1090	WYOMING	1844	157230	747	386	72	0	287	669	0	9381	105	0	0	9
61	0	ARIZONA	18824	14018540	76743	12001	38062	2435	6062	3021	0	23072	7347	134791	0	62
61	10	APACHE	2547	1662236	13089	659	58	934	2220	463	0	9642	825	0	0	-80307
61	30	COCHISE	1203	2406832	4063	544	219	115	0	2	0	628	73	0	0	
61	50	COCONINO	1023	606616	7294	803	70	980	1472	670	0	2821	750	0	0	16
61	70	GILA	377	65351	2405	394	0	5	0	0	0	1034	144	0	0	46
61	90	GRAHAM	885	611600	3559	293	1819	0	10	4	0	387	49	8335	0	25
61	110	GREENLEE	311	989243	1977	301	129	131	66	0	0	450	26	566	0	13
61	130	MARICOPA	5450	683944	8500	2962	25954	0	1201	1201	0	380	787	84386	0	96
61	150	MOHAVE	551	670285	3519	338	10	41	6	8	0	124	13	10	0	4
61	170	NAVAJO	1682	971045	9343	1251	35	186	537	531	0	5379	2744	0	0	1621
61	190	PIMA	1251	1314529	9015	1345	594	0	39	0	0	480	482	5762	0	21
61	210	PINAL	1400	884707	5246	1060	6690	0	53	100	0	624	274	22712	0	20
61	230	SANTA CRUZ	305	322553	1649	149	7	0	402	1	0	548	44	4	0	107
61	250	YAVAPAI	909	2677964	4734	618	53	43	36	0	0	505	1057	46	0	224
61	270	YUMA	930	151635	2350	1284	2424	0	20	41	0	70	79	12970	0	23
62	0	COLORADO	63644	29978472	277879	18530	516754	187342	88469	12690	0	248085	376187	0	0	1851
62	10	ADAMS	2088	546251	6277	359	28166	8853	2103	190	0	6319	10870	0	0	79942
62	30	ALAMOSA	490	271093	2797	225	35	2642	1423	27	0	0	0	0	0	
62	50	ARAPAHOE	1535	473749	3911	212	21928	3903	943	473	0	2909	7297	0	0	602
62	70	ARCHULETA	391	172155	1712	49	157	639	271	317	0	348	8	0	0	125
62	90	BACA	1805	1196463	6666	483	24645	300	0	0	0	740	2051	0	0	372
62	110	BENT	899	484399	5043	378	3593	389	390	84	0	1380	3307	0	0	15
62	130	BOULDER	1505	218470	4352	308	11250	11175	4538	696	0	1250	8257	0	0	725
62	150	CHAFFEE	324	80500	1202	64	13	1259	1333	14	0	4	10	0	0	141
62	170	CHEYENNE	671	512424	4743	270	4737	844	0	160	0	6643	6517	0	0	307
62	190	CLEAR CREEK	41	19734	134	1	0	0	0	315	0	0	0	0	0	40
62	210	CONEJOS	1053	318310	4026	221	85	6141	2759	448	0	2	0	0	0	204
62	230	COSTILLA	574	487531	1690	118	90	3830	550	31	0	56	44	0	0	1
62	250	CROWLEY	606	289227	2423	253	79	10	0	0	0	161	34	0	0	143
62	270	CUSTER	407	227414	1978	42	256	334	804	177	0	6	305	0	0	80
62	290	DELTA	1898	224368	5171	408	432	2775	1265	313	0	3738	822	0	0	85
62	310	DENVER	279	3634	105	5	15	99	2	15	0	136	90	0	0	57
62	330	DOLORES	257	90201	768	72	2591	0	8	0	0	360	1514	0	0	80
62	350	DOUGLAS	474	372243	2481	67	6449	691	1620	309	0	318	12531	0	0	13
62	370	EAGLE	393	193125	2416	73	8	917	952	172	0	0	0	0	0	33
62	390	ELBERT	1296	1033653	7101	560	8435	5489	322	145	0	3795	28263	0	0	180
62	410	EL PASO	1453	937844	6304	903	1240	1453	852	625	0	2676	41646	0	0	39
62	430	FREMONT	1311	354230	2361	144	480	243	389	86	0	1717	1242	0	0	443
62	450	GARFIELD	1108	379919	5483	222	601	3236	1128	85	0	659	321	0	0	324
62	470	GILPIN	45	19489	138	3	0	15	0	0	0	0	0	0	0	41
62	490	GRAND	296	232861	2485	37	43	0	219	31	0	0	0	0	0	56
62	510	GUNNISON	524	391275	3930	169	8	108	176	641	0	1	0	0	0	1
62	530	HINSDALE	42	21558	383	18	0	0	0	0	0	0	0	0	0	17
62	550	HUERFANO	851	579004	3322	108	1618	661	831	176	0	762	3168	0	0	13
62	570	JACKSON	244	342950	3820	23	0	0	0	25	0	0	0	0	0	0
62	590	JEFFERSON	2048	256210	3254	151	6679	5254	3703	289	0	412	3346	0	0	100
62	610	KIOWA	617	411264	3645	241	3062	117	0	0	0	2725	1110	0	0	10
62	630	KIT CARSON	1730	1001577	9725	525	22027	3140	186	0	0	3706	23668	0	0	240
62	650	LAKE	39	20159	194	11	0	0	0	0	0	0	0	0	0	133
62	670	LA PLATA	1245	328579	4544	168	2571	5468	2282	98	0	1219	742	0	0	548
62	690	LARIMER	2047	691202	7271	648	17670	13742	6507	580	0	1689	8501	0	0	0
62	710	LAS ANIMAS	1900	1847666	9000	393	948	1012	1232	295	0	1835	817	0	0	93
62	730	LINCOLN	1268	1230709	6185	513	5947	2894	0	0	0	14972	11399	0	0	510
62	750	LOGAN	1929	998951	9684	667	44477	8696	4524	239	0	35313	14764	0	0	168
62	770	MESA	2823	405227	7138	499	2390	2793	2222	167	0	7597	595	0	0	495
62	790	MINERAL	49	49333	409	18	0	0	0	80	0	0	0	0	0	741
62	810	MOFFAT	824	664201	5867	101	2255	809	1010	202	0	508	622	0	0	167
62	830	MONTEZUMA	1058	221912	4056	357	2834	5089	2363	426	0	3869	1266	0	0	4
62	850	MONTROSE	1474	344671	5730	329	955	7763	3423	439	0	5131	309	0	0	101
62	870	MORGAN	1612	656209	8787	694	7077	5943	1899	107	0	19321	14960	0	0	119
62	890	OTERO	1372	607623	5362	857	1190	735	1052	47	0	1592	1552	0	0	77
62	910	OURAY	229	142479	1045	30	191	486	275	49	0	23	0	0	0	460
62	930	PARK	483	512552	2802	92	0	11	80	187	0	0	1	0	0	180
62	950	PHILLIPS	876	422540	3335	324	69186	4977	991	656	0	28060	18289	0	0	10
62	970	PITKIN	206	80655	1107	25	26	612	892	103	0	0	0	0	0	18
62	990	PROWERS	1472	565622	8468	523	11170	234	1216	67	0	2104	1914	0	0	500
62	1010	PUEBLO	1589	1006179	5646	408	5885	356	914	156	0	2448	3496	0	0	14
62	1030	RIO BLANCO	432	429933	4034	227	1413	1250	1760	66	0	7	19	0	0	282
62	1050	RIO GRANDE	737	201854	3301	581	214	6319	3279	92	0	0	0	0	0	292
62	1070	ROUTT	1094	556927	5934	103	4590	3527	7169	753	0	8	0	0	0	35
62	1090	SAGUACHE	697	490909	3452	269	0	2490	2304	287	0	0	0	0	0	245
62	1110	SAN JUAN														100
62	1130	SAN MIGUEL	343	227074	1317	68	549	326	194	17	0	310	76	0	0	114
62	1150	SEDGWICK	646	304001	2767	212	45883	3057	1762	52	0	13217	15140	0	0	
62	1170	SUMMIT	64	38136	505	3	5	6	29	29	0	0	0	0	0	18
62	1190	TELLER	265	157742	1058	40	0	34	36	30	0	0	19	0	0	363
62	1210	WASHINGTON	1894	1274140	11758	449	12281	2480	274	17	0	15352	29425	0	0	5
62	1230	WELD	5546	1974826	25634	2051	68306	36004	13848	756	0	13991	45425	0	0	16
62	1250	YUMA	2176	1383336	11643	1158	60019	5712	165	849	0	38696	50435	0	0	619
63	0	IDAHO	45113	9951661	190451	5803	518737	361679	121902	5397	0	18421	8315	0	0	54
63	10	ADA	2603	201336	6490	175	388	15582	2910	106	0	728	1121	0	0	-90802
63	30	ADAMS	457	187796	2203	46	1575	1011	1018	44	0	77	17	0	0	
63	50	BANNOCK	1859	494245	10106	96	31666	22875	2340	89	0	22	21	0	0	160
63	70	BEAR LAKE	821	265277	4216	27	1994	8059	1417	0	0	0	15	0	0	22
63	90	BENEWAH	657	134053	1839	96	11095	3408	3254	68	0	20	9	0	0	211
63	110	BINGHAM	2483	386796	10064	54	556	14929	4248	359	0	247	185	0	0	57
63	130	BLAINE	389	193865	2348	29	1091	2111	1386	16	0	1	0	0	0	59
63	150	BOISE	233	101211	966	30	651	465	413	74	0	21	11	0	0	199
63	170	BONNER	1451	200028	1831	27	470	834	1971	445	0	4	25	0	0	24
63	190	BONNEVILLE	1688	336495	7937	12	21290	27670	4557	140	0	1	18	0	0	17
63	210	BOUNDARY	638	111900	1052	19	4417	6922	1496	7	0	24	6	0	0	52
63	230	BUTTE	249	78627	1913	21	50	652	394	33	0	0	0	0	0	230
63	250	CAMAS	231	149281	1564	24	25378	4219	316	0	0	0	0	0	0	84
63	270	CANYON	3583	242558	9928	334	902	29068	5175	204	0	4104	1056	0	0	23
63	290	CARIBOU	462	372833	2001	22	1749	5830	1736	215	0	0	0	0	0	68
63	310	CASSIA	1346	254974	6360	129	8346	8092	1027	5	0	76	93	0	0	235
63	330	CLARK	153	186086	1940	9	120	222	518	448	0	0	0	0	0	34
63	350	CLEARWATER	570	97771	1513	162	2191	2565	4025	366	0	399	190	0	0	139
63	370	CUSTER	365	112120	3267	41	26	702	568	53	0	0	0	0	0	13
63	390	ELMORE	471	207499	2360	109	3999	1732	621	113	0	494	51	0	0	31
63	410	FRANKLIN	1063	184522	4148	11	16177	5105	580	10	0	2	19	0	0	28
63	430	FREMONT	1124	332919	5142	42	7118	36144	9311	166	0	15	19	0	0	33
63	450	GEM	788	180626	2999	172	1306	2948	2661	15	0	1582	464	0	0	74
63	470	GOODING	1003	115770	4521	106	237	9526	2288	45	0	1279	168	0	0	159
63	490	IDAHO	1535	693020	8588	488	52238	9150	4925	411	0	254	563	0	0	78
63	510	JEFFERSON	1246	149070	5476	23	134	9512	2813	127	0	12	56	0	0	57
63	530	JEROME	1029	111015	4355	247	249	11246	1855	53	0	957	214	0	0	196
63	550	KOOTENAI	1762	256696	2996	103	17802	3038	8059	219	0	165	491	0	0	104
63	570	LATAH	1888	356206	6843	413	51069	12852	20275	71	0	338	333	0	0	166
63	590	LEMHI	573	169119	4785	92	59	2778	1455	31	0	14	29	0	0	129
63	610	LEWIS	664	229899	3995	107	44823	6499	4351	89	0	74	222	0	0	337
63	630	LINCOLN	377	61916	2277	37	564	7952	992	78	0	53	43	0	0	57
63	650	MADISON	983	184610	4412	79	19379	16075	1706	8	0	3	0	0	0	89
63	670	MINIDOKA	1077	76878	3453	69	129	3340	954	33	0	272	180	0	0	35
63	690	NEZ PERCE	1390	370467	6133	414	49568	11165	5624	333	0	1064	1120	0	0	126
63	710	ONEIDA	793	345381	5447	96	58962	3557	389	41	0	0	0	0	0	29
63	730	OWYHEE	703	331714	6277	153	647	3228	1143	102	0	957	182	0	0	197
63	750	PAYETTE	859	91951	2486	103	335	4322	877	38	0	1057	277	0	0	103
63	770	POWER	544	337697	4970	257	59081	6436	752	19	0	20	35	0	0	76
63	790	SHOSHONE	292	27145	231	3	0	11	67	36	0	0	0	0	0	105
63	810	TETON	533	151917	2913	38	12542	6171	2082	176	0	1	0	0	0	90
63	830	TWIN FALLS	2781	332051	10415	1046	859	24651	4369	244	0	3395	916	0	0	8
63	850	VALLEY	345	108924	1760	70	845	2118	4189	202	0	0	0	0	0	56
63	870	WASHINGTON	1052	437397	5931	172	6660	6907	795	65	0	689	166	0	0	630
63	875	YELLOWSTONE NATIO														17
64	0	MONTANA	50564	47511868	346679	3537	553398	1444421	166576	38009	0	13206	92443	0	0	540
64	10	BEAVERHEAD	551	1289674	12378	82	95	1407	1984	55	0	0	0	0	0	86705
64	30	BIG HORN	1163	1293191	9128	78	15599	4619	3693	111	0	1031	480	0	0	
64	50	BLAINE	1401	1923009	11108	106	1050	62741	8355	5255	0	1198	2213	0	0	82
64	70	BROADWATER	337	318365	2895	122	3796	2630	2863	50	0	0	21	0	0	403
64	90	CARBON	1216	511281	7446	129	5176	21115	6154	111	0	818	418	0	0	537
64	110	CARTER	909	1261057	7735	70	35	20	16	11	0	22	1736	0	0	103
64	130	CASCADE	1478	1097421	7155	121	72880	35905	5950	613	0	705	1319	0	0	266
64	150	CHOUTEAU	1690	2087210	8868	71	118774	88682	3271	1478	0	1389	3040	0	0	106
64	170	CUSTER	750	1582124	6664	50	50	103	278	59	0	89	652	0	0	625
64	190	DANIELS	904	642908	4825	41	212	85004	3308	1227	0	0	1782	0	0	1099
64	210	DAWSON	1017	976746	8594	17	140	28672	941	149	0	0	5636	0	0	207
64	230	DEER LODGE	177	93263	1056	1	45	377	285	0	0	0	0	0	0	651
64	250	FALLON	694	762972	5001	13	1007	3780	71	30	0	7	3187	0	0	523
64	270	FERGUS	1999	1877636	14853	151	110569	78928	10813	1840	0	1766	3773	0	0	21
64	290	FLATHEAD	1489	310297	4813	53	9740	15124	6639	85	0	61	386	0	0	288
64	310	GALLATIN	1381	729780	9075	87	29629	21035	10874	312	0	2	4	0	0	1009
64	330	GARFIELD	1062	1253244	13323	87	123	3229	242	583	0	125	4130	0	0	95
64	350	GLACIER	668	1009029	6007	9	0	27041	1929	656	0	0	0	0	0	420
64	370	GOLDEN VALLEY	348	564868	2458	66	4538	3629	794	336	0	76	1335	0	0	291
64	390	GRANITE	247	258106	2343	30	1043	1121	758	47	0	0	0	0	0	124
64	410	HILL	1525	1370383	7000	23	3733	164393	5392	5079	0	464	2269	0	0	117
64	430	JEFFERSON	467	288412	2596	33	2603	886	519	188	0	8	50	0	0	44
64	450	JUDITH BASIN	742	785421	4665	52	45916	44547	3196	244	0	50	278	0	0	1006
64	470	LAKE	1696	585217	7135	102	16860	6161	3995	113	0	142	172	0	0	48
64	490	LEWIS AND CLARK	634	954285	5136	79	4488	4849	6409	248	0	28	127	0	0	537
64	510	LIBERTY	467	727955	2495	7	2900	63475	1694	70	0	64	199	0	0	98
64	530	LINCOLN	734	119728	1581	13	659	855	775	291	0	10	11	0	0	169
64	550	MCCONE	946	871055	13504	52	1332	16785	1181	542	0	72	5188	0	0	266
64	570	MADISON	783	944331	7568	116	2020	4462	2225	273	0	11	52	0	0	13
64	590	MEAGHER	305	799954	3159	12	345	1660	761	0	0	0	0	0	0	502
64	610	MINERAL	127	29586	348	13	406	383	236	11	0	20	14	0	0	130
64	630	MISSOULA	876	241728	3317	53	5348	4146	3307	309	0	30	60	0	0	60
64	650	MUSSELSHELL	453	695851	3511	34	3390	3745	255	43	0	99	1574	0	0	7
64	670	PARK	699	726987	5382	60	4454	10115	3478	21	0	0	24	0	0	72
64	690	PETROLEUM	373	500390	4185	15	290	3054	371	254	0	486	1551	0	0	152
64	710	PHILLIPS	1522	1633961	15056	94	700	37062	4757	2331	0	831	5422	0	0	165
64	730	PONDERA	1020	732186	5153	38	363	110222	9194	449	0	50	144	0	0	128
64	750	POWDER RIVER	945	1374759	7840	37	394	101	2	15	0	74	151	0	0	617
64	770	POWELL	375	648167	3994	39	690	2379	2246	246	0	0	0	0	0	653
64	790	PRAIRIE	539	688830	4859	26	60	357	60	0	0	26	210	0	0	206
64	810	RAVALLI	1477	304336	5050	128	1435	5492	3345	259	0	139	107	0	0	66
64	830	RICHLAND	1506	877926	10535	77	400	41355	4543	461	0	584	14853	0	0	246
64	850	ROOSEVELT	1416	846342	7531	37	1044	80071	2187	1214	0	361	7356	0	0	160
64	870	ROSEBUD	1080	1501782	10013	57	459	354	1112	61	0	476	381	0	0	631
64	890	SANDERS	847	364826	3531	66	3893	1550	1427	389	0	36	47	0	0	885
64	910	SHERIDAN	1496	848576	7000	89	440	51848	1288	1238	0	42	8305	0	0	330
64	930	SILVER BOW	192	60540	626	0	26	30	6	25	0	0	0	0	0	39
64	950	STILLWATER	947	875764	5577	203	34540	13310	3598	397	0	309	803	0	0	944
64	970	SWEET GRASS	535	972710	3905	54	1987	5089	3231	225	0	48	21	0	0	12
64	990	TETON	1072	1066656	5220	41	4351	113928	8600	1813	0	38	314	0	0	354
64	1010	TOOLE	635	962958	3584	15	2271	64731	2935	6632	0	80	194	0	0	139
64	1030	TREASURE	256	343503	2038	71	230	430	722	30	0	234	36	0	0	695
64	1050	VALLEY	1706	1548663	10625	156	1292	67712	2445	947	0	197	1513	0	0	367
64	1070	WHEATLAND	297	828958	2751	58	880	3603	1630	79	0	29	569	0	0	139
64	1090	WIBAUX	468	392063	3607	5	1062	14989	224	131	0	0	8969	0	0	1265
64	1110	YELLOWSTONE	1925	1154898	10877	198	27636	15130	10012	373	0	879	1367	0	0	146
64	1130	YELLOWSTONE NATIO														233
65	0	NEVADA	3696	3621769	36772	2332	2999	9163	1694	105	0	695	450	0	0	44
65	10	CHURCHILL	618	101510	2899	226	2042	2260	14	11	0	104	144	0	0	-105152
65	30	CLARK	241	18136	824	51	615	67	15	0	0	58	156	0	0	
65	50	DOUGLAS	130	152593	1226	81	0	1515	487	33	0	0	0	0	0	47
65	70	ELKO	595	1261796	10232	394	37	772	546	14	0	2	2	0	0	34
65	90	ESMERALDA	29	13292	365	65	2	0	0	0	0	0	0	0	0	54
65	110	EUREKA	59	238668	1039	123	0	0	0	0	0	0	0	0	0	40
65	130	HUMBOLDT	217	439691	3893	281	56	114	67	0	0	0	0	0	0	5
65	150	LANDER	58	214845	1961	158	0	9	2	0	0	0	0	0	0	6
65	170	LINCOLN	218	45144	1456	52	0	38	35	11	0	429	94	0	0	17
65	190	LYON	410	163795	2314	167	12	1948	101	19	0	15	0	0	0	5
65	210	MINERAL	93	3913	246	8	0	377	0	0	0	2	0	0	0	7
65	230	NYE	136	102454	4065	252	22	42	143	0	0	77	23	0	0	36
65	250	ORMSBY	45	21731	175	11	0	102	5	0	0	0	0	0	0	3
65	270	PERSHING	110	345521	744	81	0	14	0	0	0	0	0	0	0	7
65	290	STOREY	8	1091	23	0	0	18	0	0	0	0	0	0	0	6
65	310	WASHOE	535	360764	3416	236	77	1754	119	7	0	0	31	0	0	27
65	330	WHITE PINE	194	136825	1894	146	136	133	160	10	0	8	0	0	0	1
66	0	NEW MEXICO	41369	34397205	143637	18085	110316	19486	9532	3420	0	69966	10966	89113	0	211
66	10	BERNALILLO	1788	179834	2968	289	170	501	162	56	0	1173	717	0	0	105068
66	30	CATRON	1167	1250108	4124	572	0	71	326	175	0	1622	878	0	0	
66	50	CHAVES	1339	2615722	5482	1153	112	18	1315	81	0	3911	266	18956	0	30
66	70	COLFAX	884	1877412	4849	371	1164	974	2616	347	0	1182	289	0	0	2
66	90	CURRY	1436	870476	5017	891	81039	1111	5	0	0	5759	626	992	0	145
66	110	DE BACA	397	1165112	2206	241	0	0	0	0	0	562	24	27	0	97
66	130	DONA ANA	1993	552657	4327	1975	166	500	257	141	0	6519	793	34471	0	619
66	150	EDDY	775	644961	3481	1235	243	0	632	102	0	1430	93	22343	0	15
66	170	GRANT	782	1156932	3666	335	45	12	151	25	0	2971	173	0	0	154
66	190	GUADALUPE	851	1150413	2484	592	11	52	0	13	0	566	202	0	0	142
66	210	HARDING	705	1041914	3664	465	2172	0	0	0	0	0	121	0	0	19
66	230	HIDALGO	441	1072938	2337	182	0	160	92	6	0	263	2	106	0	6
66	250	LEA	736	2261296	3646	417	4	0	0	4	0	275	11	435	0	135
66	270	LINCOLN	716	1130349	3429	296	12	0	0	59	0	775	75	0	0	2
66	290	LUNA	305	892983	1528	253	15	0	1	0	0	297	160	326	0	15
66	310	MCKINLEY	1626	1017272	7355	425	800	468	582	176	0	6779	830	0	0	16
66	330	MORA	1489	635879	3318	186	276	2117	879	609	0	1459	439	0	0	30
66	350	OTERO	757	834413	5441	341	23	21	75	125	0	915	183	686	0	11
66	370	QUAY	1312	1646502	5678	903	14235	0	0	0	0	119	23	26	0	17
66	390	RIO ARRIBA	3437	764642	7712	271	909	3933	719	248	0	5004	933	0	0	16
66	410	ROOSEVELT	1918	1518925	8465	1654	4631	0	0	0	0	5957	1019	10315	0	336
66	430	SANDOVAL	1871	393605	4799	252	147	1528	262	250	0	3324	414	0	0	30
66	450	SAN JUAN	1669	310080	7253	522	507	1138	197	240	0	8684	289	0	0	201
66	470	SAN MIGUEL	2350	1985804	7534	771	101	804	394	201	0	999	1368	0	0	6
66	490	SANTA FE	1261	370046	2548	201	87	473	15	18	0	873	143	0	0	32
66	510	SIERRA	470	881504	2756	294	127	146	21	10	0	659	22	430	0	40
66	530	SOCORRO	1402	1234690	5115	390	178	831	16	43	0	1804	35	0	0	7
66	550	TAOS	2276	228112	4312	111	1565	3337	533	441	0	2830	278	0	0	3
66	570	TORRANCE	1502	1374154	5595	1443	0	0	0	0	0	290	122	0	0	6
66	590	UNION	1512	2186943	6689	753	37	0	0	0	0	543	337	0	0	16
66	610	VALENCIA	2202	1151527	5859	301	1540	1291	282	50	0	2422	101	0	0	121
67	0	UTAH	30695	6239318	85212	2343	138255	62903	21934	845	0	5328	10136	0	0	3
67	10	BEAVER	447	50127	1440	21	63	301	313	15	0	221	246	0	0	-107334
67	30	BOX ELDER	2327	770538	7873	141	71846	4859	1260	43	0	65	351	0	0	
67	50	CACHE	2399	330441	6781	65	21196	10882	1943	10	0	10	193	0	0	13
67	70	CARBON	408	96250	1033	48	43	887	402	7	0	15	452	0	0	248
67	90	DAGGETT	81	39762	635	1	0	100	182	53	0	4	0	0	0	129
67	110	DAVIS	1631	119114	3003	36	879	1503	284	14	0	21	523	0	0	16
67	130	DUCHESNE	1201	202951	4284	66	219	2602	1548	56	0	582	271	0	0	4
67	150	EMERY	924	156837	3423	223	277	2544	1072	33	0	219	1211	0	0	141
67	170	GARFIELD	491	92616	2112	186	3	662	1830	50	0	110	274	0	0	44
67	190	GRAND	176	47038	881	287	0	0	10	16	0	739	32	0	0	22
67	210	IRON	591	377451	1660	39	183	450	301	4	0	225	948	0	0	15
67	230	JUAB	524	184616	1839	22	13087	251	101	23	0	7	88	0	0	8
67	250	KANE	255	165399	839	40	91	202	329	0	0	475	145	0	0	28
67	270	MILLARD	1287	243179	4201	90	4423	940	239	3	0	131	411	0	0	62
67	290	MORGAN	257	68539	1002	3	132	1034	296	7	0	0	0	0	0	9
67	310	PIUTE	255	33473	905	18	13	666	637	15	0	4	37	0	0	91
67	330	RICH	274	425002	2452	97	220	591	219	9	0	0	0	0	0	7
67	350	SALT LAKE	3552	194656	3776	19	8864	5971	929	89	0	41	757	0	0	10
67	370	SAN JUAN	581	214479	3075	329	2383	42	140	44	0	601	825	0	0	15
67	390	SANPETE	1742	418158	5076	45	2338	4951	1596	60	0	11	35	0	0	120
67	410	SEVIER	1054	126314	3380	46	173	4054	1202	6	0	78	532	0	0	24
67	430	SUMMIT	545	339135	1838	12	417	519	471	6	0	0	0	0	0	36
67	450	TOOELE	705	259158	1970	39	3840	195	176	25	0	40	66	0	0	20
67	470	UINTAH	1391	157629	5350	151	434	2090	1360	95	0	779	1015	0	0	29
67	490	UTAH	4004	344911	7562	32	5134	9884	1922	46	0	280	1192	0	0	61
67	510	WASATCH	496	239323	1557	10	33	1169	548	8	0	0	0	0	0	41
67	530	WASHINGTON	765	134338	1703	61	1469	463	281	29	0	473	208	0	0	132
67	550	WAYNE	292	46183	1462	126	29	1010	911	47	0	150	30	0	0	11
67	570	WEBER	2040	361701	4100	90	466	4081	1432	32	0	47	294	0	0	10
68	0	WYOMING	17487	28161911	146196	1974	52736	52826	58182	4175	0	39027	65415	0	0	188
68	10	ALBANY	537	1765223	8572	60	50	126	496	17	0	0	0	0	0	-106176
68	30	BIG HORN	1064	314095	6285	114	286	3971	7394	151	0	861	750	0	0	
68	50	CAMPBELL	1227	2907500	10220	103	5567	3801	789	0	0	1879	3787	0	0	80
68	70	CARBON	639	2524093	8913	65	707	109	1794	121	0	0	7	0	0	252
68	90	CONVERSE	851	2392766	6945	46	1005	1278	2528	226	0	755	4243	0	0	365
68	110	CROOK	1038	1294934	6337	116	3591	487	129	45	0	54	5465	0	0	74
68	130	FREMONT	1326	1210507	12077	62	73	4513	7436	142	0	762	531	0	0	229
68	150	GOSHEN	1538	1183812	8310	334	7767	2696	4365	821	0	8468	10252	0	0	252
68	170	HOT SPRINGS	346	705712	4058	27	9	824	1259	18	0	93	75	0	0	139
68	190	JOHNSON	574	1714766	6804	22	309	2840	2790	79	0	737	1006	0	0	535
68	210	LARAMIE	1106	1691792	7507	139	21058	11516	7807	940	0	20779	23023	0	0	54
68	230	LINCOLN	787	410782	5853	100	301	1171	2259	212	0	0	0	0	0	123
68	250	NATRONA	460	1722427	5171	53	9	49	506	51	0	106	697	0	0	465
68	270	NIOBRARA	738	1421801	5430	28	463	3188	1188	0	0	1645	5501	0	0	40
68	290	PARK	889	519573	7290	186	98	4038	5747	224	0	479	218	0	0	50
68	310	PLATTE	1005	1161880	5693	175	4285	2937	1260	340	0	1889	7726	0	0	220
68	330	SHERIDAN	1002	1331960	7982	71	4302	8007	5303	95	0	213	313	0	0	179
68	350	SUBLETTE	434	557285	6457	25	0	9	273	45	0	0	0	0	0	355
68	370	SWEETWATER	274	1320414	2684	28	0	92	547	45	0	0	5	0	0	287
68	390	TETON	259	88163	2136	8	74	119	1093	439	0	0	0	0	0	21
68	410	UINTA	432	517128	4060	12	33	253	528	47	0	0	0	0	0	36
68	430	WASHAKIE	350	320539	3345	190	205	675	2470	87	0	111	259	0	0	23
68	450	WESTON	611	1084759	4067	10	2544	127	221	30	0	196	1557	0	0	37
68	455	YELLOWSTONE NATIO														106
71	0	CALIFORNIA	150360	30437995	191977	39694	507707	107129	115587	43695	93988	38450	21266	216177	0	1166
71	10	ALAMEDA	3026	285353	4197	69	2439	4281	1851	1969	0	8	17	0	0	103526
71	30	ALPINE	17	9119	91	7	0	186	36	0	0	0	0	0	0	
71	50	AMADOR	379	323764	734	35	521	30	319	2	0	41	40	0	0	524
71	70	BUTTE	3043	600544	2457	371	36834	2634	3609	822	31370	92	33	0	0	2
71	90	CALAVERAS	608	431934	1086	34	204	0	117	203	0	1	14	0	0	63
71	110	COLUSA	870	497375	1118	592	11172	2252	261	66	15539	32	0	0	0	1198
71	130	CONTRA COSTA	2299	371609	3864	172	6484	686	644	1448	0	2404	331	0	0	37
71	150	DEL NORTE	237	44145	360	18	0	3	77	1186	0	1	485	0	0	604
71	170	EL DORADO	946	340007	819	54	155	14	50	941	0	1	2	0	0	797
71	190	FRESNO	10539	1064870	11243	5815	24558	4090	2329	557	1165	383	112	44605	0	42
71	210	GLENN	1516	543369	1921	522	17764	2218	2340	117	14921	586	18	0	0	131
71	230	HUMBOLDT	2363	816451	3551	198	71	45	626	1300	0	221	1075	0	0	2571
71	250	IMPERIAL	2902	376318	3895	2632	13705	739	754	457	0	711	78	5945	0	682
71	270	INYO	201	187870	1445	556	10	83	75	2	0	317	31	0	0	423
71	290	KERN	2584	1618748	5508	2182	9542	5577	86	128	0	1117	657	50134	0	1079
71	310	KINGS	2293	495187	4211	1158	32762	704	574	100	0	642	100	22575	0	29
71	330	LAKE	1046	236654	1125	147	1974	159	515	366	0	240	217	0	0	981
71	350	LASSEN	509	508826	4659	388	2961	1981	180	0	0	8	0	0	0	613
71	370	LOS ANGELES	13549	619769	9218	2484	11191	1708	262	601	0	1089	1961	0	0	346
71	390	MADERA	1711	669935	2929	1417	19601	7073	334	240	0	60	322	22359	0	93
71	410	MARIN	743	261381	1559	25	5	449	1775	50	0	20	206	0	0	2872
71	430	MARIPOSA	326	293496	885	87	0	0	127	22	0	10	10	0	0	413
71	450	MENDOCINO	1845	1000174	2941	358	2048	760	2134	326	0	252	354	5	0	138
71	470	MERCED	4632	1056445	6995	1619	20745	1891	3928	1238	3095	1062	988	11891	0	38
71	490	MODOC	702	539908	6079	307	934	3638	7384	15	0	0	1	0	0	437
71	510	MONO	90	62499	544	68	0	237	20	4	0	0	0	0	0	1059
71	530	MONTEREY	2085	1205065	5439	287	16667	1111	1302	131	0	116	138	0	0	107
71	550	NAPA	1419	290640	1593	220	2504	759	3869	410	0	220	121	0	0	4
71	570	NEVADA	541	225187	639	24	56	0	0	90	0	3	42	0	0	1061
71	590	ORANGE	6070	315310	2713	1267	651	180	300	182	0	178	317	0	0	571
71	610	PLACER	1575	226392	1747	189	9290	460	4342	168	0	0	0	0	0	44
71	630	PLUMAS	180	120091	960	4	237	569	489	0	0	0	0	0	0	2311
71	650	RIVERSIDE	6223	640685	5304	2006	14504	2371	2353	1041	0	283	1016	10699	0	333
71	670	SACRAMENTO	4606	486529	4794	421	28885	1712	9493	8206	2832	1768	189	4	0	30
71	690	SAN BENITO	992	675809	2107	41	2827	120	846	20	0	82	240	0	0	1414
71	710	SAN BERNARDINO	7904	283177	3116	995	283	559	668	2549	0	190	1208	4	0	1578
71	730	SAN DIEGO	6077	917562	5543	746	862	63	542	4220	0	767	1903	0	0	568
71	750	SAN FRANCISCO	248	977	125	4	0	0	0	0	0	0	0	0	0	1199
71	770	SAN JOAQUIN	6111	743896	8394	903	35628	5233	10869	3112	381	21221	1429	0	0	935
71	790	SAN LUIS OBISPO	1938	1674448	5945	414	34462	29759	2543	1043	0	627	909	0	0	6
71	810	SAN MATEO	856	98750	1628	11	20	2	6089	90	0	90	6	0	0	2545
71	830	SANTA BARBARA	1551	933378	5696	364	1162	1090	1818	2487	0	97	983	0	0	650
71	850	SANTA CLARA	7153	602020	4823	145	525	84	408	337	0	46	73	0	0	183
71	870	SANTA CRUZ	2264	130864	1618	153	48	15	644	152	0	429	180	0	0	723
71	890	SHASTA	1323	606348	2980	252	5737	579	1104	984	0	283	89	0	0	2910
71	910	SIERRA	82	73128	483	9	10	28	20	0	0	0	0	0	0	347
71	930	SISKIYOU	1218	687498	5018	223	7935	4789	3935	72	0	63	19	0	0	129
71	950	SOLANO	1705	447029	2209	458	19656	1215	1920	1606	0	32	62	0	0	12
71	970	SONOMA	7083	776232	6142	407	1260	491	14021	453	0	558	1005	0	0	240
71	990	STANISLAUS	6495	788232	8038	2087	21082	3714	5271	749	2549	271	1437	1090	0	865
71	1010	SUTTER	1794	340826	1568	400	37165	5818	3075	95	12150	84	38	0	0	1571
71	1030	TEHAMA	1734	1039551	2401	492	5663	761	2650	232	0	207	156	0	0	1358
71	1050	TRINITY	344	147522	708	136	108	143	82	331	0	29	13	0	0	1362
71	1070	TULARE	6846	1138465	8634	3433	17864	2513	1251	2308	0	1142	2056	46866	0	492
71	1090	TUOLUMNE	445	264051	1044	46	217	57	102	95	0	0	0	0	0	15
71	1110	VENTURA	1928	445581	3715	1418	862	522	442	16	0	159	345	0	0	2930
71	1130	YOLO	1844	556204	2215	667	20530	841	1415	70	8223	205	216	0	0	23
71	1150	YUBA	750	300798	1204	157	5327	133	3317	286	1763	2	24	0	0	1294
72	0	OREGON	64826	17357549	161279	9792	615559	219493	271741	11207	0	25827	28216	0	0	36
72	10	BAKER	1383	732099	8791	178	1571	11034	3619	76	0	233	76	0	0	-146472
72	30	BENTON	1678	245426	2504	106	4421	3668	15380	126	0	462	712	0	0	
72	50	CLACKAMAS	6200	336838	6504	365	9048	2222	24165	270	0	2466	3311	0	0	75
72	70	CLATSOP	857	52908	595	6	26	27	344	355	0	3	19	0	0	321
72	90	COLUMBIA	2007	125680	1561	89	1777	425	2723	148	0	14	673	0	0	625
72	110	COOS	1698	261648	1867	47	33	73	145	49	0	126	1403	0	0	88
72	130	CROOK	534	705008	4663	61	145	2390	867	58	0	0	9	0	0	177
72	150	CURRY	507	124000	596	46	0	6	9	56	0	56	184	0	0	141
72	170	DESCHUTES	924	144060	2870	74	50	2128	1757	335	0	2	23	0	0	40
72	190	DOUGLAS	3259	663720	3998	216	4524	3881	11679	528	0	2999	679	0	0	27
72	210	GILLIAM	352	677791	3398	365	85151	12718	50	209	0	26	120	0	0	34
72	230	GRANT	710	985975	5622	141	681	1066	753	87	0	95	23	0	0	558
72	250	HARNEY	619	1186015	8910	507	87	1066	2781	751	0	0	0	0	0	114
72	270	HOOD RIVER	1125	39764	819	61	59	11	189	49	0	70	102	0	0	43
72	290	JACKSON	2901	303493	4066	238	5356	3575	2606	555	0	2167	521	0	0	39
72	310	JEFFERSON	323	591877	1905	129	4339	468	53	56	0	0	2	0	0	256
72	330	JOSEPHINE	1778	111378	1343	131	593	1136	994	104	0	637	158	0	0	487
72	350	KLAMATH	1466	636008	7154	229	406	8272	3826	689	0	6	1	0	0	86
72	370	LAKE	513	729810	5721	264	370	2394	381	122	0	0	0	0	0	129
72	390	LANE	4649	523713	5198	237	6651	9141	22465	1001	0	2370	1131	0	0	222
72	410	LINCOLN	840	111539	760	28	8	34	282	20	0	3	123	0	0	47
72	430	LINN	3849	499144	6950	241	14605	9276	51163	199	0	2479	2385	0	0	622
72	450	MALHEUR	1648	823711	13067	638	372	7694	2030	86	0	2123	279	0	0	25
72	470	MARION	5181	385229	7223	354	14461	4180	42430	498	0	4608	5629	0	0	724
72	490	MORROW	632	982126	4495	610	100319	5223	38	222	0	562	38	0	0	121
72	510	MULTNOMAH	2180	83139	1768	71	484	126	1859	2515	0	8	1164	0	0	995
72	530	POLK	1966	241421	3161	110	12284	2442	21728	1110	0	537	1598	0	0	164
72	550	SHERMAN	367	438220	4143	246	75952	32882	229	75	0	4	6	0	0	294
72	570	TILLAMOOK	889	87266	894	19	0	0	25	0	0	1	23	0	0	637
72	590	UMATILLA	2602	1405939	10092	2468	151747	59438	1179	173	0	856	540	0	0	158
72	610	UNION	1339	463536	6131	126	28183	13641	6238	82	0	176	301	0	0	50
72	630	WALLOWA	1030	566359	7102	312	13790	8018	3859	132	0	145	636	0	0	497
72	650	WASCO	1188	819286	5911	578	50078	8140	532	83	0	35	98	0	0	262
72	670	WASHINGTON	4371	228056	5022	195	11680	1220	20845	178	0	1086	3790	0	0	96
72	690	WHEELER	326	756859	2512	61	2431	602	200	129	0	55	60	0	0	240
72	710	YAMHILL	2935	288508	3963	245	13877	876	24318	81	0	1417	2399	0	0	703
73	0	WASHINGTON	84381	14680097	172155	20347	1013928	920039	150299	10637	0	12162	18430	0	0	499
73	10	ADAMS	755	977519	6542	2170	41192	218500	100	86	0	20	6	0	0	137874
73	30	ASOTIN	652	309589	2675	230	27298	1521	408	38	0	97	95	0	0	
73	50	BENTON	1882	462263	4010	318	14983	13882	476	20	0	1541	342	0	0	181
73	70	CHELAN	2421	177743	1498	126	466	614	134	134	0	401	619	0	0	46
73	90	CLALLAM	1010	67596	943	34	170	11	526	104	0	0	4	0	0	133
73	110	CLARK	4591	223966	3981	257	971	472	7684	1472	0	313	3699	0	0	530
73	130	COLUMBIA	566	356529	4211	1765	60748	8481	986	104	0	107	61	0	0	107
73	150	COWLITZ	1648	113050	1442	72	113	60	1215	38	0	27	789	0	0	462
73	170	DOUGLAS	1368	722397	6854	475	82771	61261	2256	339	0	40	86	0	0	65
73	190	FERRY	647	174011	2827	154	600	2055	622	21	0	528	234	0	0	113
73	210	FRANKLIN	426	598915	2274	956	38493	49089	20	45	0	3	83	0	0	200
73	230	GARFIELD	417	361201	5764	625	62340	2355	136	0	0	43	18	0	0	16
73	250	GRANT	724	853129	5371	484	4930	105051	1042	75	0	16	12	0	0	62
73	270	GRAYS HARBOR/CHEH	2070	121762	1262	16	112	390	1997	922	0	3	221	0	0	70
73	290	ISLAND	1063	54666	848	20	1768	0	1251	121	0	2	254	0	0	182
73	310	JEFFERSON	450	35751	394	8	18	5	77	81	0	2	5	0	0	155
73	330	KING	5781	154274	2889	90	20	26	1244	317	0	7	1323	0	0	106
73	350	KITSAP	1665	38523	646	10	18	3	92	74	0	0	61	0	0	27
73	370	KITTITAS	1232	428606	4547	177	1039	11691	11223	282	0	14	34	0	0	456
73	390	KLICKITAT	1184	706112	4885	294	45094	11116	1328	15	0	54	64	0	0	71
73	410	LEWIS	4190	273835	4330	159	2130	1960	14347	136	0	47	833	0	0	263
73	430	LINCOLN	1447	1344419	13737	1884	61926	255442	4089	845	0	147	184	0	0	183
73	450	MASON	749	47377	402	2	47	52	282	45	0	1	8	0	0	351
73	470	OKANOGAN	2539	892088	9762	266	8172	10305	3501	601	0	494	431	0	0	232
73	490	PACIFIC	759	65157	566	6	12	0	101	245	0	0	30	0	0	63
73	510	PEND OREILLE	686	106162	1056	44	475	470	2044	0	0	10	4	0	0	151
73	530	PIERCE	6062	167222	2732	83	168	62	1152	160	0	47	361	0	0	74
73	550	SAN JUAN	484	68669	584	8	403	19	815	201	0	0	18	0	0	31
73	570	SKAGIT	3155	149583	3242	49	188	308	15964	121	0	24	803	0	0	323
73	590	SKAMANIA	453	30870	269	33	6	2	173	19	0	96	123	0	0	66
73	610	SNOHOMISH	6026	185171	2984	105	22	41	3267	917	0	0	1276	0	0	369
73	630	SPOKANE	4910	809370	12047	506	112377	15065	16439	257	0	443	1807	0	0	26
73	650	STEVENS	2829	510662	7061	198	9928	9575	8280	218	0	1985	996	0	0	350
73	670	THURSTON	2967	166849	1891	72	195	295	3978	1468	0	12	436	0	0	422
73	690	WAHKIAKUM	461	33404	322	5	0	1	5	0	0	1	50	0	0	146
73	710	WALLA WALLA	1607	678944	6937	4306	162190	12492	1027	91	0	417	142	0	0	171
73	730	WHATCOM	4662	195296	3996	109	191	854	12486	275	0	88	1179	0	0	72
73	750	WHITMAN	2751	1327738	21693	3191	268543	98810	20507	459	0	115	353	0	0	217
73	770	YAKIMA	7092	689679	14681	1040	3811	27703	9025	291	0	5017	1386	0	0	345
																
																
																
																
																
																
																
																
																
																
																
																
																
																
																
																
																
																
																
																
																
																
																
																
																
																
																
																
																
																
																
																
																
